"Record ID","Deal Name","Evaluated competitors Current Value","Change Date (Asia/Jerusalem)","Change Source","Changed By","Previous Value (1)","Change Date (1) (Asia/Jerusalem)","Change Source (1)","Changed By (1)","Previous Value (2)","Change Date (2) (Asia/Jerusalem)","Change Source (2)","Changed By (2)","..."
"33723423052","AT&T","Backstage","2025-03-13 10:52","CRM UI","Gal Tarrab Levi"
"20508643613","EP","Backstage","2024-07-16 13:14","CRM UI","Gal Tarrab Levi"
"45064475914","Aurigo Software","Backstage","2025-10-27 14:58","CRM UI","Daniel Alper"
"16250253687","Evolent","Backstage; Cortex; Opslevel; Humanitech; Roadie","2024-02-22 09:36","CRM UI","Gal Tarrab Levi"
"13946384021","Medline","Cortex; Backstage; Opslevel; Compass","2024-02-01 03:06","Playbooks","Deal Review by Deactivated user"
"53105348631","Data Axle","None","2026-02-17 22:03","CRM UI","John Romano"
"22369894531","One Medical","Backstage; Opslevel","2024-10-20 10:49","CRM UI","Gal Tarrab Levi"
"18435029273","IXL","Cortex; Backstage","2024-04-15 09:49","CRM UI","Gal Tarrab Levi"
"28998377548","Medtronic - Nov 2025 Flat Renewal","None","2025-10-24 21:52","CRM UI","Deactivated user"
"32022642840","CentralSquare","Backstage; Roadie","2025-02-10 11:55","CRM UI","Gal Tarrab Levi"
"29593794866","AE Studio","Backstage; Humanitech","2025-01-23 10:33","CRM UI","Gal Tarrab Levi"
"17390361655","LendBuzz, Inc","Backstage; Roadie","2024-03-18 13:30","CRM UI","Gal Tarrab Levi","Backstage","2024-02-22 09:26","CRM UI","Gal Tarrab Levi"
"29386081114","Intuit","Backstage","2024-11-24 11:13","CRM UI","Gal Tarrab Levi"
"29881537631","JumpCloud","Backstage; Roadie","2024-12-19 12:26","CRM UI","Gal Tarrab Levi"
"15955867703","UiPath","Backstage","2024-02-22 09:41","CRM UI","Gal Tarrab Levi"
"37170768934","Legal & General (OneTech)","None","2025-09-11 12:10","CRM UI","Deactivated user"
"31997328162","Brightcove, Inc. ","Backstage","2025-02-04 12:08","CRM UI","Gal Tarrab Levi"
"32425584923","XM Cyber","Roadie","2025-01-26 14:26","Record Merge","","Roadie","2025-01-26 14:26","Record Merge","","Roadie","2024-06-21 09:43","CRM UI","Gal Tarrab Levi"
"21944680110","TAG - The Aspen Group","Opslevel; Backstage; Cortex","2024-09-16 13:38","CRM UI","Gal Tarrab Levi","Opslevel; Backstage","2024-09-16 13:25","CRM UI","Gal Tarrab Levi","Opslevel","2024-09-16 13:21","CRM UI","Gal Tarrab Levi"
"19563735984","Royal London","Backstage","2024-06-04 10:34","CRM UI","Gal Tarrab Levi"
"34627684968","BCP","Backstage","2025-03-13 14:23","Record Merge","","Backstage","2024-10-20 10:15","CRM UI","Gal Tarrab Levi"
"39282897670","ezCater","Cortex","2025-12-10 21:42","CRM UI","John Romano","Backstage","2025-08-14 18:00","CRM UI","John Romano"
"40638036584","Happn","Backstage","2025-07-25 16:02","CRM UI","Deactivated user"
"17653949536","NetJets","Backstage","2024-04-01 10:19","CRM UI","Gal Tarrab Levi"
"19090052136","Checkatrade","Backstage; Cortex","2024-07-16 13:15","CRM UI","Gal Tarrab Levi","Backstage","2024-05-12 15:28","CRM UI","Gal Tarrab Levi"
"29759170168","Cielo","Backstage","2024-12-12 10:00","CRM UI","Gal Tarrab Levi"
"29915961896","Outpost24","Backstage","2024-12-12 10:10","CRM UI","Gal Tarrab Levi"
"18443127392","FundApps","Cortex; Opslevel; Roadie; Backstage","2024-04-11 11:05","CRM UI","Gal Tarrab Levi","Cortex; Opslevel; Roadie","2024-04-08 18:23","CRM UI","Deactivated user"
"38841263363","Ripley","Unknown","2025-09-30 18:10","CRM UI","Tali Cohen"
"29146699936","Arion banki","Backstage","2024-12-08 10:57","CRM UI","Gal Tarrab Levi"
"30800605591","Mitsubishi UFJ Financial Group (MUFG Americas)","Cortex; Backstage","2024-12-26 09:17","CRM UI","Gal Tarrab Levi"
"22104466471","SADA Systems","Backstage","2024-09-16 13:23","CRM UI","Gal Tarrab Levi"
"29118303604","Options Clearing Corporation ","Backstage","2024-12-12 10:11","CRM UI","Gal Tarrab Levi"
"20434076946","Qlik","Backstage","2024-07-22 10:26","CRM UI","Gal Tarrab Levi"
"59728215661","Direct Supply","Cortex","2026-04-28 11:04","Record Merge","","Cortex","2026-04-28 11:04","Record Merge","","Cortex","2026-04-28 11:04","Record Merge","","Cortex","2026-03-18 16:59","CRM UI","John Romano"
"33182929959","Zilch","Backstage; Humanitech","2025-02-09 11:25","Record Merge","","Backstage; Humanitech","2025-02-09 11:24","Record Merge","","Backstage; Humanitech","2025-02-09 11:24","Record Merge","","Backstage; Humanitech","2024-07-18 10:46","CRM UI","Gal Tarrab Levi"
"28336480147","OTTO","Cortex; Backstage; Opslevel","2024-11-07 16:16","CRM UI","Gal Tarrab Levi","Cortex; Backstage","2024-11-07 15:53","CRM UI","Gal Tarrab Levi"
"18148405505","Payoneer Inc.","Backstage; Opslevel","2024-03-28 10:06","CRM UI","Gal Tarrab Levi","Backstage; Opslevel; Cortex","2024-03-28 10:06","CRM UI","Gal Tarrab Levi","Backstage; Opslevel","2024-03-27 12:39","CRM UI","Gal Tarrab Levi"
"15671270534","Motorola Solutions","Backstage","2024-02-22 09:44","CRM UI","Gal Tarrab Levi"
"19753699408","Jack in The Box","Backstage","2024-11-07 16:17","CRM UI","Gal Tarrab Levi"
"59727968397","World Bank 2026","Cortex; Backstage","2026-04-28 11:03","Record Merge","","Cortex; Backstage","2025-10-16 17:44","CRM UI","Deactivated user"
"40988932962","Guardant Health","Cortex; Backstage","2026-01-21 23:13","CRM UI","EJ Rauseo"
"20839195035","Galenica ","Backstage","2024-08-07 14:16","CRM UI","Gal Tarrab Levi"
"31827022443","CityFibre","Backstage","2025-01-23 12:15","CRM UI","Gal Tarrab Levi"
"31360164523","Softura","Cortex","2025-01-23 10:34","CRM UI","Gal Tarrab Levi"
"17507575300","CitiusTech","Backstage; Harness","2024-02-22 09:26","CRM UI","Gal Tarrab Levi"
"60072627485","HID Global","Backstage","2026-06-25 07:18","CRM UI","Daniel Alper"
"16974259725","Warner Pacific Insurance Services","Backstage; Humanitech","2024-02-22 09:28","CRM UI","Gal Tarrab Levi"
"15742225254","OK Benzin","Backstage","2024-02-22 09:44","CRM UI","Gal Tarrab Levi"
"22098531379","KUBRA","Backstage; Compass; Opslevel; Cortex","2024-10-20 10:27","CRM UI","Gal Tarrab Levi","Backstage; Compass; Opslevel","2024-09-22 13:41","CRM UI","Gal Tarrab Levi","Backstage; Compass","2024-09-19 15:36","CRM UI","Chris Newsome"
"16947419451","ANZ","Backstage","2024-02-22 09:28","CRM UI","Gal Tarrab Levi"
"21955917401","Starbucks","Backstage","2024-09-22 13:45","CRM UI","Gal Tarrab Levi"
"23011573576","JLL - New (API Portal - Internal/External)","Backstage","2024-10-20 10:34","CRM UI","Gal Tarrab Levi"
"15152886939","AHEAD","Cortex; Backstage","2024-02-22 09:51","CRM UI","Gal Tarrab Levi"
"55827456417","Laerdal Medical","Opslevel; Backstage","2026-04-13 10:25","CRM UI","Matt Bilsland"
"23122323317","NSoft","Cortex; Opslevel","2024-10-20 10:32","CRM UI","Gal Tarrab Levi"
"18112496782","Sorenson Communications","Cortex; Humanitech; Compass","2025-05-06 09:37","CRM UI","Gal Tarrab Levi","Cortex; Configure8; Humanitech; Compass","2024-05-28 10:29","CRM UI","Gal Tarrab Levi","Cortex; Configure8; Humanitech","2024-05-28 10:20","CRM UI","Gal Tarrab Levi","Cortex; Configure8","2024-03-27 12:41","CRM UI","Gal Tarrab Levi"
"29583927709","HDI Seguros Colombia","Qovery","2025-04-15 17:22","CRM UI","Deactivated user"
"36457450015","National Bank of Canada","Opslevel; Roadie","2025-08-06 19:32","CRM UI","Tali Cohen"
"43827241090","Philip Morris International ","Backstage","2025-11-05 17:19","CRM UI","James Pritchard"
"15960849043","CareFirst","Backstage","2024-02-22 09:39","CRM UI","Gal Tarrab Levi"
"23134333476","TAL","Backstage","2024-11-07 15:32","CRM UI","Gal Tarrab Levi"
"32646042186","Bank of New York Mellon - 2025","Backstage","2025-01-28 14:17","Record Merge","","Backstage","2025-01-23 10:32","CRM UI","Gal Tarrab Levi"
"21245585232","Jackson","Backstage; Cortex","2024-08-28 17:39","CRM UI","John Romano"
"18131031047","Blacklane gmbh - KubeCon","Backstage","2024-03-27 12:37","CRM UI","Gal Tarrab Levi"
"21075052382","Simpson Strong-Tie","Backstage; Compass; Humanitech","2024-08-11 13:46","CRM UI","Gal Tarrab Levi","Backstage; Compass","2024-08-07 14:13","CRM UI","Gal Tarrab Levi"
"31360166729","Beazley","Configure8","2025-01-23 12:15","CRM UI","Gal Tarrab Levi"
"35768783130","WGU","ServiceNow","2025-08-06 00:10","CRM UI","Tali Cohen"
"15127372886","Veeva Systems","Backstage; Compass","2024-02-22 09:51","CRM UI","Gal Tarrab Levi"
"29261567750","Curriculum Associates","Backstage; Opslevel","2024-12-12 10:10","CRM UI","Gal Tarrab Levi"
"35315252648","Nestle ","Backstage","2025-05-07 13:37","CRM UI","James Pritchard"
"36108588209","Banco Interamericano de Finanzas “Banbif”","Cortex; Humanitech; Backstage","2025-09-09 21:48","CRM UI","Jill Countey","Cortex; Humanitech","2025-07-10 17:13","CRM UI","Jill Countey"
"22790688820","Crédit Agricole","Backstage","2024-12-03 14:30","CRM UI","Gal Tarrab Levi"
"16560058121","Varonis","Backstage; Roadie","2024-02-22 09:30","CRM UI","Gal Tarrab Levi"
"52383008775","Grupo Credito - 40 seats","None","2026-03-17 23:02","CRM UI","Ignacio De Loera"
"18722204213","Unisys Corporation","Backstage","2024-06-04 10:38","CRM UI","Gal Tarrab Levi"
"36179236404","Labcorp","Cortex","2025-07-10 17:38","CRM UI","Jeff Graham"
"15960748081","Arctiq","Cortex; Backstage","2024-02-22 09:41","CRM UI","Gal Tarrab Levi"
"31609895483","Brubank","Cortex; Backstage; Harness","2025-01-23 10:30","CRM UI","Gal Tarrab Levi"
"12760730388","Verizon","Backstage","2024-02-22 09:59","CRM UI","Gal Tarrab Levi"
"14977513117","SolarEdge","Backstage; Opslevel; Humanitech","2024-01-31 10:19","Playbooks","Deal Review by Shlomi Cohen"
"32755952926","Intelerad Inc ","Backstage","2025-02-04 12:06","CRM UI","Gal Tarrab Levi"
"15993201844","Epic Games","Backstage","2024-02-22 09:39","CRM UI","Gal Tarrab Levi"
"15143485474","Frontier Communications","Backstage","2024-02-22 09:46","CRM UI Bulk Action","Gal Tarrab Levi"
"61085526439","Booking.com - Backstage Replacement - 6k Users","Backstage","2026-06-14 09:49","Record Merge","","Backstage","2026-03-20 13:13","CRM UI","John Barnes"
"17603174913","JFrog 2024","Backstage; Roadie","2024-02-21 12:42","Playbooks","Deal Review by Shlomi Cohen","Backstage","2024-02-18 15:35","Playbooks","Deal Review by Shlomi Cohen"
"31699664516","Arctic Wolf","Backstage","2025-01-23 10:22","CRM UI","Gal Tarrab Levi"
"28982302030","SnapLogic","Backstage","2024-12-08 10:56","CRM UI","Gal Tarrab Levi"
"30866041152","O.C. Tanner ","Backstage","2024-12-22 10:49","Record Merge","","Backstage","2024-12-22 10:49","Record Merge","","Backstage","2024-12-22 10:49","Record Merge","","Backstage","2024-12-10 14:19","Record Merge","","Backstage","2024-12-08 10:55","CRM UI","Gal Tarrab Levi"
"17114334338","Milestone Systems","Cortex; Backstage; Opslevel; Compass; Humanitech","2024-02-13 16:36","CRM UI","Deactivated user"
"37629711421","Cribl","Cortex; Backstage","2025-08-20 17:40","CRM UI","John Romano","Cortex","2025-07-03 17:41","CRM UI","John Romano"
"49156990287","Paybilt ","Unknown","2026-04-13 23:24","CRM UI","Chris Newsome"
"17923706445","Truckstop","Backstage; Cortex","2024-09-10 19:42","CRM UI","Chris Newsome","Backstage","2024-03-19 12:05","CRM UI","Gal Tarrab Levi"
"18126373528","Easypark - KubeCon","Backstage","2024-04-11 11:22","CRM UI","Gal Tarrab Levi"
"17905517088","AxiosHQ","Backstage; Cortex","2024-03-18 13:30","CRM UI","Gal Tarrab Levi"
"31753645885","First Citizens Bank","Backstage","2025-01-23 10:22","CRM UI","Gal Tarrab Levi"
"18262823520","GRID esports ","Opslevel; Compass","2024-04-11 11:06","CRM UI","Gal Tarrab Levi"
"17760306580","Bupa Health Services","Backstage","2024-04-01 10:21","CRM UI","Gal Tarrab Levi"
"35017405571","TAL ","Harness","2025-05-29 01:35","CRM UI","Scott Dunion"
"21257675585","Neovest","Backstage","2024-08-19 11:33","CRM UI","Gal Tarrab Levi"
"36854365199","Minted","Roadie; Compass","2025-05-07 10:28","Record Merge","","Roadie; Compass","2025-02-04 23:33","CRM UI","John Romano","Backstage; Roadie; Compass","2025-01-30 08:20","Record Merge","","Backstage; Roadie; Compass","2025-01-30 08:20","Record Merge","","Backstage; Roadie; Compass","2025-01-30 08:19","Record Merge","","Backstage; Roadie; Compass","2025-01-30 08:19","Record Merge","","Backstage; Roadie; Compass","2025-01-23 10:32","CRM UI","Gal Tarrab Levi"
"22105764868","CloudTalk","Backstage; Opslevel","2024-09-22 13:44","CRM UI","Gal Tarrab Levi","Backstage","2024-09-16 13:22","CRM UI","Gal Tarrab Levi"
"58132524819","Dept. of Corrections, State of Wisconsin","Opslevel; Cortex","2026-04-30 17:32","CRM UI","Tali Cohen"
"20008648525","WOW! Internet","None","2024-09-10 19:42","CRM UI","Chris Newsome"
"29112021851","WillowTree","Cortex","2024-11-24 11:10","CRM UI","Gal Tarrab Levi"
"22394819648","Neo Technology","Backstage","2024-09-25 16:06","CRM UI","Gal Tarrab Levi"
"31732291352","Abu Dhabi Investment Authority (ADIA)","Backstage","2025-01-09 13:24","Record Merge","","Backstage","2025-01-09 13:24","Record Merge","","Backstage","2025-01-09 13:24","Record Merge","","Backstage","2024-08-27 10:56","CRM UI","Gal Tarrab Levi"
"38525628190","Rio Tinto","Cortex; Backstage","2025-07-24 08:20","CRM UI","Scott Dunion","Cortex","2025-07-24 08:20","CRM UI","Scott Dunion"
"14718321002","OK Benzin","Backstage","2024-02-22 09:46","CRM UI Bulk Action","Gal Tarrab Levi"
"19405627192","Fortescue (land deal)","Backstage; Humanitech","2024-05-28 10:28","CRM UI","Gal Tarrab Levi","Backstage","2024-05-28 10:28","CRM UI","Gal Tarrab Levi"
"40009433860","StoneX Group Inc","Cortex; Backstage","2025-09-18 16:42","CRM UI","Tali Cohen","","2025-09-18 16:42","CRM UI","Tali Cohen","Backstage","2025-09-18 16:42","CRM UI","Tali Cohen","Cortex; Backstage","2025-09-18 16:42","CRM UI","Tali Cohen"
"15412424627","MagMutual","Backstage","2024-02-22 09:46","CRM UI Bulk Action","Gal Tarrab Levi"
"15978193475","BCBSAZ / Blue Cross Blue Shield of Arizona","Cortex; Backstage; Opslevel","2024-02-22 09:39","CRM UI","Gal Tarrab Levi"
"13681035443","Merck","Backstage; Cortex; Opslevel; Roadie","2024-04-10 12:13","Playbooks","Deal Review by Sharon Peretz","Backstage","2024-02-22 09:52","CRM UI","Gal Tarrab Levi"
"33439738781","CoBank","Cortex; Backstage","2025-03-13 11:00","CRM UI","Gal Tarrab Levi"
"59634067067","St. Jude Children's Research Hospital ","Backstage","2026-05-19 16:46","CRM UI","John Romano"
"15025022734","DoubleVerify","Backstage; Cortex","2024-02-22 09:51","CRM UI","Gal Tarrab Levi"
"60967547173","Gencat ","Backstage","2026-06-09 09:00","Record Merge","","Backstage","2026-06-04 13:19","CRM UI","James Pritchard","Backstage","2024-09-01 13:16","CRM UI","Gal Tarrab Levi"
"37631329806","InterBanco Digital","Cortex; Humanitech","2025-07-10 17:13","CRM UI","Jill Countey"
"15978205502","AHEAD","Backstage; Cortex","2024-02-22 09:39","CRM UI","Gal Tarrab Levi"
"55411791115","Nationwide Building Society","Cortex; Roadie","2026-06-18 11:36","CRM UI","Benjamin Duckworth"
"23263200911","Own Company","Backstage","2024-11-07 15:51","CRM UI","Gal Tarrab Levi"
"16195561841","Delivery Hero","Cortex; Opslevel; Compass; Backstage","2024-02-15 18:19","CRM UI","Benjamin Duckworth"
"17803130146","Nowcom","Backstage","2024-03-07 10:51","CRM UI","Gal Tarrab Levi"
"18129010435","Accenture - KubeCon","Backstage; Humanitech; Opslevel","2024-08-07 14:15","CRM UI","Gal Tarrab Levi","Backstage","2024-04-11 11:06","CRM UI","Gal Tarrab Levi"
"15221848124","Interbank","Cortex","2024-02-22 09:50","CRM UI","Gal Tarrab Levi"
"55927357232","Société Générale","Backstage","2026-02-26 12:27","CRM UI","John Barnes","Backstage; Harness","2026-02-26 12:26","CRM UI","John Barnes"
"21094928925","Mosaic","Backstage; Humanitech","2024-08-08 09:04","CRM UI","Gal Tarrab Levi"
"29903991084","BTG Pactual","Backstage","2025-01-23 10:24","CRM UI","Gal Tarrab Levi"
"16475779758","Knowde","Backstage; Harness","2024-02-22 09:30","CRM UI","Gal Tarrab Levi"
"15425272892","Grainger","Backstage","2024-02-22 09:46","CRM UI Bulk Action","Gal Tarrab Levi"
"22487455650","Intact Financial","Backstage","2024-09-25 16:07","CRM UI","Gal Tarrab Levi"
"50359153529","Q2","None","2026-03-26 16:34","CRM UI","Jill Countey"
"29039828901","Spreetail ","Cortex","2025-02-07 23:41","CRM UI","John Romano","Cortex; Opslevel","2025-02-04 23:35","CRM UI","John Romano","Cortex; Opslevel; Backstage","2024-11-24 11:12","CRM UI","Gal Tarrab Levi"
"40279345471","Texas Mutual","Cortex","2025-08-14 17:42","CRM UI","John Romano"
"19187156402","Hilo","Cortex; Opslevel; Backstage","2024-05-15 14:35","CRM UI","Gal Tarrab Levi","Cortex; Opslevel","2024-05-13 21:44","Playbooks","Deal Review by Deactivated user","Cortex; Backstage; Opslevel","2024-05-12 15:28","CRM UI","Gal Tarrab Levi"
"29888168711","Infor ","Backstage","2025-01-23 10:30","CRM UI","Gal Tarrab Levi"
"51938205708","Selective Insurance","Backstage","2026-06-24 21:12","CRM UI","John Romano","Cortex","2026-02-09 20:47","CRM UI","John Romano"
"35317056151","Universal Destinations & Experiences (UDX)","Backstage; Cortex","2025-04-01 11:42","Record Merge","","Backstage; Cortex","2025-03-31 11:29","Record Merge","","Backstage; Cortex","2025-03-31 11:29","Record Merge","","Backstage; Cortex","2025-03-30 15:04","Record Merge","","Backstage; Cortex","2025-02-05 00:31","CRM UI","Deactivated user","Backstage","2024-09-01 13:14","CRM UI","Gal Tarrab Levi"
"23264989035","Airwallex","Backstage","2024-10-27 11:57","CRM UI","Gal Tarrab Levi"
"29023082258","Charles Schwab","Backstage; Harness","2024-11-13 15:21","Record Merge","","Backstage; Harness","2024-06-04 10:34","CRM UI","Gal Tarrab Levi","Backstage","2024-06-04 10:34","CRM UI","Gal Tarrab Levi"
"39538670605","SES S.A.","Cortex","2025-08-21 14:27","CRM UI","Sharon Peretz"
"56545062962","Asurion - 1200 User - Q2","Backstage","2026-02-26 18:35","CRM UI","Deactivated user"
"32754617707","Hansen Technologies ","Backstage","2025-02-10 12:23","CRM UI","Gal Tarrab Levi"
"18093609527","Coder Technologies","Backstage","2024-04-11 11:19","CRM UI","Gal Tarrab Levi"
"40264907866","The University of Melbourne","Cortex","2025-08-28 01:51","CRM UI","Scott Dunion"
"34513028479","RTB house","Backstage","2025-03-11 13:42","Record Merge","","Backstage","2025-02-04 12:15","CRM UI","Gal Tarrab Levi"
"16877705482","Ivy Mobility","Backstage","2024-02-22 09:28","CRM UI","Gal Tarrab Levi"
"34407355253","Fullbay","Backstage; Harness","2025-03-09 10:25","Record Merge","","Backstage; Harness","2025-03-09 10:25","Record Merge","","Backstage; Harness","2025-01-23 12:16","CRM UI","Gal Tarrab Levi"
"44023792949","Financial Conduct Authority","ServiceNow; Harness; Red Hat","2026-06-25 12:45","CRM UI","James Pritchard"
"16568791066","NOS","Backstage","2024-02-22 09:30","CRM UI","Gal Tarrab Levi"
"17269723277","Arab National Bank","Backstage","2024-02-22 09:26","CRM UI","Gal Tarrab Levi"
"19852201812","Pacifico Seguros (50/50 split w/ Sam/Tom","Backstage","2024-11-13 17:02","CRM UI","Deactivated user"
"16158419728","DexCare","Cortex","2024-02-22 09:39","CRM UI","Gal Tarrab Levi"
"20801630093","Coverys","Opslevel","2025-03-31 16:45","CRM UI","John Romano","Opslevel; Qovery","2025-03-13 10:56","CRM UI","Gal Tarrab Levi","Opslevel","2025-02-04 23:32","CRM UI","John Romano","Opslevel; Qovery; Cortex; Backstage","2024-11-24 11:11","CRM UI","Gal Tarrab Levi","Opslevel; Qovery","2024-10-20 10:43","CRM UI","Gal Tarrab Levi","Opslevel","2024-10-10 18:01","CRM UI","John Romano","Opslevel; Qovery","2024-09-22 13:47","CRM UI","Gal Tarrab Levi","Opslevel","2024-09-18 22:16","CRM UI","John Romano","Opslevel; Qovery","2024-09-16 13:40","CRM UI","Gal Tarrab Levi","Opslevel","2024-09-06 21:21","CRM UI","John Romano","Backstage","2024-08-07 14:17","CRM UI","Gal Tarrab Levi"
"16594792806","Mercedes Benz","Backstage; Cortex; Opslevel","2024-02-22 09:30","CRM UI","Gal Tarrab Levi"
"32466891936","Banco BICE","Backstage","2025-01-26 16:33","Record Merge","","Backstage","2024-09-10 16:28","Playbooks","Deal Review by Deactivated user"
"31653456000","MUFG Investor services","Backstage; Opslevel; Humanitech; Cortex","2025-01-07 16:56","Record Merge","","Backstage; Opslevel; Humanitech; Cortex","2025-01-07 16:40","Record Merge","","Backstage; Opslevel; Humanitech; Cortex","2025-01-07 16:40","Record Merge","","Backstage; Opslevel; Humanitech; Cortex","2024-05-12 15:29","CRM UI","Gal Tarrab Levi","Backstage; Opslevel; Humanitech","2024-04-30 22:01","CRM UI","Deactivated user","Backstage","2024-04-03 18:42","CRM UI","Deactivated user"
"17133661339","AI21 Labs","Backstage; Cortex","2024-02-22 09:26","CRM UI","Gal Tarrab Levi"
"28456784040","Appsflyer","Backstage","2024-11-07 15:32","CRM UI","Gal Tarrab Levi"
"41953753182","Shipt","Cortex","2025-10-22 13:05","CRM UI","Deactivated user"
"22619273319","Parker Hannifin","Backstage","2024-12-22 12:21","CRM UI","Gal Tarrab Levi"
"20480968848","ISS STOXX","Cortex; Opslevel","2024-07-16 13:14","CRM UI","Gal Tarrab Levi"
"19718019413","Eagers Automative Ltd","Backstage; Compass","2024-06-10 10:32","CRM UI","Gal Tarrab Levi"
"29273195359","NASDAQ","Backstage; Cortex; Opslevel","2024-11-24 11:10","CRM UI","Gal Tarrab Levi"
"16500766049","Allianzgi","Backstage","2024-02-22 09:30","CRM UI","Gal Tarrab Levi"
"34603553135","PwC","Backstage; Cortex; Roadie; Opslevel","2025-03-13 11:40","Record Merge","","Backstage; Cortex; Roadie; Opslevel","2025-03-13 11:40","Record Merge","","Backstage; Cortex; Roadie; Opslevel","2025-01-26 15:50","Record Merge","","Backstage; Cortex; Roadie; Opslevel","2025-01-26 15:50","Record Merge","","Backstage; Cortex; Roadie; Opslevel","2025-01-26 15:50","Record Merge","","Backstage; Cortex; Roadie; Opslevel","2025-01-26 15:50","Record Merge","","Backstage; Cortex; Roadie; Opslevel","2025-01-26 15:50","Record Merge","","Backstage; Cortex; Roadie; Opslevel","2025-01-26 15:50","Record Merge","","Backstage; Cortex; Roadie; Opslevel","2025-01-26 15:49","Record Merge","","Backstage; Cortex; Roadie; Opslevel","2025-01-26 15:32","Record Merge","","Backstage; Cortex; Roadie; Opslevel","2024-02-26 14:43","CRM UI","Gal Tarrab Levi"
"32779023012","HashiCorp","Backstage","2025-02-28 00:32","CRM UI","John Romano"
"20900117105","Cloudzone","Backstage","2024-08-07 14:10","CRM UI","Gal Tarrab Levi"
"13723285314","Beazley","Configure8; Backstage","2024-02-22 09:24","CRM UI","Gal Tarrab Levi","Configure8","2024-02-08 09:46","CRM UI","Gal Tarrab Levi"
"18291394843","Moonfare Asia Ltd ","Backstage","2024-04-05 16:48","CRM UI","Deactivated user"
"35121379129","FloQast","Backstage","2025-03-31 16:53","CRM UI","John Romano"
"42069006440","Kaiser Permanente","Harness","2026-02-04 18:30","CRM UI","Jeff Graham"
"17857927275","Advance Auto Parts","Cortex; Backstage; Opslevel","2024-04-23 23:10","CRM UI","Deactivated user","Backstage; Opslevel","2024-03-19 12:07","CRM UI","Gal Tarrab Levi"
"15794209848","Prolific Academic LTD.","Roadie; Backstage","2024-02-22 09:22","CRM UI","Gal Tarrab Levi","Roadie","2024-02-05 14:20","Playbooks","Deal Review by Deactivated user"
"23204967716","Sapiens International","Backstage","2024-12-03 14:30","CRM UI","Gal Tarrab Levi"
"43191622228","MGM Resorts International","Backstage","2025-10-16 18:49","CRM UI","Deactivated user"
"22395282251","Input Output","Backstage","2024-09-29 12:10","CRM UI","Gal Tarrab Levi"
"46557887769","Publicis Groupe","None","2025-12-04 16:15","CRM UI","James Pritchard"
"16989972759","Shell","Backstage","2024-02-22 09:28","CRM UI","Gal Tarrab Levi"
"15957919539","Input Output / IOHK","Cortex; Backstage","2024-02-22 09:41","CRM UI","Gal Tarrab Levi"
"15890508547","Workleap - old","Opslevel; Roadie","2024-02-22 09:41","CRM UI","Gal Tarrab Levi"
"15939054178","Lexmark ","Backstage","2024-02-22 09:41","CRM UI","Gal Tarrab Levi"
"17661503649","Dell ISG","Backstage","2024-02-22 09:24","CRM UI","Gal Tarrab Levi"
"32321728157","London Stock Exchange Group","Backstage","2025-02-04 12:12","CRM UI","Gal Tarrab Levi"
"21761660051","TTEC","Cortex; Compass","2024-09-16 13:51","CRM UI","Gal Tarrab Levi","Cortex","2024-09-01 13:15","CRM UI","Gal Tarrab Levi"
"55067978546","Banco Davivienda -12 mths","Humanitech; Backstage","2026-03-18 19:17","CRM UI","Ignacio De Loera"
"16716273703","Movable Ink","Cortex; Backstage; Opslevel","2024-02-22 09:29","CRM UI","Gal Tarrab Levi"
"52248171013","FIS","Harness; Backstage","2026-02-04 17:16","CRM UI","Deactivated user","Harness","2026-01-07 23:20","CRM UI","Deactivated user"
"45498255949","Lantern","Datadog","2025-10-30 06:08","CRM UI","John Romano"
"16195101982","Unity 3D","Backstage","2024-02-22 09:37","CRM UI","Gal Tarrab Levi"
"34022761996","Maib","","2025-02-27 12:23","Record Merge","","","2025-01-23 12:46","CRM UI","Sharon Peretz","Backstage","2024-11-24 11:14","CRM UI","Gal Tarrab Levi"
"38741682526","nTop","None","2025-08-20 21:51","CRM UI","Daniel Alper","","2025-08-20 21:51","CRM UI","Daniel Alper","Unknown","2025-08-20 21:51","CRM UI","Daniel Alper"
"50502411782","Costa Crociere ","Unknown","2025-11-26 09:48","CRM UI","Benjamin Duckworth"
"35023861531","Louis Vuitton","Backstage","2025-03-24 15:02","Record Merge","","Backstage","2025-03-13 10:53","CRM UI","Gal Tarrab Levi"
"17906445997","WOW! - old","Backstage","2024-03-18 13:31","CRM UI","Gal Tarrab Levi"
"22793057184","Motability","Roadie; Backstage","2024-10-20 10:36","CRM UI","Gal Tarrab Levi","Roadie","2024-09-30 18:21","CRM UI","Deactivated user"
"16073201233","Grammarly - old","Backstage; Cortex","2024-02-22 09:37","CRM UI","Gal Tarrab Levi"
"21526902648","GIC Private Limited","Backstage; Cortex","2024-10-07 19:56","CRM UI","Gal Tarrab Levi","Harness","2024-08-16 17:53","Record Merge","","Harness","2024-08-11 13:44","CRM UI","Gal Tarrab Levi"
"35090521506","Amwins","Compass","2025-04-17 05:09","CRM UI","Tali Cohen"
"17926207243","Cadent","Opslevel","2024-09-10 19:42","CRM UI","Chris Newsome"
"18385258506","Tata Elxsi ","Backstage","2024-04-11 11:07","CRM UI","Gal Tarrab Levi"
"17114514097","SITA","Backstage","2024-02-22 09:28","CRM UI","Gal Tarrab Levi"
"23016186711","Teladoc Health","Cortex; Backstage; Humanitech","2024-10-20 10:16","CRM UI","Gal Tarrab Levi"
"16358931791","DataRails","Backstage; Humanitech","2024-02-22 09:35","CRM UI","Gal Tarrab Levi"
"21225981717","Mr. Cooper Group Inc.","Backstage; Harness","2024-09-16 13:38","CRM UI","Gal Tarrab Levi"
"19490199871","Optimizely","Backstage; Cortex","2024-05-29 21:17","Playbooks","Deal Review by Deactivated user"
"41875453012","The New York Times","Cortex","2025-11-04 17:26","CRM UI","John Romano","Cortex; Opslevel","2025-08-14 17:42","CRM UI","John Romano"
"12967766407","Raiffeisen UA","Backstage","2024-02-22 09:58","CRM UI","Gal Tarrab Levi"
"15873543193","Dell ","Backstage","2024-02-22 09:41","CRM UI","Gal Tarrab Levi"
"15999043640","Space","Cortex; Backstage; Opslevel","2024-02-22 09:39","CRM UI","Gal Tarrab Levi"
"40832595293","Claroty","Backstage","2025-08-19 14:42","CRM UI","Sharon Peretz"
"54248329583","1Password","Harness","2026-03-19 14:42","CRM UI","Daniel Alper","Unknown","2026-02-19 16:20","CRM UI","Daniel Alper"
"33028927667","Cambia Health Solutions, Inc.","Backstage","2025-03-13 10:58","CRM UI","Gal Tarrab Levi"
"33115064742","illumin ","Backstage","2025-02-10 11:53","CRM UI","Gal Tarrab Levi"
"18895566438","Callibrity","Backstage","2024-06-21 09:42","CRM UI","Gal Tarrab Levi"
"20552101505","Real Geeks","Cortex; Backstage","2024-08-07 14:17","CRM UI","Gal Tarrab Levi"
"32309143975","PNC","Cortex; Opslevel","2025-01-21 18:48","Record Merge","","Cortex; Opslevel","2025-01-21 18:48","Record Merge","","Cortex; Opslevel","2025-01-21 18:48","Record Merge","","Cortex; Opslevel","2025-01-21 18:48","Record Merge","","Cortex; Opslevel","2025-01-21 18:47","Record Merge","","Cortex; Opslevel","2025-01-21 18:45","Record Merge","","Cortex; Opslevel","2025-01-21 18:45","Record Merge","","Cortex; Opslevel","2025-01-21 18:45","Record Merge","","Cortex; Opslevel","2025-01-21 18:45","Record Merge","","Cortex; Opslevel","2024-07-16 22:56","CRM UI","Deactivated user"
"56829011383","Wayve","Backstage","2026-04-01 16:42","CRM UI","Matt Bilsland"
"16667515976","Getnet","Backstage","2024-02-22 09:30","CRM UI","Gal Tarrab Levi"
"20902371599","Cloudandthings","Backstage","2024-07-25 13:41","CRM UI","Gal Tarrab Levi"
"32323657909","Swedbank","Backstage","2025-02-04 12:12","CRM UI","Gal Tarrab Levi"
"18221867430","Nordlb - KubeCon","Cortex; Backstage","2024-07-16 13:14","CRM UI","Gal Tarrab Levi","Cortex","2024-07-16 13:13","CRM UI","Gal Tarrab Levi"
"22314671652","WehKamp - SkyWorkz","Cortex; Roadie","2024-10-07 19:55","CRM UI","Gal Tarrab Levi","Backstage; Cortex; Roadie","2024-09-29 12:16","CRM UI","Gal Tarrab Levi"
"32986204987","UC Santa Barbara","Backstage","2025-02-04 12:05","CRM UI","Gal Tarrab Levi"
"28847934106","Desjardins General Insurance Inc ","Backstage","2024-11-24 11:19","CRM UI","Gal Tarrab Levi"
"34739749411","Bread Financial","Cortex; Harness","2025-03-28 23:59","CRM UI","Deactivated user"
"28960657441","RTX (Raytheon)","Backstage; Cortex; Opslevel","2025-01-17 23:17","CRM UI","Jeff Graham","Backstage; Cortex","2025-01-17 23:17","CRM UI","Jeff Graham","Backstage","2024-12-12 10:11","CRM UI","Gal Tarrab Levi"
"32081819730","Vimeo","Backstage","2025-01-23 10:33","CRM UI","Gal Tarrab Levi"
"20460517241","ASI","Backstage","2024-07-22 10:27","CRM UI","Gal Tarrab Levi"
"21224188024","Rakuten Group, Inc. ","Backstage","2024-08-27 10:59","CRM UI","Gal Tarrab Levi"
"14825003831","Schlumberger (SLB)","Backstage","2024-04-24 16:04","CRM UI","Jonathan Gruber"
"16770266168","Nestle ","Backstage","2024-02-22 09:28","CRM UI","Gal Tarrab Levi"
"19700662049","Axpo","Backstage; Cortex; Harness","2024-06-21 09:37","CRM UI","Gal Tarrab Levi","Backstage","2024-06-04 10:35","CRM UI","Gal Tarrab Levi"
"19688735506","Maxar Intelligence","Backstage; Cortex","2024-07-22 10:27","CRM UI","Gal Tarrab Levi","Backstage","2024-06-10 10:26","CRM UI","Gal Tarrab Levi"
"44552546871","ifm","Backstage","2025-10-08 12:32","CRM UI","Deactivated user"
"33264247961","Saas.group ","Backstage","2025-02-10 12:22","CRM UI","Gal Tarrab Levi"
"20800477336","BNY Mellon","Backstage","2024-07-25 13:42","CRM UI","Gal Tarrab Levi"
"20206099591","Flux Federation","Backstage","2024-06-24 13:10","CRM UI","Gal Tarrab Levi"
"18678220120","Cegeka","Backstage","2024-04-24 15:28","CRM UI","Gal Tarrab Levi"
"58447618187","Infineon Technologies (KC) - Backstage Replacement","Backstage","2026-04-09 14:29","CRM UI","John Barnes"
"34294493701","Gambling.com Group","Backstage; Humanitech; Cortex","2025-03-13 09:40","CRM UI","Gal Tarrab Levi","Backstage; Humanitech","2025-03-13 09:40","CRM UI","Gal Tarrab Levi"
"22862474381","Adform","Backstage","2024-10-27 11:53","CRM UI","Gal Tarrab Levi"
"40630488445","Curative Inc","Backstage; Opslevel","2025-11-26 19:56","CRM UI","Jill Countey"
"18144130324","The New York Times - KubeCon","Backstage","2024-04-11 11:04","CRM UI","Gal Tarrab Levi"
"29895061171","Epic Games, Inc.","Backstage","2024-12-19 12:27","CRM UI","Gal Tarrab Levi"
"49725170717","Oviva","None","2026-01-08 09:19","CRM UI","Sharon Peretz"
"15842015008","KTM","Backstage; Opslevel","2024-02-22 09:41","CRM UI","Gal Tarrab Levi"
"33636883273","Omnicom Group","Backstage; Humanitech","2025-03-13 10:51","CRM UI","Gal Tarrab Levi"
"32820688536","DXC Technologies - Transbank	","Backstage","2024-12-29 10:23","CRM UI","Gal Tarrab Levi"
"16894659893","Maven Wave Partners","Backstage; VMware","2024-02-22 09:28","CRM UI","Gal Tarrab Levi"
"19547422038","Lululemon","Backstage; Cortex; Humanitech","2024-06-04 10:36","CRM UI","Gal Tarrab Levi"
"28456821538","FundGuard","Backstage","2024-11-10 13:30","CRM UI","Gal Tarrab Levi"
"34428910983","Prudential Financial","Backstage; Cortex; Compass","2025-03-13 15:29","CRM UI","Jeff Graham","Backstage; Cortex","2025-03-13 09:33","CRM UI","Gal Tarrab Levi"
"13618152844","EverQuote","Cortex; Backstage; Compass","2024-02-22 09:58","CRM UI","Gal Tarrab Levi"
"18710251627","Toast","Backstage","2024-04-26 19:32","CRM UI","Deactivated user"
"49772002999","Canadian Tire Corporation","Backstage; Humanitech","2025-12-29 19:44","CRM UI","Deactivated user"
"15237003265","Workboard","Backstage","2024-02-22 09:46","CRM UI Bulk Action","Gal Tarrab Levi"
"14247595175","Xceptor","Backstage","2024-02-22 09:52","CRM UI","Gal Tarrab Levi"
"13037278764","Exxonn Mobil","Cortex","2024-04-24 14:49","CRM UI","Jonathan Gruber"
"22835560974","Adobe","Backstage; Cortex","2024-10-20 10:50","CRM UI","Gal Tarrab Levi","Backstage","2024-10-20 10:15","CRM UI","Gal Tarrab Levi"
"28292994719","Volvo","Backstage; Humanitech","2024-11-10 13:31","CRM UI","Gal Tarrab Levi","Backstage","2024-11-07 15:21","CRM UI","Gal Tarrab Levi"
"32157802024","Progress","Cortex","2025-02-10 11:57","CRM UI","Gal Tarrab Levi"
"51628817708","Navy Federal Credit Union","Backstage","2025-12-18 16:49","CRM UI","Deactivated user"
"58380750744","Danske bank (KC) - Backstage Replacement & AEP","Backstage","2026-04-15 15:31","CRM UI","John Barnes"
"37360305712","Philip Morris International","Backstage","2025-05-18 14:01","Record Merge","","Backstage","2024-12-22 12:24","CRM UI","Gal Tarrab Levi"
"43530696224","Workiva ","Backstage","2025-09-10 21:04","CRM UI","John Romano"
"32425586008","Pagaya","None","2025-01-26 16:15","Record Merge","","None","2024-03-18 17:49","Playbooks","Deal Review by Shlomi Cohen"
"32466891952","SEB Group","Harness; Backstage","2026-05-05 11:38","CRM UI","Benjamin Duckworth","Unknown","2025-10-15 12:54","CRM UI","Deactivated user","Backstage","2025-02-04 12:11","CRM UI","Gal Tarrab Levi"
"37417147964","Everest  - 2,026","None","2026-03-25 21:13","CRM UI","John Romano"
"29787641873","Cobre","Cortex; Backstage","2024-12-08 10:55","CRM UI","Gal Tarrab Levi"
"28651928711","Woolworths","Cortex; Opslevel; Backstage","2024-11-03 14:28","Record Merge","","Cortex; Opslevel; Backstage","2024-11-03 14:28","Record Merge","","Cortex; Opslevel; Backstage","2024-10-27 12:00","CRM UI","Gal Tarrab Levi","Cortex; Opslevel","2024-10-20 10:34","CRM UI","Gal Tarrab Levi","Cortex","2024-09-05 18:53","CRM UI","Shlomi Cohen","Backstage; Cortex","2024-09-05 18:53","CRM UI","Shlomi Cohen","Backstage","2024-08-07 14:16","CRM UI","Gal Tarrab Levi"
"20692882498","DKV Mobility ","Backstage","2024-07-25 13:42","CRM UI","Gal Tarrab Levi"
"35128267084","Epidemic Sound","Backstage","2025-03-27 14:46","Record Merge","","Backstage","2025-03-24 15:36","Record Merge","","Backstage","2025-02-10 12:31","CRM UI","Gal Tarrab Levi"
"18169290299","Kyriba  - KubeCon meeting","Backstage","2024-03-27 12:39","CRM UI","Gal Tarrab Levi"
"17789192966","S&P Global Inc.","Backstage; Humanitech","2024-03-08 19:26","CRM UI","Deactivated user"
"37097401877","Mark Anthony Group","Opslevel","2025-07-01 23:23","CRM UI","John Romano"
"19490100301","Captain Fresh","Backstage","2024-05-28 10:20","CRM UI","Gal Tarrab Levi"
"21899828407","Slalom<>Tractor Supply","Backstage; Compass; Roadie; Opslevel","2025-05-05 10:45","CRM UI","Jonathan Gruber","Backstage; Compass; Roadie","2024-11-17 12:37","CRM UI","Salse OPS","Backstage; Compass","2024-09-16 13:22","CRM UI","Gal Tarrab Levi","Backstage","2024-09-05 10:32","CRM UI","Gal Tarrab Levi"
"17674445435","Ryan","Backstage; Opslevel","2024-03-28 18:53","CRM UI","Shlomi Cohen","Backstage","2024-02-28 12:02","CRM UI","Gal Tarrab Levi"
"19819720246","JLL Technologies","Backstage; Cortex","2024-06-06 11:15","CRM UI","Gal Tarrab Levi"
"44081321312","Via Transportation","None","2025-11-06 10:47","CRM UI","Sharon Peretz"
"16906946926","Varsity Tutors","Cortex; Backstage","2024-02-22 09:28","CRM UI","Gal Tarrab Levi"
"22858587822","Bitpanda","Backstage","2024-10-20 10:37","CRM UI","Gal Tarrab Levi"
"29072092753","Genetec Inc. ","Backstage","2024-12-03 14:36","CRM UI","Gal Tarrab Levi"
"29257056567","Cloudera","Backstage","2024-11-24 11:13","CRM UI","Gal Tarrab Levi"
"32324345001","Metropolis Technologies","Backstage","2025-01-28 19:10","CRM UI","Daniel Alper"
"16163440540","Accenture","Backstage","2024-02-22 09:37","CRM UI","Gal Tarrab Levi"
"32425585992","Harman International","Backstage; Cortex","2025-01-26 16:11","Record Merge","","Backstage; Cortex","2024-11-07 16:19","CRM UI","Gal Tarrab Levi","Backstage","2024-06-10 10:28","CRM UI","Gal Tarrab Levi"
"21953664110","Visa ","Backstage","2024-09-16 13:39","CRM UI","Gal Tarrab Levi"
"29053624122","WatchGuard","Backstage","2024-11-13 14:06","Record Merge","","Backstage","2024-10-20 10:26","CRM UI","Gal Tarrab Levi"
"58134795333","Haleon | Backstage Replacement | Product Team","Backstage; Roadie","2026-04-13 18:06","CRM UI","Jamie Summers"
"12611407226","Bell Canada","Backstage","2024-02-22 09:59","CRM UI","Gal Tarrab Levi"
"19327482254","Truespeed","Backstage","2024-05-28 10:29","CRM UI","Gal Tarrab Levi"
"59638544392","ATOS - Greenfield IDP (New Business)","Backstage","2026-04-30 18:40","CRM UI","John Barnes"
"17434418314","Iqvia","Backstage; Opslevel; Cortex","2024-03-26 17:40","Playbooks","Deal Review by Deactivated user","Backstage; Opslevel","2024-03-19 22:57","Playbooks","Deal Review by Deactivated user"
"60379325725","Simpro Group","Backstage","2026-05-26 13:47","CRM UI","Matt Bilsland"
"17767986825","Arbor Education","Backstage","2024-03-06 16:19","CRM UI","Deactivated user"
"60547699062","Bowman Consulting Group","Backstage","2026-06-17 22:09","CRM UI","Daniel Alper"
"34811965703","StubHub","Cortex","2025-03-19 15:47","Record Merge","","Cortex","2025-03-13 09:33","CRM UI","Gal Tarrab Levi"
"18149099879","Schneider Electric - KubeCon","Backstage","2024-04-15 09:53","CRM UI","Gal Tarrab Levi"
"15955446609","Signify Health","Backstage; Cortex","2024-02-22 09:41","CRM UI","Gal Tarrab Levi"
"32039485697","Synopsys Inc.","Backstage","2025-01-23 10:29","CRM UI","Gal Tarrab Levi"
"22672487991","Coller Capital","Backstage","2025-01-23 16:19","CRM UI","Sharon Peretz","Backstage; Harness","2024-11-24 11:13","CRM UI","Gal Tarrab Levi","Backstage","2024-10-20 10:50","CRM UI","Gal Tarrab Levi"
"29245581442","Index Exchange","Backstage","2024-12-22 12:22","CRM UI","Gal Tarrab Levi"
"21816332838","Pipo Saúde","Backstage","2024-10-20 10:48","CRM UI","Gal Tarrab Levi"
"12252938309","Sinch","Backstage; Humanitech","2024-04-11 11:21","CRM UI","Gal Tarrab Levi","Backstage","2024-02-22 09:59","CRM UI","Gal Tarrab Levi"
"50887204527","Spring EQ - AWS LV 25","None","2026-02-02 21:37","CRM UI","John Romano"
"49723644198","Apex Global Mobility","Cortex","2026-04-06 19:30","CRM UI","Ignacio De Loera"
"40328138578","Optimum","Backstage","2025-09-08 22:02","CRM UI","Tali Cohen"
"29845001089","SiriusXM Radio Inc","Backstage","2024-12-19 12:29","CRM UI","Gal Tarrab Levi"
"30462231934","Sagent","Backstage","2024-12-16 18:06","Record Merge","","Backstage","2024-02-22 09:30","CRM UI","Gal Tarrab Levi"
"16617346743","Grab Taxi","Backstage","2024-02-22 09:30","CRM UI","Gal Tarrab Levi"
"17365828776","CrownPeak Inc","Opslevel; Backstage","2024-02-22 09:26","CRM UI","Gal Tarrab Levi"
"28856069399","PayPal (Venmo)","Cortex; Opslevel","2024-11-17 12:35","CRM UI","Salse OPS"
"51700958858","Heartflow","Cortex; Harness","2026-01-07 17:45","CRM UI","EJ Rauseo"
"20480678326","WeRoad","Backstage","2024-07-16 13:12","CRM UI","Gal Tarrab Levi"
"36463881087","Tekion","Cortex","2026-02-09 17:42","CRM UI","Jill Countey"
"20307240483","SPS Commerce - 2025","Harness","2025-02-23 21:58","Integration","Zapier"
"33166164547","Shoprite","Backstage","2025-02-13 09:38","CRM UI","Gal Tarrab Levi"
"21733492548","Ceiba Software ","Backstage; Opslevel","2024-09-01 13:15","CRM UI","Gal Tarrab Levi"
"55927582607","Patterson Companies Inc. ","None","2026-06-26 16:29","CRM UI","Jill Countey"
"29857505941","Tory Burch","Backstage","2025-03-31 18:04","CRM UI","John Romano","Backstage; Compass; Roadie","2024-12-19 12:29","CRM UI","Gal Tarrab Levi"
"15957193050","Woven Planet Holdings (by Toyota)","Cortex; Backstage","2024-02-22 09:41","CRM UI","Gal Tarrab Levi"
"16304561014","ASML","Cortex; Backstage; Opslevel; Configure8","2024-02-22 09:29","CRM UI","Gal Tarrab Levi","Cortex; Backstage; Opslevel","2024-02-15 18:19","CRM UI","Benjamin Duckworth"
"35023899052","CyberArk - Upsell","None","2025-10-29 18:02","CRM UI","Sharon Peretz"
"17870138958","Kyriba","Backstage","2024-03-18 13:34","CRM UI","Gal Tarrab Levi"
"32085379998","SPS Commerce","Cortex; Compass; Backstage","2025-01-15 21:27","Record Merge","","Cortex; Compass; Backstage","2025-01-15 21:27","Record Merge","","Cortex; Compass; Backstage","2025-01-15 21:27","Record Merge","","Cortex; Compass; Backstage","2025-01-15 21:27","Record Merge","","Cortex; Compass; Backstage","2025-01-15 21:27","Record Merge","","Cortex; Compass; Backstage","2024-02-22 09:28","CRM UI","Gal Tarrab Levi"
"33148198046","InvoiceCloud","Compass; Unknown","2025-05-14 17:15","CRM UI","Jill Countey"
"16801344940","NCR Voyix","Backstage","2024-02-22 09:28","CRM UI","Gal Tarrab Levi"
"14995137345","Alelo Brasil - old","Cortex; Backstage","2024-02-22 09:51","CRM UI","Gal Tarrab Levi"
"49480014626","CEA","Backstage","2025-12-18 17:07","CRM UI","Deactivated user"
"42558598770","Schneider Electric","Backstage","2026-04-14 12:20","CRM UI","Benjamin Duckworth"
"33000366959","Seven.One Entertainment Group","Backstage","2025-03-13 10:59","CRM UI","Gal Tarrab Levi"
"58162021925","Smartsheet","Cortex","2026-03-25 21:13","CRM UI","John Romano"
"20033962244","Rouse","Backstage; Compass","2024-08-07 14:15","CRM UI","Gal Tarrab Levi","Backstage","2024-07-22 10:47","CRM UI","Gal Tarrab Levi"
"34309616439","Multi Media","Backstage; Harness","2025-03-06 10:26","Record Merge","","Backstage; Harness","2025-03-06 10:26","Record Merge","","Backstage; Harness","2025-03-06 10:17","Record Merge","","Backstage; Harness","2025-01-30 09:17","Record Merge","","Backstage; Harness","2025-01-30 09:17","Record Merge","","Backstage; Harness","2025-01-30 09:17","Record Merge","","Backstage; Harness","2025-01-30 09:17","Record Merge","","Backstage; Harness","2025-01-23 10:32","CRM UI","Gal Tarrab Levi"
"31391877797","Bayer","Backstage","2025-01-03 15:58","Record Merge","","Backstage","2024-09-29 12:12","CRM UI","Gal Tarrab Levi"
"32276872878","DHL","Backstage","2025-01-21 10:29","Record Merge","","Backstage","2024-12-22 12:22","CRM UI","Gal Tarrab Levi"
"35078846121","Edward Jones","Backstage","2025-03-26 10:03","Record Merge","","Backstage","2025-03-26 10:03","Record Merge","","Backstage","2024-05-28 10:26","CRM UI","Gal Tarrab Levi"
"17366065486","BT","Backstage","2024-02-22 09:26","CRM UI","Gal Tarrab Levi"
"15005364527","Plaid","Cortex; Backstage; Opslevel","2024-02-22 09:51","CRM UI","Gal Tarrab Levi"
"45092530442","Priceline.com","Backstage; Cortex","2025-10-16 16:01","CRM UI","Daniel Alper"
"35516490013","GHD ","Cortex","2025-05-29 01:35","CRM UI","Scott Dunion"
"46662708910","Datavant","None","2026-02-17 23:23","CRM UI","John Romano","Cortex; Backstage","2025-12-10 22:13","CRM UI","John Romano"
"59391298117","Ovative Group","None","2026-06-16 17:11","CRM UI","Jill Countey"
"31639563953","Duolingo","Backstage","2025-01-07 10:44","Record Merge","","Backstage","2024-12-12 10:11","CRM UI","Gal Tarrab Levi"
"13082063113","Libertex group ","Backstage","2024-02-22 09:58","CRM UI","Gal Tarrab Levi"
"16572353025","Divisions Maintenance Group / DMG","Backstage","2024-02-22 09:30","CRM UI","Gal Tarrab Levi"
"17853745827","Moneysupermarket ","Backstage","2024-03-18 13:33","CRM UI","Gal Tarrab Levi","Unknown","2024-03-11 22:32","CRM UI","Deactivated user"
"18246561827","IBM Corporation - Boxboat (Partner discussion)","Backstage; Cortex; Opslevel","2024-07-25 13:41","CRM UI","Gal Tarrab Levi","Backstage","2024-04-01 10:18","CRM UI","Gal Tarrab Levi"
"39009237903","Telstra","Backstage","2025-07-24 08:20","CRM UI","Scott Dunion"
"18400477969","Kyndryl Holdings","Backstage; Humanitech","2024-05-28 10:19","CRM UI","Gal Tarrab Levi","Backstage","2024-05-28 10:19","CRM UI","Gal Tarrab Levi"
"17674796576","Neudesic (IBM company)","Backstage","2024-03-15 16:31","CRM UI","Deactivated user"
"32425585526","Health Catalyst","Backstage; Cortex","2025-01-26 15:32","Record Merge","","Backstage; Cortex","2025-01-26 15:31","Record Merge","","Backstage; Cortex","2025-01-26 15:31","Record Merge","","Backstage; Cortex","2025-01-26 15:31","Record Merge","","Backstage; Cortex","2025-01-26 15:31","Record Merge","","Backstage; Cortex","2024-08-07 14:13","CRM UI","Gal Tarrab Levi","Backstage","2024-07-18 10:45","CRM UI","Gal Tarrab Levi"
"32338821130","Omniva","Backstage","2025-02-21 21:27","CRM UI","Daniel Alper"
"35732993198","LTK","Backstage","2025-04-14 13:52","Record Merge","","Backstage","2025-01-08 18:20","Record Merge","","Backstage","2024-10-20 10:02","CRM UI","Gal Tarrab Levi"
"15157583275","Latam Airlines","Backstage","2024-02-01 02:47","Playbooks","Deal Review by Deactivated user"
"20074065690","ALLEN Digital","Backstage; Cortex","2024-08-05 15:37","CRM UI","Jonathan Gruber","Backstage","2024-07-12 13:31","CRM UI","Sharon Peretz"
"15368482437","R1 RCM","Backstage","2024-02-22 09:46","CRM UI Bulk Action","Gal Tarrab Levi"
"34475391787","Compass Digital","None","2025-07-15 16:11","CRM UI","Chris Newsome"
"32321883544","Specsavers","None","2025-09-30 19:27","CRM UI","Deactivated user","","2025-02-07 14:11","CRM UI","Deactivated user","Backstage","2025-01-22 11:01","Record Merge","","Backstage","2024-11-17 12:35","CRM UI","Salse OPS"
"18170144858","Arctiq","Backstage","2024-03-27 12:37","CRM UI","Gal Tarrab Levi"
"18109738076","Getir","Backstage","2024-04-18 10:51","CRM UI","Gal Tarrab Levi"
"21665263968","Pague Menos","Backstage","2024-08-26 19:09","CRM UI","Deactivated user"
"14056826730","Deloitte","Cortex; Backstage; Configure8","2024-02-22 09:52","CRM UI","Gal Tarrab Levi"
"15753306731","Petrobras","Backstage","2024-02-22 09:44","CRM UI","Gal Tarrab Levi"
"39599221902","GoodRx","Cortex; Backstage; Opslevel; Harness","2025-08-07 16:07","CRM UI","Daniel Alper"
"32781377817","On Running","Opslevel","2025-05-02 13:20","CRM UI","Deactivated user","","2025-05-02 13:20","CRM UI","Deactivated user","Backstage","2025-04-28 09:37","CRM UI","Jonathan Gruber"
"57823032853","Swan ","Cortex","2026-03-26 10:27","CRM UI","Sharon Peretz"
"16344575915","Morgan Stanley","Backstage; Opslevel","2024-02-22 09:36","CRM UI","Gal Tarrab Levi"
"17500425910","Alelo Brasil","Cortex; Backstage; Configure8","2024-02-14 21:45","Playbooks","Deal Review by Chris Newsome"
"43331924151","Care Lumen","Cortex","2025-12-11 19:25","CRM UI","John Romano","Harness; Cortex","2025-10-02 21:05","CRM UI","John Romano","Harness","2025-09-10 21:05","CRM UI","John Romano"
"15326316217","CrownPeak Inc","Backstage; Opslevel","2024-02-22 09:50","CRM UI","Gal Tarrab Levi"
"32310852773","Stack Overflow","Backstage","2025-01-21 18:09","Record Merge","","Backstage","2024-12-22 12:21","CRM UI","Gal Tarrab Levi"
"11710670507","Melio","Backstage","2024-02-22 09:59","CRM UI","Gal Tarrab Levi"
"19720967844","In The Pocket","Opslevel; Cortex","2024-10-07 19:54","CRM UI","Gal Tarrab Levi","Backstage; Opslevel; Compass; Cortex","2024-06-04 10:33","CRM UI","Gal Tarrab Levi"
"29042699862","Koch Industries","Backstage; Compass","2024-12-08 11:02","CRM UI","Gal Tarrab Levi","Backstage","2024-11-24 11:12","CRM UI","Gal Tarrab Levi"
"16038864466","AMBOSS","Cortex; Opslevel","2024-02-22 09:39","CRM UI","Gal Tarrab Levi"
"34255961432","WildBrain","Backstage","2025-03-13 10:50","CRM UI","Gal Tarrab Levi"
"15667730953","MCG","Cortex; Opslevel","2024-02-22 09:44","CRM UI","Gal Tarrab Levi"
"16157858121","Jetstar","Cortex; Roadie","2024-02-22 09:37","CRM UI","Gal Tarrab Levi"
"29849324712","S&P Global","Backstage","2024-12-12 10:01","CRM UI","Gal Tarrab Levi"
"14249728295","MTN","Backstage; Humanitech","2024-02-22 09:52","CRM UI","Gal Tarrab Levi"
"31639573553","Gucci","","2025-05-02 14:32","CRM UI","Deactivated user","Opslevel","2025-01-23 12:16","CRM UI","Gal Tarrab Levi"
"20680338729","Getir","Backstage","2024-07-16 13:11","CRM UI","Gal Tarrab Levi"
"29794857336","Liantis","Compass; Humanitech; Backstage","2024-12-03 15:42","Record Merge","","Compass; Humanitech; Backstage","2024-06-04 10:41","CRM UI","Gal Tarrab Levi","Compass; Humanitech","2024-05-28 10:24","CRM UI","Gal Tarrab Levi"
"17655538854","Coupa","Backstage","2024-02-29 11:04","CRM UI","Gal Tarrab Levi"
"17115574663","Swisscard AECS","Humanitech","2024-02-22 09:26","CRM UI","Gal Tarrab Levi"
"60734504279","Omnissa ","Backstage","2026-06-04 17:25","CRM UI","John Romano"
"32425586202","Cloudinary","Backstage","2025-01-26 16:30","Record Merge","","Backstage","2025-01-26 16:29","Record Merge","","Backstage","2025-01-26 16:29","Record Merge","","Backstage","2024-02-22 09:26","CRM UI","Gal Tarrab Levi"
"31963869097","Trane Technologies ","Backstage; Harness; Roadie","2025-02-04 12:14","CRM UI","Gal Tarrab Levi"
"15276007282","Verizon","Backstage","2024-02-22 09:46","CRM UI Bulk Action","Gal Tarrab Levi"
"21056355168","Fiverr","Opslevel","2024-08-05 13:44","CRM UI","Sharon Peretz"
"18075220320","P&G","Cortex","2024-04-02 00:25","CRM UI","Deactivated user"
"32425585561","Just Eat Takeaway","Backstage","2025-01-26 15:36","Record Merge","","Backstage","2024-12-08 10:55","CRM UI","Gal Tarrab Levi"
"31194745512","SpotOn","Backstage","2025-01-23 10:33","CRM UI","Gal Tarrab Levi"
"22301194398","Manulife","Backstage","2024-09-22 13:40","CRM UI","Gal Tarrab Levi"
"57129764475","Collectors Holdings Inc","Opslevel","2026-05-05 19:43","CRM UI","Daniel Alper"
"30850413888","The Boeing Company","Backstage","2025-02-10 12:00","CRM UI","Gal Tarrab Levi"
"22250657428","Bell Canada - Backstage Team","Backstage","2024-09-25 16:07","CRM UI","Gal Tarrab Levi"
"58567514750","GFT Technologies - IDP - 13k Users","Harness; Backstage","2026-03-31 17:44","CRM UI","John Barnes"
"34254007336","Field Nation","Cortex; Backstage","2025-03-05 14:52","Record Merge","","Cortex; Backstage","2024-05-28 10:30","CRM UI","Gal Tarrab Levi"
"49779195798","McKinsey & Company","None","2026-02-05 18:01","CRM UI","Deactivated user"
"21580873884","Sanlam Limited","Backstage","2024-09-22 13:41","CRM UI","Gal Tarrab Levi"
"16329838004","DPG Media","Backstage","2024-02-22 09:36","CRM UI","Gal Tarrab Levi"
"33276017785","Booksy","Cortex; Backstage; Datadog","2025-07-29 12:37","CRM UI","Deactivated user"
"43394971165","Capital.com","Cortex","2025-11-25 12:16","CRM UI","Deactivated user","","2025-11-25 12:16","CRM UI","Deactivated user","None","2025-11-05 16:31","CRM UI","Deactivated user"
"33843702350","DAT Freight & Analytics","Datadog","2025-03-27 17:07","CRM UI","John Romano","","2025-03-27 15:49","CRM UI","John Romano","Cortex; Backstage; Roadie","2025-02-23 11:10","Record Merge","","Cortex; Backstage; Roadie","2025-02-23 11:09","Record Merge","","Cortex; Backstage; Roadie","2025-02-23 11:09","Record Merge","","Cortex; Backstage; Roadie","2025-02-23 11:06","Record Merge","","Cortex; Backstage; Roadie","2025-02-23 11:06","Record Merge","","Cortex; Backstage; Roadie","2025-02-23 11:06","Record Merge","","Cortex; Backstage; Roadie","2025-02-23 11:06","Record Merge","","Cortex; Backstage; Roadie","2025-02-23 11:05","Record Merge","","Cortex; Backstage; Roadie","2024-12-12 16:58","Record Merge","","Cortex; Backstage; Roadie","2024-12-03 14:31","CRM UI","Gal Tarrab Levi"
"33377178513","Big Panda","Opslevel","2025-03-13 11:04","CRM UI","Gal Tarrab Levi"
"17139445653","Wellthy","None","2024-03-12 18:15","CRM UI","Chris Newsome"
"16527968116","Drivvn","Backstage","2024-03-27 12:38","CRM UI","Gal Tarrab Levi","None","2024-02-15 13:24","CRM UI","Deactivated user"
"15793766453","Insight Global","Backstage","2024-02-22 09:41","CRM UI","Gal Tarrab Levi"
"33352155653","Honeywell","Backstage; Harness","2025-02-11 17:24","Record Merge","","Backstage; Harness","2025-02-04 12:12","CRM UI","Gal Tarrab Levi"
"18579486059","Aptive Environmental","Opslevel; Compass; Humanitech","2024-05-01 11:18","CRM UI","Gal Tarrab Levi","Opslevel; Compass","2024-04-24 15:30","CRM UI","Gal Tarrab Levi"
"20621000097","Vodafone","Backstage","2024-07-22 09:10","CRM UI","Gal Tarrab Levi"
"15975788903","U.S. Cellular","Backstage","2024-02-22 09:39","CRM UI","Gal Tarrab Levi"
"17418483282","JobTarget","Backstage; Compass","2024-02-22 09:26","CRM UI","Gal Tarrab Levi"
"21046520138","Neogrid","Backstage","2024-08-07 14:14","CRM UI","Gal Tarrab Levi"
"18400228953","Infineon Technologies","Backstage","2024-04-15 09:59","CRM UI","Gal Tarrab Levi"
"18151623578","Aspida","Backstage","2024-03-28 18:35","CRM UI","Chris Newsome"
"40279362851","InvestorFlow","Backstage","2025-10-10 16:48","CRM UI","Chris Newsome"
"16714594654","JPMC - Chase FinCloud","Opslevel; Backstage","2024-02-22 09:52","CRM UI","Gal Tarrab Levi"
"28997499935","MX","Backstage; Cortex; Opslevel","2024-12-03 14:35","CRM UI","Gal Tarrab Levi"
"41653072553","Nave","Backstage","2025-10-30 18:31","CRM UI","Tali Cohen"
"38465553786","Wells Fargo","Harness; Backstage","2025-06-04 20:33","Record Merge","","Harness; Backstage","2024-10-20 10:16","CRM UI","Gal Tarrab Levi","Harness","2024-09-22 13:42","CRM UI","Gal Tarrab Levi"
"34407355243","Klaviyo","Cortex; Backstage","2025-03-10 17:50","Playbooks","Deal Review by Deactivated user"
"29855507985","Collectors","Cortex","2024-12-19 12:24","CRM UI","Gal Tarrab Levi"
"20478743598","BlueSG","Backstage","2024-07-16 13:15","CRM UI","Gal Tarrab Levi"
"17020441095","TUI","Backstage","2024-02-22 09:28","CRM UI","Gal Tarrab Levi"
"15808389979","Sia Partners (Enedis)","Backstage","2024-02-22 09:41","CRM UI","Gal Tarrab Levi"
"45943098252","Cencosud/Scotiabank 100 seats","Backstage","2026-03-03 23:17","CRM UI","Ignacio De Loera"
"36555366426","Maintel","Unknown","2025-07-11 15:09","CRM UI","Deactivated user"
"17792566380","Retailo","Backstage; Opslevel; Harness; Cortex","2024-03-18 13:33","CRM UI","Gal Tarrab Levi"
"15664888327","TBO","Backstage","2024-02-22 09:44","CRM UI","Gal Tarrab Levi"
"20625587580","BEC Financial Technologies","Backstage; Cortex","2024-07-25 13:47","CRM UI","Gal Tarrab Levi","Backstage","2024-07-18 10:44","CRM UI","Gal Tarrab Levi"
"19472861330","Glintt Global","Backstage; Compass","2024-06-21 09:48","CRM UI","Gal Tarrab Levi"
"29897348898","National Student Clearinghouse ","Harness","2024-12-19 12:24","CRM UI","Gal Tarrab Levi"
"21197775030","Sinqia","Backstage; Humanitech","2024-08-11 13:43","CRM UI","Gal Tarrab Levi"
"31407552282","Thomson Reuters","Backstage","2025-01-17 20:35","CRM UI","Jeff Graham"
"47444566025","Vonage ","Backstage; Unknown","2026-04-09 15:47","CRM UI","Daniel Alper"
"15666664468","Banco de Chile","Backstage","2024-02-01 02:39","Playbooks","Deal Review by Deactivated user"
"15957796702","Trace3","Backstage","2024-02-22 09:41","CRM UI","Gal Tarrab Levi"
"16818593708","APS Group","Backstage","2024-02-22 09:28","CRM UI","Gal Tarrab Levi"
"20607178277","Travel + Leisure","Backstage; Humanitech","2024-07-16 13:13","CRM UI","Gal Tarrab Levi"
"18167437586","NNIT - KubeCon","Backstage","2024-04-11 11:17","CRM UI","Gal Tarrab Levi"
"31717771628","SES S.A. ","Backstage","2025-01-23 10:32","CRM UI","Gal Tarrab Levi"
"28866151337","Kimberly-Clark - Backstage Plugin","Backstage","2024-11-10 13:30","CRM UI","Gal Tarrab Levi"
"14416619333","Oxa","Opslevel","2024-02-22 09:51","CRM UI","Gal Tarrab Levi"
"16895102368","T. Rowe Price Associates, Inc (""Customer"") ","Compass","2024-07-16 13:11","CRM UI","Gal Tarrab Levi","Cortex","2024-07-16 13:11","CRM UI","Gal Tarrab Levi","","2024-03-21 20:26","Playbooks","Deal Review by Deactivated user","Cortex","2024-02-16 18:13","Playbooks","Deal Review by Deactivated user"
"15843720362","Spot by NetApp","Backstage; Humanitech","2024-02-22 09:59","CRM UI","Gal Tarrab Levi"
"22343891851","Nice","Backstage","2024-09-22 13:42","CRM UI","Gal Tarrab Levi"
"41543399799","hipages ","Backstage","2025-12-23 03:16","CRM UI","Scott Dunion"
"57950079356","Breakthrough","Cortex","2026-03-25 21:12","CRM UI","John Romano"
"33269701398","Bosch","Backstage","2025-02-10 16:50","Record Merge","","Backstage","2025-02-10 16:50","Record Merge","","Backstage","2025-02-10 11:55","CRM UI","Gal Tarrab Levi"
"19594989343","Slalom - General Partnership Discussion","Backstage; Compass; Cortex; Harness; Humanitech","2024-08-07 14:16","CRM UI","Gal Tarrab Levi","Backstage; Compass; Cortex; Harness","2024-06-04 10:37","CRM UI","Gal Tarrab Levi"
"32286471254","Smarsh","Backstage","2025-01-21 15:48","Record Merge","","Backstage","2025-01-21 15:48","Record Merge","","Backstage","2025-01-21 15:48","Record Merge","","Backstage","2025-01-21 15:48","Record Merge","","Backstage","2025-01-21 15:48","Record Merge","","Backstage","2024-02-22 09:46","CRM UI Bulk Action","Gal Tarrab Levi"
"43331922041","Curriculum Associates","Datadog","2025-10-16 16:24","CRM UI","John Romano"
"33915101194","Sodexo","Backstage","2025-03-13 11:00","CRM UI","Gal Tarrab Levi"
"31877845027","Rappi","Cortex; Backstage","2025-01-12 11:32","Record Merge","","Cortex; Backstage","2024-12-19 12:23","CRM UI","Gal Tarrab Levi"
"36725223736","SRS Acquiom","Opslevel; Backstage","2025-07-17 17:31","CRM UI","Jill Countey","","2025-05-14 17:15","CRM UI","Jill Countey","Compass; Unknown","2025-05-14 17:11","CRM UI","Jill Countey"
"30775833641","Chewy","Backstage; Cortex","2024-12-19 12:23","CRM UI","Gal Tarrab Levi"
"33932309422","Bankdata","Backstage","2025-03-13 10:55","CRM UI","Gal Tarrab Levi"
"29895762863","Pipl","Cortex; Opslevel","2024-12-19 12:27","CRM UI","Gal Tarrab Levi","Cortex","2024-12-19 12:25","CRM UI","Gal Tarrab Levi"
"17756265293","SiriusXM","Backstage","2024-03-07 10:52","CRM UI","Gal Tarrab Levi"
"32736962846","Voya Financial","Cortex; Harness","2025-02-10 12:17","CRM UI","Gal Tarrab Levi"
"21715817757","Travel + Leisure - Reconnect","Backstage","2024-09-08 11:52","CRM UI","Gal Tarrab Levi"
"32711357839","Talon (Palo Alto Networks Ltd.)","Backstage","2025-02-13 09:38","CRM UI","Gal Tarrab Levi"
"41049215238","Findhelp","Cortex; Opslevel; Compass","2025-08-07 17:07","CRM UI","Daniel Alper"
"42566795807","Xometry","Unknown","2026-02-04 18:16","CRM UI","EJ Rauseo","","2025-11-26 16:35","CRM UI","EJ Rauseo","Roadie","2025-09-09 16:49","CRM UI","EJ Rauseo"
"33733554096","Ovative Group ","Cortex; Backstage","2025-03-13 11:02","CRM UI","Gal Tarrab Levi"
"18130905229","Reply - KubeCon","Backstage","2024-04-18 10:49","CRM UI","Gal Tarrab Levi"
"57100013228","Rivian - AWS LV 25","Cortex; Backstage; Unknown","2026-02-26 22:57","Record Merge","","Cortex; Backstage; Unknown","2026-02-26 18:12","CRM UI","Rick Walker"
"30063206664","AlphaSense ","Cortex; Opslevel; Roadie; Backstage","2025-02-13 09:36","CRM UI","Gal Tarrab Levi","Cortex; Opslevel; Roadie","2024-12-13 17:03","Playbooks","Deal Review by Deactivated user"
"19035884613","News Corp","Backstage","2024-05-15 14:32","CRM UI","Gal Tarrab Levi"
"17899916706","aPriori","Backstage","2024-03-19 12:07","CRM UI","Gal Tarrab Levi"
"21226024472","Cegeka","Backstage","2024-08-19 11:48","CRM UI","Gal Tarrab Levi"
"14417076313","Intapp","Cortex; Opslevel","2024-03-27 12:38","CRM UI","Gal Tarrab Levi","Cortex","2024-02-22 09:21","CRM UI","Gal Tarrab Levi"
"16109138284","Auto & General - old","Compass; Backstage","2024-02-22 09:37","CRM UI","Gal Tarrab Levi"
"32462302747","Bullish","Cortex; Backstage","2025-01-26 15:40","Record Merge","","Cortex; Backstage","2025-01-26 15:39","Record Merge","","Cortex; Backstage","2024-05-01 11:19","CRM UI","Gal Tarrab Levi"
"61024720954","Heimerle + Meule GmbH","None","2026-06-11 16:58","CRM UI","Matt Bilsland"
"17655722544","Q2","Backstage","2024-05-12 15:29","CRM UI","Gal Tarrab Levi","Unknown","2024-03-28 18:35","CRM UI","Chris Newsome"
"48338905173","Community Health Network","ServiceNow","2026-02-04 17:48","CRM UI","Deactivated user"
"31699655344","Chan Zuckerberg Initiative","Backstage","2025-01-08 16:24","Record Merge","","Backstage","2025-01-08 16:24","Record Merge","","Backstage","2025-01-08 16:24","Record Merge","","Backstage","2025-01-08 16:24","Record Merge","","Backstage","2025-01-08 16:24","Record Merge","","Backstage","2025-01-07 10:47","Record Merge","","Backstage","2025-01-07 10:46","Record Merge","","Backstage","2025-01-07 10:46","Record Merge","","Backstage","2025-01-07 10:46","Record Merge","","Backstage","2025-01-07 10:46","Record Merge","","Backstage","2024-12-22 12:23","CRM UI","Gal Tarrab Levi"
"34335231010","Guardant Health","Backstage; Cortex","2025-03-20 16:14","Playbooks","Deal Review by Deactivated user"
"17672615465","dLocal","Cortex","2024-02-29 11:05","CRM UI","Gal Tarrab Levi"
"59048628853","Hyland","Backstage; Compass","2026-04-23 22:20","CRM UI","EJ Rauseo"
"55200033132","Vasion ","Backstage; Cortex","2026-02-02 17:58","Record Merge","","Backstage; Cortex","2026-02-02 17:57","Record Merge","","Backstage; Cortex","2026-02-02 17:56","Record Merge","","Backstage; Cortex","2024-12-19 12:28","CRM UI","Gal Tarrab Levi"
"43323955989","STIME - Les Mousquetaires","Backstage","2025-09-17 11:20","CRM UI","Deactivated user"
"17927470710","Synopsys","Cortex; Backstage","2024-03-18 13:32","CRM UI","Gal Tarrab Levi","Cortex","2024-03-11 21:08","CRM UI","Deactivated user"
"28887339556","aPriori","Humanitech; Cortex","2025-03-13 10:53","CRM UI","Gal Tarrab Levi"
"19899204221","Sinclair Inc","Compass; Backstage","2024-06-06 12:48","Record Merge","","Compass; Backstage","2024-03-27 12:41","CRM UI","Gal Tarrab Levi","Compass","2024-03-21 10:05","CRM UI","Gal Tarrab Levi","","2024-03-20 21:39","Playbooks","Deal Review by Deactivated user","Backstage","2024-02-29 11:03","CRM UI","Gal Tarrab Levi"
"51559939229","Teamworks ","Compass","2026-05-14 16:31","CRM UI","Jill Countey"
"28365672348","MyBrand / Tram Case","Backstage","2025-02-04 23:34","CRM UI","John Romano","Backstage; Roadie","2024-12-03 14:30","CRM UI","Gal Tarrab Levi","Backstage","2024-11-07 15:53","CRM UI","Gal Tarrab Levi"
"16782355562","Byborg Enterprises","Cortex; Backstage; Opslevel","2024-02-22 09:28","CRM UI","Gal Tarrab Levi"
"21226810499","Legal & General","Backstage","2024-08-08 16:39","Record Merge","","Backstage","2024-02-22 09:52","CRM UI","Gal Tarrab Levi","Backstage","2024-02-22 09:26","CRM UI","Gal Tarrab Levi"
"15960726541","Nationwide","Backstage","2024-02-22 09:39","CRM UI","Gal Tarrab Levi"
"15139981932","RTI","Backstage","2024-02-22 09:46","CRM UI Bulk Action","Gal Tarrab Levi"
"30506529132","Davidson Kempner","Backstage","2025-02-04 12:14","CRM UI","Gal Tarrab Levi"
"18209822067","Asurion ","Backstage","2024-03-28 09:22","CRM UI","Gal Tarrab Levi"
"17638117893","Imprivata","Backstage","2024-02-28 12:02","CRM UI","Gal Tarrab Levi"
"15244740685","Shell","Backstage","2024-02-22 09:46","CRM UI Bulk Action","Gal Tarrab Levi"
"17927656202","Mipro Oy","Backstage","2024-03-28 10:06","CRM UI","Gal Tarrab Levi"
"29702549855","Relex Solutions","Backstage","2025-01-23 10:34","CRM UI","Gal Tarrab Levi"
"32088122463","WorkMotion Software GmbH ","Backstage; Cortex; Opslevel","2025-02-04 12:15","CRM UI","Gal Tarrab Levi"
"45645720219","DWP","Backstage","2026-05-08 11:20","CRM UI","James Pritchard"
"33929664529","Yum Connect, LLC - +50 Seats (Prorated, 2025)","Harness","2025-07-11 16:28","CRM UI","Deactivated user"
"30336177327","1KOMMA5°","Backstage","2024-12-19 12:25","CRM UI","Gal Tarrab Levi"
"14380319009","NetDocuments","Backstage","2024-02-22 09:51","CRM UI","Gal Tarrab Levi"
"20136318390","WSC Sports","Backstage","2024-08-07 14:12","CRM UI","Gal Tarrab Levi"
"40327964499","Wiley","Compass; Backstage","2025-11-13 17:56","CRM UI","Deactivated user","Compass","2025-10-07 19:30","CRM UI","Deactivated user"
"19752803661","LTIMindtree - Partnership opp","Backstage","2024-06-06 11:16","CRM UI","Gal Tarrab Levi"
"32463116205","Yum Connect, LLC","Backstage; Harness; Cortex","2025-01-26 16:09","Record Merge","","Backstage; Harness; Cortex","2025-01-26 16:08","Record Merge","","Backstage; Harness; Cortex","2024-10-20 10:35","CRM UI","Gal Tarrab Levi","Backstage; Harness","2024-09-29 12:11","CRM UI","Gal Tarrab Levi"
"60487390984","KODE Labs","Opslevel; Backstage","2026-06-11 15:58","CRM UI","Daniel Alper"
"12364787076","CyberArk 2023","Opslevel","2024-02-22 09:59","CRM UI","Gal Tarrab Levi"
"41437971743","Shape Digital","Cortex; Backstage; Roadie","2025-08-07 22:43","CRM UI","Deactivated user"
"17388046593","Senec","Backstage","2024-02-22 09:26","CRM UI","Gal Tarrab Levi"
"15961319270","Coupa","Backstage","2024-03-27 12:37","CRM UI","Gal Tarrab Levi"
"18290834752","Engineer.ai Global Ltd. ","Backstage","2024-04-11 11:04","CRM UI","Gal Tarrab Levi"
"16820327776","IPSY","Backstage; Cortex; Roadie","2024-02-22 09:28","CRM UI","Gal Tarrab Levi"
"15715281970","GSK","Backstage","2024-02-22 09:44","CRM UI","Gal Tarrab Levi"
"32967133776","eHealth ","Backstage","2025-02-07 20:08","CRM UI","Daniel Alper"
"40638201857","InPost","Backstage","2025-12-19 12:29","CRM UI","James Pritchard"
"35596003664","PWC - Expansion","None","2026-06-26 16:59","CRM UI","Evan Smith"
"12749101165","Varonis","Backstage; Roadie","2024-02-22 09:59","CRM UI","Gal Tarrab Levi"
"16194117729","NetDocuments","Roadie; Harness","2024-02-09 02:24","Playbooks","Deal Review by Chris Newsome"
"56487043610","IKEA","None","2026-06-02 12:38","CRM UI","Benjamin Duckworth"
"38526301482","BannerHealth","Backstage","2025-07-10 19:16","CRM UI","Deactivated user"
"20661139065","Texas Mutual","Cortex","2024-10-10 18:01","CRM UI","John Romano","Backstage; Cortex","2024-07-18 10:45","CRM UI","Gal Tarrab Levi"
"29119871492","Becton, Dickinson and Company (BD)","Backstage","2024-12-08 10:57","CRM UI","Gal Tarrab Levi"
"15842871716","VMware","Backstage","2024-02-22 09:59","CRM UI","Gal Tarrab Levi"
"60638786429","Basware ","Unknown","2026-05-26 13:33","Record Merge","","Unknown","2026-05-18 18:25","CRM UI","Matt Bilsland"
"19406494124","Duolingo","Opslevel","2024-06-04 10:43","CRM UI","Gal Tarrab Levi"
"15330398746","Allergan plc","Backstage","2024-02-22 09:46","CRM UI Bulk Action","Gal Tarrab Levi"
"15842694718","Craftech","Backstage","2024-05-01 11:17","CRM UI","Gal Tarrab Levi"
"17688059953","Deloitte (India)","Backstage","2024-03-07 10:55","CRM UI","Gal Tarrab Levi"
"32302854067","Clarivate Plc","Cortex","2025-03-18 11:39","CRM UI","Deactivated user","","2025-03-18 11:39","CRM UI","Deactivated user","Backstage","2025-02-04 12:11","CRM UI","Gal Tarrab Levi"
"17101097275","OTC Markets Group","Backstage","2024-02-22 09:28","CRM UI","Gal Tarrab Levi"
"19981307706","GLS Group - Italy","Opslevel","2024-06-24 13:12","CRM UI","Gal Tarrab Levi"
"34863015754","Pague Menos","Cortex; Backstage","2025-03-28 21:44","CRM UI","Deactivated user"
"19700221698","b.well","Backstage","2024-07-22 11:45","CRM UI","Gal Tarrab Levi"
"29143960382","Drata","Cortex; Backstage; Opslevel","2024-11-24 11:09","CRM UI","Gal Tarrab Levi"
"34762352771","Everest ","ServiceNow","2025-03-31 16:52","CRM UI","John Romano"
"23202819692","Customer.io","Opslevel","2025-02-04 23:33","CRM UI","John Romano","Cortex; Opslevel; Backstage; Roadie","2024-11-07 16:23","CRM UI","Gal Tarrab Levi","Cortex; Opslevel; Backstage","2024-10-27 11:56","CRM UI","Gal Tarrab Levi","Cortex; Opslevel","2024-10-25 16:21","CRM UI","John Romano","Backstage","2024-10-20 10:31","CRM UI","Gal Tarrab Levi"
"61355767928","1Password","Opslevel","2026-07-02 16:08","CRM UI","Daniel Alper"
"59180962443","Siigo 50 seats, enterprise ","Backstage","2026-04-15 15:24","Record Merge","","Backstage","2026-03-11 22:29","CRM UI","Ignacio De Loera"
"29040576286","Consensys","Backstage","2024-12-03 14:12","CRM UI","Gal Tarrab Levi"
"16975697162","GLS Group","Backstage; Opslevel","2024-06-21 09:39","CRM UI","Gal Tarrab Levi","Backstage","2024-02-22 09:30","CRM UI","Gal Tarrab Levi"
"35023529634","Workday","Backstage; Roadie; Cortex","2025-03-24 14:52","Record Merge","","Backstage; Roadie; Cortex","2025-03-24 14:51","Record Merge","","Backstage; Roadie; Cortex","2024-05-28 10:21","CRM UI","Gal Tarrab Levi","Backstage; Roadie","2024-05-16 18:41","CRM UI","Deactivated user","Backstage; Cortex","2024-05-15 14:35","CRM UI","Gal Tarrab Levi","Backstage","2024-05-13 22:29","CRM UI","Deactivated user"
"49070497571","BHP - 2026","None","2026-02-13 10:24","CRM UI","Scott Dunion"
"54314206131","GoFundMe ","Cortex","2026-04-07 22:38","CRM UI","John Romano","Backstage; Cortex","2026-04-03 20:26","CRM UI","John Romano","Backstage","2026-03-20 19:14","CRM UI","John Romano","Cortex","2026-02-17 23:23","CRM UI","John Romano"
"33182929963","Rasa Technologies Inc","Backstage; Cortex","2025-02-09 11:26","Record Merge","","Backstage; Cortex","2024-08-29 15:59","Playbooks","Deal Review by Deactivated user","Backstage","2024-08-07 14:14","CRM UI","Gal Tarrab Levi"
"28356543901","Amerisure","Backstage","2024-11-07 16:20","CRM UI","Gal Tarrab Levi"
"16037763763","Malt","Configure8; Backstage","2024-02-22 09:24","CRM UI","Gal Tarrab Levi","Configure8","2024-02-14 17:17","CRM UI","Deactivated user"
"36479034477","The Hong Kong Jockey Club","Cortex","2025-07-24 08:20","CRM UI","Scott Dunion"
"29802399132","Southwest Airlines","Backstage; Harness","2025-01-23 12:17","CRM UI","Gal Tarrab Levi"
"20162964766","Delfi Meedia","Backstage","2024-07-22 10:46","CRM UI","Gal Tarrab Levi"
"22357651357","Innovid","Backstage","2024-09-22 13:40","CRM UI","Gal Tarrab Levi"
"13371281316","CCO","Cortex; Backstage; Opslevel","2024-02-22 09:58","CRM UI","Gal Tarrab Levi"
"22647136387","Nextinsurance ","Backstage","2024-09-29 12:12","CRM UI","Gal Tarrab Levi"
"29485575794","EMBURSE","Backstage; Opslevel; Compass","2024-12-18 17:34","Playbooks","Deal Review by Deactivated user"
"13364913049","Capgemini","Backstage","2024-02-22 09:58","CRM UI","Gal Tarrab Levi"
"41901316614","CheckPoint Software Technologies Ltd.","Backstage","2026-02-23 10:43","CRM UI","Sharon Peretz"
"15443328909","Transfergo","Backstage; Cortex; Opslevel; Configure8","2024-02-22 09:48","CRM UI","Gal Tarrab Levi"
"13342277152","Cencosud","Backstage; Humanitech","2024-02-22 09:58","CRM UI","Gal Tarrab Levi"
"18147651072","Medtronic","Backstage","2024-04-01 10:20","CRM UI","Gal Tarrab Levi"
"21076977825","Qualcomm","Backstage","2024-08-07 14:11","CRM UI","Gal Tarrab Levi"
"16037476439","AutoDoc","Backstage","2024-02-22 09:39","CRM UI","Gal Tarrab Levi"
"15665208133","NTT Limited","Backstage; Cortex","2024-02-22 09:50","CRM UI","Gal Tarrab Levi"
"30888011588","kinaxis","Cortex; Backstage; Opslevel","2024-12-22 13:04","Record Merge","","Cortex; Backstage; Opslevel","2024-11-06 16:38","Playbooks","Deal Review by Deactivated user","Cortex","2024-10-20 10:48","CRM UI","Gal Tarrab Levi"
"41075359056","Symphony","None","2025-08-20 20:40","CRM UI","Daniel Alper"
"16005343042","Viavi Solutions","Backstage","2024-02-22 09:39","CRM UI","Gal Tarrab Levi"
"32937977416","Voucherify ","Cortex; Backstage","2025-03-13 11:04","CRM UI","Gal Tarrab Levi","Cortex","2025-02-13 09:37","CRM UI","Gal Tarrab Levi"
"56175531942","Serko Ltd - Expansion ","Cortex","2026-02-13 10:22","CRM UI","Scott Dunion"
"51881724017","Zuora","Harness; Backstage","2026-04-15 16:03","CRM UI","Jill Countey"
"22169698710","Impact.com","Cortex; Opslevel","2024-09-17 20:50","CRM UI","Chris Newsome"
"28530735027","Carnegie Learning","Cortex","2024-11-12 17:23","CRM UI","John Romano","Backstage; Cortex","2024-11-07 16:16","CRM UI","Gal Tarrab Levi"
"41497516666","Banco International","Cortex; Humanitech; Backstage","2025-09-09 21:44","CRM UI","Jill Countey"
"20796629359","Elementor","Backstage","2024-09-22 13:43","CRM UI","Gal Tarrab Levi"
"14825169422","MIQ","Backstage","2024-02-22 09:46","CRM UI Bulk Action","Gal Tarrab Levi"
"18242851848","Noesis","Backstage","2024-04-11 11:51","CRM UI","Gal Tarrab Levi"
"15668336518","Northwestern Medicine - Ahead","Cortex; Backstage","2024-02-22 09:44","CRM UI","Gal Tarrab Levi"
"59459918009","Egym ","Backstage; Opslevel","2026-05-14 14:49","CRM UI","Matt Bilsland"
"56288447039","Applied Systems ","None","2026-03-19 22:03","CRM UI","EJ Rauseo"
"58938099570","Finova ","Roadie","2026-06-09 15:54","CRM UI","James Butcher"
"33380415810","Canva Pty Ltd","Cortex; Backstage","2025-02-12 10:58","Record Merge","","Cortex; Backstage","2025-02-12 10:58","Record Merge","","Cortex; Backstage","2025-02-12 10:57","Record Merge","","Cortex; Backstage","2024-12-08 10:56","CRM UI","Gal Tarrab Levi","Cortex","2024-12-05 05:46","CRM UI","Scott Dunion"
"34428910903","Sophos","Backstage; Qovery; Cortex; Opslevel","2025-03-09 10:17","Record Merge","","Backstage; Qovery; Cortex; Opslevel","2025-03-04 08:54","Record Merge","","Backstage; Qovery; Cortex; Opslevel","2025-03-04 08:54","Record Merge","","Backstage; Qovery; Cortex; Opslevel","2025-03-04 08:53","Record Merge","","Backstage; Qovery; Cortex; Opslevel","2025-03-04 08:53","Record Merge","","Backstage; Qovery; Cortex; Opslevel","2025-01-26 16:05","Record Merge","","Backstage; Qovery; Cortex; Opslevel","2025-01-26 16:05","Record Merge","","Backstage; Qovery; Cortex; Opslevel","2024-12-03 14:12","CRM UI","Gal Tarrab Levi"
"18546811197","Pi Techniques // V.Ships","Backstage","2024-04-24 15:25","CRM UI","Gal Tarrab Levi"
"48291291711","Arrive","Cortex; Backstage","2025-12-18 10:53","CRM UI","Sharon Peretz"
"46256776210","Minted ","None","2025-10-16 22:39","CRM UI","John Romano"
"32715674972","Liftoff Mobile","Cortex; Backstage","2025-03-13 10:54","CRM UI","Gal Tarrab Levi","Cortex","2025-02-21 16:40","CRM UI","John Romano","Cortex; Backstage","2025-02-10 12:31","CRM UI","Gal Tarrab Levi","Cortex","2025-02-04 23:33","CRM UI","John Romano"
"36141766033","Rev","None","2025-06-11 21:53","CRM UI","Daniel Alper"
"33894946477","Ryan","Opslevel","2025-03-13 10:53","CRM UI","Gal Tarrab Levi"
"18053217857","Coalition Inc","Backstage","2024-03-19 12:05","CRM UI","Gal Tarrab Levi"
"33494924914","Cars Commerce ","Backstage","2025-02-19 19:14","CRM UI","Daniel Alper"
"32425586001","Markel","Backstage","2025-01-26 16:12","Record Merge","","Backstage","2025-01-26 16:12","Record Merge","","Backstage","2024-08-07 14:11","CRM UI","Gal Tarrab Levi"
"21767736375","Papaya","Backstage","2024-09-08 11:53","CRM UI","Gal Tarrab Levi"
"15957951281","Starbucks","Backstage","2024-02-22 09:41","CRM UI","Gal Tarrab Levi"
"43827349255","Cyera","None","2025-09-24 00:28","CRM UI","Shlomi Cohen"
"20081486214","Federated Insurance","Backstage; Red Hat","2024-08-22 16:18","CRM UI","Chris Newsome","Backstage","2024-06-21 09:41","CRM UI","Gal Tarrab Levi"
"16368291133","Sophos","Opslevel; Humanitech; Backstage","2024-02-22 09:30","CRM UI","Gal Tarrab Levi"
"15968158526","Expedia","Backstage","2024-02-22 09:39","CRM UI","Gal Tarrab Levi"
"31827021912","Tripadvisor","Cortex","2025-01-23 12:15","CRM UI","Gal Tarrab Levi"
"21816799407","Quadcorps / Aviva","Cortex; Roadie; Backstage","2024-09-05 10:34","CRM UI","Gal Tarrab Levi"
"18356104788","CIBC","Backstage","2024-04-11 11:13","CRM UI","Gal Tarrab Levi"
"59273256315","GardaWorld Security","None","2026-06-01 16:45","CRM UI","Jeff Graham"
"39954580076","Flagstone","Cortex","2025-12-03 14:07","CRM UI","Deactivated user"
"17730894624","Kitopi","None","2024-02-29 14:26","Playbooks","Deal Review by Deactivated user"
"43639486633","BHP","None","2025-09-25 08:24","CRM UI","Scott Dunion"
"30866041232","Ecolab","Humanitech","2024-12-22 12:21","CRM UI","Gal Tarrab Levi"
"17686858411","SolarWinds","Cortex; Backstage; Roadie; Humanitech","2024-05-12 15:29","CRM UI","Gal Tarrab Levi","Cortex; Backstage; Roadie","2024-05-07 18:43","CRM UI","Chris Newsome","Cortex; Backstage","2024-02-27 00:14","Playbooks","Deal Review by Chris Newsome"
"28224435641","HYPE","Backstage","2024-11-07 16:21","CRM UI","Gal Tarrab Levi"
"28356583062","b.well - v3","Cortex; Backstage; Roadie; Humanitech","2024-11-07 16:20","CRM UI","Gal Tarrab Levi","Cortex; Backstage; Roadie","2024-10-27 11:52","CRM UI","Gal Tarrab Levi"
"19488711193","Accolade Inc","Backstage","2024-05-23 02:05","Playbooks","Deal Review by Deactivated user"
"12762200455","PGS","Backstage","2024-02-22 09:59","CRM UI","Gal Tarrab Levi"
"18169417782","Skyscrapers  - KubeCon","Backstage","2024-05-15 14:38","CRM UI","Gal Tarrab Levi"
"34113223056","365Scores ","Backstage","2025-03-02 12:09","Record Merge","","Backstage","2025-02-04 12:08","CRM UI","Gal Tarrab Levi"
"18126329262","imec - KubeCon","Backstage","2024-04-01 10:21","CRM UI","Gal Tarrab Levi"
"44788923216","CRIF - 2025 expansion","None","2025-09-29 16:39","CRM UI","Benjamin Duckworth"
"20081372186","Grammarly","Cortex; Backstage; Humanitech","2024-09-16 13:24","CRM UI","Gal Tarrab Levi"
"37238184198","GB Group PLC","Backstage; Humanitech; Harness","2025-05-30 11:18","CRM UI","Deactivated user"
"37165917800","HDI - KubeCon","Cortex; Roadie; Backstage","2025-05-14 12:34","Record Merge","","Cortex; Roadie; Backstage","2025-04-29 11:00","Record Merge","","Cortex; Roadie; Backstage","2025-02-27 14:54","Record Merge","","Cortex; Roadie; Backstage","2025-02-25 12:50","Record Merge","","Cortex; Roadie; Backstage","2025-02-25 12:50","Record Merge","","Cortex; Roadie; Backstage","2025-02-25 12:50","Record Merge","","Cortex; Roadie; Backstage","2025-02-25 12:49","Record Merge","","Cortex; Roadie; Backstage","2024-09-22 13:42","CRM UI","Gal Tarrab Levi"
"16351792961","Lansweeper","Backstage; Configure8","2024-02-22 09:35","CRM UI","Gal Tarrab Levi"
"17666168675","Centegix","None","2024-03-12 18:15","CRM UI","Chris Newsome"
"30827402855","OBT Live","Backstage","2024-12-26 09:18","CRM UI","Gal Tarrab Levi"
"17979812479","BlueAlly - Partner?","Humanitech; Backstage","2024-03-27 12:37","CRM UI","Gal Tarrab Levi","Humanitech","2024-03-18 13:30","CRM UI","Gal Tarrab Levi"
"15124825503","SimilarWeb","Backstage","2024-02-22 09:46","CRM UI Bulk Action","Gal Tarrab Levi"
"32425585713","Pagerduty","Backstage; Cortex; Opslevel","2025-01-26 15:47","Record Merge","","Backstage; Cortex; Opslevel","2025-01-26 15:47","Record Merge","","Backstage; Cortex; Opslevel","2024-11-07 16:18","CRM UI","Gal Tarrab Levi","Backstage","2024-10-27 11:54","CRM UI","Gal Tarrab Levi"
"20322532397","WellSky ","Backstage","2024-06-27 12:46","CRM UI","Gal Tarrab Levi"
"59162471018","OTP Bank - New Business - Greenfield IDP","Backstage; Roadie","2026-04-14 17:39","CRM UI","John Barnes","Backstage","2026-04-14 17:39","CRM UI","John Barnes"
"12917859080","Richemont","Humanitech","2024-02-15 18:20","CRM UI","Benjamin Duckworth"
"36149996951","Pacific Life","Cortex; Opslevel; Backstage","2025-06-17 16:19","CRM UI","Daniel Alper","Cortex","2025-06-11 20:42","CRM UI","Daniel Alper"
"33324945311","i360","Harness","2025-02-11 10:02","Record Merge","","Harness","2024-12-19 12:25","CRM UI","Gal Tarrab Levi"
"31705901486","MongoDB","Backstage","2025-01-23 12:17","CRM UI","Gal Tarrab Levi"
"28939915438","Exerp","Backstage","2024-11-24 11:10","CRM UI","Gal Tarrab Levi"
"29371052717","Nice Systems","Backstage","2024-11-24 11:10","CRM UI","Gal Tarrab Levi"
"17796992109","TELUS","Cortex; Backstage; Opslevel","2024-03-18 13:36","CRM UI","Gal Tarrab Levi","Cortex; Backstage","2024-03-07 10:52","CRM UI","Gal Tarrab Levi"
"34603546453","ujet.cx","Backstage","2025-03-13 10:16","Record Merge","","Backstage","2024-07-22 10:47","CRM UI","Gal Tarrab Levi"
"16756246324","Semperis","Backstage; Harness","2024-02-22 09:28","CRM UI","Gal Tarrab Levi"
"20687871906","Georgia-Pacific","Backstage; Cortex","2024-07-18 16:15","CRM UI","Deactivated user","Backstage","2024-07-18 10:44","CRM UI","Gal Tarrab Levi"
"55504576876","Ventura International Limited. Belcorp.  ","Backstage","2026-04-06 19:22","CRM UI","Ignacio De Loera"
"58246266259","Kaufland | Ecommerce Team | Backstage Replacement | New Business | Germany","Backstage","2026-04-13 18:24","CRM UI","Jamie Summers"
"16853007008","DHL","Backstage","2024-02-22 09:28","CRM UI","Gal Tarrab Levi"
"48536188569","TAL - New Deal","None","2026-02-13 10:25","CRM UI","Scott Dunion"
"16051766533","Demandbase","Backstage; Configure8","2024-02-22 09:44","CRM UI","Gal Tarrab Levi"
"16667107715","Cencosud","Backstage; Humanitech","2024-02-22 09:30","CRM UI","Gal Tarrab Levi"
"16300282505","Intertech","Cortex; Backstage","2024-02-22 09:36","CRM UI","Gal Tarrab Levi"
"17348254011","Decathlon","Backstage","2024-02-15 14:50","CRM UI","Gal Tarrab Levi"
"44890323086","AMH","Cortex","2025-10-28 21:07","CRM UI","Chris Newsome"
"35412619174","Prove","Cortex","2025-06-18 18:39","CRM UI","Deactivated user"
"37119459886","Banco Master","Cortex","2025-06-13 21:08","CRM UI","John Romano"
"32764730141","Vopak","Backstage","2025-02-04 12:13","CRM UI","Gal Tarrab Levi"
"15705835781","First Horizon","Backstage","2024-02-22 09:44","CRM UI","Gal Tarrab Levi"
"35100796790","Eventbrite","Opslevel; Cortex","2025-03-26 17:39","Record Merge","","Opslevel; Cortex","2025-01-02 17:59","Playbooks","Deal Review by Deactivated user","Opslevel","2024-12-23 19:14","Record Merge","","Opslevel","2024-12-22 12:21","CRM UI","Gal Tarrab Levi"
"33958887318","Beyond ONE","Backstage","2025-03-13 10:54","CRM UI","Gal Tarrab Levi"
"18262650145","Discount Bank","Backstage; Cortex","2024-05-28 16:53","CRM UI","Sharon Peretz"
"32654294017","MathWorks ","Backstage; Opslevel","2025-02-04 12:10","CRM UI","Gal Tarrab Levi","Backstage","2025-01-28 11:04","Record Merge","","Backstage","2025-01-28 11:03","Record Merge","","Backstage","2025-01-26 15:28","Record Merge","","Backstage","2025-01-26 15:27","Record Merge","","Backstage","2025-01-26 15:27","Record Merge","","Backstage","2024-12-08 10:57","CRM UI","Gal Tarrab Levi"
"29888616001","Freedom Mortgage","Backstage","2025-01-23 10:29","CRM UI","Gal Tarrab Levi"
"21068310307","SECURA Insurance","Backstage; Cortex","2024-08-08 09:04","CRM UI","Gal Tarrab Levi","Backstage","2024-08-07 14:14","CRM UI","Gal Tarrab Levi"
"29846352922","News Corp ","Backstage","2025-01-23 10:31","CRM UI","Gal Tarrab Levi"
"32249841186","Think-it","Backstage; Opslevel","2025-02-04 12:11","CRM UI","Gal Tarrab Levi"
"32241779266","Bitsight","Backstage; Roadie; Opslevel","2025-03-26 20:11","CRM UI","Daniel Alper","Backstage; Roadie","2025-03-26 20:11","CRM UI","Daniel Alper","Backstage; Opslevel; Roadie","2025-02-05 19:44","CRM UI","Daniel Alper","Backstage","2025-01-23 10:23","CRM UI","Gal Tarrab Levi"
"31880479652","IXL Learning Inc ","Cortex; Backstage","2025-02-04 12:13","CRM UI","Gal Tarrab Levi","Cortex","2025-01-23 12:15","CRM UI","Gal Tarrab Levi"
"28919880504","ECI Software Solutions Inc","","2024-11-25 18:15","Playbooks","Deal Review by Deactivated user","Backstage; Humanitech","2024-11-24 11:21","CRM UI","Gal Tarrab Levi","","2024-11-19 22:14","Playbooks","Deal Review by Deactivated user","Backstage; Humanitech","2024-11-17 12:36","CRM UI","Salse OPS"
"17013792026","Fluidra","Backstage; Cortex; Opslevel","2024-02-22 09:28","CRM UI","Gal Tarrab Levi"
"14860940962","Domino Data Lab","Cortex; Backstage","2024-02-22 09:51","CRM UI","Gal Tarrab Levi"
"39563204748","Coveo","Cortex; Opslevel","2025-08-20 20:25","CRM UI","Daniel Alper"
"31710284033","iO","None","2025-02-18 21:50","CRM UI","Deactivated user"
"15425283631","Banco de Crédito BCP","Backstage","2024-02-22 09:46","CRM UI Bulk Action","Gal Tarrab Levi"
"21249908257","First Citizens Bank","Backstage","2024-08-27 10:55","CRM UI","Gal Tarrab Levi"
"39024837200","Sanity.io","Roadie; Backstage","2025-07-11 16:47","CRM UI","Jill Countey"
"17213892868","ValueMomentum","Backstage","2024-02-22 09:26","CRM UI","Gal Tarrab Levi"
"21714948620","Blue Yonder","Backstage; Harness","2024-09-16 13:47","CRM UI","Gal Tarrab Levi","Backstage","2024-09-01 13:18","CRM UI","Gal Tarrab Levi"
"17116133979","MACCABI HEALTHCARE SERVICES (HMO)","Backstage","2024-05-15 17:02","CRM UI","Sharon Peretz"
"28879596328","HERE Technologies ","Backstage","2024-11-17 12:37","CRM UI","Salse OPS"
"29998737823","XM","Opslevel; Backstage","2024-12-08 15:31","Record Merge","","Opslevel; Backstage","2024-09-05 10:32","CRM UI","Gal Tarrab Levi","Opslevel","2024-09-04 23:39","CRM UI","John Romano"
"60168646678","Netto Marken-Discount ","Backstage","2026-06-02 17:32","CRM UI","John Barnes"
"28552669456","Mobysoft","Backstage; Opslevel; Compass; Roadie","2024-11-04 18:23","CRM UI","Deactivated user"
"13867853479","PwC","Backstage","2024-03-27 12:40","CRM UI","Gal Tarrab Levi"
"51441389068","Texas A&M University","Backstage","2025-12-16 19:28","CRM UI","Deactivated user"
"17653857131","Workleap","Opslevel; Roadie; Backstage","2024-02-22 10:53","CRM UI","Gal Tarrab Levi","Opslevel; Roadie","2024-02-22 09:26","CRM UI","Gal Tarrab Levi"
"28887373581","Hilti ","Roadie","2025-03-18 11:41","CRM UI","Deactivated user","Humanitech; Roadie","2025-03-18 11:41","CRM UI","Deactivated user","Cortex; Humanitech; Roadie","2025-03-18 11:41","CRM UI","Deactivated user","Backstage; Cortex; Humanitech; Roadie","2024-12-03 14:15","CRM UI","Gal Tarrab Levi","Backstage; Cortex; Humanitech","2024-11-17 12:37","CRM UI","Salse OPS"
"52031562547","Radiology Partners","Unknown","2026-02-12 16:44","CRM UI","EJ Rauseo"
"34032539508","Optum Inc","Backstage","2025-03-13 10:55","CRM UI","Gal Tarrab Levi"
"40603561902","Guideline.ai","Backstage","2025-09-09 18:56","CRM UI","John Romano"
"20652704657","Signifyd","Backstage; Roadie","2024-07-18 10:41","CRM UI","Gal Tarrab Levi"
"20219668224","Salt Security","Backstage","2024-07-22 10:47","CRM UI","Gal Tarrab Levi"
"15990589187","Kimberly-Clark","Backstage","2024-02-22 09:39","CRM UI","Gal Tarrab Levi"
"11776163388","AMCS","Backstage","2024-02-22 09:59","CRM UI","Gal Tarrab Levi"
"35862278718","RIMAC Seguros","Cortex","2025-04-17 18:23","CRM UI","Daniel Alper"
"13082621101","UIpath - reschedule","Backstage","2024-02-22 09:58","CRM UI","Gal Tarrab Levi"
"16355000075","WellSky","Backstage","2024-02-22 09:35","CRM UI","Gal Tarrab Levi"
"29871730350","Coconut Software","Cortex","2025-02-04 12:14","CRM UI","Gal Tarrab Levi"
"16158844762","Pleo","Opslevel; Backstage; Humanitech","2024-02-22 09:22","CRM UI","Gal Tarrab Levi","Opslevel","2024-02-01 09:24","CRM UI","Gal Tarrab Levi"
"32683226807","Rimac","Compass","2025-03-26 19:33","CRM UI","Daniel Alper"
"18169379927","Allianz Technology - KubeCon","Backstage","2024-04-24 15:27","CRM UI","Gal Tarrab Levi"
"15354279191","Atom Bank","Backstage","2024-02-22 09:46","CRM UI Bulk Action","Gal Tarrab Levi"
"14655874075","Pimco","Backstage","2024-02-22 09:46","CRM UI Bulk Action","Gal Tarrab Levi"
"21783444289","LandSure Systems","Opslevel","2024-08-28 20:58","CRM UI","Chris Newsome"
"15159921257","Pay Point","Backstage","2024-02-22 09:46","CRM UI Bulk Action","Gal Tarrab Levi"
"15957694769","MavenCode","Backstage","2024-02-22 09:41","CRM UI","Gal Tarrab Levi"
"34457750289","eToro ltd","Cortex; Backstage","2025-03-13 09:41","CRM UI","Gal Tarrab Levi"
"32512125097","United Wholesale Mortgage","Harness","2025-01-27 16:43","Record Merge","","Harness","2024-04-11 11:11","CRM UI","Gal Tarrab Levi"
"12923617696","NTT Limited","Cortex; Backstage","2024-02-22 09:59","CRM UI","Gal Tarrab Levi"
"41605764630","Fetch","Cortex","2025-09-18 16:51","CRM UI","John Romano","Cortex; Compass","2025-09-04 17:39","CRM UI","John Romano"
"17974156473","Redcare Pharmacy","Backstage","2024-03-18 13:29","CRM UI","Gal Tarrab Levi"
"29824346776","OneTrust ","Cortex; Backstage","2024-12-04 11:17","Record Merge","","Cortex; Backstage","2024-11-24 11:12","CRM UI","Gal Tarrab Levi"
"55312450398","DSV - Greenfield IDP & AEP - New Business","Opslevel; Backstage","2026-03-20 14:32","CRM UI","John Barnes","Opslevel; Backstage; Cortex","2026-03-12 12:53","CRM UI","John Barnes","Opslevel; Backstage","2026-03-03 17:37","CRM UI","John Barnes","","2026-03-03 17:37","CRM UI","John Barnes","Unknown","2026-02-18 13:22","CRM UI","John Barnes"
"32425586194","Fedex Dataworks","Backstage","2025-01-26 16:29","Record Merge","","Backstage","2024-09-22 13:43","CRM UI","Gal Tarrab Levi"
"21785200525","Magna International","Backstage","2024-09-05 10:32","CRM UI","Gal Tarrab Levi"
"46650637433","Fullbay","None","2025-10-27 17:30","CRM UI","Chris Newsome"
"15319978937","Edward Jones","Backstage","2024-02-22 09:46","CRM UI Bulk Action","Gal Tarrab Levi"
"29847893069","RoadRunner Recycling ","Backstage","2024-12-12 10:01","CRM UI","Gal Tarrab Levi"
"58208344181","ASN Bank","Cortex; Backstage; Opslevel","2026-03-23 10:40","Record Merge","","Cortex; Backstage; Opslevel","2026-02-20 11:30","CRM UI","Sharon Peretz"
"23370816585","Enterprise Products","Backstage","2024-10-22 16:20","CRM UI","Deactivated user"
"28761454723","Welltech","Backstage; Cortex; Opslevel","2024-11-10 13:29","CRM UI","Gal Tarrab Levi"
"15328583352","OfficeRnD","Backstage","2024-02-22 09:46","CRM UI Bulk Action","Gal Tarrab Levi"
"17404361568","NTT","Cortex; Backstage","2024-02-22 09:23","CRM UI","Gal Tarrab Levi","Cortex","2024-02-20 11:58","CRM UI","Gal Tarrab Levi"
"18449537849","Kering","Backstage; Opslevel","2024-06-06 11:12","CRM UI","Gal Tarrab Levi","Backstage","2024-05-28 10:22","CRM UI","Gal Tarrab Levi"
"60324983359","netdocuments - Seat Upgrade ","None","2026-06-29 21:43","CRM UI","Andrew Johnston"
"15106673460","SAFE health","Backstage; Roadie","2024-03-19 14:30","CRM UI","Chris Newsome","Backstage","2024-02-22 09:46","CRM UI Bulk Action","Gal Tarrab Levi"
"33777236618","State of California","Backstage","2025-03-13 11:00","CRM UI","Gal Tarrab Levi"
"19733298789","Dave","Cortex; Backstage; Opslevel; Roadie","2024-06-04 09:10","CRM UI","Gal Tarrab Levi"
"32790548062","Selective Insurance","Backstage","2025-02-04 12:08","CRM UI","Gal Tarrab Levi"
"17727906154","Amplience","Backstage; Opslevel","2024-03-07 10:54","CRM UI","Gal Tarrab Levi"
"15794551620","MTN","Backstage; Humanitech","2024-02-22 09:41","CRM UI","Gal Tarrab Levi"
"39520271643","XM - 2,026","None","2026-03-25 21:13","CRM UI","John Romano"
"22406774178","Kyndryl Holdings, Inc. ","Backstage","2024-11-07 16:18","CRM UI","Gal Tarrab Levi"
"22395430454","Banco Pichincha ","Cortex; Backstage","2024-09-25 16:08","CRM UI","Gal Tarrab Levi"
"33004354606","Cover Whale","Compass; Backstage","2025-02-04 15:57","Record Merge","","Compass; Backstage","2025-02-04 15:57","Record Merge","","Compass; Backstage","2025-02-04 15:57","Record Merge","","Compass; Backstage","2025-02-04 15:57","Record Merge","","Compass; Backstage","2025-02-04 15:57","Record Merge","","Compass; Backstage","2025-02-04 15:57","Record Merge","","Compass; Backstage","2025-02-04 15:57","Record Merge","","Compass; Backstage","2025-02-04 15:56","Record Merge","","Compass; Backstage","2024-06-04 10:40","CRM UI","Gal Tarrab Levi"
"23252143465","Venturus ","Backstage","2024-10-18 15:38","Playbooks","Deal Review by Deactivated user"
"30440505520","Visma ","None","2025-08-06 14:39","CRM UI","Benjamin Duckworth"
"23249201934","FloQast","Backstage","2024-10-27 11:55","CRM UI","Gal Tarrab Levi"
"17289076617","Mobicom Corporation","Humanitech; Backstage","2024-03-21 10:10","CRM UI","Gal Tarrab Levi","Humanitech","2024-02-07 15:16","Playbooks","Deal Review by Deactivated user"
"15423280298","B.well - old","Backstage","2024-02-22 09:46","CRM UI Bulk Action","Gal Tarrab Levi"
"32425585989","Onoff ","Cortex; Compass","2025-01-26 16:11","Record Merge","","Cortex; Compass","2024-05-05 08:55","CRM UI","Sharon Peretz"
"21823103528","Sherwin-Williams","Cortex","2024-12-22 12:20","CRM UI","Gal Tarrab Levi"
"20039784766","AAA - ACSC (Auto Club of Southern California)","Cortex; Backstage; Compass","2024-06-21 09:40","CRM UI","Gal Tarrab Levi","Cortex; Backstage","2024-06-19 00:55","CRM UI","Deactivated user"
"31998104483","Credit Acceptance Corporation","Backstage; Cortex","2025-04-07 21:20","CRM UI","Daniel Alper","Backstage","2025-01-30 16:16","CRM UI","Daniel Alper"
"21946615888","Sports Interactive ","Harness","2024-09-22 13:44","CRM UI","Gal Tarrab Levi"
"16604309171","EPAM Systems","Backstage","2024-02-22 09:30","CRM UI","Gal Tarrab Levi"
"17689061201","Elvia (Computas)","Backstage","2024-02-29 11:05","CRM UI","Gal Tarrab Levi"
"39241678486","Nykredit - 300 Dev's","Cortex","2025-11-27 13:52","CRM UI","Sharon Peretz"
"17114256652","Nets Group ","Compass","2024-02-22 09:28","CRM UI","Gal Tarrab Levi"
"17468986684","Shell UK","Backstage","2024-02-22 09:26","CRM UI","Gal Tarrab Levi"
"16093852173","Numerix","Backstage","2024-02-22 09:37","CRM UI","Gal Tarrab Levi"
"12747750510","PepsiCo","Backstage","2024-02-22 09:59","CRM UI","Gal Tarrab Levi"
"16789593993","Conta Azul","Backstage","2024-02-22 09:28","CRM UI","Gal Tarrab Levi"
"18573250058","Zoro Tools Inc","Backstage","2024-04-24 15:37","CRM UI","Gal Tarrab Levi"
"33398107438","World Bank","Backstage; Cortex","2025-03-13 10:58","CRM UI","Gal Tarrab Levi"
"42840647953","Paradigm","None","2025-09-04 17:07","CRM UI","EJ Rauseo","","2025-08-28 16:22","CRM UI","EJ Rauseo","None","2025-08-28 16:22","CRM UI","EJ Rauseo"
"18128414881","Hellenic Bank - KubeCon","Humanitech","2024-09-22 13:42","CRM UI","Gal Tarrab Levi"
"18242103218","Broadcom","Compass; Roadie","2024-04-24 15:33","CRM UI","Gal Tarrab Levi","Compass","2024-04-11 11:51","CRM UI","Gal Tarrab Levi"
"57487605362","Kaseya","Backstage","2026-05-13 22:23","CRM UI","Jeff Graham"
"28560665376","RecargaPay","Backstage","2024-11-07 15:49","CRM UI","Gal Tarrab Levi"
"43514214406","Deutsche Bank","Harness; Backstage","2026-05-05 11:38","CRM UI","Benjamin Duckworth","Harness","2025-11-13 13:33","CRM UI","Deactivated user"
"15769152160","Dropbox","Cortex; Backstage; Compass; Harness","2024-02-22 09:41","CRM UI","Gal Tarrab Levi"
"22066860066","Loqate (GBG)","Backstage; Harness; Cortex","2024-11-24 11:14","CRM UI","Gal Tarrab Levi","Backstage; Harness","2024-09-29 12:15","CRM UI","Gal Tarrab Levi","Backstage","2024-09-16 13:22","CRM UI","Gal Tarrab Levi"
"60419918721","MediaMarktSaturn | IDP Project | DACH + SEMEA","Unknown","2026-06-10 13:16","CRM UI","Jamie Summers"
"59184762490","Close Brothers","Compass; Roadie","2026-06-24 13:35","CRM UI","James Butcher"
"15666351410","Goldbeck","Opslevel","2024-02-22 09:44","CRM UI","Gal Tarrab Levi"
"50513175135","Hilti Group","None","2025-11-27 11:07","CRM UI","Deactivated user"
"31388914817","Open Lending","Backstage","2025-01-23 10:30","CRM UI","Gal Tarrab Levi"
"32463116170","RBC","Backstage","2025-01-26 16:04","Record Merge","","Backstage","2024-04-24 15:29","CRM UI","Gal Tarrab Levi"
"33379398010","Zooplus AG","Cortex; Humanitech; Backstage","2025-02-12 16:05","Record Merge","","Cortex; Humanitech; Backstage","2024-11-10 13:38","CRM UI","Gal Tarrab Levi","Cortex; Humanitech","2024-11-07 16:21","CRM UI","Gal Tarrab Levi"
"61625201199","Mr D","Backstage","2026-06-29 15:52","CRM UI","James Pritchard"
"22930792768","Adira Finance","Backstage","2024-10-20 10:44","CRM UI","Gal Tarrab Levi"
"17506062115","Very","Backstage","2024-02-28 12:00","CRM UI","Gal Tarrab Levi"
"30642075998","Kintetsu World Express ","Backstage","2024-12-17 17:51","Record Merge","","Backstage","2024-12-17 17:51","Record Merge","","Backstage","2024-12-17 17:50","Record Merge","","Backstage","2024-12-17 17:50","Record Merge","","Backstage","2024-04-11 11:14","CRM UI","Gal Tarrab Levi"
"16041298222","Forcepoint","Cortex; Backstage","2024-02-22 09:39","CRM UI","Gal Tarrab Levi"
"19731593130","Everest Insurance","Backstage; Roadie; Humanitech","2024-06-21 10:06","CRM UI","Gal Tarrab Levi","Backstage; Roadie","2024-06-03 23:13","CRM UI","John Romano"
"13959412392","Viavi Solutions - old ","Backstage","2024-02-22 09:52","CRM UI","Gal Tarrab Levi"
"55556229997","Crowe","None","2026-04-23 18:53","CRM UI","Tali Cohen"
"58878538555","Flatiron Health","Unknown","2026-05-07 19:03","CRM UI","EJ Rauseo"
"21203716194","SimilarWeb","Backstage","2024-08-19 11:37","CRM UI","Gal Tarrab Levi"
"15990867054","CVS Health","Cortex; Backstage","2024-02-22 09:39","CRM UI","Gal Tarrab Levi"
"37179865160","MoEngage","Cortex","2025-07-24 02:06","CRM UI","Scott Dunion"
"16057293678","Favor Delivery","Backstage; Compass; Opslevel; Cortex; Configure8","2024-02-22 09:37","CRM UI","Gal Tarrab Levi"
"22183492648","Viasat Inc ","Backstage","2024-10-20 10:13","CRM UI","Gal Tarrab Levi"
"29690561154","Gumtree","Backstage","2024-12-03 14:14","CRM UI","Gal Tarrab Levi"
"17674400007","Synechron Inc.","Backstage","2024-02-26 14:40","CRM UI","Gal Tarrab Levi"
"43365443469","Consorcio","Backstage","2025-10-16 19:09","Mobile iOS","Deactivated user"
"19330168674","CreditNinja/ Ninja Holdings","Humanitech; Backstage; Opslevel; Cortex","2024-05-28 10:27","CRM UI","Gal Tarrab Levi"
"34335980420","Fractal Analytics Private Limited","Backstage","2025-03-13 10:50","CRM UI","Gal Tarrab Levi"
"21449849889","Eversource","Backstage; Harness","2024-08-19 11:09","CRM UI","Gal Tarrab Levi"
"28783890496","ON Semiconductor","Backstage; Roadie","2024-11-24 11:11","CRM UI","Gal Tarrab Levi"
"40256478880","Sumitomo Mitsui Banking Corporation","Backstage","2025-10-29 16:13","CRM UI","Deactivated user"
"14239837348","Jetstar Airways","Cortex; Roadie","2024-02-22 09:52","CRM UI","Gal Tarrab Levi"
"34317534630","Run.ai","Backstage","2025-03-13 10:49","CRM UI","Gal Tarrab Levi"
"43908066995","Early Warning Services (Zelle)","Backstage","2025-10-16 16:36","CRM UI","Daniel Alper"
"38859960630","Dot Foods","Cortex","2025-07-10 19:14","CRM UI","Deactivated user"
"41147607839","EQ Bank","Backstage; Compass","2025-08-20 17:40","CRM UI","Jill Countey"
"53887211294","PayPal ","Harness","2026-02-05 16:40","CRM UI","Jeff Graham"
"52454985832","Justt","Cortex","2026-02-11 17:24","CRM UI","Sharon Peretz"
"20628816452","Nando's","Backstage; Cortex; Opslevel","2024-07-22 09:10","CRM UI","Gal Tarrab Levi"
"15090741906","Maya PH 2024","Cortex; Compass","2024-06-24 13:12","CRM UI","Gal Tarrab Levi","Cortex","2024-06-21 09:38","CRM UI","Gal Tarrab Levi"
"19543335967","Compass Digital","Backstage; Humanitech","2024-07-16 13:12","CRM UI","Gal Tarrab Levi","Backstage","2024-05-28 10:23","CRM UI","Gal Tarrab Levi"
"29777314092","NOV","Backstage","2025-01-23 10:35","CRM UI","Gal Tarrab Levi"
"28563604597","Medtronic - Surgical Unit (50 devs)","Backstage","2024-11-07 16:19","CRM UI","Gal Tarrab Levi"
"15699744572","Nuvei","Backstage","2024-04-24 14:54","CRM UI","Jonathan Gruber"
"37720082098","Sportradar","Cortex; Backstage","2025-07-11 14:38","CRM UI","Deactivated user"
"28242150916","Amplience Inc","Backstage","2024-11-06 21:30","CRM UI","Deactivated user"
"15960494166","Casaideas","Backstage","2024-02-22 09:41","CRM UI","Gal Tarrab Levi"
"19002272439","TownSq","Unknown","2024-05-13 21:55","Playbooks","Deal Review by Deactivated user"
"18014122248","PayU","Cortex; Compass","2024-03-27 12:40","CRM UI","Gal Tarrab Levi"
"23237556286","LexisNexis","Backstage","2024-11-07 16:19","CRM UI","Gal Tarrab Levi"
"48813307530","DKV Mobility","Cortex; Backstage","2026-03-04 13:00","CRM UI","Sharon Peretz"
"13068492458","Decathlon","Backstage","2024-02-22 09:58","CRM UI","Gal Tarrab Levi"
"33182929177","Select Sires / World Wide Sires","Backstage; Roadie","2025-04-01 20:45","CRM UI","Jill Countey","Backstage","2025-02-10 11:54","CRM UI","Gal Tarrab Levi"
"19135013183","McDonald's","Backstage","2024-05-10 21:11","CRM UI","Deactivated user"
"18595964581","Xsolla LLC ","Cortex; Opslevel","2024-05-01 11:20","CRM UI","Gal Tarrab Levi","Cortex","2024-04-18 18:56","CRM UI","Deactivated user"
"48541558704","INVEX ","Cortex; Harness","2025-12-18 18:25","CRM UI","John Romano","Cortex; Backstage; Harness","2025-12-18 18:24","CRM UI","John Romano","Cortex; Backstage","2025-12-10 22:13","CRM UI","John Romano","Cortex","2025-12-10 22:13","CRM UI","John Romano"
"29714304565","Galenica","Backstage","2024-12-03 14:13","CRM UI","Gal Tarrab Levi"
"29037008216","NMI","Cortex; Backstage","2024-11-24 11:11","CRM UI","Gal Tarrab Levi"
"38278799210","Signifyd","Cortex","2025-07-10 21:47","CRM UI","Deactivated user"
"42228330764","Mayo Clinic College of Medicine and Science","None","2025-09-30 18:26","CRM UI","Tali Cohen"
"18148122458","Bank for international settlements - KubeCon","Backstage","2024-05-15 14:32","CRM UI","Gal Tarrab Levi"
"33055121445","BrainRocket","Backstage; Cortex","2025-09-10 15:28","CRM UI","Sharon Peretz","Backstage","2025-03-13 10:59","CRM UI","Gal Tarrab Levi"
"15793278290","DocuSign","Backstage","2024-02-22 09:41","CRM UI","Gal Tarrab Levi"
"38745772035","Serko Ltd - Expansion","None","2025-07-24 08:20","CRM UI","Scott Dunion"
"35396649286","Wells Fargo","Backstage; Harness","2025-04-02 22:30","Record Merge","","Backstage; Harness","2025-04-02 22:28","Record Merge","","Backstage; Harness","2025-01-23 12:20","CRM UI","Gal Tarrab Levi"
"19522131763","Hurb","Backstage","2024-05-28 10:20","CRM UI","Gal Tarrab Levi"
"16954701092","Waystar","Cortex; Backstage; Compass","2024-02-22 09:28","CRM UI","Gal Tarrab Levi"
"22680826516","S&P Global","Backstage","2024-09-29 12:09","CRM UI","Gal Tarrab Levi"
"60182252458","Guidepoint v2","Opslevel; Roadie","2026-05-26 22:20","CRM UI","John Romano"
"15418669486","Duolingo","Opslevel","2024-02-22 09:48","CRM UI","Gal Tarrab Levi"
"31712069474","ING","Backstage","2025-02-04 12:11","CRM UI","Gal Tarrab Levi"
"15843150472","Trace3","Backstage","2024-02-22 09:59","CRM UI","Gal Tarrab Levi"
"29881052769","VOSKER","Backstage","2024-12-19 12:25","CRM UI","Gal Tarrab Levi"
"34631444061","Hostinger","Cortex; Compass; Backstage","2025-03-13 17:31","Record Merge","","Cortex; Compass; Backstage","2025-03-13 17:31","Record Merge","","Cortex; Compass; Backstage","2025-03-10 16:39","CRM UI","Deactivated user"
"19513327664","Shaype","Backstage; Opslevel","2024-05-28 10:26","CRM UI","Gal Tarrab Levi"
"16799184694","Youi 2024","Cortex","2024-01-04 10:24","CRM UI","Shlomi Cohen"
"45329092878","Modernizing Medicine","Harness","2026-01-07 17:49","CRM UI","EJ Rauseo"
"20510066206","Auto & General Australia","Cortex; Backstage","2024-08-28 20:50","CRM UI","Chris Newsome"
"32354970426","Tyler Technologies, Inc.","Backstage","2025-02-04 12:08","CRM UI","Gal Tarrab Levi"
"17118287378","Kanton Basel-Stadt","Backstage; Humanitech","2024-02-22 09:26","CRM UI","Gal Tarrab Levi"
"29044047625","Lean Tree","Cortex; Opslevel; Backstage","2024-12-03 14:30","CRM UI","Gal Tarrab Levi","Cortex; Opslevel","2024-12-03 14:13","CRM UI","Gal Tarrab Levi"
"17096106075","LSports","Opslevel; Humanitech; Cortex","2024-01-30 10:43","Playbooks","Deal Review by Shlomi Cohen"
"29819935673","Serko Ltd","Cortex; Humanitech","2025-02-13 09:35","CRM UI","Gal Tarrab Levi","Cortex","2025-01-22 00:05","CRM UI","Scott Dunion"
"35743951011","Schreiber Foods","Cortex","2025-07-10 19:33","CRM UI","Deactivated user"
"32941690637","Veygo","Cortex; Backstage; Opslevel","2025-02-10 11:59","CRM UI","Gal Tarrab Levi"
"39441178291","Bally's","Backstage","2025-11-13 13:32","CRM UI","Deactivated user"
"17354298014","Cynet","Backstage","2024-02-22 09:26","CRM UI","Gal Tarrab Levi"
"31582554677","AFS","Cortex; Backstage; Opslevel; Harness","2025-01-23 10:35","CRM UI","Gal Tarrab Levi"
"32651540403","IBM (Chile)","Backstage","2025-02-04 12:09","CRM UI","Gal Tarrab Levi"
"29118059152","Ohio University","Cortex; Backstage","2024-11-24 11:09","CRM UI","Gal Tarrab Levi"
"20383031663","Pan American Energy  (Craftech)","Backstage","2024-09-10 19:42","CRM UI","Chris Newsome"
"30912237393","Gloat","Backstage; Cortex","2024-12-23 12:48","Record Merge","","Backstage; Cortex","2024-11-14 17:00","CRM UI","Sharon Peretz"
"14190251611","BT Business (2024 Expansion)","Backstage; Harness","2024-10-20 10:14","CRM UI","Gal Tarrab Levi","Backstage","2024-03-19 12:06","CRM UI","Gal Tarrab Levi"
"60448464416","Stand Together","Unknown","2026-06-04 16:53","CRM UI","John Romano"
"39824042117","Alma","Cortex; Opslevel","2025-08-07 15:57","CRM UI","Daniel Alper"
"23120664615","OutSystems","Backstage; Humanitech","2024-10-20 10:35","CRM UI","Gal Tarrab Levi"
"29117035134","Qualcomm","Backstage","2024-12-03 14:13","CRM UI","Gal Tarrab Levi"
"17689358488","AE Studio","Backstage","2024-02-28 12:00","CRM UI","Gal Tarrab Levi"
"29718127436","Molex ","Harness; Backstage; Compass","2025-01-23 12:19","CRM UI","Gal Tarrab Levi","Harness","2024-12-22 12:22","CRM UI","Gal Tarrab Levi"
"14921605651","Synopsys","Backstage","2024-03-27 12:41","CRM UI","Gal Tarrab Levi"
"54626750366","Henkel","Backstage","2026-03-16 12:11","CRM UI","Benjamin Duckworth"
"18654396745","Wallbox","Cortex; Backstage; Compass","2024-06-04 10:41","CRM UI","Gal Tarrab Levi","Cortex; Backstage","2024-04-24 14:08","CRM UI","Sharon Peretz"
"42555026830","HoneyBook","Cortex","2025-09-04 13:10","CRM UI","Sharon Peretz"
"28329402954","Peoples Trust Company","Backstage","2024-11-07 16:21","CRM UI","Gal Tarrab Levi"
"50533048870","UnderwriteMe","Cortex; Opslevel","2025-12-02 18:44","CRM UI","Daniel Alper"
"17581245300","Accenture ","Backstage","2024-02-22 09:26","CRM UI","Gal Tarrab Levi"
"32466892057","Coupang","Cortex; Opslevel","2025-01-26 16:38","Record Merge","","Cortex; Opslevel","2024-11-10 13:35","CRM UI","Gal Tarrab Levi","Cortex","2024-10-27 11:53","CRM UI","Gal Tarrab Levi"
"10127446142","Jfrog","Backstage","2024-02-22 09:59","CRM UI","Gal Tarrab Levi"
"17996920882","Mend","Backstage","2024-03-21 10:08","CRM UI","Gal Tarrab Levi"
"36061682722","Trust Wallet","Backstage","2025-08-11 15:14","CRM UI","Deactivated user"
"28235287835","Bumble","Backstage; Roadie","2024-10-27 11:55","CRM UI","Gal Tarrab Levi"
"18145229573","Booksy - KubeCon","Backstage; Cortex","2024-04-11 11:21","CRM UI","Gal Tarrab Levi"
"36789954652","Ninety","Backstage","2025-05-06 16:01","Record Merge","","Backstage","2025-02-04 12:09","CRM UI","Gal Tarrab Levi"
"35121402689","Air New Zealand","Humanitech; Cortex","2025-05-01 01:31","CRM UI","Scott Dunion","Humanitech","2025-03-27 10:42","Record Merge","","Humanitech","2025-03-13 10:52","CRM UI","Gal Tarrab Levi"
"48944676464","Crusoe AI","Cortex; Opslevel","2025-12-19 16:11","CRM UI","Jill Countey"
"21278986655","GitHub","Cortex; Opslevel","2024-08-11 14:41","Record Merge","","Cortex; Opslevel","2024-05-28 10:33","CRM UI","Gal Tarrab Levi","Cortex","2024-05-28 10:25","CRM UI","Gal Tarrab Levi"
"29714303297","Riskified ","Backstage","2024-12-01 14:56","Record Merge","","Backstage","2024-12-01 14:56","Record Merge","","Backstage","2024-12-01 14:55","Record Merge","","Backstage","2024-12-01 14:55","Record Merge","","Backstage","2024-11-24 11:10","CRM UI","Gal Tarrab Levi"
"28217524845","Hudl ","Opslevel","2024-11-07 16:20","CRM UI","Gal Tarrab Levi"
"16354805139","Ceridian","Backstage; Humanitech","2024-02-22 09:35","CRM UI","Gal Tarrab Levi"
"19670336836","Granicus","Backstage; Opslevel","2024-05-30 22:46","CRM UI","John Romano"
"29118156925","Tyler Technologies, Inc.","Backstage","2024-12-19 12:27","CRM UI","Gal Tarrab Levi"
"18240644021","Roham","Backstage; Red Hat","2024-04-18 13:28","CRM UI","Sharon Peretz"
"18127515927","Wolters Kluwer - KubeCon","Humanitech; Backstage","2024-04-01 10:21","CRM UI","Gal Tarrab Levi"
"18403763383","GameTime","Backstage","2024-04-24 15:36","CRM UI","Gal Tarrab Levi"
"17632140469","SonarSource","Backstage; Roadie","2024-03-27 10:48","CRM UI","Deactivated user","Backstage","2024-02-26 14:40","CRM UI","Gal Tarrab Levi"
"53014767140","Bullish","Backstage; Cortex","2026-02-05 17:30","CRM UI","EJ Rauseo","Backstage","2026-01-12 15:59","CRM UI","EJ Rauseo"
