"Record ID","Deal Name","Deal Stage Before Closed Current Value","Change Date (Asia/Jerusalem)","Change Source","Changed By","Previous Value (1)","Change Date (1) (Asia/Jerusalem)","Change Source (1)","Changed By (1)","Previous Value (2)","Change Date (2) (Asia/Jerusalem)","Change Source (2)","Changed By (2)","..."
"51893925020","Aetna Inc.","SDR / Omitted OPP","2025-12-19 16:58","Workflow","Update deal stage before closed deal"
"43896947263","Medtronic","SDR / Omitted OPP","2025-09-18 18:32","Workflow","Update deal stage before closed deal"
"33723423052","AT&T","Pilot Prep","2025-07-16 00:10","Workflow","Update deal stage before closed deal","Formal Pilot","2025-05-22 16:17","Workflow","Update deal stage before closed deal","Pilot Prep","2025-04-23 15:10","Workflow","Update deal stage before closed deal","Formal Pilot","2025-04-18 00:51","Workflow","Update deal stage before closed deal","Pilot Prep","2025-03-05 01:14","Workflow","Update deal stage before closed deal","Demo / Presentation","2025-02-20 16:34","Workflow","Update deal stage before closed deal","SDR / Omitted OPP","2025-02-20 12:12","Record Merge","","SDR / Omitted OPP","2025-02-20 12:12","Record Merge","","SDR / Omitted OPP","2025-02-19 16:56","Workflow","Update deal stage before closed deal","SDR / Omitted OPP","2025-02-19 16:56","Workflow","Update deal stage before closed deal","SDR / Omitted OPP","2025-02-14 18:15","Workflow","Update deal stage before closed deal"
"59364904202","Singlife","SDR / Omitted OPP","2026-04-20 13:21","Workflow","Update deal stage before closed deal"
"18167337913","Cloud Castles - KubeCon","SDR / Omitted OPP","2024-03-22 14:14","Workflow","Update deal stage before closed deal"
"20508643613","EP","SDR / Omitted OPP","2024-07-03 14:34","Workflow","Update deal stage before closed deal"
"50909631812","Kinective","Demo / Presentation","2025-12-04 22:59","Workflow","Update deal stage before closed deal","SDR / Omitted OPP","2025-12-02 18:56","Workflow","Update deal stage before closed deal"
"51139327348","Barton Malow - AWS LV 25","SDR / Omitted OPP","2025-12-05 01:05","Workflow","Update deal stage before closed deal"
"59446102632","Zenity ","SDR / Omitted OPP","2026-04-23 10:48","Workflow","Update deal stage before closed deal"
"45064475914","Aurigo Software","Demo / Presentation","2025-10-06 18:27","Workflow","Update deal stage before closed deal","SDR / Omitted OPP","2025-10-01 13:21","Workflow","Update deal stage before closed deal"
"16250253687","Evolent","Pilot Prep","2023-12-27 16:12","Workflow","Update deal stage before closed deal","SDR / Omitted OPP","2023-12-11 11:09","Import","Deal stage and pre stage  by Gal Tarrab Levi"
"38106359332","Scotiabank Chile","SDR / Omitted OPP","2025-05-28 18:05","Workflow","Update deal stage before closed deal"
"14336107687","Deutsche Post","SDR / Omitted OPP","2023-12-28 18:40","CRM UI","Gal Tarrab Levi"
"18241165209","ENGINEERING","Demo / Presentation","2024-03-28 16:32","Workflow","Update deal stage before closed deal","SDR / Omitted OPP","2024-03-26 13:06","Workflow","Update deal stage before closed deal"
"15978100591","American Family Insurance","SDR / Omitted OPP","2024-01-02 14:37","CRM UI Bulk Action","Gal Tarrab Levi"
"13946384021","Medline","Negotiation / Legal","2024-03-31 11:50","CRM UI","Gal Tarrab Levi","Formal Pilot","2024-03-21 23:26","Workflow","Update deal stage before closed deal","Negotiation / Legal","2024-02-01 03:15","Workflow","Update deal stage before closed deal","Formal Pilot","2023-12-24 13:52","Import","STAGE BEFORE - Sheet1.csv by Gal Tarrab Levi","Business case confirmation","2023-12-13 16:12","Workflow","Update deal stage before closed deal","Demo / Presentation","2023-12-11 11:09","Import","Deal stage and pre stage  by Gal Tarrab Levi"
"53105348631","Data Axle","Demo / Presentation","2026-03-10 15:06","Workflow","Update deal stage before closed deal","Pilot Prep","2026-03-04 20:20","Workflow","Update deal stage before closed deal","Formal Pilot","2026-02-17 22:04","Workflow","Update deal stage before closed deal","Pilot Prep","2026-01-20 20:16","Workflow","Update deal stage before closed deal","Demo / Presentation","2026-01-16 21:28","Workflow","Update deal stage before closed deal","SDR / Omitted OPP","2026-01-02 15:34","Workflow","Update deal stage before closed deal"
"22369894531","One Medical","Demo / Presentation","2024-10-03 22:22","Workflow","Update deal stage before closed deal","SDR / Omitted OPP","2024-09-17 22:38","Workflow","Update deal stage before closed deal"
"32114260276","CloudWerx","SDR / Omitted OPP","2025-01-16 20:53","Workflow","Update deal stage before closed deal"
"55389460902","Arbor ","Demo / Presentation","2026-02-25 12:02","Workflow","Update deal stage before closed deal","SDR / Omitted OPP","2026-02-12 16:55","Workflow","Update deal stage before closed deal"
"13143557523","Unit","SDR / Omitted OPP","2023-12-31 09:54","CRM UI","Gal Tarrab Levi"
"54605040704","Vhi Healthcare","Demo / Presentation","2026-02-12 13:39","Workflow","Update deal stage before closed deal","SDR / Omitted OPP","2026-01-26 16:31","Workflow","Update deal stage before closed deal"
"18435029273","IXL","SDR / Omitted OPP","2024-04-05 00:16","Workflow","Update deal stage before closed deal"
"56935782418","dunnhumby","Demo / Presentation","2026-05-15 15:43","Workflow","Update deal stage before closed deal","SDR / Omitted OPP","2026-02-24 16:34","Workflow","Update deal stage before closed deal"
"28998377548","Medtronic - Nov 2025 Flat Renewal","Demo / Presentation","2025-08-07 17:18","Workflow","Update deal stage before closed deal","SDR / Omitted OPP","2025-08-07 17:11","Workflow","Update deal stage before closed deal"
"32022642840","CentralSquare","SDR / Omitted OPP","2025-01-15 00:13","Workflow","Update deal stage before closed deal"
"29593794866","AE Studio","SDR / Omitted OPP","2024-11-26 23:40","Workflow","Update deal stage before closed deal"
"17390361655","LendBuzz, Inc","Business case confirmation","2024-06-24 10:41","CRM UI","Gal Tarrab Levi","SDR / Omitted OPP","2024-06-06 10:40","Workflow","Update deal stage before closed deal","Business case confirmation","2024-06-06 10:39","Workflow","Update deal stage before closed deal","Demo / Presentation","2024-03-13 17:38","Workflow","Update deal stage before closed deal","SDR / Omitted OPP","2024-02-06 15:13","Workflow","Update deal stage before closed deal"
"48820620900","Zebra Technologies","Demo / Presentation","2025-12-01 21:25","Workflow","Update deal stage before closed deal","SDR / Omitted OPP","2025-11-10 18:36","Workflow","Update deal stage before closed deal"
"19926323081","Ryval-X","SDR / Omitted OPP","2024-06-07 16:24","Workflow","Update deal stage before closed deal"
"18128342554","TECNALIA - KubeCon ","SDR / Omitted OPP","2024-03-20 17:05","Workflow","Update deal stage before closed deal"
"35348470904","Dynatrace ","SDR / Omitted OPP","2025-04-02 16:17","Workflow","Update deal stage before closed deal"
"58446996038","KubeCon EU 2026 - shiv y","SDR / Omitted OPP","2026-03-26 23:26","Workflow","Update deal stage before closed deal"
"29386081114","Intuit","Demo / Presentation","2024-11-20 18:36","Workflow","Update deal stage before closed deal","SDR / Omitted OPP","2024-11-20 11:17","Record Merge","","SDR / Omitted OPP","2024-11-20 00:04","Workflow","Update deal stage before closed deal","SDR / Omitted OPP","2024-11-13 20:25","Workflow","Update deal stage before closed deal"
"33182929955","Indra","SDR / Omitted OPP","2025-02-09 11:23","Record Merge","","SDR / Omitted OPP","2025-02-09 11:17","Record Merge","","SDR / Omitted OPP","2025-02-06 18:46","Workflow","Update deal stage before closed deal","SDR / Omitted OPP","2025-02-06 18:46","Workflow","Update deal stage before closed deal","SDR / Omitted OPP","2025-02-06 18:41","Workflow","Update deal stage before closed deal"
"61624660231","SharkNinja","SDR / Omitted OPP","2026-06-26 21:32","Record Merge","","SDR / Omitted OPP","2026-06-12 16:38","Workflow","Update deal stage before closed deal","SDR / Omitted OPP","2026-06-11 19:18","Workflow","Update deal stage before closed deal"
"61024916650","M&T Bank","SDR / Omitted OPP","2026-06-10 23:25","Workflow","Update deal stage before closed deal"
"60238524488","ABASTIBLE","SDR / Omitted OPP","2026-05-13 22:46","Workflow","Update deal stage before closed deal"
"15090497845","Libertex group 2024","","2024-01-01 13:37","CRM UI","Gal Tarrab Levi","SDR / Omitted OPP","2023-12-11 11:09","Import","Deal stage and pre stage  by Gal Tarrab Levi"
"59184044935","AstraZeneca","SDR / Omitted OPP","2026-04-15 15:49","Workflow","Update deal stage before closed deal"
"48485962311","SmartEquip","SDR / Omitted OPP","2025-11-06 21:11","Workflow","Update deal stage before closed deal"
"61951815052","One NZ ","SDR / Omitted OPP","2026-07-01 09:41","Workflow","Update deal stage before closed deal"
"28783892747","Liatrio LLC","SDR / Omitted OPP","2024-11-06 18:52","Workflow","Update deal stage before closed deal"
"59102966281","Grupo Elektra, S.A.B. de C.V.","Demo / Presentation","2026-04-17 20:35","Workflow","Update deal stage before closed deal","SDR / Omitted OPP","2026-04-10 20:53","Workflow","Update deal stage before closed deal"
"22148397622","BorgWarner","SDR / Omitted OPP","2024-09-11 16:30","Workflow","Update deal stage before closed deal"
"29881537631","JumpCloud","Demo / Presentation","2025-06-18 19:38","Workflow","Update deal stage before closed deal","Pilot Prep","2025-02-18 23:54","Workflow","Update deal stage before closed deal","Demo / Presentation","2024-12-16 23:57","Workflow","Update deal stage before closed deal","SDR / Omitted OPP","2024-12-06 00:40","Workflow","Update deal stage before closed deal"
"35351628551","Sony Music ","SDR / Omitted OPP","2025-04-02 13:30","Workflow","Update deal stage before closed deal"
"58211070822","Boostlingo","Pilot Prep","2026-03-25 22:07","Workflow","Update deal stage before closed deal","Demo / Presentation","2026-03-23 17:43","Workflow","Update deal stage before closed deal","SDR / Omitted OPP","2026-03-20 18:42","Workflow","Update deal stage before closed deal"
"15837508099","Ruffin Galactic","SDR / Omitted OPP","2023-12-11 11:09","Import","Deal stage and pre stage  by Gal Tarrab Levi"
"14793340848","Anduril Industries ","SDR / Omitted OPP","2023-12-11 11:09","Import","Deal stage and pre stage  by Gal Tarrab Levi"
"59764618837","Chemist4U","SDR / Omitted OPP","2026-04-28 16:13","Workflow","Update deal stage before closed deal"
"15955867703","UiPath","SDR / Omitted OPP","2024-01-02 14:37","CRM UI Bulk Action","Gal Tarrab Levi"
"31684563802","Ally Financial","SDR / Omitted OPP","2025-01-07 23:27","Workflow","Update deal stage before closed deal"
"37170768934","Legal & General (OneTech)","Negotiation / Legal","2026-03-27 18:15","Workflow","Update deal stage before closed deal","Business case confirmation","2025-11-27 10:36","Workflow","Update deal stage before closed deal","Formal Pilot","2025-09-11 12:10","Workflow","Update deal stage before closed deal","Pilot Prep","2025-07-07 13:53","Workflow","Update deal stage before closed deal","Demo / Presentation","2025-05-14 13:15","Workflow","Update deal stage before closed deal"
"13129008988","Open Government Products","SDR / Omitted OPP","2023-12-31 09:54","CRM UI","Gal Tarrab Levi"
"31997328162","Brightcove, Inc. ","Demo / Presentation","2025-02-03 18:08","Workflow","Update deal stage before closed deal","SDR / Omitted OPP","2025-01-14 17:27","Record Merge","","SDR / Omitted OPP","2025-01-14 16:55","Workflow","Update deal stage before closed deal","SDR / Omitted OPP","2024-12-05 20:30","Workflow","Update deal stage before closed deal"
"30221567131","Primion Technology ","SDR / Omitted OPP","2024-12-12 15:34","Workflow","Update deal stage before closed deal"
"22531178313","CarGurus","SDR / Omitted OPP","2024-09-23 19:13","Workflow","Update deal stage before closed deal"
"32425584923","XM Cyber","Pilot Prep","2025-01-26 14:26","Record Merge","","Pilot Prep","2025-01-26 14:26","Record Merge","","SDR / Omitted OPP","2025-01-26 09:42","Workflow","Update deal stage before closed deal","SDR / Omitted OPP","2025-01-26 09:41","Workflow","Update deal stage before closed deal","Pilot Prep","2024-09-09 09:41","Workflow","Update deal stage before closed deal","Formal Pilot","2024-06-09 14:24","Workflow","Update deal stage before closed deal","Pilot Prep","2024-06-09 14:24","Workflow","Update deal stage before closed deal","Demo / Presentation","2024-05-23 15:17","Workflow","Update deal stage before closed deal","SDR / Omitted OPP","2024-05-15 14:57","Workflow","Update deal stage before closed deal"
"49690287160","AutoScout24","SDR / Omitted OPP","2025-11-20 11:57","Workflow","Update deal stage before closed deal"
"21944680110","TAG - The Aspen Group","Negotiation / Legal","2025-06-19 17:56","Workflow","Update deal stage before closed deal","Business case confirmation","2025-02-13 23:15","Workflow","Update deal stage before closed deal","Negotiation / Legal","2024-10-29 23:09","Workflow","Update deal stage before closed deal","Business case confirmation","2024-09-30 20:15","Workflow","Update deal stage before closed deal","Formal Pilot","2024-09-12 17:04","Workflow","Update deal stage before closed deal","Pilot Prep","2024-09-11 15:09","Workflow","Update deal stage before closed deal","Demo / Presentation","2024-09-05 21:25","Workflow","Update deal stage before closed deal","SDR / Omitted OPP","2024-09-05 11:07","Record Merge","","SDR / Omitted OPP","2024-09-05 11:07","Record Merge","","SDR / Omitted OPP","2024-09-03 17:31","Workflow","Update deal stage before closed deal","SDR / Omitted OPP","2024-09-03 16:15","Workflow","Update deal stage before closed deal","SDR / Omitted OPP","2024-08-31 01:43","Workflow","Update deal stage before closed deal"
"58543171454","Onepoint","SDR / Omitted OPP","2026-03-30 10:49","Workflow","Update deal stage before closed deal"
"19563735984","Royal London","SDR / Omitted OPP","2024-05-23 17:56","Workflow","Update deal stage before closed deal"
"50459969374","ADEO","Demo / Presentation","2025-12-19 13:21","Workflow","Update deal stage before closed deal","SDR / Omitted OPP","2025-11-26 11:07","Workflow","Update deal stage before closed deal"
"34627684968","BCP","Negotiation / Legal","2025-03-13 14:23","Record Merge","","SDR / Omitted OPP","2025-03-12 18:03","Workflow","Update deal stage before closed deal","Negotiation / Legal","2024-07-25 00:26","Workflow","Update deal stage before closed deal","Formal Pilot","2024-05-16 05:21","Workflow","Update deal stage before closed deal","Pilot Prep","2024-04-25 18:56","Workflow","Update deal stage before closed deal","Demo / Presentation","2024-04-16 20:43","Workflow","Update deal stage before closed deal","SDR / Omitted OPP","2024-04-11 20:19","Workflow","Update deal stage before closed deal"
"13402659476","Glintt","SDR / Omitted OPP","2023-12-11 11:09","Import","Deal stage and pre stage  by Gal Tarrab Levi"
"39282897670","ezCater","Demo / Presentation","2025-07-11 20:53","Workflow","Update deal stage before closed deal","SDR / Omitted OPP","2025-06-27 17:34","Workflow","Update deal stage before closed deal"
"37632900432","Intact Financial","Demo / Presentation","2025-08-12 21:51","Workflow","Update deal stage before closed deal","SDR / Omitted OPP","2025-05-22 21:37","Workflow","Update deal stage before closed deal"
"52034056054","AutoScout24 - AWS LV 25","SDR / Omitted OPP","2025-12-17 18:44","Workflow","Update deal stage before closed deal"
"40638036584","Happn","Demo / Presentation","2025-07-25 16:02","Workflow","Update deal stage before closed deal","SDR / Omitted OPP","2025-07-22 13:14","Workflow","Update deal stage before closed deal"
"22648676917","DBiz.ai","SDR / Omitted OPP","2024-09-26 07:35","Workflow","Update deal stage before closed deal"
"17653949536","NetJets","Negotiation / Legal","2024-07-17 17:48","Workflow","Update deal stage before closed deal","Pilot Prep","2024-03-26 17:43","Workflow","Update deal stage before closed deal","Demo / Presentation","2024-02-28 07:20","Workflow","Update deal stage before closed deal","SDR / Omitted OPP","2024-02-21 18:36","Workflow","Update deal stage before closed deal"
"41908989765","Old Mutual","Demo / Presentation","2025-09-05 14:09","Workflow","Update deal stage before closed deal","SDR / Omitted OPP","2025-08-13 11:58","Workflow","Update deal stage before closed deal"
"19090052136","Checkatrade","Business case confirmation","2024-07-22 15:14","Workflow","Update deal stage before closed deal","Formal Pilot","2024-06-13 15:02","Workflow","Update deal stage before closed deal","Pilot Prep","2024-05-16 17:14","Workflow","Update deal stage before closed deal","SDR / Omitted OPP","2024-05-03 13:26","Record Merge","","SDR / Omitted OPP","2024-05-02 19:11","Workflow","Update deal stage before closed deal","SDR / Omitted OPP","2024-04-30 12:51","Workflow","Update deal stage before closed deal"
"20459593849","Guardio","SDR / Omitted OPP","2024-07-01 13:03","Workflow","Update deal stage before closed deal"
"29759170168","Cielo","Demo / Presentation","2024-12-19 16:48","Workflow","Update deal stage before closed deal","SDR / Omitted OPP","2024-12-02 16:21","Workflow","Update deal stage before closed deal"
"60398560117","Zup - Partner","SDR / Omitted OPP","2026-05-19 21:34","Workflow","Update deal stage before closed deal"
"13954412359","Knab","Demo / Presentation","2024-03-17 14:25","CRM UI","Gal Tarrab Levi","SDR / Omitted OPP","2023-12-11 11:09","Import","Deal stage and pre stage  by Gal Tarrab Levi"
"59184758601","The Pensions Regulator","SDR / Omitted OPP","2026-04-15 16:38","Record Merge","","SDR / Omitted OPP","2026-04-10 22:07","Workflow","Update deal stage before closed deal","SDR / Omitted OPP","2026-03-18 13:19","Workflow","Update deal stage before closed deal"
"35414031148","Thomann.io","SDR / Omitted OPP","2025-04-03 14:43","Workflow","Update deal stage before closed deal"
"52002993218","Snowflake","SDR / Omitted OPP","2025-12-17 18:58","Workflow","Update deal stage before closed deal"
"18124106368","symmetrical.ai - KubeCon","SDR / Omitted OPP","2024-03-20 11:53","Workflow","Update deal stage before closed deal"
"35090521209","Continental","SDR / Omitted OPP","2025-03-26 09:59","Record Merge","","SDR / Omitted OPP","2025-03-25 20:32","Workflow","Update deal stage before closed deal","SDR / Omitted OPP","2023-12-11 11:09","Import","Deal stage and pre stage  by Gal Tarrab Levi"
"58430946481","KubeCon EU 2026 - SRC d.o.o.","SDR / Omitted OPP","2026-03-26 23:26","Workflow","Update deal stage before closed deal"
"29915961896","Outpost24","SDR / Omitted OPP","2024-12-06 11:14","Workflow","Update deal stage before closed deal"
"15842892108","Earn Alliance","SDR / Omitted OPP","2024-01-02 14:40","CRM UI Bulk Action","Gal Tarrab Levi"
"39221223171","First American","SDR / Omitted OPP","2025-06-24 01:10","Workflow","Update deal stage before closed deal"
"39486276884","Telesom","SDR / Omitted OPP","2025-06-30 06:48","Workflow","Update deal stage before closed deal"
"39902358653","Grupo Boticário","SDR / Omitted OPP","2025-07-09 18:43","Workflow","Update deal stage before closed deal"
"60457998701","Dewan Staff Finders Pvt","SDR / Omitted OPP","2026-05-21 10:41","Workflow","Update deal stage before closed deal"
"18443127392","FundApps","Negotiation / Legal","2024-06-28 21:27","Workflow","Update deal stage before closed deal","Business case confirmation","2024-06-05 16:29","Workflow","Update deal stage before closed deal","Formal Pilot","2024-05-07 15:50","Workflow","Update deal stage before closed deal","Pilot Prep","2024-04-12 11:21","Workflow","Update deal stage before closed deal","Demo / Presentation","2024-04-08 18:22","Workflow","Update deal stage before closed deal","SDR / Omitted OPP","2024-04-05 12:15","Workflow","Update deal stage before closed deal"
"29551158101","MyVest","SDR / Omitted OPP","2024-11-25 22:22","Workflow","Update deal stage before closed deal"
"58432755339","KubeCon EU 2026 - 6WIND","SDR / Omitted OPP","2026-03-26 23:26","Workflow","Update deal stage before closed deal"
"55670208842","Delfia","SDR / Omitted OPP","2026-02-06 15:18","Workflow","Update deal stage before closed deal"
"38841263363","Ripley","Formal Pilot","2025-09-30 18:10","Workflow","Update deal stage before closed deal","Pilot Prep","2025-08-06 17:05","Workflow","Update deal stage before closed deal","Demo / Presentation","2025-07-22 22:09","Workflow","Update deal stage before closed deal","SDR / Omitted OPP","2025-06-13 12:57","Workflow","Update deal stage before closed deal"
"29146699936","Arion banki","SDR / Omitted OPP","2024-11-15 20:04","Workflow","Update deal stage before closed deal"
"30800605591","Mitsubishi UFJ Financial Group (MUFG Americas)","Pilot Prep","2025-05-14 15:29","Workflow","Update deal stage before closed deal","Demo / Presentation","2025-01-07 00:32","Workflow","Update deal stage before closed deal","SDR / Omitted OPP","2024-12-19 20:35","Workflow","Update deal stage before closed deal"
"22104466471","SADA Systems","SDR / Omitted OPP","2024-09-10 11:07","Workflow","Update deal stage before closed deal"
"62146240643","Bread Financial - New Deal","SDR / Omitted OPP","2026-07-02 22:15","Workflow","Update deal stage before closed deal"
"60790970261","Pandora","Pilot Prep","2026-06-17 12:11","Workflow","Update deal stage before closed deal","Demo / Presentation","2026-06-08 14:08","Workflow","Update deal stage before closed deal","SDR / Omitted OPP","2026-06-02 16:47","Workflow","Update deal stage before closed deal"
"46291803772","Airbus","SDR / Omitted OPP","2025-10-17 11:34","Workflow","Update deal stage before closed deal"
"35447020431","Erply","SDR / Omitted OPP","2025-04-04 12:53","Workflow","Update deal stage before closed deal"
"48361862474","Schroders","SDR / Omitted OPP","2025-11-05 18:46","Workflow","Update deal stage before closed deal"
"44462256461","URBN (Nuuly)","SDR / Omitted OPP","2025-09-25 23:45","Workflow","Update deal stage before closed deal"
"17290645418","LG Electronics","Negotiation / Legal","2024-04-02 16:00","Workflow","Update deal stage before closed deal","Business case confirmation","2024-03-12 12:59","Workflow","Update deal stage before closed deal","Formal Pilot","2024-02-19 11:47","Workflow","Update deal stage before closed deal","Pilot Prep","2024-02-08 11:32","Workflow","Update deal stage before closed deal","Demo / Presentation","2024-02-06 12:27","Workflow","Update deal stage before closed deal","SDR / Omitted OPP","2024-02-01 11:20","Workflow","Update deal stage before closed deal"
"23137228094","ICL","Pilot Prep","2024-11-14 17:35","Workflow","Update deal stage before closed deal","Demo / Presentation","2024-10-14 10:18","Workflow","Update deal stage before closed deal","SDR / Omitted OPP","2024-10-10 14:17","Workflow","Update deal stage before closed deal"
"33041711474","Nomi Health","SDR / Omitted OPP","2025-02-04 19:53","Workflow","Update deal stage before closed deal"
"29118303604","Options Clearing Corporation ","SDR / Omitted OPP","2024-11-14 21:52","Workflow","Update deal stage before closed deal"
"12063818499","Kramp","SDR / Omitted OPP","2024-01-02 14:40","CRM UI Bulk Action","Gal Tarrab Levi"
"20434076946","Qlik","Negotiation / Legal","2025-03-20 17:08","Workflow","Update deal stage before closed deal","Business case confirmation","2025-03-18 14:35","Workflow","Update deal stage before closed deal","Formal Pilot","2025-02-03 23:42","Workflow","Update deal stage before closed deal","Pilot Prep","2024-09-17 19:47","Workflow","Update deal stage before closed deal","Demo / Presentation","2024-07-03 18:45","Workflow","Update deal stage before closed deal","SDR / Omitted OPP","2024-06-30 10:59","Workflow","Update deal stage before closed deal"
"61128589171","Randstad Digital","SDR / Omitted OPP","2026-06-16 17:33","Workflow","Update deal stage before closed deal"
"12723955072","Autofi","Business case confirmation","2023-12-11 11:09","Import","Deal stage and pre stage  by Gal Tarrab Levi"
"60843590429","Personify Health","SDR / Omitted OPP","2026-06-03 19:11","Workflow","Update deal stage before closed deal"
"59838211987","bolttech","Demo / Presentation","2026-05-05 01:30","Workflow","Update deal stage before closed deal","SDR / Omitted OPP","2026-04-30 07:51","Workflow","Update deal stage before closed deal"
"29873272955","Sun Life Financial Inc ","SDR / Omitted OPP","2024-12-04 23:28","Workflow","Update deal stage before closed deal"
"52076520043","Tower Semiconductor","SDR / Omitted OPP","2025-12-18 17:57","Workflow","Update deal stage before closed deal"
"38130862422","Fidelity","SDR / Omitted OPP","2025-06-10 20:44","Workflow","Update deal stage before closed deal"
"9930428835","Foresters","Business case confirmation","2023-12-11 11:09","Import","Deal stage and pre stage  by Gal Tarrab Levi"
"60715105079","ICE (Intercontinental Exchange)","SDR / Omitted OPP","2026-05-29 22:46","Workflow","Update deal stage before closed deal"
"59728215661","Direct Supply","Formal Pilot","2026-04-28 11:04","Record Merge","","Formal Pilot","2026-04-28 11:04","Record Merge","","Formal Pilot","2026-04-28 11:04","Record Merge","","SDR / Omitted OPP","2026-04-11 05:14","Workflow","Update deal stage before closed deal","SDR / Omitted OPP","2026-04-11 05:14","Workflow","Update deal stage before closed deal","SDR / Omitted OPP","2026-04-11 05:14","Workflow","Update deal stage before closed deal","Formal Pilot","2026-03-19 21:58","Workflow","Update deal stage before closed deal","Pilot Prep","2026-03-06 22:52","Workflow","Update deal stage before closed deal","Demo / Presentation","2026-03-04 16:26","Workflow","Update deal stage before closed deal","SDR / Omitted OPP","2026-02-23 22:36","Workflow","Update deal stage before closed deal"
"58208250137","Geotab Inc. - New Deal","SDR / Omitted OPP","2026-03-31 00:57","Workflow","Update deal stage before closed deal"
"60108241768","KubeCon EU 2026 - DNB ASA","SDR / Omitted OPP","2026-05-11 16:06","Record Merge","","SDR / Omitted OPP","2026-04-20 11:18","Workflow","Update deal stage before closed deal","SDR / Omitted OPP","2026-03-26 23:26","Workflow","Update deal stage before closed deal"
"33059574913","ZOOP.ONE ","SDR / Omitted OPP","2025-02-05 09:26","Workflow","Update deal stage before closed deal"
"40328179831","CDW","SDR / Omitted OPP","2025-07-16 21:43","Workflow","Update deal stage before closed deal"
"33182929959","Zilch","Business case confirmation","2025-02-09 11:25","Record Merge","","Business case confirmation","2025-02-09 11:24","Record Merge","","Business case confirmation","2025-02-09 11:24","Record Merge","","SDR / Omitted OPP","2025-02-05 17:04","Workflow","Update deal stage before closed deal","SDR / Omitted OPP","2025-02-05 17:04","Workflow","Update deal stage before closed deal","SDR / Omitted OPP","2025-02-05 17:03","Workflow","Update deal stage before closed deal","Business case confirmation","2024-09-16 15:53","Workflow","Update deal stage before closed deal","Formal Pilot","2024-08-26 11:10","Workflow","Update deal stage before closed deal","Pilot Prep","2024-08-20 13:50","Workflow","Update deal stage before closed deal","Demo / Presentation","2024-07-18 17:04","Workflow","Update deal stage before closed deal","SDR / Omitted OPP","2024-07-10 11:30","Workflow","Update deal stage before closed deal"
"57134041863","Nationwide Mutual Insurance Company - New Deal","SDR / Omitted OPP","2026-02-27 23:19","Workflow","Update deal stage before closed deal"
"28336480147","OTTO","SDR / Omitted OPP","2024-10-25 11:38","Workflow","Update deal stage before closed deal"
"18148405505","Payoneer Inc.","SDR / Omitted OPP","2024-03-21 15:19","Workflow","Update deal stage before closed deal"
"15671270534","Motorola Solutions","Demo / Presentation","2024-03-03 15:23","CRM UI","Gal Tarrab Levi","SDR / Omitted OPP","2023-12-11 11:09","Import","Deal stage and pre stage  by Gal Tarrab Levi"
"39301072543","Nuix","SDR / Omitted OPP","2025-06-26 10:27","Workflow","Update deal stage before closed deal"
"31693405072","FirstBank ","Demo / Presentation","2025-02-06 16:19","Workflow","Update deal stage before closed deal","SDR / Omitted OPP","2025-01-08 00:08","Workflow","Update deal stage before closed deal"
"19753699408","Jack in The Box","Negotiation / Legal","2025-04-03 18:13","Workflow","Update deal stage before closed deal","Formal Pilot","2025-01-09 16:30","Workflow","Update deal stage before closed deal","Pilot Prep","2024-06-24 21:22","Workflow","Update deal stage before closed deal","Demo / Presentation","2024-06-13 16:37","Workflow","Update deal stage before closed deal","SDR / Omitted OPP","2024-05-31 17:02","Workflow","Update deal stage before closed deal"
"56828996001","Mews - partner portal ","Demo / Presentation","2026-02-23 14:57","Workflow","Update deal stage before closed deal"
"60838814869","NOBA Bank Group ","SDR / Omitted OPP","2026-06-03 13:30","Workflow","Update deal stage before closed deal"
"58442663046","KubeCon EU 2026 - Ericsson","SDR / Omitted OPP","2026-03-26 23:26","Workflow","Update deal stage before closed deal"
"30232624968","Talkdesk","SDR / Omitted OPP","2024-12-12 19:03","Workflow","Update deal stage before closed deal"
"44675727683","Sainsburys supermarkets","SDR / Omitted OPP","2025-09-28 14:44","Workflow","Update deal stage before closed deal"
"58029797809","Lowes","SDR / Omitted OPP","2026-03-30 22:37","Workflow","Update deal stage before closed deal"
"59727968397","World Bank 2026","Business case confirmation","2026-04-28 11:03","Record Merge","","Business case confirmation","2025-10-16 17:44","Workflow","Update deal stage before closed deal","Formal Pilot","2025-10-16 17:44","Workflow","Update deal stage before closed deal","Pilot Prep","2025-08-13 22:05","Workflow","Update deal stage before closed deal"
"29593820085","Qorvo","SDR / Omitted OPP","2024-11-26 22:58","Workflow","Update deal stage before closed deal"
"56405911059","Bajaj Finserv Limited","SDR / Omitted OPP","2026-02-16 09:35","Workflow","Update deal stage before closed deal"
"59680154632","Walmart","SDR / Omitted OPP","2026-05-12 21:00","Workflow","Update deal stage before closed deal"
"40988932962","Guardant Health","Negotiation / Legal","2026-03-25 21:53","Workflow","Update deal stage before closed deal","Business case confirmation","2026-03-18 21:47","Workflow","Update deal stage before closed deal","Formal Pilot","2026-01-21 23:13","Workflow","Update deal stage before closed deal","Pilot Prep","2026-01-16 15:57","Workflow","Update deal stage before closed deal","Demo / Presentation","2025-07-29 01:16","Workflow","Update deal stage before closed deal"
"60012747019","HTC Global Services","SDR / Omitted OPP","2026-05-04 21:32","Workflow","Update deal stage before closed deal"
"20839195035","Galenica ","SDR / Omitted OPP","2024-07-18 18:30","Workflow","Update deal stage before closed deal"
"31827022443","CityFibre","Pilot Prep","2025-03-21 12:13","Workflow","Update deal stage before closed deal","Demo / Presentation","2025-01-12 11:19","Record Merge","","Demo / Presentation","2025-01-12 11:19","Record Merge","","Demo / Presentation","2025-01-12 11:19","Record Merge","","Demo / Presentation","2025-01-12 11:19","Record Merge","","Demo / Presentation","2025-01-12 11:19","Record Merge","","Demo / Presentation","2025-01-12 11:19","Record Merge","","SDR / Omitted OPP","2025-01-09 23:31","Workflow","Update deal stage before closed deal","SDR / Omitted OPP","2025-01-09 23:31","Workflow","Update deal stage before closed deal","SDR / Omitted OPP","2025-01-09 23:31","Workflow","Update deal stage before closed deal","SDR / Omitted OPP","2025-01-09 23:31","Workflow","Update deal stage before closed deal","SDR / Omitted OPP","2025-01-09 23:31","Workflow","Update deal stage before closed deal","SDR / Omitted OPP","2025-01-09 23:31","Workflow","Update deal stage before closed deal","Demo / Presentation","2025-01-09 23:28","Workflow","Update deal stage before closed deal","SDR / Omitted OPP","2025-01-03 11:37","Workflow","Update deal stage before closed deal"
"15842693914","Platinum Cargo Logistic","SDR / Omitted OPP","2024-01-02 14:40","CRM UI Bulk Action","Gal Tarrab Levi"
"59079594563","Resmed","SDR / Omitted OPP","2026-04-10 22:07","Workflow","Update deal stage before closed deal"
"57206155319","JBS","SDR / Omitted OPP","2026-03-01 00:20","Workflow","Update deal stage before closed deal"
"18996394621","TUI","SDR / Omitted OPP","2024-04-30 09:59","Workflow","Update deal stage before closed deal"
"31360164523","Softura","SDR / Omitted OPP","2025-01-06 16:45","Workflow","Update deal stage before closed deal"
"57019218691","Capital One","Demo / Presentation","2026-03-03 20:27","Workflow","Update deal stage before closed deal","SDR / Omitted OPP","2026-02-25 23:13","Workflow","Update deal stage before closed deal"
"57898910089","Bosch Brazil","Demo / Presentation","2026-03-24 20:30","Workflow","Update deal stage before closed deal","SDR / Omitted OPP","2026-03-11 02:41","Workflow","Update deal stage before closed deal"
"12760731529","Visions FCU - reschedule","Demo / Presentation","2023-12-31 09:56","CRM UI","Gal Tarrab Levi"
"61848804641","SoSafe ","SDR / Omitted OPP","2026-06-30 16:48","Workflow","Update deal stage before closed deal"
"61605620499","Aize - New Deal","SDR / Omitted OPP","2026-06-25 00:38","Workflow","Update deal stage before closed deal"
"35420660403","Ubisoft ","SDR / Omitted OPP","2025-04-03 14:02","Workflow","Update deal stage before closed deal"
"61129836194","Booking.com - AEP","Demo / Presentation","2026-06-16 17:48","Workflow","Update deal stage before closed deal"
"15961235614","MongoDB","Demo / Presentation","2024-03-03 15:23","CRM UI","Gal Tarrab Levi","SDR / Omitted OPP","2023-12-11 11:09","Import","Deal stage and pre stage  by Gal Tarrab Levi"
"48862278779","Zup / Itau KubeCon ATL25","SDR / Omitted OPP","2025-11-11 18:09","Workflow","Update deal stage before closed deal"
"57830091286","iProov","Demo / Presentation","2026-03-31 15:47","Workflow","Update deal stage before closed deal","SDR / Omitted OPP","2026-03-10 13:05","Workflow","Update deal stage before closed deal"
"33182931108","Handelsbanken","SDR / Omitted OPP","2025-02-09 14:01","Record Merge","","SDR / Omitted OPP","2025-02-09 14:01","Record Merge","","SDR / Omitted OPP","2025-02-09 14:01","Record Merge","","SDR / Omitted OPP","2025-02-09 14:00","Record Merge","","SDR / Omitted OPP","2025-02-09 14:00","Record Merge","","SDR / Omitted OPP","2025-02-04 18:32","Workflow","Update deal stage before closed deal","SDR / Omitted OPP","2025-02-04 18:31","Workflow","Update deal stage before closed deal","SDR / Omitted OPP","2025-02-04 18:31","Workflow","Update deal stage before closed deal","SDR / Omitted OPP","2025-02-04 18:31","Workflow","Update deal stage before closed deal","SDR / Omitted OPP","2025-02-04 18:31","Workflow","Update deal stage before closed deal","SDR / Omitted OPP","2025-01-29 12:06","Record Merge","","SDR / Omitted OPP","2025-01-29 12:04","Workflow","Update deal stage before closed deal","SDR / Omitted OPP","2025-01-08 15:05","Workflow","Update deal stage before closed deal"
"14514030770","Check Point","Formal Pilot","2023-12-11 11:09","Import","Deal stage and pre stage  by Gal Tarrab Levi"
"17507575300","CitiusTech","Demo / Presentation","2024-02-18 09:31","Workflow","Update deal stage before closed deal","SDR / Omitted OPP","2024-02-14 02:14","Workflow","Update deal stage before closed deal"
"60072627485","HID Global","Pilot Prep","2026-05-21 16:16","Workflow","Update deal stage before closed deal","Demo / Presentation","2026-05-12 17:31","Workflow","Update deal stage before closed deal","SDR / Omitted OPP","2026-05-07 17:19","Workflow","Update deal stage before closed deal"
"32511039125","Tecan ","SDR / Omitted OPP","2025-01-27 16:03","Workflow","Update deal stage before closed deal"
"32276298423","PEXA","Demo / Presentation","2025-01-22 06:34","Workflow","Update deal stage before closed deal","SDR / Omitted OPP","2025-01-21 11:17","Workflow","Update deal stage before closed deal"
"29817619289","UKHO","SDR / Omitted OPP","2024-12-04 10:54","Workflow","Update deal stage before closed deal"
"39899182239","Cox Auto","SDR / Omitted OPP","2025-07-09 18:11","Workflow","Update deal stage before closed deal"
"59079134102","Aqovia","SDR / Omitted OPP","2026-04-10 22:07","Workflow","Update deal stage before closed deal"
"29881408264","Liberty Mutual","SDR / Omitted OPP","2024-12-05 03:25","Workflow","Update deal stage before closed deal"
"35407426834","Odido Nederland","SDR / Omitted OPP","2025-04-03 12:51","Workflow","Update deal stage before closed deal"
"41190889510","Kyndryl Holdings, Inc","SDR / Omitted OPP","2025-08-01 20:55","Workflow","Update deal stage before closed deal"
"16974259725","Warner Pacific Insurance Services","SDR / Omitted OPP","2024-01-16 19:12","Workflow","Update deal stage before closed deal"
"15742225254","OK Benzin","SDR / Omitted OPP","2023-12-11 11:09","Import","Deal stage and pre stage  by Gal Tarrab Levi"
"13238813081","Audi DE","Demo / Presentation","2023-12-11 11:09","Import","Deal stage and pre stage  by Gal Tarrab Levi"
"57941030509","Bankdata ","SDR / Omitted OPP","2026-03-12 16:59","Workflow","Update deal stage before closed deal"
"13686733207","N Brown Group","Negotiation / Legal","2023-12-11 11:09","Import","Deal stage and pre stage  by Gal Tarrab Levi"
"22098531379","KUBRA","Negotiation / Legal","2024-10-30 14:28","Workflow","Update deal stage before closed deal","Business case confirmation","2024-09-18 21:10","Workflow","Update deal stage before closed deal","SDR / Omitted OPP","2024-09-10 17:20","Workflow","Update deal stage before closed deal"
"16947419451","ANZ","Demo / Presentation","2024-01-18 18:52","Workflow","Update deal stage before closed deal","SDR / Omitted OPP","2024-01-15 10:15","Workflow","Update deal stage before closed deal"
"21955917401","Starbucks","Demo / Presentation","2024-09-11 20:46","Workflow","Update deal stage before closed deal","SDR / Omitted OPP","2024-09-05 20:50","Workflow","Update deal stage before closed deal"
"39542152877","Apartment List","SDR / Omitted OPP","2025-07-01 08:52","Workflow","Update deal stage before closed deal"
"56941773568","Sky","SDR / Omitted OPP","2026-02-24 17:36","Workflow","Update deal stage before closed deal"
"19663733663","Jetstar Airways","Demo / Presentation","2024-06-27 16:13","Workflow","Update deal stage before closed deal","SDR / Omitted OPP","2024-05-28 08:58","Workflow","Update deal stage before closed deal"
"23011573576","JLL - New (API Portal - Internal/External)","SDR / Omitted OPP","2024-10-08 04:31","Workflow","Update deal stage before closed deal"
"61575764888"," - New Deal","SDR / Omitted OPP","2026-06-24 22:54","Workflow","Update deal stage before closed deal"
"15152886939","AHEAD","SDR / Omitted OPP","2023-12-11 11:09","Import","Deal stage and pre stage  by Gal Tarrab Levi"
"23214094516","Wall Street English","SDR / Omitted OPP","2024-10-14 07:44","Workflow","Update deal stage before closed deal"
"55827456417","Laerdal Medical","Business case confirmation","2026-05-14 15:00","Workflow","Update deal stage before closed deal","Formal Pilot","2026-04-13 10:25","Workflow","Update deal stage before closed deal","Demo / Presentation","2026-04-07 15:09","Workflow","Update deal stage before closed deal","Pilot Prep","2026-04-07 15:08","Workflow","Update deal stage before closed deal","Demo / Presentation","2026-03-18 10:56","Workflow","Update deal stage before closed deal","SDR / Omitted OPP","2026-03-11 11:28","Workflow","Update deal stage before closed deal"
"61110097312","Versa Networks","Demo / Presentation","2026-06-23 16:33","Workflow","Update deal stage before closed deal","SDR / Omitted OPP","2026-06-15 17:40","Workflow","Update deal stage before closed deal"
"23122323317","NSoft","SDR / Omitted OPP","2024-10-10 11:44","Workflow","Update deal stage before closed deal"
"18130614431","Storebrand  - KubeCon","SDR / Omitted OPP","2024-03-20 19:05","Workflow","Update deal stage before closed deal"
"58441996083","Netease","SDR / Omitted OPP","2026-03-27 10:01","Workflow","Update deal stage before closed deal"
"60999834634","Kambi ","SDR / Omitted OPP","2026-06-10 14:49","Workflow","Update deal stage before closed deal"
"37633479445","Cambridge University Press","SDR / Omitted OPP","2025-05-22 19:10","Workflow","Update deal stage before closed deal"
"48287746129","Kuda","SDR / Omitted OPP","2025-11-05 17:14","Workflow","Update deal stage before closed deal"
"58244068389","KubeCon EU 2026 - Freedom Cloud","SDR / Omitted OPP","2026-03-23 11:17","Workflow","Update deal stage before closed deal"
"57576687105","Hubtel Limited ","Demo / Presentation","2026-03-09 14:19","Workflow","Update deal stage before closed deal","SDR / Omitted OPP","2026-03-05 18:07","Workflow","Update deal stage before closed deal"
"61690290523","Marriott International - New Deal","SDR / Omitted OPP","2026-06-26 22:37","Workflow","Update deal stage before closed deal"
"35317280310","Bestseller","SDR / Omitted OPP","2025-04-01 12:27","Workflow","Update deal stage before closed deal"
"35311969594","Poletti Technologies","SDR / Omitted OPP","2025-04-01 14:56","Workflow","Update deal stage before closed deal"
"13366138271","Amdocs","SDR / Omitted OPP","2023-12-11 11:09","Import","Deal stage and pre stage  by Gal Tarrab Levi"
"30131991886","AW Rostamani Group","SDR / Omitted OPP","2024-12-11 13:39","Workflow","Update deal stage before closed deal"
"30866041194","McKinsey & Company","SDR / Omitted OPP","2024-12-22 11:02","Record Merge","","SDR / Omitted OPP","2024-12-19 18:09","Workflow","Update deal stage before closed deal","SDR / Omitted OPP","2024-11-15 01:33","Workflow","Update deal stage before closed deal"
"58303862656","Liberty Mutual","Pilot Prep","2026-06-24 23:21","Workflow","Update deal stage before closed deal","Demo / Presentation","2026-05-27 17:03","Workflow","Update deal stage before closed deal","SDR / Omitted OPP","2026-03-24 18:12","Workflow","Update deal stage before closed deal"
"42713329317","GlobalLogic UK&I","SDR / Omitted OPP","2025-08-22 20:07","Workflow","Update deal stage before closed deal"
"29882893343","Nike","SDR / Omitted OPP","2024-12-05 20:53","Workflow","Update deal stage before closed deal"
"61683037613","Cardworks - New Deal","SDR / Omitted OPP","2026-06-26 22:37","Workflow","Update deal stage before closed deal"
"51176846479","Jombay - AWS LV 25","SDR / Omitted OPP","2025-12-04 03:40","Workflow","Update deal stage before closed deal"
"33866104106","Silverfort","Negotiation / Legal","2025-02-23 17:29","Record Merge","","Negotiation / Legal","2025-02-23 17:29","Record Merge","","SDR / Omitted OPP","2025-02-23 16:58","Workflow","Update deal stage before closed deal","SDR / Omitted OPP","2025-02-23 16:58","Workflow","Update deal stage before closed deal","Negotiation / Legal","2024-12-09 11:09","Workflow","Update deal stage before closed deal","Business case confirmation","2024-12-05 14:12","Workflow","Update deal stage before closed deal","Formal Pilot","2024-11-27 18:09","Workflow","Update deal stage before closed deal","Pilot Prep","2024-10-29 13:52","Workflow","Update deal stage before closed deal","Demo / Presentation","2024-08-08 12:52","Workflow","Update deal stage before closed deal","SDR / Omitted OPP","2024-08-01 17:45","Workflow","Update deal stage before closed deal"
"18112496782","Sorenson Communications","Pilot Prep","2024-12-22 19:18","Workflow","Update deal stage before closed deal","Business case confirmation","2024-08-27 23:13","Workflow","Update deal stage before closed deal","Formal Pilot","2024-06-06 17:02","Workflow","Update deal stage before closed deal","Business case confirmation","2024-06-06 17:02","Workflow","Update deal stage before closed deal","Pilot Prep","2024-05-16 05:22","Workflow","Update deal stage before closed deal","Demo / Presentation","2024-03-22 21:34","Workflow","Update deal stage before closed deal","SDR / Omitted OPP","2024-03-19 19:21","Workflow","Update deal stage before closed deal"
"60458920530","Comarch","SDR / Omitted OPP","2026-05-21 14:04","Workflow","Update deal stage before closed deal"
"51160215140","Kyndryl/Naturgy MVP","Pilot Prep","2026-05-07 13:23","Workflow","Update deal stage before closed deal","Demo / Presentation","2026-03-31 12:56","Workflow","Update deal stage before closed deal","SDR / Omitted OPP","2025-12-04 18:58","Workflow","Update deal stage before closed deal"
"29583927709","HDI Seguros Colombia","Business case confirmation","2025-06-13 21:46","Workflow","Update deal stage before closed deal","Formal Pilot","2025-04-14 21:12","Workflow","Update deal stage before closed deal","Pilot Prep","2025-03-06 17:28","Workflow","Update deal stage before closed deal","Demo / Presentation","2024-12-19 11:03","Workflow","Update deal stage before closed deal","SDR / Omitted OPP","2024-11-26 16:41","Workflow","Update deal stage before closed deal"
"35352111763","Celfocus","SDR / Omitted OPP","2025-04-02 17:42","Workflow","Update deal stage before closed deal"
"35346264484","Simplify9","SDR / Omitted OPP","2025-04-02 16:18","Workflow","Update deal stage before closed deal"
"59812453930","Adobe","Demo / Presentation","2026-05-14 17:46","Workflow","Update deal stage before closed deal","SDR / Omitted OPP","2026-05-12 21:00","Workflow","Update deal stage before closed deal"
"36457450015","National Bank of Canada","Negotiation / Legal","2026-02-05 16:23","Workflow","Update deal stage before closed deal","Business case confirmation","2025-12-10 16:22","Workflow","Update deal stage before closed deal","Formal Pilot","2025-09-18 17:18","Workflow","Update deal stage before closed deal","Pilot Prep","2025-07-31 21:58","Workflow","Update deal stage before closed deal","Demo / Presentation","2025-04-29 10:57","Record Merge","","Demo / Presentation","2025-04-28 04:09","Workflow","Update deal stage before closed deal","SDR / Omitted OPP","2025-04-25 20:44","Workflow","Update deal stage before closed deal","SDR / Omitted OPP","2025-04-10 16:16","Workflow","Update deal stage before closed deal"
"43495872081","Marshmallow","SDR / Omitted OPP","2025-09-09 12:24","Workflow","Update deal stage before closed deal"
"23118663843","Anheuser-Busch","SDR / Omitted OPP","2024-10-10 09:15","Workflow","Update deal stage before closed deal"
"58440884111","KubeCon EU 2026 - Mastercard Inc.","SDR / Omitted OPP","2026-03-26 23:26","Workflow","Update deal stage before closed deal"
"35307611975","Ista","SDR / Omitted OPP","2025-04-01 16:48","Workflow","Update deal stage before closed deal"
"23374924431","ShopBack","Demo / Presentation","2024-10-25 16:09","Workflow","Update deal stage before closed deal","SDR / Omitted OPP","2024-10-18 17:15","Workflow","Update deal stage before closed deal"
"43827241090","Philip Morris International ","Business case confirmation","2026-02-12 13:23","Workflow","Update deal stage before closed deal","Formal Pilot","2025-11-05 17:19","Workflow","Update deal stage before closed deal","Pilot Prep","2025-11-05 17:17","Workflow","Update deal stage before closed deal","Demo / Presentation","2025-09-19 13:00","Workflow","Update deal stage before closed deal","SDR / Omitted OPP","2025-09-16 18:35","Workflow","Update deal stage before closed deal"
"60846305970","Mastercard Inc.","SDR / Omitted OPP","2026-06-03 22:18","Workflow","Update deal stage before closed deal"
"59273867795","PSL Group","Demo / Presentation","2026-04-20 18:34","Workflow","Update deal stage before closed deal","SDR / Omitted OPP","2026-04-17 18:28","Workflow","Update deal stage before closed deal"
"15960849043","CareFirst","SDR / Omitted OPP","2024-01-02 14:37","CRM UI Bulk Action","Gal Tarrab Levi"
"19382913349","Sopra Steria","SDR / Omitted OPP","2024-05-15 16:40","Workflow","Update deal stage before closed deal"
"58436624011","KubeCon EU 2026 - Kharon","SDR / Omitted OPP","2026-03-26 23:26","Workflow","Update deal stage before closed deal"
"18145137838","Hexagon - KubeCon","SDR / Omitted OPP","2024-03-21 12:41","Workflow","Update deal stage before closed deal"
"39009554273","CCU","Pilot Prep","2025-07-24 19:38","Workflow","Update deal stage before closed deal","Demo / Presentation","2025-07-24 18:43","Workflow","Update deal stage before closed deal","SDR / Omitted OPP","2025-06-18 11:23","Workflow","Update deal stage before closed deal"
"51953658258","Medtronic - Renewal 2026","Demo / Presentation","2025-12-18 18:30","Workflow","Update deal stage before closed deal"
"23134333476","TAL","Demo / Presentation","2024-11-07 15:43","Workflow","Update deal stage before closed deal","SDR / Omitted OPP","2024-10-10 06:49","Workflow","Update deal stage before closed deal"
"13059231774","UpSider - reschedule","SDR / Omitted OPP","2023-12-11 11:09","Import","Deal stage and pre stage  by Gal Tarrab Levi"
"32646042186","Bank of New York Mellon - 2025","SDR / Omitted OPP","2025-01-28 14:17","Record Merge","","SDR / Omitted OPP","2025-01-27 17:24","Workflow","Update deal stage before closed deal","SDR / Omitted OPP","2025-01-15 16:24","Workflow","Update deal stage before closed deal"
"11266603095","Omnicell","Business case confirmation","2023-12-11 11:09","Import","Deal stage and pre stage  by Gal Tarrab Levi"
"18126028957","Getlink - KubeCon","SDR / Omitted OPP","2024-03-20 14:37","Workflow","Update deal stage before closed deal"
"21245585232","Jackson","Pilot Prep","2024-09-05 16:31","Workflow","Update deal stage before closed deal","Demo / Presentation","2024-08-28 17:31","Workflow","Update deal stage before closed deal","SDR / Omitted OPP","2024-08-09 14:52","Workflow","Update deal stage before closed deal"
"18131031047","Blacklane gmbh - KubeCon","Demo / Presentation","2024-04-03 16:41","Workflow","Update deal stage before closed deal","SDR / Omitted OPP","2024-03-20 19:46","Workflow","Update deal stage before closed deal"
"61460063865","EMIS - New Deal","SDR / Omitted OPP","2026-06-23 15:11","Workflow","Update deal stage before closed deal"
"61179073030","Hollard Insurance Australia","SDR / Omitted OPP","2026-06-17 04:58","Workflow","Update deal stage before closed deal"
"21075052382","Simpson Strong-Tie","SDR / Omitted OPP","2024-07-30 22:48","Workflow","Update deal stage before closed deal"
"58441970703","KubeCon EU 2026 - DB Systel GmbH","SDR / Omitted OPP","2026-03-26 23:26","Workflow","Update deal stage before closed deal"
"60170835606","KubeCon EU 2026 - vinci energies","SDR / Omitted OPP","2026-05-11 17:15","Record Merge","","SDR / Omitted OPP","2026-04-09 12:45","Record Merge","","SDR / Omitted OPP","2026-04-08 15:45","Workflow","Update deal stage before closed deal","SDR / Omitted OPP","2026-04-08 15:45","Workflow","Update deal stage before closed deal","SDR / Omitted OPP","2026-03-26 23:26","Workflow","Update deal stage before closed deal"
"37313391134","vector informatik ","SDR / Omitted OPP","2025-05-16 10:32","Workflow","Update deal stage before closed deal"
"60612100778","Cellebrite ","SDR / Omitted OPP","2026-05-26 09:24","Workflow","Update deal stage before closed deal"
"15268528403","IU Group","Negotiation / Legal","2023-12-24 13:52","Import","STAGE BEFORE - Sheet1.csv by Gal Tarrab Levi","Business case confirmation","2023-12-11 11:09","Import","Deal stage and pre stage  by Gal Tarrab Levi"
"41126027082","Woolworths","SDR / Omitted OPP","2025-07-31 11:37","Workflow","Update deal stage before closed deal"
"31360166729","Beazley","Business case confirmation","2025-04-09 22:25","Workflow","Update deal stage before closed deal","Formal Pilot","2025-03-18 16:29","Workflow","Update deal stage before closed deal","Pilot Prep","2025-02-04 22:41","Workflow","Update deal stage before closed deal","Demo / Presentation","2025-01-09 23:44","Workflow","Update deal stage before closed deal","SDR / Omitted OPP","2025-01-02 23:39","Workflow","Update deal stage before closed deal"
"13151881055","SmithRX","SDR / Omitted OPP","2023-12-11 11:09","Import","Deal stage and pre stage  by Gal Tarrab Levi"
"55922554486","Take-Two Interactive","Demo / Presentation","2026-02-24 16:52","Workflow","Update deal stage before closed deal","SDR / Omitted OPP","2026-02-10 20:46","Workflow","Update deal stage before closed deal"
"35768783130","WGU","Negotiation / Legal","2025-07-30 19:18","Workflow","Update deal stage before closed deal","Business case confirmation","2025-07-23 22:30","Workflow","Update deal stage before closed deal","Formal Pilot","2025-06-10 23:29","Workflow","Update deal stage before closed deal","Pilot Prep","2025-06-04 17:21","Workflow","Update deal stage before closed deal","Demo / Presentation","2025-05-06 19:26","Workflow","Update deal stage before closed deal","SDR / Omitted OPP","2025-04-15 17:03","Workflow","Update deal stage before closed deal"
"57700573023","Davivienda Bank SA","SDR / Omitted OPP","2026-03-06 18:40","Workflow","Update deal stage before closed deal"
"23227822125","Permutive","SDR / Omitted OPP","2024-10-14 19:25","Workflow","Update deal stage before closed deal"
"30462150232","Axpo - Expansion","Demo / Presentation","2024-12-16 17:30","Workflow","Update deal stage before closed deal"
"29112872215","Axon Enterprise Inc","SDR / Omitted OPP","2024-11-14 21:11","Workflow","Update deal stage before closed deal"
"34531977555","Hatch","SDR / Omitted OPP","2025-03-11 20:43","Workflow","Update deal stage before closed deal"
"14313002514","Pennywise Solutions","Formal Pilot","2023-12-11 11:09","Import","Deal stage and pre stage  by Gal Tarrab Levi"
"15127372886","Veeva Systems","Formal Pilot","2023-12-24 13:52","Import","STAGE BEFORE - Sheet1.csv by Gal Tarrab Levi","Pilot Prep","2023-12-11 11:09","Import","Deal stage and pre stage  by Gal Tarrab Levi"
"59086426894","Visa - Cloud & Infra Team","Pilot Prep","2026-06-18 15:08","Workflow","Update deal stage before closed deal","Demo / Presentation","2026-06-18 15:07","Workflow","Update deal stage before closed deal","SDR / Omitted OPP","2026-04-10 17:53","Workflow","Update deal stage before closed deal"
"29261567750","Curriculum Associates","Demo / Presentation","2024-12-11 00:14","Workflow","Update deal stage before closed deal","SDR / Omitted OPP","2024-11-18 19:42","Workflow","Update deal stage before closed deal"
"29037152359","DNV","SDR / Omitted OPP","2024-11-13 22:45","Workflow","Update deal stage before closed deal"
"17838626318","Change Healthcare","SDR / Omitted OPP","2024-03-03 12:13","Workflow","Update deal stage before closed deal"
"36595552845","Tangerine Bank","SDR / Omitted OPP","2025-04-30 21:45","Workflow","Update deal stage before closed deal"
"35315252648","Nestle ","SDR / Omitted OPP","2025-04-01 12:24","Workflow","Update deal stage before closed deal"
"62045325129","RBC","SDR / Omitted OPP","2026-07-02 18:34","Workflow","Update deal stage before closed deal"
"29883928923","Cyera","SDR / Omitted OPP","2024-12-05 14:43","Workflow","Update deal stage before closed deal"
"17960436146","Mphasis Limited","SDR / Omitted OPP","2024-03-10 16:42","Workflow","Update deal stage before closed deal"
"59080646420","MENA Cloud Alliance","SDR / Omitted OPP","2026-04-10 22:07","Workflow","Update deal stage before closed deal"
"36108588209","Banco Interamericano de Finanzas “Banbif”","Negotiation / Legal","2025-11-17 21:15","Workflow","Update deal stage before closed deal","Business case confirmation","2025-09-09 21:49","Workflow","Update deal stage before closed deal","Pilot Prep","2025-06-18 21:05","Workflow","Update deal stage before closed deal","Demo / Presentation","2025-05-14 19:41","Workflow","Update deal stage before closed deal","SDR / Omitted OPP","2025-04-23 05:18","Workflow","Update deal stage before closed deal"
"58246665997","United Health Group","SDR / Omitted OPP","2026-03-23 14:29","Workflow","Update deal stage before closed deal"
"22790688820","Crédit Agricole","Business case confirmation","2025-06-24 10:54","Workflow","Update deal stage before closed deal","Formal Pilot","2025-05-06 15:13","Workflow","Update deal stage before closed deal","Pilot Prep","2024-11-12 12:31","Workflow","Update deal stage before closed deal","Demo / Presentation","2024-10-31 16:18","Workflow","Update deal stage before closed deal","SDR / Omitted OPP","2024-09-30 15:35","Workflow","Update deal stage before closed deal"
"38841989305","If Insurance","SDR / Omitted OPP","2025-06-13 13:08","Workflow","Update deal stage before closed deal"
"16560058121","Varonis","SDR / Omitted OPP","2024-01-02 14:37","CRM UI Bulk Action","Gal Tarrab Levi"
"29146888767","SWICA ","SDR / Omitted OPP","2024-11-15 20:21","Workflow","Update deal stage before closed deal"
"36313431890","Scotia Bank","SDR / Omitted OPP","2025-04-25 22:10","Workflow","Update deal stage before closed deal"
"15977465750","Somos","SDR / Omitted OPP","2024-01-02 14:37","CRM UI Bulk Action","Gal Tarrab Levi"
"15843150610","Uber","SDR / Omitted OPP","2024-01-02 14:40","CRM UI Bulk Action","Gal Tarrab Levi"
"33733533984","Aptos","Negotiation / Legal","2025-07-22 17:02","Workflow","Update deal stage before closed deal","Business case confirmation","2025-07-02 22:52","Workflow","Update deal stage before closed deal","Formal Pilot","2025-06-17 22:27","Workflow","Update deal stage before closed deal","Pilot Prep","2025-06-12 17:12","Workflow","Update deal stage before closed deal","Demo / Presentation","2025-04-15 20:08","Workflow","Update deal stage before closed deal","SDR / Omitted OPP","2025-02-19 23:17","Workflow","Update deal stage before closed deal"
"52383008775","Grupo Credito - 40 seats","Negotiation / Legal","2026-03-18 18:03","Workflow","Update deal stage before closed deal","Business case confirmation","2026-03-18 18:03","Workflow","Update deal stage before closed deal","Formal Pilot","2026-03-18 18:03","Workflow","Update deal stage before closed deal","Pilot Prep","2025-12-29 18:48","Workflow","Update deal stage before closed deal","Demo / Presentation","2025-12-29 18:48","Workflow","Update deal stage before closed deal","SDR / Omitted OPP","2025-12-23 19:52","Workflow","Update deal stage before closed deal"
"18722204213","Unisys Corporation","Demo / Presentation","2024-06-10 21:17","Workflow","Update deal stage before closed deal","Pilot Prep","2024-05-28 18:43","Workflow","Update deal stage before closed deal","Demo / Presentation","2024-04-23 18:54","Workflow","Update deal stage before closed deal","SDR / Omitted OPP","2024-04-18 10:32","Workflow","Update deal stage before closed deal"
"15843407118","JetPatch","SDR / Omitted OPP","2024-01-02 14:40","CRM UI Bulk Action","Gal Tarrab Levi"
"58430946479","KubeCon EU 2026 - Belfius","SDR / Omitted OPP","2026-03-26 23:26","Workflow","Update deal stage before closed deal"
"56726801182","Foot Locker","Demo / Presentation","2026-04-21 23:02","Workflow","Update deal stage before closed deal","SDR / Omitted OPP","2026-02-20 20:00","Workflow","Update deal stage before closed deal"
"60711409045","miro - New Deal","SDR / Omitted OPP","2026-05-29 17:32","Workflow","Update deal stage before closed deal"
"18167444750","Ignite Insurance Systems  - KubeCon","SDR / Omitted OPP","2024-03-22 13:59","Workflow","Update deal stage before closed deal"
"58479536241","Starbucks","SDR / Omitted OPP","2026-05-12 21:00","Workflow","Update deal stage before closed deal"
"36179236404","Labcorp","Pilot Prep","2025-10-23 15:50","Workflow","Update deal stage before closed deal","Formal Pilot","2025-07-25 22:27","Workflow","Update deal stage before closed deal","Pilot Prep","2025-06-03 20:15","Workflow","Update deal stage before closed deal","Demo / Presentation","2025-05-29 17:57","Workflow","Update deal stage before closed deal","SDR / Omitted OPP","2025-04-24 18:15","Workflow","Update deal stage before closed deal"
"60643783241","Payroc","Demo / Presentation","2026-06-01 19:31","Workflow","Update deal stage before closed deal","SDR / Omitted OPP","2026-05-26 18:06","Workflow","Update deal stage before closed deal"
"18129062915","Onmyown - KubeCon","SDR / Omitted OPP","2024-03-20 18:06","Workflow","Update deal stage before closed deal"
"53381466163","Luminor","SDR / Omitted OPP","2026-01-07 16:10","Workflow","Update deal stage before closed deal"
"15960748081","Arctiq","SDR / Omitted OPP","2023-12-11 11:09","Import","Deal stage and pre stage  by Gal Tarrab Levi"
"57397578332","Hilti Group - Expansion","SDR / Omitted OPP","2026-03-12 05:10","Workflow","Update deal stage before closed deal"
"18131230866","Adore Me - KubeCon","SDR / Omitted OPP","2024-03-20 20:11","Workflow","Update deal stage before closed deal"
"15843430432","SBS","SDR / Omitted OPP","2024-01-02 14:40","CRM UI Bulk Action","Gal Tarrab Levi"
"42839588104","SGNL.ai","Pilot Prep","2025-08-28 16:52","Workflow","Update deal stage before closed deal","Demo / Presentation","2025-08-28 16:51","Workflow","Update deal stage before closed deal","SDR / Omitted OPP","2025-08-26 18:26","Workflow","Update deal stage before closed deal"
"31812549668","IBM","SDR / Omitted OPP","2025-01-10 20:20","Workflow","Update deal stage before closed deal"
"15090741917","PGS-2025","","2024-01-01 13:37","CRM UI","Gal Tarrab Levi","SDR / Omitted OPP","2023-12-11 11:09","Import","Deal stage and pre stage  by Gal Tarrab Levi"
"16366849353","Tata Consultancy Services / TCS","SDR / Omitted OPP","2024-01-02 14:37","CRM UI Bulk Action","Gal Tarrab Levi"
"47669516724","Optum Inc/UHG","Demo / Presentation","2026-03-30 23:33","CRM UI","Gal Tarrab Levi","","2026-03-01 08:56","CRM UI","Roy Waxman","Demo / Presentation","2025-12-19 17:09","Workflow","Update deal stage before closed deal","SDR / Omitted OPP","2025-10-30 00:15","Workflow","Update deal stage before closed deal"
"13202943271","Semrush","SDR / Omitted OPP","2023-12-31 09:54","CRM UI","Gal Tarrab Levi"
"31609895483","Brubank","Business case confirmation","2025-03-07 21:07","Workflow","Update deal stage before closed deal","Formal Pilot","2025-02-11 21:34","Workflow","Update deal stage before closed deal","Demo / Presentation","2025-01-23 21:57","Workflow","Update deal stage before closed deal","SDR / Omitted OPP","2025-01-06 20:59","Workflow","Update deal stage before closed deal"
"12760730388","Verizon","Pilot Prep","2023-12-11 11:09","Import","Deal stage and pre stage  by Gal Tarrab Levi"
"30737328985","Insider","SDR / Omitted OPP","2024-12-18 17:08","Workflow","Update deal stage before closed deal"
"59079594565","Virtusa","SDR / Omitted OPP","2026-04-10 22:07","Workflow","Update deal stage before closed deal"
"44789400615","Critical Software","SDR / Omitted OPP","2025-09-29 13:00","Workflow","Update deal stage before closed deal"
"52203202124","Elementor Ltd","SDR / Omitted OPP","2025-12-19 18:42","Workflow","Update deal stage before closed deal"
"61580227899","NIBC Bank ","SDR / Omitted OPP","2026-06-25 00:44","Workflow","Update deal stage before closed deal"
"39953145385","Autodistribution","SDR / Omitted OPP","2025-07-10 13:29","Workflow","Update deal stage before closed deal"
"60636844039","Cato Networks","SDR / Omitted OPP","2026-05-26 11:10","Workflow","Update deal stage before closed deal"
"13214905773","Great American Insurance Group","Negotiation / Legal","2023-12-11 11:09","Import","Deal stage and pre stage  by Gal Tarrab Levi"
"38340583320","Länsförsäkringar","SDR / Omitted OPP","2025-06-03 10:21","Workflow","Update deal stage before closed deal"
"61685715852","Nomura International plc - New Deal","SDR / Omitted OPP","2026-06-26 22:37","Workflow","Update deal stage before closed deal"
"58450570048","KubeCon EU 2026 - SimCorp","SDR / Omitted OPP","2026-03-26 23:26","Workflow","Update deal stage before closed deal"
"40326189145","UCBOS","SDR / Omitted OPP","2025-07-16 18:29","Workflow","Update deal stage before closed deal"
"14977513117","SolarEdge","Business case confirmation","2023-12-24 13:52","Import","STAGE BEFORE - Sheet1.csv by Gal Tarrab Levi","Negotiation / Legal","2023-12-13 12:56","Workflow","Update deal stage before closed deal","Formal Pilot","2023-12-11 11:09","Import","Deal stage and pre stage  by Gal Tarrab Levi"
"58592288036","VTEX - New Deal","SDR / Omitted OPP","2026-03-31 13:47","Workflow","Update deal stage before closed deal"
"35445564962","Statens vegvesen ","SDR / Omitted OPP","2025-04-03 17:46","Workflow","Update deal stage before closed deal"
"32755952926","Intelerad Inc ","Negotiation / Legal","2025-04-16 19:17","Workflow","Update deal stage before closed deal","Business case confirmation","2025-04-09 23:52","Workflow","Update deal stage before closed deal","Formal Pilot","2025-04-01 16:32","Workflow","Update deal stage before closed deal","Demo / Presentation","2025-02-07 22:45","Workflow","Update deal stage before closed deal","SDR / Omitted OPP","2025-01-30 20:26","Workflow","Update deal stage before closed deal"
"38692696398","Mastercard Inc.","SDR / Omitted OPP","2025-06-09 23:41","Workflow","Update deal stage before closed deal"
"18167800688","LSEG - KubeCon","SDR / Omitted OPP","2024-03-22 15:03","Workflow","Update deal stage before closed deal"
"15993201844","Epic Games","Demo / Presentation","2024-03-03 15:18","CRM UI","Gal Tarrab Levi","SDR / Omitted OPP","2023-12-11 11:09","Import","Deal stage and pre stage  by Gal Tarrab Levi"
"35463760766","Vigil ","SDR / Omitted OPP","2025-04-04 15:47","Workflow","Update deal stage before closed deal"
"31660169612","Mastercard","SDR / Omitted OPP","2025-01-08 00:04","Workflow","Update deal stage before closed deal"
"56127355786","x15 Ventures","SDR / Omitted OPP","2026-02-12 10:54","Workflow","Update deal stage before closed deal"
"15133148850","Software AG","Formal Pilot","2023-12-11 11:09","Import","Deal stage and pre stage  by Gal Tarrab Levi"
"15143485474","Frontier Communications","SDR / Omitted OPP","2023-12-11 11:09","Import","Deal stage and pre stage  by Gal Tarrab Levi"
"61085526439","Booking.com - Backstage Replacement - 6k Users","Demo / Presentation","2026-06-14 09:49","Record Merge","","Demo / Presentation","2026-06-11 13:31","Workflow","Update deal stage before closed deal","SDR / Omitted OPP","2026-06-05 12:27","Workflow","Update deal stage before closed deal","Demo / Presentation","2026-03-10 17:22","Workflow","Update deal stage before closed deal","SDR / Omitted OPP","2026-02-24 16:32","Workflow","Update deal stage before closed deal"
"59103904819","Kyndryl","SDR / Omitted OPP","2026-04-10 22:09","Workflow","Update deal stage before closed deal"
"17603174913","JFrog 2024","Negotiation / Legal","2024-12-05 14:11","Workflow","Update deal stage before closed deal","Business case confirmation","2024-06-24 10:25","Workflow","Update deal stage before closed deal","Formal Pilot","2024-04-15 13:56","Workflow","Update deal stage before closed deal","Pilot Prep","2024-03-04 13:18","Workflow","Update deal stage before closed deal","Formal Pilot","2024-02-21 11:57","Workflow","Update deal stage before closed deal","Pilot Prep","2024-02-20 11:39","Workflow","Update deal stage before closed deal","Demo / Presentation","2024-02-18 14:59","Workflow","Update deal stage before closed deal"
"15336750897","Flywire","Demo / Presentation","2024-03-03 15:19","CRM UI","Gal Tarrab Levi","SDR / Omitted OPP","2023-12-11 11:09","Import","Deal stage and pre stage  by Gal Tarrab Levi"
"38281922631","Garmin","Demo / Presentation","2025-06-09 18:29","Workflow","Update deal stage before closed deal","SDR / Omitted OPP","2025-06-09 18:29","Workflow","Update deal stage before closed deal"
"39966528513","Harman International","SDR / Omitted OPP","2025-07-18 04:02","Workflow","Update deal stage before closed deal"
"32326157655","Lockheed Martin","SDR / Omitted OPP","2025-01-22 23:42","Workflow","Update deal stage before closed deal"
"12609398928","ViaPlay ","SDR / Omitted OPP","2024-01-02 14:40","CRM UI Bulk Action","Gal Tarrab Levi"
"31699664516","Arctic Wolf","SDR / Omitted OPP","2025-01-08 18:04","Workflow","Update deal stage before closed deal"
"59099324198","RDT Limited","SDR / Omitted OPP","2026-04-10 22:07","Workflow","Update deal stage before closed deal"
"28982302030","SnapLogic","Demo / Presentation","2024-12-05 21:54","Workflow","Update deal stage before closed deal","SDR / Omitted OPP","2024-11-12 19:29","Workflow","Update deal stage before closed deal"
"35334579994","ITK Engineering","Demo / Presentation","2025-06-10 16:43","Workflow","Update deal stage before closed deal","SDR / Omitted OPP","2025-04-01 13:31","Workflow","Update deal stage before closed deal"
"30866041152","O.C. Tanner ","Pilot Prep","2025-01-22 00:10","Workflow","Update deal stage before closed deal","Demo / Presentation","2024-12-22 10:49","Record Merge","","Demo / Presentation","2024-12-22 10:49","Record Merge","","Demo / Presentation","2024-12-22 10:49","Record Merge","","SDR / Omitted OPP","2024-12-21 00:52","Workflow","Update deal stage before closed deal","SDR / Omitted OPP","2024-12-20 21:06","Workflow","Update deal stage before closed deal","SDR / Omitted OPP","2024-12-19 22:38","Workflow","Update deal stage before closed deal","Demo / Presentation","2024-12-10 14:19","Record Merge","","SDR / Omitted OPP","2024-12-09 23:25","Workflow","Update deal stage before closed deal","Demo / Presentation","2024-12-08 09:00","Record Merge","","SDR / Omitted OPP","2024-12-06 18:53","Workflow","Update deal stage before closed deal","Demo / Presentation","2024-12-05 16:57","Workflow","Update deal stage before closed deal","SDR / Omitted OPP","2024-11-28 17:37","Record Merge","","SDR / Omitted OPP","2024-11-27 17:58","Workflow","Update deal stage before closed deal","SDR / Omitted OPP","2024-11-15 20:09","Workflow","Update deal stage before closed deal"
"58437401370","KubeCon EU 2026 - TOPdesk","SDR / Omitted OPP","2026-03-26 23:26","Workflow","Update deal stage before closed deal"
"60178496781","NationsBenefits","SDR / Omitted OPP","2026-05-11 20:01","Workflow","Update deal stage before closed deal"
"17114334338","Milestone Systems","Demo / Presentation","2024-02-08 11:27","Workflow","Update deal stage before closed deal","SDR / Omitted OPP","2024-01-23 10:31","Workflow","Update deal stage before closed deal"
"41456233272","EFG","SDR / Omitted OPP","2025-08-06 11:22","Workflow","Update deal stage before closed deal"
"48894030157","Cast AI Group Inc","SDR / Omitted OPP","2025-11-12 00:07","Workflow","Update deal stage before closed deal"
"37629711421","Cribl","Demo / Presentation","2025-09-30 23:27","Workflow","Update deal stage before closed deal","Pilot Prep","2025-09-25 17:33","Workflow","Update deal stage before closed deal","Formal Pilot","2025-08-20 17:40","Workflow","Update deal stage before closed deal","Pilot Prep","2025-06-18 19:38","Workflow","Update deal stage before closed deal","Demo / Presentation","2025-06-11 01:05","Workflow","Update deal stage before closed deal","SDR / Omitted OPP","2025-05-22 22:23","Workflow","Update deal stage before closed deal"
"39054444808","OneMainFinancial ","Demo / Presentation","2025-08-11 18:14","Workflow","Update deal stage before closed deal","SDR / Omitted OPP","2025-06-18 23:14","Workflow","Update deal stage before closed deal"
"49156990287","Paybilt ","Negotiation / Legal","2026-04-13 23:24","Workflow","Update deal stage before closed deal","Formal Pilot","2026-04-13 23:24","Workflow","Update deal stage before closed deal","Pilot Prep","2026-04-13 23:22","Workflow","Update deal stage before closed deal","Demo / Presentation","2026-04-13 23:21","Workflow","Update deal stage before closed deal","SDR / Omitted OPP","2025-11-14 23:35","Workflow","Update deal stage before closed deal"
"35353509215","Turo ","SDR / Omitted OPP","2025-04-02 18:07","Workflow","Update deal stage before closed deal"
"36313450848","JPMorganChase - ICB","Pilot Prep","2025-06-16 16:07","Workflow","Update deal stage before closed deal","Demo / Presentation","2025-05-01 20:27","Workflow","Update deal stage before closed deal","SDR / Omitted OPP","2025-04-26 00:40","Workflow","Update deal stage before closed deal"
"48359248428","Discovery Ltd","SDR / Omitted OPP","2025-11-06 12:46","Workflow","Update deal stage before closed deal"
"17923706445","Truckstop","Demo / Presentation","2024-03-19 15:45","Workflow","Update deal stage before closed deal","SDR / Omitted OPP","2024-03-08 17:17","Workflow","Update deal stage before closed deal"
"18126373528","Easypark - KubeCon","SDR / Omitted OPP","2024-03-20 15:03","Workflow","Update deal stage before closed deal"
"12761031258","Youi","Formal Pilot","2023-12-11 11:09","Import","Deal stage and pre stage  by Gal Tarrab Levi"
"17905517088","AxiosHQ","Negotiation / Legal","2024-06-05 01:40","Workflow","Update deal stage before closed deal","Business case confirmation","2024-04-03 00:05","Workflow","Update deal stage before closed deal","Demo / Presentation","2024-03-12 21:32","Workflow","Update deal stage before closed deal","SDR / Omitted OPP","2024-03-07 18:40","Workflow","Update deal stage before closed deal"
"43542892632","JumpCloud ","Demo / Presentation","2025-09-30 22:02","Workflow","Update deal stage before closed deal","SDR / Omitted OPP","2025-09-10 20:30","Workflow","Update deal stage before closed deal"
"31753645885","First Citizens Bank","Demo / Presentation","2025-01-21 14:14","Workflow","Update deal stage before closed deal","SDR / Omitted OPP","2025-01-09 22:32","Workflow","Update deal stage before closed deal"
"18262823520","GRID esports ","Pilot Prep","2024-04-17 16:09","Workflow","Update deal stage before closed deal","Demo / Presentation","2024-04-08 18:05","Workflow","Update deal stage before closed deal","SDR / Omitted OPP","2024-03-27 15:03","Workflow","Update deal stage before closed deal"
"58441347079","KubeCon EU 2026 - DrAnsay AU-Schein GmbH","SDR / Omitted OPP","2026-03-26 23:26","Workflow","Update deal stage before closed deal"
"13185655298","Ynap - might return","SDR / Omitted OPP","2023-12-11 11:09","Import","Deal stage and pre stage  by Gal Tarrab Levi"
"21065262695","Cymbio","SDR / Omitted OPP","2024-07-30 15:02","Workflow","Update deal stage before closed deal"
"36474354201","Formbay","SDR / Omitted OPP","2025-04-29 11:53","Workflow","Update deal stage before closed deal"
"61030014897","Sandbox Wealth","SDR / Omitted OPP","2026-06-11 19:18","Workflow","Update deal stage before closed deal"
"34327162205","Fireblocks","Negotiation / Legal","2025-06-05 12:22","Workflow","Update deal stage before closed deal","Business case confirmation","2025-04-10 12:38","Workflow","Update deal stage before closed deal","Formal Pilot","2025-03-20 13:40","Workflow","Update deal stage before closed deal","Pilot Prep","2025-03-06 16:07","Record Merge","","SDR / Omitted OPP","2025-03-06 14:57","Workflow","Update deal stage before closed deal","Pilot Prep","2024-12-13 15:42","Workflow","Update deal stage before closed deal","Demo / Presentation","2024-11-25 16:00","Workflow","Update deal stage before closed deal","SDR / Omitted OPP","2024-11-19 16:42","Workflow","Update deal stage before closed deal"
"17760306580","Bupa Health Services","Negotiation / Legal","2024-11-19 19:17","Workflow","Update deal stage before closed deal","Business case confirmation","2024-08-28 13:22","Workflow","Update deal stage before closed deal","Formal Pilot","2024-05-29 09:40","Workflow","Update deal stage before closed deal","Pilot Prep","2024-04-10 09:06","Workflow","Update deal stage before closed deal","Demo / Presentation","2024-03-07 13:39","Workflow","Update deal stage before closed deal","SDR / Omitted OPP","2024-02-28 02:23","Workflow","Update deal stage before closed deal"
"48141468321","Benefit Systems SA","SDR / Omitted OPP","2025-11-03 15:46","Workflow","Update deal stage before closed deal"
"62068369433","UltraGroup - New Deal","SDR / Omitted OPP","2026-07-02 17:17","Workflow","Update deal stage before closed deal"
"35017405571","TAL ","Negotiation / Legal","2025-09-30 09:50","Workflow","Update deal stage before closed deal","Business case confirmation","2025-09-16 01:00","Workflow","Update deal stage before closed deal","Formal Pilot","2025-08-07 01:20","Workflow","Update deal stage before closed deal","Pilot Prep","2025-07-30 08:52","Workflow","Update deal stage before closed deal","Formal Pilot","2025-06-23 07:19","Workflow","Update deal stage before closed deal","Pilot Prep","2025-05-01 07:16","Workflow","Update deal stage before closed deal","Demo / Presentation","2025-03-24 12:39","Record Merge","","Demo / Presentation","2025-03-24 12:39","Record Merge","","Demo / Presentation","2025-03-24 12:38","Record Merge","","SDR / Omitted OPP","2025-03-24 07:01","Workflow","Update deal stage before closed deal","SDR / Omitted OPP","2025-03-24 07:01","Workflow","Update deal stage before closed deal","SDR / Omitted OPP","2025-03-24 07:01","Workflow","Update deal stage before closed deal","Demo / Presentation","2025-03-13 09:48","Record Merge","","SDR / Omitted OPP","2025-03-13 09:08","Workflow","Update deal stage before closed deal","Demo / Presentation","2025-02-18 02:55","Workflow","Update deal stage before closed deal","SDR / Omitted OPP","2025-02-17 23:52","Workflow","Update deal stage before closed deal"
"21257675585","Neovest","Demo / Presentation","2024-10-02 17:28","Workflow","Update deal stage before closed deal","SDR / Omitted OPP","2024-08-10 01:55","Workflow","Update deal stage before closed deal"
"58435073559","KubeCon EU 2026 - Motorola Solutions","SDR / Omitted OPP","2026-03-26 23:26","Workflow","Update deal stage before closed deal"
"17365571870","Artlist","SDR / Omitted OPP","2024-02-05 12:03","Workflow","Update deal stage before closed deal"
"60917166087","Getnet.net ","SDR / Omitted OPP","2026-06-06 23:57","Workflow","Update deal stage before closed deal"
"42898436011","Canadian National Railway Company","Demo / Presentation","2025-09-26 16:14","Workflow","Update deal stage before closed deal","SDR / Omitted OPP","2025-08-26 20:04","Workflow","Update deal stage before closed deal"
"61604108816","IMP Software - New Deal","SDR / Omitted OPP","2026-06-25 00:38","Workflow","Update deal stage before closed deal"
"57973458182","Janus Henderson Investors","Demo / Presentation","2026-03-31 17:17","Workflow","Update deal stage before closed deal","SDR / Omitted OPP","2026-03-13 08:24","Workflow","Update deal stage before closed deal"
"39867012662","Affirm","SDR / Omitted OPP","2025-07-08 18:17","Workflow","Update deal stage before closed deal"
"59087692647","Virgin Money","SDR / Omitted OPP","2026-04-10 22:07","Workflow","Update deal stage before closed deal"
"29878770704","Cisco Systems","SDR / Omitted OPP","2024-12-05 02:23","Workflow","Update deal stage before closed deal"
"61625324312","Takealot","SDR / Omitted OPP","2026-06-26 14:38","Workflow","Update deal stage before closed deal"
"36854365199","Minted","Business case confirmation","2025-05-07 10:28","Record Merge","","SDR / Omitted OPP","2025-05-07 00:27","Workflow","Update deal stage before closed deal","Business case confirmation","2025-04-01 23:49","Workflow","Update deal stage before closed deal","Formal Pilot","2025-02-18 18:29","Workflow","Update deal stage before closed deal","Pilot Prep","2025-01-30 08:20","Record Merge","","Pilot Prep","2025-01-30 08:20","Record Merge","","Pilot Prep","2025-01-30 08:19","Record Merge","","Pilot Prep","2025-01-30 08:19","Record Merge","","SDR / Omitted OPP","2025-01-29 22:59","Workflow","Update deal stage before closed deal","SDR / Omitted OPP","2025-01-29 22:59","Workflow","Update deal stage before closed deal","SDR / Omitted OPP","2025-01-29 22:59","Workflow","Update deal stage before closed deal","SDR / Omitted OPP","2025-01-29 22:59","Workflow","Update deal stage before closed deal","Pilot Prep","2025-01-29 20:15","Workflow","Update deal stage before closed deal","Demo / Presentation","2025-01-22 09:57","Record Merge","","Demo / Presentation","2025-01-22 09:56","Record Merge","","SDR / Omitted OPP","2025-01-21 20:36","Workflow","Update deal stage before closed deal","SDR / Omitted OPP","2025-01-21 20:01","Workflow","Update deal stage before closed deal","Demo / Presentation","2025-01-17 22:56","Workflow","Update deal stage before closed deal","SDR / Omitted OPP","2025-01-14 14:14","Workflow","Update deal stage before closed deal"
"22105764868","CloudTalk","Business case confirmation","2024-11-05 16:53","Workflow","Update deal stage before closed deal","Formal Pilot","2024-11-05 16:53","Workflow","Update deal stage before closed deal","Pilot Prep","2024-10-16 17:50","Workflow","Update deal stage before closed deal","Demo / Presentation","2024-09-15 20:51","Workflow","Update deal stage before closed deal","SDR / Omitted OPP","2024-09-10 14:35","Workflow","Update deal stage before closed deal"
"61436670056","Exxon Mobil Corporation","Demo / Presentation","2026-06-29 14:04","Workflow","Update deal stage before closed deal","SDR / Omitted OPP","2026-06-22 22:08","Workflow","Update deal stage before closed deal"
"20051224931","Zscaler, Inc.","SDR / Omitted OPP","2024-06-13 11:32","Workflow","Update deal stage before closed deal"
"59120973706","Ford Motor Company","SDR / Omitted OPP","2026-04-10 22:07","Workflow","Update deal stage before closed deal"
"36153379357","JPMorgan Chase & Co (GBP Harish)","Demo / Presentation","2025-06-04 20:20","Workflow","Update deal stage before closed deal","SDR / Omitted OPP","2025-04-23 21:23","Workflow","Update deal stage before closed deal"
"58132524819","Dept. of Corrections, State of Wisconsin","Negotiation / Legal","2026-05-05 22:46","Workflow","Update deal stage before closed deal","Business case confirmation","2026-04-30 17:33","Workflow","Update deal stage before closed deal","Formal Pilot","2026-04-30 17:32","Workflow","Update deal stage before closed deal","Pilot Prep","2026-04-02 17:40","Workflow","Update deal stage before closed deal","Demo / Presentation","2026-03-30 17:05","Workflow","Update deal stage before closed deal","SDR / Omitted OPP","2026-03-18 18:18","Workflow","Update deal stage before closed deal"
"58427781890","KubeCon EU 2026 - Nitin Kasana","SDR / Omitted OPP","2026-03-26 23:26","Workflow","Update deal stage before closed deal"
"15959846222","Activision","SDR / Omitted OPP","2024-01-02 14:37","CRM UI Bulk Action","Gal Tarrab Levi"
"43055969464","Gentrack","SDR / Omitted OPP","2025-08-29 02:22","Workflow","Update deal stage before closed deal"
"42657105567","Sony Music","SDR / Omitted OPP","2025-11-03 16:36","Workflow","Update deal stage before closed deal"
"49448083227","Walmart","Demo / Presentation","2025-12-05 23:12","Workflow","Update deal stage before closed deal","SDR / Omitted OPP","2025-11-18 19:54","Workflow","Update deal stage before closed deal"
"20008648525","WOW! Internet","Pilot Prep","2024-07-24 20:39","Workflow","Update deal stage before closed deal","Demo / Presentation","2024-06-11 19:14","Workflow","Update deal stage before closed deal"
"29112021851","WillowTree","Formal Pilot","2025-01-27 17:41","Workflow","Update deal stage before closed deal","Business case confirmation","2025-01-08 00:35","Workflow","Update deal stage before closed deal","Formal Pilot","2024-11-26 20:23","Workflow","Update deal stage before closed deal","Pilot Prep","2024-11-14 10:38","Record Merge","","Pilot Prep","2024-11-14 10:35","Record Merge","","Pilot Prep","2024-11-14 10:35","Record Merge","","SDR / Omitted OPP","2024-11-13 16:38","Workflow","Update deal stage before closed deal","SDR / Omitted OPP","2024-11-13 16:37","Workflow","Update deal stage before closed deal","SDR / Omitted OPP","2024-11-13 16:37","Workflow","Update deal stage before closed deal","Pilot Prep","2024-11-13 16:36","Workflow","Update deal stage before closed deal","Demo / Presentation","2024-11-08 23:23","Workflow","Update deal stage before closed deal","SDR / Omitted OPP","2024-11-06 18:16","Workflow","Update deal stage before closed deal"
"61030333764","Maximus Inc","SDR / Omitted OPP","2026-06-11 19:18","Workflow","Update deal stage before closed deal"
"48476663868","Regal Entertainment Group","Pilot Prep","2026-02-05 16:22","Workflow","Update deal stage before closed deal","Demo / Presentation","2025-12-04 23:23","Workflow","Update deal stage before closed deal","SDR / Omitted OPP","2025-11-06 20:28","Workflow","Update deal stage before closed deal"
"58320191337","checkout.com - New Deal","Demo / Presentation","2026-04-08 12:23","Workflow","Update deal stage before closed deal","SDR / Omitted OPP","2026-03-25 12:33","Workflow","Update deal stage before closed deal"
"51515223143","Connectbase","Demo / Presentation","2025-12-11 21:08","Workflow","Update deal stage before closed deal","SDR / Omitted OPP","2025-12-10 22:23","Workflow","Update deal stage before closed deal"
"22394819648","Neo Technology","SDR / Omitted OPP","2024-09-19 18:25","Workflow","Update deal stage before closed deal"
"35465436516","REWE digital ","SDR / Omitted OPP","2025-04-04 13:52","Workflow","Update deal stage before closed deal"
"35334898209","Unicredit","SDR / Omitted OPP","2025-04-01 16:52","Workflow","Update deal stage before closed deal"
"31732291352","Abu Dhabi Investment Authority (ADIA)","Demo / Presentation","2025-01-09 13:24","Record Merge","","Demo / Presentation","2025-01-09 13:24","Record Merge","","Demo / Presentation","2025-01-09 13:24","Record Merge","","SDR / Omitted OPP","2025-01-09 13:13","Workflow","Update deal stage before closed deal","SDR / Omitted OPP","2025-01-09 13:12","Workflow","Update deal stage before closed deal","SDR / Omitted OPP","2025-01-09 13:12","Workflow","Update deal stage before closed deal","Demo / Presentation","2024-08-28 11:11","Workflow","Update deal stage before closed deal","SDR / Omitted OPP","2024-08-16 10:07","Workflow","Update deal stage before closed deal"
"61245034105","Boku ","SDR / Omitted OPP","2026-06-18 17:46","Workflow","Update deal stage before closed deal"
"35310861724","Natwest Boxed","SDR / Omitted OPP","2025-04-01 11:21","Workflow","Update deal stage before closed deal"
"61600622769","Hunter Engineering - New Deal","SDR / Omitted OPP","2026-06-25 17:10","Workflow","Update deal stage before closed deal"
"41794836141","Amadeus","Demo / Presentation","2025-10-16 12:12","Workflow","Update deal stage before closed deal","SDR / Omitted OPP","2025-08-12 12:21","Workflow","Update deal stage before closed deal"
"38525628190","Rio Tinto","Negotiation / Legal","2026-04-30 09:46","Workflow","Update deal stage before closed deal","Business case confirmation","2025-12-11 05:50","Workflow","Update deal stage before closed deal","Formal Pilot","2025-11-10 08:45","Workflow","Update deal stage before closed deal","Pilot Prep","2025-06-24 08:38","Workflow","Update deal stage before closed deal","Demo / Presentation","2025-06-10 08:25","Workflow","Update deal stage before closed deal","SDR / Omitted OPP","2025-06-05 05:59","Workflow","Update deal stage before closed deal"
"30038432780","Ness Digital Engineering","SDR / Omitted OPP","2024-12-09 17:01","Record Merge","","SDR / Omitted OPP","2024-12-05 11:54","Workflow","Update deal stage before closed deal","SDR / Omitted OPP","2024-12-05 11:54","Workflow","Update deal stage before closed deal"
"20640298653","State Farm","SDR / Omitted OPP","2024-07-10 01:54","Workflow","Update deal stage before closed deal"
"59100547876","Airplane Solutions","SDR / Omitted OPP","2026-04-10 22:07","Workflow","Update deal stage before closed deal"
"35721559908","Warner Bros. Discovery","Demo / Presentation","2025-05-21 23:58","Workflow","Update deal stage before closed deal","SDR / Omitted OPP","2025-04-14 00:54","Workflow","Update deal stage before closed deal"
"35395675722","Atheo","SDR / Omitted OPP","2025-04-03 13:07","Workflow","Update deal stage before closed deal"
"46580608550","Sorenson","SDR / Omitted OPP","2025-10-21 01:32","Workflow","Update deal stage before closed deal"
"29113926505","Magnite","SDR / Omitted OPP","2024-11-14 23:47","Workflow","Update deal stage before closed deal"
"53283305220","Cresta","Demo / Presentation","2026-03-30 17:06","Workflow","Update deal stage before closed deal","SDR / Omitted OPP","2026-01-06 18:17","Workflow","Update deal stage before closed deal"
"18218088543","Bosch","Demo / Presentation","2024-04-04 15:54","Workflow","Update deal stage before closed deal","SDR / Omitted OPP","2024-03-25 12:30","Workflow","Update deal stage before closed deal"
"59170284983","BDO","SDR / Omitted OPP","2026-04-14 19:09","Workflow","Update deal stage before closed deal"
"14718321002","OK Benzin","SDR / Omitted OPP","2023-12-11 11:09","Import","Deal stage and pre stage  by Gal Tarrab Levi"
"19405627192","Fortescue (land deal)","Negotiation / Legal","2024-07-02 17:22","Workflow","Update deal stage before closed deal","Business case confirmation","2024-06-18 15:29","Workflow","Update deal stage before closed deal","Formal Pilot","2024-06-18 15:29","Workflow","Update deal stage before closed deal","Pilot Prep","2024-06-05 12:19","Workflow","Update deal stage before closed deal","Demo / Presentation","2024-05-21 16:09","Workflow","Update deal stage before closed deal","SDR / Omitted OPP","2024-05-16 10:19","Workflow","Update deal stage before closed deal"
"51930866090","Wallester","SDR / Omitted OPP","2025-12-15 19:15","Workflow","Update deal stage before closed deal"
"32081798773","Microsoft","SDR / Omitted OPP","2025-01-15 16:21","Workflow","Update deal stage before closed deal"
"20918533810","Armis","Demo / Presentation","2024-08-15 15:51","Workflow","Update deal stage before closed deal","SDR / Omitted OPP","2024-07-23 11:01","Workflow","Update deal stage before closed deal"
"40009433860","StoneX Group Inc","Negotiation / Legal","2025-12-16 18:38","Workflow","Update deal stage before closed deal","Business case confirmation","2025-12-12 18:34","Workflow","Update deal stage before closed deal","Formal Pilot","2025-10-22 18:58","Workflow","Update deal stage before closed deal","Pilot Prep","2025-09-11 23:42","Workflow","Update deal stage before closed deal","Demo / Presentation","2025-08-12 22:18","Workflow","Update deal stage before closed deal","SDR / Omitted OPP","2025-07-11 23:58","Workflow","Update deal stage before closed deal"
"42662101080","Solita","SDR / Omitted OPP","2025-08-22 09:51","Workflow","Update deal stage before closed deal"
"38437088601","Quadrature Capital ","SDR / Omitted OPP","2025-06-04 14:42","Workflow","Update deal stage before closed deal"
"61052856233","Staples","SDR / Omitted OPP","2026-06-12 22:18","Workflow","Update deal stage before closed deal"
"60642931760","Vision Service Plan","SDR / Omitted OPP","2026-05-26 18:10","Workflow","Update deal stage before closed deal"
"61031716472","TherapyNotes","SDR / Omitted OPP","2026-06-11 19:18","Workflow","Update deal stage before closed deal"
"12747952915","CSAA","Pilot Prep","2023-12-11 11:09","Import","Deal stage and pre stage  by Gal Tarrab Levi"
"15842873228","Zen Internet","SDR / Omitted OPP","2024-01-02 14:40","CRM UI Bulk Action","Gal Tarrab Levi"
"15843150361","MEGVII","SDR / Omitted OPP","2024-01-02 14:40","CRM UI Bulk Action","Gal Tarrab Levi"
"15412424627","MagMutual","Negotiation / Legal","2023-12-11 11:09","Import","Deal stage and pre stage  by Gal Tarrab Levi"
"15978193475","BCBSAZ / Blue Cross Blue Shield of Arizona","SDR / Omitted OPP","2023-12-11 11:09","Import","Deal stage and pre stage  by Gal Tarrab Levi"
"47415970728","Monday.com ","SDR / Omitted OPP","2025-10-28 17:37","Workflow","Update deal stage before closed deal"
"13681035443","Merck","Negotiation / Legal","2024-08-15 15:41","Workflow","Update deal stage before closed deal","Business case confirmation","2024-01-10 15:06","Workflow","Update deal stage before closed deal","Pilot Prep","2023-12-11 11:09","Import","Deal stage and pre stage  by Gal Tarrab Levi"
"41045980449","World Bank Group - CS Package","Negotiation / Legal","2025-09-17 16:41","Workflow","Update deal stage before closed deal","Business case confirmation","2025-07-29 23:26","Workflow","Update deal stage before closed deal"
"55593676362","Manulife - Upsell","Pilot Prep","2026-05-07 17:09","Workflow","Update deal stage before closed deal","Demo / Presentation","2026-04-17 15:50","Workflow","Update deal stage before closed deal","SDR / Omitted OPP","2026-04-17 15:50","Workflow","Update deal stage before closed deal"
"17789443511","Nebius","SDR / Omitted OPP","2024-02-29 15:34","Workflow","Update deal stage before closed deal"
"38889973861","Porter","SDR / Omitted OPP","2025-06-15 09:09","Workflow","Update deal stage before closed deal"
"59078823428","J.P. Morgan","SDR / Omitted OPP","2026-04-10 22:07","Workflow","Update deal stage before closed deal"
"33439738781","CoBank","Demo / Presentation","2025-02-24 16:14","Workflow","Update deal stage before closed deal","SDR / Omitted OPP","2025-02-13 10:27","Workflow","Update deal stage before closed deal"
"59634067067","St. Jude Children's Research Hospital ","Negotiation / Legal","2026-05-19 16:46","Workflow","Update deal stage before closed deal","Business case confirmation","2026-05-19 16:46","Workflow","Update deal stage before closed deal","Formal Pilot","2026-05-19 16:46","Workflow","Update deal stage before closed deal","Pilot Prep","2026-05-19 16:32","Workflow","Update deal stage before closed deal","Demo / Presentation","2026-05-06 23:02","Workflow","Update deal stage before closed deal","SDR / Omitted OPP","2026-04-24 21:23","Workflow","Update deal stage before closed deal"
"15025022734","DoubleVerify","Negotiation / Legal","2024-02-25 16:51","Workflow","Update deal stage before closed deal","Business case confirmation","2024-02-07 19:09","Workflow","Update deal stage before closed deal","Pilot Prep","2024-01-25 17:38","Workflow","Update deal stage before closed deal","Formal Pilot","2024-01-17 19:36","Workflow","Update deal stage before closed deal","Pilot Prep","2023-12-11 11:09","Import","Deal stage and pre stage  by Gal Tarrab Levi"
"35470720599","Openairlines ","SDR / Omitted OPP","2025-04-04 15:21","Workflow","Update deal stage before closed deal"
"19536039215","DocuSign #2","SDR / Omitted OPP","2024-05-22 11:14","Record Merge","","SDR / Omitted OPP","2024-05-21 15:37","Workflow","Update deal stage before closed deal","SDR / Omitted OPP","2024-05-02 14:50","Workflow","Update deal stage before closed deal"
"22069485136","MuniBilling ","Negotiation / Legal","2024-11-06 16:44","Workflow","Update deal stage before closed deal","Business case confirmation","2024-10-07 22:31","Workflow","Update deal stage before closed deal","SDR / Omitted OPP","2024-10-07 22:31","Workflow","Update deal stage before closed deal","Business case confirmation","2024-10-07 22:29","Workflow","Update deal stage before closed deal","SDR / Omitted OPP","2024-09-09 16:16","Workflow","Update deal stage before closed deal"
"39505970602","Valeo","Demo / Presentation","2025-07-29 15:19","Workflow","Update deal stage before closed deal","SDR / Omitted OPP","2025-06-30 16:44","Workflow","Update deal stage before closed deal"
"59021411082","KubeCon EU 2026 - Commerzbank 2","SDR / Omitted OPP","2026-04-09 17:16","Workflow","Update deal stage before closed deal"
"22184750722","QlikTech International","SDR / Omitted OPP","2024-09-12 10:15","Workflow","Update deal stage before closed deal"
"39353603158","Formidium","SDR / Omitted OPP","2025-06-27 07:57","Workflow","Update deal stage before closed deal"
"13447054991","East West Bank","SDR / Omitted OPP","2023-12-11 11:09","Import","Deal stage and pre stage  by Gal Tarrab Levi"
"14806282120","CDW","SDR / Omitted OPP","2023-12-11 11:09","Import","Deal stage and pre stage  by Gal Tarrab Levi"
"11488941459","Project Agora","SDR / Omitted OPP","2024-01-02 14:40","CRM UI Bulk Action","Gal Tarrab Levi"
"35425031024","Leaseweb ","SDR / Omitted OPP","2025-04-03 18:22","Workflow","Update deal stage before closed deal"
"54321175220","Mobileye Vision Technologies","Pilot Prep","2026-03-19 13:17","Workflow","Update deal stage before closed deal","Demo / Presentation","2026-02-20 11:29","Workflow","Update deal stage before closed deal","SDR / Omitted OPP","2026-01-22 07:59","Workflow","Update deal stage before closed deal"
"60967547173","Gencat ","Business case confirmation","2026-06-09 09:00","Record Merge","","Negotiation / Legal","2026-06-04 13:20","Workflow","Update deal stage before closed deal","Business case confirmation","2026-06-04 13:19","Workflow","Update deal stage before closed deal","Formal Pilot","2026-06-04 13:19","Workflow","Update deal stage before closed deal","Pilot Prep","2026-06-04 13:16","Workflow","Update deal stage before closed deal","Demo / Presentation","2026-06-04 13:15","Workflow","Update deal stage before closed deal","SDR / Omitted OPP","2026-06-04 13:15","Workflow","Update deal stage before closed deal","Business case confirmation","2024-10-16 12:47","Workflow","Update deal stage before closed deal","Formal Pilot","2024-09-05 17:32","Workflow","Update deal stage before closed deal","Pilot Prep","2024-09-05 17:32","Workflow","Update deal stage before closed deal","Demo / Presentation","2024-08-08 15:14","Workflow","Update deal stage before closed deal","SDR / Omitted OPP","2024-07-23 16:54","Workflow","Update deal stage before closed deal"
"61453844995","Climate X","SDR / Omitted OPP","2026-06-23 12:43","Workflow","Update deal stage before closed deal"
"38485472517","Intelex","SDR / Omitted OPP","2025-06-06 00:15","Workflow","Update deal stage before closed deal"
"37631329806","InterBanco Digital","Negotiation / Legal","2025-12-29 19:33","Workflow","Update deal stage before closed deal","Business case confirmation","2025-09-09 21:43","Workflow","Update deal stage before closed deal","Pilot Prep","2025-08-07 17:20","Workflow","Update deal stage before closed deal","Demo / Presentation","2025-06-10 22:08","Workflow","Update deal stage before closed deal","SDR / Omitted OPP","2025-05-22 18:23","Workflow","Update deal stage before closed deal"
"34906243452","LHV UK","SDR / Omitted OPP","2025-03-21 12:58","Workflow","Update deal stage before closed deal"
"58431672224","KubeCon EU 2026 - Ericsson","SDR / Omitted OPP","2026-03-26 23:26","Workflow","Update deal stage before closed deal"
"36555966528","Hellios Information","SDR / Omitted OPP","2025-04-30 11:22","Workflow","Update deal stage before closed deal"
"61031712390","Resy","SDR / Omitted OPP","2026-06-11 19:22","Workflow","Update deal stage before closed deal"
"29801877616","Hubtel","SDR / Omitted OPP","2024-12-03 22:47","Workflow","Update deal stage before closed deal"
"35465147560","DNV","SDR / Omitted OPP","2025-04-04 13:18","Workflow","Update deal stage before closed deal"
"46676906035","Prime Therapeutics","SDR / Omitted OPP","2025-10-22 20:45","Workflow","Update deal stage before closed deal"
"60242508168","BHP - New Deal","Pilot Prep","2026-05-14 07:37","Workflow","Update deal stage before closed deal"
"53852816952","The Sage Group plc","SDR / Omitted OPP","2026-01-15 23:12","Workflow","Update deal stage before closed deal"
"15978205502","AHEAD","SDR / Omitted OPP","2023-12-28 12:46","CRM UI","Gal Tarrab Levi"
"59168630082","SilverFort expansion ","Negotiation / Legal","2026-04-14 16:33","Workflow","Update deal stage before closed deal"
"47649116561","Amplifire","SDR / Omitted OPP","2025-10-29 19:45","Workflow","Update deal stage before closed deal"
"55411791115","Nationwide Building Society","Formal Pilot","2026-06-18 11:36","Workflow","Update deal stage before closed deal","Pilot Prep","2026-02-19 13:11","Workflow","Update deal stage before closed deal","Demo / Presentation","2026-02-06 09:41","Workflow","Update deal stage before closed deal","SDR / Omitted OPP","2026-02-03 14:48","Workflow","Update deal stage before closed deal"
"23263200911","Own Company","Demo / Presentation","2024-11-14 17:52","Workflow","Update deal stage before closed deal","SDR / Omitted OPP","2024-10-16 05:42","Workflow","Update deal stage before closed deal"
"52087827751","Boeing","SDR / Omitted OPP","2026-01-06 19:22","Workflow","Update deal stage before closed deal"
"16195561841","Delivery Hero","Demo / Presentation","2023-12-11 11:09","Import","Deal stage and pre stage  by Gal Tarrab Levi"
"17803130146","Nowcom","SDR / Omitted OPP","2024-03-01 08:27","Workflow","Update deal stage before closed deal"
"18129010435","Accenture - KubeCon","Demo / Presentation","2024-05-23 14:42","Workflow","Update deal stage before closed deal","SDR / Omitted OPP","2024-03-20 18:13","Workflow","Update deal stage before closed deal"
"41359615554","Redpin","Demo / Presentation","2025-08-08 12:57","Workflow","Update deal stage before closed deal","SDR / Omitted OPP","2025-08-05 20:49","Workflow","Update deal stage before closed deal"
"15221848124","Interbank","Demo / Presentation","2023-12-11 11:09","Import","Deal stage and pre stage  by Gal Tarrab Levi"
"56709484473","Cynet ","SDR / Omitted OPP","2026-02-23 15:45","Workflow","Update deal stage before closed deal"
"55927357232","Société Générale","Demo / Presentation","2026-02-24 16:18","Workflow","Update deal stage before closed deal","SDR / Omitted OPP","2026-02-11 11:30","Workflow","Update deal stage before closed deal"
"41136236179","Swisscom","SDR / Omitted OPP","2025-07-31 15:36","Workflow","Update deal stage before closed deal"
"61030132242","Qualcomm","SDR / Omitted OPP","2026-06-11 19:18","Workflow","Update deal stage before closed deal"
"58165118895","Uber","SDR / Omitted OPP","2026-03-19 14:30","Workflow","Update deal stage before closed deal"
"60401994567","Fulcrum Technology ","SDR / Omitted OPP","2026-05-20 01:37","Workflow","Update deal stage before closed deal"
"43654408090","Deutsche Bahn","SDR / Omitted OPP","2025-09-12 16:26","Workflow","Update deal stage before closed deal"
"13146836536","Pedidos Ya","SDR / Omitted OPP","2023-12-11 11:09","Import","Deal stage and pre stage  by Gal Tarrab Levi"
"48350292334","Abbott","SDR / Omitted OPP","2025-11-19 21:37","Workflow","Update deal stage before closed deal"
"21094928925","Mosaic","Pilot Prep","2024-08-29 15:51","Workflow","Update deal stage before closed deal","SDR / Omitted OPP","2024-07-31 22:20","Workflow","Update deal stage before closed deal"
"29903991084","BTG Pactual","Demo / Presentation","2025-01-22 22:37","Workflow","Update deal stage before closed deal","SDR / Omitted OPP","2024-12-05 21:04","Workflow","Update deal stage before closed deal"
"61031728569","Hearst","SDR / Omitted OPP","2026-06-11 19:18","Workflow","Update deal stage before closed deal"
"16475779758","Knowde","Demo / Presentation","2023-12-24 13:52","Import","STAGE BEFORE - Sheet1.csv by Gal Tarrab Levi","Business case confirmation","2023-12-21 20:05","Workflow","Update deal stage before closed deal"
"15425272892","Grainger","SDR / Omitted OPP","2023-12-11 11:09","Import","Deal stage and pre stage  by Gal Tarrab Levi"
"29117541045","G-Research","SDR / Omitted OPP","2024-11-14 21:53","Workflow","Update deal stage before closed deal"
"60321306909","Yoco","SDR / Omitted OPP","2026-05-18 11:33","Workflow","Update deal stage before closed deal"
"49249015712","CGI - New Deal","SDR / Omitted OPP","2025-11-19 21:37","Workflow","Update deal stage before closed deal"
"22487455650","Intact Financial","Demo / Presentation","2024-11-27 17:58","Workflow","Update deal stage before closed deal","SDR / Omitted OPP","2024-09-21 03:17","Workflow","Update deal stage before closed deal"
"29109909820","Weave ","SDR / Omitted OPP","2024-11-14 20:15","Workflow","Update deal stage before closed deal"
"34649830789","Nine30","SDR / Omitted OPP","2025-03-14 19:50","Workflow","Update deal stage before closed deal"
"50359153529","Q2","Formal Pilot","2026-03-26 16:35","Workflow","Update deal stage before closed deal","Pilot Prep","2026-03-03 19:24","Workflow","Update deal stage before closed deal","Demo / Presentation","2025-12-10 19:15","Workflow","Update deal stage before closed deal","SDR / Omitted OPP","2025-11-25 15:46","Workflow","Update deal stage before closed deal"
"60644183217","Maersk ","SDR / Omitted OPP","2026-05-29 00:14","Workflow","Update deal stage before closed deal"
"29039828901","Spreetail ","Pilot Prep","2025-02-07 23:51","Workflow","Update deal stage before closed deal","Demo / Presentation","2024-11-22 20:12","Workflow","Update deal stage before closed deal","SDR / Omitted OPP","2024-11-14 05:46","Workflow","Update deal stage before closed deal"
"35346733100","RBC","SDR / Omitted OPP","2025-04-02 17:14","Workflow","Update deal stage before closed deal"
"40279345471","Texas Mutual","Demo / Presentation","2026-02-02 21:47","Workflow","Update deal stage before closed deal","Pilot Prep","2025-08-14 17:52","Workflow","Update deal stage before closed deal","Demo / Presentation","2025-08-06 17:27","Workflow","Update deal stage before closed deal","SDR / Omitted OPP","2025-07-15 20:01","Workflow","Update deal stage before closed deal"
"35422226768","Saurabh Chopra ","SDR / Omitted OPP","2025-04-03 14:31","Workflow","Update deal stage before closed deal"
"19187156402","Hilo","SDR / Omitted OPP","2024-05-07 16:58","Workflow","Update deal stage before closed deal"
"29888168711","Infor ","Demo / Presentation","2025-01-31 17:09","Workflow","Update deal stage before closed deal","SDR / Omitted OPP","2024-12-05 04:01","Workflow","Update deal stage before closed deal"
"51938205708","Selective Insurance","Business case confirmation","2026-06-03 00:14","Workflow","Update deal stage before closed deal","Formal Pilot","2026-04-13 18:05","Workflow","Update deal stage before closed deal","Pilot Prep","2026-03-17 13:33","Workflow","Update deal stage before closed deal","Formal Pilot","2026-02-25 17:37","Workflow","Update deal stage before closed deal","Pilot Prep","2026-02-02 20:36","Workflow","Update deal stage before closed deal","Demo / Presentation","2025-12-23 22:26","Workflow","Update deal stage before closed deal","SDR / Omitted OPP","2025-12-16 15:29","Workflow","Update deal stage before closed deal"
"35317056151","Universal Destinations & Experiences (UDX)","Negotiation / Legal","2025-09-16 23:40","Workflow","Update deal stage before closed deal","Business case confirmation","2025-09-10 13:20","Workflow","Update deal stage before closed deal","Formal Pilot","2025-07-30 22:51","Workflow","Update deal stage before closed deal","Pilot Prep","2025-04-01 11:42","Record Merge","","SDR / Omitted OPP","2025-03-31 22:26","Workflow","Update deal stage before closed deal","Pilot Prep","2025-03-31 11:29","Record Merge","","Pilot Prep","2025-03-31 11:29","Record Merge","","SDR / Omitted OPP","2025-03-30 15:29","Workflow","Update deal stage before closed deal","SDR / Omitted OPP","2025-03-30 15:29","Workflow","Update deal stage before closed deal","Pilot Prep","2025-03-30 15:04","Record Merge","","SDR / Omitted OPP","2025-03-28 19:09","Workflow","Update deal stage before closed deal","Pilot Prep","2024-09-11 15:14","Workflow","Update deal stage before closed deal","Demo / Presentation","2024-08-30 22:12","Workflow","Update deal stage before closed deal","SDR / Omitted OPP","2024-08-26 20:11","Workflow","Update deal stage before closed deal"
"35305214208","Liatrio LLC ","SDR / Omitted OPP","2025-04-01 16:14","Workflow","Update deal stage before closed deal"
"43131407642","Sensirion","SDR / Omitted OPP","2025-08-29 13:06","Workflow","Update deal stage before closed deal"
"51162482994","Mitratech Holdings - AWS LV 25","SDR / Omitted OPP","2025-12-04 03:20","Workflow","Update deal stage before closed deal"
"30737338437","Finout","SDR / Omitted OPP","2024-12-18 18:03","Workflow","Update deal stage before closed deal"
"53377659718","Novo Nordisk","SDR / Omitted OPP","2026-01-07 14:02","Workflow","Update deal stage before closed deal"
"29630577487","American Express","SDR / Omitted OPP","2024-11-27 18:53","Workflow","Update deal stage before closed deal"
"29862355281","Technip","SDR / Omitted OPP","2024-12-04 21:53","Workflow","Update deal stage before closed deal"
"42658479405","OGD","SDR / Omitted OPP","2025-08-22 12:07","Workflow","Update deal stage before closed deal"
"15425281975","Markel","SDR / Omitted OPP","2023-12-11 11:09","Import","Deal stage and pre stage  by Gal Tarrab Levi"
"39966020362","Norges Bank Investment Management","SDR / Omitted OPP","2025-07-10 16:20","Workflow","Update deal stage before closed deal"
"58676845059","KubeCon EU 2026 - Nedap","SDR / Omitted OPP","2026-04-02 15:43","Record Merge","","SDR / Omitted OPP","2026-03-26 23:26","Workflow","Update deal stage before closed deal","SDR / Omitted OPP","2026-03-26 23:26","Workflow","Update deal stage before closed deal"
"29881243793","John Deere ","SDR / Omitted OPP","2024-12-05 01:30","Workflow","Update deal stage before closed deal"
"23264989035","Airwallex","SDR / Omitted OPP","2024-10-16 10:13","Workflow","Update deal stage before closed deal"
"29396832906","Autodesk","SDR / Omitted OPP","2024-11-21 02:12","Workflow","Update deal stage before closed deal"
"59100700842","TSB Bank","SDR / Omitted OPP","2026-04-10 22:07","Workflow","Update deal stage before closed deal"
"60635787538","SecuriThings ","SDR / Omitted OPP","2026-05-26 11:58","Workflow","Update deal stage before closed deal"
"35631385687","Booz Allen Hamilton Inc.","SDR / Omitted OPP","2025-04-10 18:06","Workflow","Update deal stage before closed deal"
"29023082258","Charles Schwab","Pilot Prep","2024-12-04 16:20","Workflow","Update deal stage before closed deal","Demo / Presentation","2024-11-13 15:21","Record Merge","","SDR / Omitted OPP","2024-11-12 17:37","Workflow","Update deal stage before closed deal","Demo / Presentation","2024-08-22 17:04","Workflow","Update deal stage before closed deal","SDR / Omitted OPP","2024-05-23 17:02","Workflow","Update deal stage before closed deal"
"39538670605","SES S.A.","Negotiation / Legal","2025-09-25 12:51","Workflow","Update deal stage before closed deal","Business case confirmation","2025-09-18 15:13","Workflow","Update deal stage before closed deal","Formal Pilot","2025-08-21 14:27","Workflow","Update deal stage before closed deal","Pilot Prep","2025-07-17 10:55","Workflow","Update deal stage before closed deal","Demo / Presentation","2025-07-01 10:13","Workflow","Update deal stage before closed deal"
"60013098397","National Indemnity Company ","SDR / Omitted OPP","2026-05-04 22:47","Workflow","Update deal stage before closed deal"
"56545062962","Asurion - 1200 User - Q2","Negotiation / Legal","2026-06-11 19:04","Workflow","Update deal stage before closed deal","Business case confirmation","2026-06-09 17:45","Workflow","Update deal stage before closed deal","Formal Pilot","2026-02-26 18:35","Workflow","Update deal stage before closed deal","Pilot Prep","2026-02-26 18:34","Workflow","Update deal stage before closed deal","Demo / Presentation","2026-02-18 15:42","Workflow","Update deal stage before closed deal"
"61031754004","Liberty Mutual","SDR / Omitted OPP","2026-06-11 19:18","Workflow","Update deal stage before closed deal"
"59079896760","Citi","SDR / Omitted OPP","2026-04-10 22:07","Workflow","Update deal stage before closed deal"
"58500514346","LucidLink Ltd.","SDR / Omitted OPP","2026-03-27 20:43","Workflow","Update deal stage before closed deal"
"13995013677","AstraZeneca","Formal Pilot","2023-12-24 13:52","Import","STAGE BEFORE - Sheet1.csv by Gal Tarrab Levi","Pilot Prep","2023-12-11 11:09","Import","Deal stage and pre stage  by Gal Tarrab Levi"
"40663470934","Curative Inc ","SDR / Omitted OPP","2025-07-22 17:19","Workflow","Update deal stage before closed deal"
"29884590748","GRAN ","SDR / Omitted OPP","2024-12-05 20:23","Workflow","Update deal stage before closed deal"
"29107931217","Nintex Pty","SDR / Omitted OPP","2024-11-14 12:32","Record Merge","","SDR / Omitted OPP","2024-11-13 16:10","Workflow","Update deal stage before closed deal","SDR / Omitted OPP","2024-05-01 12:52","Workflow","Update deal stage before closed deal"
"45977637756","PenLink","SDR / Omitted OPP","2025-10-15 10:44","Workflow","Update deal stage before closed deal"
"10127533836","CyberArk","Business case confirmation","2023-12-11 11:09","Import","Deal stage and pre stage  by Gal Tarrab Levi"
"32754617707","Hansen Technologies ","Negotiation / Legal","2026-06-19 01:27","Workflow","Update deal stage before closed deal","Business case confirmation","2026-03-19 01:20","Workflow","Update deal stage before closed deal","Formal Pilot","2026-02-11 00:41","Workflow","Update deal stage before closed deal","Pilot Prep","2025-02-14 04:25","Workflow","Update deal stage before closed deal","Demo / Presentation","2025-02-03 01:18","Workflow","Update deal stage before closed deal","SDR / Omitted OPP","2025-01-30 01:22","Workflow","Update deal stage before closed deal"
"56896649241","Innowise","SDR / Omitted OPP","2026-02-24 19:38","Workflow","Update deal stage before closed deal"
"19189799223","World Bank","Demo / Presentation","2024-05-13 20:43","Workflow","Update deal stage before closed deal","SDR / Omitted OPP","2024-05-07 18:59","Workflow","Update deal stage before closed deal"
"18093609527","Coder Technologies","SDR / Omitted OPP","2024-03-18 17:56","Workflow","Update deal stage before closed deal"
"57830124658","Fanduel","SDR / Omitted OPP","2026-03-11 20:39","Workflow","Update deal stage before closed deal"
"58450570049","KubeCon EU 2026 - JFROG","SDR / Omitted OPP","2026-03-26 23:26","Workflow","Update deal stage before closed deal"
"12748904114","Miro","SDR / Omitted OPP","2024-01-02 14:40","CRM UI Bulk Action","Gal Tarrab Levi"
"53999235887","HPE","SDR / Omitted OPP","2026-01-15 23:31","Workflow","Update deal stage before closed deal"
"40264907866","The University of Melbourne","Negotiation / Legal","2025-08-28 01:53","Workflow","Update deal stage before closed deal","Business case confirmation","2025-08-28 01:53","Workflow","Update deal stage before closed deal","Pilot Prep","2025-08-11 06:11","Workflow","Update deal stage before closed deal","Demo / Presentation","2025-07-21 06:02","Workflow","Update deal stage before closed deal","SDR / Omitted OPP","2025-07-15 11:58","Workflow","Update deal stage before closed deal"
"13457590143","BOL","Pilot Prep","2023-12-11 11:09","Import","Deal stage and pre stage  by Gal Tarrab Levi"
"34513028479","RTB house","Pilot Prep","2025-03-11 13:42","Record Merge","","SDR / Omitted OPP","2025-03-11 13:00","Workflow","Update deal stage before closed deal","Pilot Prep","2025-02-27 12:33","Workflow","Update deal stage before closed deal","Demo / Presentation","2025-01-24 12:12","Workflow","Update deal stage before closed deal","SDR / Omitted OPP","2025-01-15 09:37","Workflow","Update deal stage before closed deal"
"16877705482","Ivy Mobility","SDR / Omitted OPP","2024-01-10 13:06","Workflow","Update deal stage before closed deal"
"60036388465","HireVue","Demo / Presentation","2026-05-13 16:40","Workflow","Update deal stage before closed deal","SDR / Omitted OPP","2026-05-05 22:27","Workflow","Update deal stage before closed deal"
"34407355253","Fullbay","Business case confirmation","2025-04-02 21:11","Workflow","Update deal stage before closed deal","Pilot Prep","2025-03-09 10:25","Record Merge","","Pilot Prep","2025-03-09 10:25","Record Merge","","SDR / Omitted OPP","2025-03-07 16:45","Workflow","Update deal stage before closed deal","SDR / Omitted OPP","2025-03-07 16:45","Workflow","Update deal stage before closed deal","Pilot Prep","2025-03-06 16:25","Workflow","Update deal stage before closed deal","SDR / Omitted OPP","2024-12-10 19:49","Workflow","Update deal stage before closed deal"
"44023792949","Financial Conduct Authority","Formal Pilot","2026-06-25 12:45","Workflow","Update deal stage before closed deal","Pilot Prep","2026-03-27 12:24","Workflow","Update deal stage before closed deal","Demo / Presentation","2026-03-19 18:46","Workflow","Update deal stage before closed deal","Pilot Prep","2025-11-06 14:13","Workflow","Update deal stage before closed deal","Demo / Presentation","2025-09-26 13:54","Workflow","Update deal stage before closed deal","SDR / Omitted OPP","2025-09-21 09:36","Workflow","Update deal stage before closed deal"
"28987667378","Altamira","SDR / Omitted OPP","2024-11-13 01:44","Workflow","Update deal stage before closed deal"
"16568791066","NOS","SDR / Omitted OPP","2024-01-02 14:37","CRM UI Bulk Action","Gal Tarrab Levi"
"17269723277","Arab National Bank","SDR / Omitted OPP","2024-01-31 16:32","Workflow","Update deal stage before closed deal"
"19852201812","Pacifico Seguros (50/50 split w/ Sam/Tom","Negotiation / Legal","2025-02-06 16:32","Workflow","Update deal stage before closed deal","Business case confirmation","2024-12-03 17:37","Workflow","Update deal stage before closed deal","Formal Pilot","2024-10-13 19:18","Workflow","Update deal stage before closed deal","Pilot Prep","2024-10-13 19:14","Workflow","Update deal stage before closed deal","Formal Pilot","2024-10-10 18:10","Workflow","Update deal stage before closed deal","Pilot Prep","2024-08-29 17:58","Workflow","Update deal stage before closed deal","Demo / Presentation","2024-06-11 19:37","Workflow","Update deal stage before closed deal","SDR / Omitted OPP","2024-06-04 17:53","Workflow","Update deal stage before closed deal"
"37224613195","Kyndryl Holdings, Inc.","SDR / Omitted OPP","2025-05-15 12:13","Workflow","Update deal stage before closed deal"
"16158419728","DexCare","SDR / Omitted OPP","2023-12-11 11:09","Import","Deal stage and pre stage  by Gal Tarrab Levi"
"20801630093","Coverys","Business case confirmation","2024-10-30 22:18","Workflow","Update deal stage before closed deal","Formal Pilot","2024-09-06 21:15","Workflow","Update deal stage before closed deal","Pilot Prep","2024-08-29 18:50","Workflow","Update deal stage before closed deal","Formal Pilot","2024-08-02 16:56","Workflow","Update deal stage before closed deal","Pilot Prep","2024-08-02 16:56","Workflow","Update deal stage before closed deal","Demo / Presentation","2024-07-25 23:26","Workflow","Update deal stage before closed deal","SDR / Omitted OPP","2024-07-16 21:59","Workflow","Update deal stage before closed deal"
"29514041510","Bastian Solutions- Toyota Advanced Logistics","Demo / Presentation","2024-12-12 15:39","Workflow","Update deal stage before closed deal","SDR / Omitted OPP","2024-11-23 00:58","Workflow","Update deal stage before closed deal"
"16594792806","Mercedes Benz","Demo / Presentation","2024-01-09 15:58","Workflow","Update deal stage before closed deal","SDR / Omitted OPP","2024-01-02 14:37","CRM UI Bulk Action","Gal Tarrab Levi"
"49151858537","Johnson and Johnson KubeCon ATL 25","Demo / Presentation","2025-12-19 17:08","Workflow","Update deal stage before closed deal","SDR / Omitted OPP","2025-11-14 23:35","Workflow","Update deal stage before closed deal"
"30093070752","Entain plc","Demo / Presentation","2025-05-01 16:34","Workflow","Update deal stage before closed deal","SDR / Omitted OPP","2024-12-09 23:20","Workflow","Update deal stage before closed deal"
"60636739657","Noma Security","SDR / Omitted OPP","2026-05-26 11:14","Workflow","Update deal stage before closed deal"
"12780964411","EA games","SDR / Omitted OPP","2023-12-31 09:56","CRM UI","Gal Tarrab Levi"
"32466891936","Banco BICE","Business case confirmation","2025-01-26 16:33","Record Merge","","SDR / Omitted OPP","2025-01-26 09:41","Workflow","Update deal stage before closed deal","Business case confirmation","2024-10-25 18:33","Workflow","Update deal stage before closed deal","Formal Pilot","2024-09-26 18:12","Workflow","Update deal stage before closed deal","Pilot Prep","2024-09-19 17:20","Workflow","Update deal stage before closed deal","Demo / Presentation","2024-09-09 21:45","Workflow","Update deal stage before closed deal","SDR / Omitted OPP","2024-09-06 18:03","Workflow","Update deal stage before closed deal"
"19719617458","Ryval-X","SDR / Omitted OPP","2024-05-30 07:36","Workflow","Update deal stage before closed deal"
"60236801205","Procter & Gamble","SDR / Omitted OPP","2026-05-13 22:01","Workflow","Update deal stage before closed deal"
"61031708748","Adaptavist","SDR / Omitted OPP","2026-06-11 19:18","Workflow","Update deal stage before closed deal"
"15408076931","Expleo Group","SDR / Omitted OPP","2023-12-24 13:52","Import","STAGE BEFORE - Sheet1.csv by Gal Tarrab Levi"
"33541046082","Ocado","SDR / Omitted OPP","2025-02-16 10:07","Record Merge","","SDR / Omitted OPP","2025-02-13 19:57","Workflow","Update deal stage before closed deal","SDR / Omitted OPP","2025-02-11 13:17","Workflow","Update deal stage before closed deal"
"31653456000","MUFG Investor services","Pilot Prep","2025-01-07 16:56","Record Merge","","SDR / Omitted OPP","2025-01-07 16:52","Workflow","Update deal stage before closed deal","Pilot Prep","2025-01-07 16:40","Record Merge","","Pilot Prep","2025-01-07 16:40","Record Merge","","SDR / Omitted OPP","2025-01-06 23:18","Workflow","Update deal stage before closed deal","SDR / Omitted OPP","2025-01-06 23:17","Workflow","Update deal stage before closed deal","Pilot Prep","2024-06-14 18:45","Workflow","Update deal stage before closed deal","Formal Pilot","2024-04-30 21:59","Workflow","Update deal stage before closed deal","Pilot Prep","2024-04-16 21:14","Workflow","Update deal stage before closed deal","Demo / Presentation","2024-04-03 18:40","Workflow","Update deal stage before closed deal","SDR / Omitted OPP","2024-03-28 20:54","Workflow","Update deal stage before closed deal"
"35026835235","Voi Technology","SDR / Omitted OPP","2025-03-24 15:29","Record Merge","","SDR / Omitted OPP","2025-03-24 15:23","Workflow","Update deal stage before closed deal","SDR / Omitted OPP","2025-03-24 14:11","Record Merge","","SDR / Omitted OPP","2025-03-24 12:49","Workflow","Update deal stage before closed deal","SDR / Omitted OPP","2025-03-05 16:09","Workflow","Update deal stage before closed deal"
"60635313924","DoorLoop","SDR / Omitted OPP","2026-05-26 10:26","Workflow","Update deal stage before closed deal"
"17133661339","AI21 Labs","SDR / Omitted OPP","2024-01-24 11:34","Workflow","Update deal stage before closed deal"
"28456784040","Appsflyer","SDR / Omitted OPP","2024-10-29 13:42","Workflow","Update deal stage before closed deal"
"60550480564","Capgemini","SDR / Omitted OPP","2026-05-21 21:33","Workflow","Update deal stage before closed deal"
"35354450487","Quickwork","SDR / Omitted OPP","2025-04-02 13:37","Workflow","Update deal stage before closed deal"
"19830722961","The Hartford","Pilot Prep","2024-06-22 21:09","Workflow","Update deal stage before closed deal","Demo / Presentation","2024-06-07 19:34","Workflow","Update deal stage before closed deal","SDR / Omitted OPP","2024-06-03 22:36","Workflow","Update deal stage before closed deal"
"42923783030","FNB DevOps","SDR / Omitted OPP","2025-08-27 12:21","Workflow","Update deal stage before closed deal"
"41953753182","Shipt","Business case confirmation","2025-11-20 17:49","Workflow","Update deal stage before closed deal","Formal Pilot","2025-10-22 13:05","Workflow","Update deal stage before closed deal","Pilot Prep","2025-09-25 18:13","Workflow","Update deal stage before closed deal","Demo / Presentation","2025-08-14 23:33","Workflow","Update deal stage before closed deal","SDR / Omitted OPP","2025-08-14 00:12","Workflow","Update deal stage before closed deal"
"54311017053","GlassDollar (KSB)","SDR / Omitted OPP","2026-01-21 15:48","Workflow","Update deal stage before closed deal"
"22619273319","Parker Hannifin","Negotiation / Legal","2025-07-02 19:19","Workflow","Update deal stage before closed deal","Business case confirmation","2025-05-05 15:10","Workflow","Update deal stage before closed deal","Formal Pilot","2025-02-06 16:36","Workflow","Update deal stage before closed deal","Demo / Presentation","2024-10-24 16:29","Workflow","Update deal stage before closed deal","SDR / Omitted OPP","2024-09-25 16:37","Workflow","Update deal stage before closed deal"
"20480968848","ISS STOXX","Business case confirmation","2024-08-01 18:19","Workflow","Update deal stage before closed deal","Formal Pilot","2024-07-18 18:24","Workflow","Update deal stage before closed deal","Demo / Presentation","2024-07-12 17:00","Workflow","Update deal stage before closed deal","SDR / Omitted OPP","2024-07-02 12:29","Workflow","Update deal stage before closed deal"
"42899100233","Marex ","SDR / Omitted OPP","2025-08-26 19:27","Workflow","Update deal stage before closed deal"
"58451655971","KubeCon EU 2026 - ista SE","SDR / Omitted OPP","2026-03-26 23:26","Workflow","Update deal stage before closed deal"
"19718019413","Eagers Automative Ltd","SDR / Omitted OPP","2024-05-30 07:19","Workflow","Update deal stage before closed deal"
"58435697298","KubeCon EU 2026 - Mercedes-Benz.io","SDR / Omitted OPP","2026-03-26 23:26","Workflow","Update deal stage before closed deal"
"19724644425","PagerDuty","SDR / Omitted OPP","2024-05-30 11:44","Workflow","Update deal stage before closed deal"
"29273195359","NASDAQ","Demo / Presentation","2025-01-31 21:09","Workflow","Update deal stage before closed deal","Pilot Prep","2024-12-04 16:20","Workflow","Update deal stage before closed deal","Demo / Presentation","2024-11-22 21:44","Workflow","Update deal stage before closed deal","SDR / Omitted OPP","2024-11-18 21:31","Workflow","Update deal stage before closed deal"
"50870372871","Cegid","Pilot Prep","2026-02-18 18:30","Workflow","Update deal stage before closed deal","Demo / Presentation","2026-01-15 13:36","Workflow","Update deal stage before closed deal","SDR / Omitted OPP","2025-12-02 18:09","Workflow","Update deal stage before closed deal"
"16500766049","Allianzgi","Pilot Prep","2024-07-02 17:23","Workflow","Update deal stage before closed deal","Demo / Presentation","2024-01-12 13:13","Workflow","Update deal stage before closed deal","SDR / Omitted OPP","2024-01-02 14:37","CRM UI Bulk Action","Gal Tarrab Levi"
"56443887264","L'Oreal","Demo / Presentation","2026-02-20 11:02","Workflow","Update deal stage before closed deal","SDR / Omitted OPP","2026-02-16 18:06","Workflow","Update deal stage before closed deal"
"15959918407","Red Hat","SDR / Omitted OPP","2024-01-02 14:37","CRM UI Bulk Action","Gal Tarrab Levi"
"34603553135","PwC","Negotiation / Legal","2025-03-13 11:40","Record Merge","","Negotiation / Legal","2025-03-13 11:40","Record Merge","","SDR / Omitted OPP","2025-03-13 10:19","Workflow","Update deal stage before closed deal","SDR / Omitted OPP","2025-03-13 10:19","Workflow","Update deal stage before closed deal","Negotiation / Legal","2025-01-26 15:50","Record Merge","","Negotiation / Legal","2025-01-26 15:50","Record Merge","","Negotiation / Legal","2025-01-26 15:50","Record Merge","","Negotiation / Legal","2025-01-26 15:50","Record Merge","","Negotiation / Legal","2025-01-26 15:50","Record Merge","","Negotiation / Legal","2025-01-26 15:50","Record Merge","","Negotiation / Legal","2025-01-26 15:49","Record Merge","","SDR / Omitted OPP","2025-01-26 15:43","Workflow","Update deal stage before closed deal","SDR / Omitted OPP","2025-01-26 15:42","Workflow","Update deal stage before closed deal","SDR / Omitted OPP","2025-01-26 15:42","Workflow","Update deal stage before closed deal","SDR / Omitted OPP","2025-01-26 15:42","Workflow","Update deal stage before closed deal","SDR / Omitted OPP","2025-01-26 15:42","Workflow","Update deal stage before closed deal","SDR / Omitted OPP","2025-01-26 15:42","Workflow","Update deal stage before closed deal","SDR / Omitted OPP","2025-01-26 15:42","Workflow","Update deal stage before closed deal","Negotiation / Legal","2025-01-26 15:32","Record Merge","","SDR / Omitted OPP","2025-01-26 09:41","Workflow","Update deal stage before closed deal"
"60203619489","HRDF ","SDR / Omitted OPP","2026-05-12 11:59","Workflow","Update deal stage before closed deal"
"58327252511","Compartamos Banco","SDR / Omitted OPP","2026-03-24 23:40","Workflow","Update deal stage before closed deal"
"32779023012","HashiCorp","SDR / Omitted OPP","2025-01-30 15:36","Workflow","Update deal stage before closed deal"
"15842872689","TripleLift","SDR / Omitted OPP","2024-01-02 14:40","CRM UI Bulk Action","Gal Tarrab Levi"
"36746205218","GCI Communication","SDR / Omitted OPP","2025-05-05 21:46","Workflow","Update deal stage before closed deal"
"49448235866","Synchrony","SDR / Omitted OPP","2025-11-19 21:36","Workflow","Update deal stage before closed deal"
"14345696630","ADEO","Demo / Presentation","2023-12-24 13:52","Import","STAGE BEFORE - Sheet1.csv by Gal Tarrab Levi","SDR / Omitted OPP","2023-12-11 11:09","Import","Deal stage and pre stage  by Gal Tarrab Levi"
"35441558301","IBM","SDR / Omitted OPP","2025-04-03 13:57","Workflow","Update deal stage before closed deal"
"22406548762","Own","SDR / Omitted OPP","2024-09-19 10:01","Workflow","Update deal stage before closed deal"
"20900117105","Cloudzone","SDR / Omitted OPP","2024-07-22 12:33","Workflow","Update deal stage before closed deal"
"37630581176","Bango","SDR / Omitted OPP","2025-07-07 04:18","Workflow","Update deal stage before closed deal","Pilot Prep","2025-07-07 04:18","Workflow","Update deal stage before closed deal","SDR / Omitted OPP","2025-05-22 19:10","Workflow","Update deal stage before closed deal"
"43823227226","CitiusTech","SDR / Omitted OPP","2025-09-17 15:24","Workflow","Update deal stage before closed deal"
"38813508748","ICEYE","Business case confirmation","2025-06-12 16:51","Workflow","Update deal stage before closed deal","Pilot Prep","2025-06-12 16:51","Workflow","Update deal stage before closed deal","SDR / Omitted OPP","2025-06-12 14:43","Record Merge","","Business case confirmation","2025-06-12 12:05","Workflow","Update deal stage before closed deal","Formal Pilot","2025-05-22 10:48","Workflow","Update deal stage before closed deal","Demo / Presentation","2025-05-05 13:28","Workflow","Update deal stage before closed deal","SDR / Omitted OPP","2025-04-29 11:07","Record Merge","","SDR / Omitted OPP","2025-04-23 17:19","Workflow","Update deal stage before closed deal","SDR / Omitted OPP","2025-04-02 14:46","Workflow","Update deal stage before closed deal","SDR / Omitted OPP","2025-04-01 13:20","Workflow","Update deal stage before closed deal"
"21049319529","Dezerv","Demo / Presentation","2024-07-29 17:20","Record Merge","","Demo / Presentation","2024-07-29 17:20","Record Merge","","SDR / Omitted OPP","2024-07-29 17:08","Workflow","Update deal stage before closed deal","SDR / Omitted OPP","2024-07-29 17:08","Workflow","Update deal stage before closed deal","Demo / Presentation","2024-07-04 14:44","Workflow","Update deal stage before closed deal","SDR / Omitted OPP","2024-06-28 06:12","Workflow","Update deal stage before closed deal"
"13723285314","Beazley","Formal Pilot","2023-12-24 13:52","Import","STAGE BEFORE - Sheet1.csv by Gal Tarrab Levi","Pilot Prep","2023-12-11 11:09","Import","Deal stage and pre stage  by Gal Tarrab Levi"
"39000507702","United Wholesale Mortgage - expansion 2025","Negotiation / Legal","2025-06-18 09:48","Workflow","Update deal stage before closed deal"
"18291394843","Moonfare Asia Ltd ","Demo / Presentation","2024-04-05 17:55","Workflow","Update deal stage before closed deal","SDR / Omitted OPP","2024-03-28 19:01","Workflow","Update deal stage before closed deal"
"35438413430","Volkswagen","SDR / Omitted OPP","2025-04-03 17:09","Workflow","Update deal stage before closed deal"
"13442049302","Ripple","Formal Pilot","2023-12-11 11:09","Import","Deal stage and pre stage  by Gal Tarrab Levi"
"59718756018","Y Tree ","SDR / Omitted OPP","2026-04-27 15:32","Workflow","Update deal stage before closed deal"
"35121379129","FloQast","SDR / Omitted OPP","2025-03-27 10:49","Workflow","Update deal stage before closed deal"
"35362759487","Esure","SDR / Omitted OPP","2025-04-02 13:25","Workflow","Update deal stage before closed deal"
"35347438098","Newcastle University","SDR / Omitted OPP","2025-04-01 18:28","Workflow","Update deal stage before closed deal"
"37524667147","Apple","SDR / Omitted OPP","2025-05-21 02:52","Workflow","Update deal stage before closed deal"
"30658270016","The AES Corporation","SDR / Omitted OPP","2024-12-17 19:34","Workflow","Update deal stage before closed deal"
"42069006440","Kaiser Permanente","Business case confirmation","2026-03-12 17:55","Workflow","Update deal stage before closed deal","Formal Pilot","2026-02-04 18:30","Workflow","Update deal stage before closed deal","Pilot Prep","2025-09-04 17:42","Workflow","Update deal stage before closed deal","Demo / Presentation","2025-08-21 17:33","Workflow","Update deal stage before closed deal","SDR / Omitted OPP","2025-08-14 18:11","Workflow","Update deal stage before closed deal"
"52036396837","EPAM systems","SDR / Omitted OPP","2026-01-06 19:22","Workflow","Update deal stage before closed deal"
"58243979947","Kaizengaming ","SDR / Omitted OPP","2026-03-23 10:57","Workflow","Update deal stage before closed deal"
"17857927275","Advance Auto Parts","Pilot Prep","2024-07-01 18:12","Workflow","Update deal stage before closed deal","Formal Pilot","2024-05-30 18:34","Workflow","Update deal stage before closed deal","Pilot Prep","2024-04-30 23:45","Workflow","Update deal stage before closed deal","Formal Pilot","2024-04-30 23:45","Workflow","Update deal stage before closed deal","Pilot Prep","2024-04-09 17:55","Workflow","Update deal stage before closed deal","Demo / Presentation","2024-03-18 20:49","Workflow","Update deal stage before closed deal","SDR / Omitted OPP","2024-03-04 20:59","Workflow","Update deal stage before closed deal"
"21211800952","OM Bank ","Demo / Presentation","2024-08-12 10:15","Workflow","Update deal stage before closed deal","SDR / Omitted OPP","2024-08-07 21:16","Workflow","Update deal stage before closed deal"
"55511165781","Airbnb","SDR / Omitted OPP","2026-02-04 21:01","Workflow","Update deal stage before closed deal"
"55716750184","Achs","Demo / Presentation","2026-06-29 17:16","Workflow","Update deal stage before closed deal","SDR / Omitted OPP","2026-02-06 22:46","Workflow","Update deal stage before closed deal"
"30227064718","DHL","SDR / Omitted OPP","2024-12-12 18:48","Workflow","Update deal stage before closed deal"
"15794209848","Prolific Academic LTD.","Negotiation / Legal","2024-02-06 16:57","Workflow","Update deal stage before closed deal","Formal Pilot","2024-01-08 16:32","Workflow","Update deal stage before closed deal","SDR / Omitted OPP","2023-12-11 11:09","Import","Deal stage and pre stage  by Gal Tarrab Levi"
"18124914273","CompuGroup Medical - KubeCon","SDR / Omitted OPP","2024-04-22 11:42","Workflow","Update deal stage before closed deal","Demo / Presentation","2024-03-28 16:34","Workflow","Update deal stage before closed deal","SDR / Omitted OPP","2024-03-20 13:03","Workflow","Update deal stage before closed deal"
"58427627610","KubeCon EU 2026 - Plumery","SDR / Omitted OPP","2026-03-26 23:26","Workflow","Update deal stage before closed deal"
"23204967716","Sapiens International","Demo / Presentation","2024-11-28 11:29","Workflow","Update deal stage before closed deal","SDR / Omitted OPP","2024-10-13 12:23","Workflow","Update deal stage before closed deal"
"41049894405","Dollarama","SDR / Omitted OPP","2025-07-30 17:58","Workflow","Update deal stage before closed deal"
"43191622228","MGM Resorts International","Formal Pilot","2025-10-16 18:49","Workflow","Update deal stage before closed deal","Pilot Prep","2025-09-10 20:27","Workflow","Update deal stage before closed deal","Demo / Presentation","2025-09-03 19:30","Workflow","Update deal stage before closed deal","SDR / Omitted OPP","2025-08-31 22:06","Workflow","Update deal stage before closed deal"
"40723955604","NinjaOne","SDR / Omitted OPP","2025-07-23 19:46","Workflow","Update deal stage before closed deal"
"61507400260","Jefferies ","Demo / Presentation","2026-07-01 20:58","Workflow","Update deal stage before closed deal","SDR / Omitted OPP","2026-07-01 20:58","Workflow","Update deal stage before closed deal"
"13520625847","Games24x7","Business case confirmation","2023-12-11 11:09","Import","Deal stage and pre stage  by Gal Tarrab Levi"
"22395282251","Input Output","SDR / Omitted OPP","2024-09-18 23:10","Workflow","Update deal stage before closed deal"
"58686882206","Nuvei","SDR / Omitted OPP","2026-04-03 18:13","Workflow","Update deal stage before closed deal"
"46557887769","Publicis Groupe","Negotiation / Legal","2025-12-04 16:16","Workflow","Update deal stage before closed deal","Formal Pilot","2025-12-04 16:15","Workflow","Update deal stage before closed deal","Pilot Prep","2025-11-06 14:14","Workflow","Update deal stage before closed deal","Demo / Presentation","2025-11-06 12:00","Workflow","Update deal stage before closed deal","SDR / Omitted OPP","2025-10-20 17:30","Workflow","Update deal stage before closed deal"
"16989972759","Shell","Demo / Presentation","2024-01-23 11:50","Workflow","Update deal stage before closed deal","SDR / Omitted OPP","2024-01-17 09:52","Workflow","Update deal stage before closed deal"
"15957919539","Input Output / IOHK","Demo / Presentation","2024-03-17 14:22","CRM UI","Gal Tarrab Levi","SDR / Omitted OPP","2023-12-11 11:09","Import","Deal stage and pre stage  by Gal Tarrab Levi"
"36567766621","Cognizant","SDR / Omitted OPP","2025-04-30 17:20","Workflow","Update deal stage before closed deal"
"61673609864","Adaptavist - New Deal","SDR / Omitted OPP","2026-06-26 22:37","Workflow","Update deal stage before closed deal"
"15890508547","Workleap - old","SDR / Omitted OPP","2023-12-11 11:09","Import","Deal stage and pre stage  by Gal Tarrab Levi"
"38463850140","AFP Modelo","Demo / Presentation","2025-09-18 16:46","Workflow","Update deal stage before closed deal","Pilot Prep","2025-08-14 17:53","Workflow","Update deal stage before closed deal","Demo / Presentation","2025-07-10 17:45","Workflow","Update deal stage before closed deal","Pilot Prep","2025-06-18 19:38","Workflow","Update deal stage before closed deal","Demo / Presentation","2025-06-18 17:10","Workflow","Update deal stage before closed deal","SDR / Omitted OPP","2025-06-04 18:29","Workflow","Update deal stage before closed deal"
"43413060432","Stellantis","SDR / Omitted OPP","2025-09-05 19:11","Workflow","Update deal stage before closed deal"
"15939054178","Lexmark ","Pilot Prep","2024-05-21 19:05","Workflow","Update deal stage before closed deal","Demo / Presentation","2023-12-11 11:09","Import","Deal stage and pre stage  by Gal Tarrab Levi"
"61594161821","CYAN BLUE ODDS ","SDR / Omitted OPP","2026-06-25 00:41","Workflow","Update deal stage before closed deal"
"57938986310","Pernambucanas","SDR / Omitted OPP","2026-03-12 16:14","Workflow","Update deal stage before closed deal"
"17661503649","Dell ISG","Negotiation / Legal","2024-06-24 18:43","Workflow","Update deal stage before closed deal","Demo / Presentation","2024-02-22 04:42","Workflow","Update deal stage before closed deal","SDR / Omitted OPP","2024-02-22 04:41","Workflow","Update deal stage before closed deal"
"32321728157","London Stock Exchange Group","Pilot Prep","2025-03-17 11:47","Workflow","Update deal stage before closed deal","Demo / Presentation","2025-02-20 11:42","Workflow","Update deal stage before closed deal","SDR / Omitted OPP","2025-01-22 09:58","Record Merge","","SDR / Omitted OPP","2025-01-22 09:58","Record Merge","","SDR / Omitted OPP","2025-01-21 22:33","Workflow","Update deal stage before closed deal","SDR / Omitted OPP","2025-01-21 22:33","Workflow","Update deal stage before closed deal","SDR / Omitted OPP","2025-01-15 17:21","Record Merge","","SDR / Omitted OPP","2025-01-15 17:19","Workflow","Update deal stage before closed deal","SDR / Omitted OPP","2025-01-15 17:09","Workflow","Update deal stage before closed deal"
"13791298325","PTC","SDR / Omitted OPP","2023-12-11 11:09","Import","Deal stage and pre stage  by Gal Tarrab Levi"
"62045124881","Doxo","SDR / Omitted OPP","2026-07-01 20:12","Workflow","Update deal stage before closed deal"
"61437647452","Amazon - New Deal","SDR / Omitted OPP","2026-06-23 12:01","Workflow","Update deal stage before closed deal"
"18555968135","Checkmarx - (Additional 50 Users)","Business case confirmation","2024-04-11 10:46","Workflow","Update deal stage before closed deal","SDR / Omitted OPP","2024-04-10 19:50","Workflow","Update deal stage before closed deal"
"21761660051","TTEC","Pilot Prep","2024-10-03 16:47","Workflow","Update deal stage before closed deal","Demo / Presentation","2024-09-04 21:24","Workflow","Update deal stage before closed deal","SDR / Omitted OPP","2024-08-27 23:45","Workflow","Update deal stage before closed deal"
"55067978546","Banco Davivienda -12 mths","Negotiation / Legal","2026-05-13 19:23","Workflow","Update deal stage before closed deal","Business case confirmation","2026-04-06 19:24","Workflow","Update deal stage before closed deal","Formal Pilot","2026-03-18 19:17","Workflow","Update deal stage before closed deal","Pilot Prep","2026-03-18 19:11","Workflow","Update deal stage before closed deal","Demo / Presentation","2026-02-24 22:41","Workflow","Update deal stage before closed deal","SDR / Omitted OPP","2026-01-29 23:29","Workflow","Update deal stage before closed deal"
"16716273703","Movable Ink","Negotiation / Legal","2024-04-24 23:44","Workflow","Update deal stage before closed deal","Business case confirmation","2024-03-06 16:12","Workflow","Update deal stage before closed deal","Formal Pilot","2024-01-17 22:11","Workflow","Update deal stage before closed deal","Pilot Prep","2024-01-10 18:12","Workflow","Update deal stage before closed deal","SDR / Omitted OPP","2024-01-02 14:37","CRM UI Bulk Action","Gal Tarrab Levi"
"40398163235","Westpac","SDR / Omitted OPP","2025-07-17 17:26","Workflow","Update deal stage before closed deal"
"52248171013","FIS","Pilot Prep","2026-02-04 17:11","Workflow","Update deal stage before closed deal","Demo / Presentation","2026-01-07 23:02","Workflow","Update deal stage before closed deal","SDR / Omitted OPP","2025-12-20 01:00","Workflow","Update deal stage before closed deal"
"45498255949","Lantern","Negotiation / Legal","2025-12-09 21:11","Workflow","Update deal stage before closed deal","Business case confirmation","2025-12-05 17:45","Workflow","Update deal stage before closed deal","Formal Pilot","2025-11-12 23:34","Workflow","Update deal stage before closed deal","Pilot Prep","2025-10-20 23:17","Workflow","Update deal stage before closed deal","Demo / Presentation","2025-10-09 22:09","Workflow","Update deal stage before closed deal","SDR / Omitted OPP","2025-10-08 20:24","Workflow","Update deal stage before closed deal"
"47660359547","Eneco ","Demo / Presentation","2025-11-06 21:39","Workflow","Update deal stage before closed deal","SDR / Omitted OPP","2025-10-30 17:05","Workflow","Update deal stage before closed deal"
"60711930519","TMHCC - New Deal","SDR / Omitted OPP","2026-05-29 19:11","Workflow","Update deal stage before closed deal"
"16195101982","Unity 3D","Formal Pilot","2024-04-09 16:50","Workflow","Update deal stage before closed deal","Pilot Prep","2024-03-18 20:08","Workflow","Update deal stage before closed deal","Demo / Presentation","2023-12-11 11:09","Import","Deal stage and pre stage  by Gal Tarrab Levi"
"35428507812","Tracr ","SDR / Omitted OPP","2025-04-03 15:26","Workflow","Update deal stage before closed deal"
"56182473019","Principal Financial","SDR / Omitted OPP","2026-02-13 17:10","Workflow","Update deal stage before closed deal"
"57610385003","SilverFort - expansion - 30 seats","Negotiation / Legal","2026-03-05 14:34","Workflow","Update deal stage before closed deal"
"50460161377","Headway","SDR / Omitted OPP","2025-11-26 21:00","Workflow","Update deal stage before closed deal"
"61031632386","DoubleVerify","SDR / Omitted OPP","2026-06-11 19:18","Workflow","Update deal stage before closed deal"
"57959314857","Mastercard - AI Focused","Demo / Presentation","2026-05-27 19:27","Workflow","Update deal stage before closed deal","SDR / Omitted OPP","2026-03-11 23:32","Workflow","Update deal stage before closed deal"
"58309831982","Kubecon EU 2026 - Shell","SDR / Omitted OPP","2026-03-24 17:33","Workflow","Update deal stage before closed deal"
"34022761996","Maib","Negotiation / Legal","2025-02-27 12:23","Record Merge","","SDR / Omitted OPP","2025-02-27 12:10","Workflow","Update deal stage before closed deal","Negotiation / Legal","2025-02-20 12:37","Workflow","Update deal stage before closed deal","Business case confirmation","2024-12-03 11:52","Workflow","Update deal stage before closed deal","Formal Pilot","2024-11-14 17:39","Workflow","Update deal stage before closed deal","Pilot Prep","2024-11-13 13:35","Record Merge","","Pilot Prep","2024-11-13 12:55","Workflow","Update deal stage before closed deal","SDR / Omitted OPP","2024-11-13 11:11","Workflow","Update deal stage before closed deal","Demo / Presentation","2024-11-13 10:54","Workflow","Update deal stage before closed deal","SDR / Omitted OPP","2024-11-06 09:31","Workflow","Update deal stage before closed deal"
"49594525105","MagicSchool AI","SDR / Omitted OPP","2025-11-18 18:45","Workflow","Update deal stage before closed deal"
"38741682526","nTop","Pilot Prep","2025-07-30 15:32","Workflow","Update deal stage before closed deal","Demo / Presentation","2025-07-07 23:19","Workflow","Update deal stage before closed deal","SDR / Omitted OPP","2025-06-10 22:08","Workflow","Update deal stage before closed deal"
"61031619728","RiotGames","SDR / Omitted OPP","2026-06-11 19:18","Workflow","Update deal stage before closed deal"
"50502411782","Costa Crociere ","Negotiation / Legal","2025-11-26 09:49","Workflow","Update deal stage before closed deal","Business case confirmation","2025-11-26 09:48","Workflow","Update deal stage before closed deal","Formal Pilot","2025-11-26 09:48","Workflow","Update deal stage before closed deal","Pilot Prep","2025-11-26 09:48","Workflow","Update deal stage before closed deal","Demo / Presentation","2025-11-26 09:47","Workflow","Update deal stage before closed deal","SDR / Omitted OPP","2025-11-26 09:47","Workflow","Update deal stage before closed deal"
"15958731659","WI Digital","SDR / Omitted OPP","2023-12-11 11:09","Import","Deal stage and pre stage  by Gal Tarrab Levi"
"59004969889","Arauco","Demo / Presentation","2026-04-18 02:25","Workflow","Update deal stage before closed deal","SDR / Omitted OPP","2026-04-09 00:44","Workflow","Update deal stage before closed deal"
"35023861531","Louis Vuitton","Demo / Presentation","2025-03-24 15:02","Record Merge","","SDR / Omitted OPP","2025-03-24 14:53","Workflow","Update deal stage before closed deal","Demo / Presentation","2025-03-05 12:56","Workflow","Update deal stage before closed deal","SDR / Omitted OPP","2025-03-03 14:17","Workflow","Update deal stage before closed deal"
"20326119242","Tribute Technology","SDR / Omitted OPP","2024-06-25 18:12","Workflow","Update deal stage before closed deal"
"38218769440","Legal & General - (Asset Management)","Demo / Presentation","2025-06-12 08:54","Workflow","Update deal stage before closed deal","SDR / Omitted OPP","2025-05-30 11:02","Workflow","Update deal stage before closed deal"
"38077754543","Pearson","SDR / Omitted OPP","2025-05-28 10:04","Workflow","Update deal stage before closed deal"
"53265152309","Veolia","SDR / Omitted OPP","2026-01-06 12:52","Workflow","Update deal stage before closed deal"
"19150412078","MFT Energy","Formal Pilot","2024-05-08 17:56","Workflow","Update deal stage before closed deal","SDR / Omitted OPP","2024-05-06 11:00","Workflow","Update deal stage before closed deal"
"58444830360","KubeCon EU 2026 - Relex Solutions","SDR / Omitted OPP","2026-03-26 23:26","Workflow","Update deal stage before closed deal"
"33402442381","Tufin","SDR / Omitted OPP","2025-02-13 10:13","Workflow","Update deal stage before closed deal"
"17906445997","WOW! - old","SDR / Omitted OPP","2024-03-07 21:00","Workflow","Update deal stage before closed deal"
"17270063463","Forseven-Ev","SDR / Omitted OPP","2024-01-31 17:04","Workflow","Update deal stage before closed deal"
"22793057184","Motability","Business case confirmation","2025-01-02 19:48","Workflow","Update deal stage before closed deal","Formal Pilot","2024-12-04 16:18","Workflow","Update deal stage before closed deal","Pilot Prep","2024-11-05 16:45","Workflow","Update deal stage before closed deal","Demo / Presentation","2024-09-30 18:21","Workflow","Update deal stage before closed deal","SDR / Omitted OPP","2024-09-30 18:19","Workflow","Update deal stage before closed deal"
"35470937461","JetBrains","SDR / Omitted OPP","2025-04-04 16:15","Workflow","Update deal stage before closed deal"
"16073201233","Grammarly - old","SDR / Omitted OPP","2024-01-02 14:37","CRM UI Bulk Action","Gal Tarrab Levi"
"21526902648","GIC Private Limited","Pilot Prep","2024-09-17 14:17","Workflow","Update deal stage before closed deal","Demo / Presentation","2024-08-16 17:53","Record Merge","","SDR / Omitted OPP","2024-08-16 17:21","Workflow","Update deal stage before closed deal","Demo / Presentation","2024-07-03 19:45","Workflow","Update deal stage before closed deal","SDR / Omitted OPP","2024-06-14 18:54","Workflow","Update deal stage before closed deal"
"59081264642","Cognizant","SDR / Omitted OPP","2026-04-10 22:07","Workflow","Update deal stage before closed deal"
"51317343307","McKinsey & Company","SDR / Omitted OPP","2025-12-15 18:23","Workflow","Update deal stage before closed deal"
"35090521506","Amwins","Negotiation / Legal","2025-07-30 19:18","Workflow","Update deal stage before closed deal","Business case confirmation","2025-06-04 17:20","Workflow","Update deal stage before closed deal","Formal Pilot","2025-05-15 04:19","Workflow","Update deal stage before closed deal","Pilot Prep","2025-05-13 22:48","Workflow","Update deal stage before closed deal","Demo / Presentation","2025-04-11 21:47","Workflow","Update deal stage before closed deal","SDR / Omitted OPP","2025-03-26 10:04","Record Merge","","SDR / Omitted OPP","2025-03-26 03:52","Workflow","Update deal stage before closed deal","SDR / Omitted OPP","2025-03-25 04:51","Workflow","Update deal stage before closed deal"
"17926207243","Cadent","Demo / Presentation","2024-05-31 16:29","Workflow","Update deal stage before closed deal","SDR / Omitted OPP","2024-03-08 19:37","Workflow","Update deal stage before closed deal"
"18385258506","Tata Elxsi ","SDR / Omitted OPP","2024-04-02 22:22","Workflow","Update deal stage before closed deal"
"42956421784","Capgemini","SDR / Omitted OPP","2025-08-27 17:19","Workflow","Update deal stage before closed deal"
"51033768252","The Weather Channel - AWS LV 25","SDR / Omitted OPP","2025-12-02 22:12","Workflow","Update deal stage before closed deal"
"61694251318","IntraFi - New Deal","SDR / Omitted OPP","2026-06-26 22:37","Workflow","Update deal stage before closed deal"
"17114514097","SITA","SDR / Omitted OPP","2024-01-23 10:34","Workflow","Update deal stage before closed deal"
"57894295872","Keyloop - New Deal","SDR / Omitted OPP","2026-03-11 11:15","Workflow","Update deal stage before closed deal"
"23016186711","Teladoc Health","Pilot Prep","2024-12-03 19:47","Workflow","Update deal stage before closed deal","Demo / Presentation","2024-10-15 19:09","Workflow","Update deal stage before closed deal","SDR / Omitted OPP","2024-10-08 13:02","Workflow","Update deal stage before closed deal"
"16358931791","DataRails","SDR / Omitted OPP","2023-12-24 13:52","Import","STAGE BEFORE - Sheet1.csv by Gal Tarrab Levi"
"16448113978","HPE","SDR / Omitted OPP","2023-12-24 13:52","Import","STAGE BEFORE - Sheet1.csv by Gal Tarrab Levi"
"21225981717","Mr. Cooper Group Inc.","Pilot Prep","2024-12-06 22:11","Workflow","Update deal stage before closed deal","Formal Pilot","2024-10-21 18:55","Workflow","Update deal stage before closed deal","Pilot Prep","2024-10-21 18:55","Workflow","Update deal stage before closed deal","Demo / Presentation","2024-09-17 17:08","Workflow","Update deal stage before closed deal","SDR / Omitted OPP","2024-08-08 15:11","Workflow","Update deal stage before closed deal"
"34549413035","Endalia ","SDR / Omitted OPP","2025-03-12 14:13","Workflow","Update deal stage before closed deal"
"54394287468","Appcharge","Demo / Presentation","2026-02-26 18:22","Workflow","Update deal stage before closed deal","SDR / Omitted OPP","2026-01-23 16:27","Workflow","Update deal stage before closed deal"
"19490199871","Optimizely","SDR / Omitted OPP","2024-05-20 16:17","Workflow","Update deal stage before closed deal"
"49447998055","JPMC KubeCon ATL25","SDR / Omitted OPP","2025-11-17 23:48","Workflow","Update deal stage before closed deal"
"41016928154","Willis Towers Watson","SDR / Omitted OPP","2025-07-29 13:38","Workflow","Update deal stage before closed deal"
"61129589249","BCI Seguros","SDR / Omitted OPP","2026-06-17 16:42","Workflow","Update deal stage before closed deal"
"41875453012","The New York Times","Demo / Presentation","2025-10-14 19:18","Workflow","Update deal stage before closed deal","Pilot Prep","2025-09-16 16:42","Workflow","Update deal stage before closed deal","Demo / Presentation","2025-08-12 17:02","Workflow","Update deal stage before closed deal"
"35455294786","Zurich NA Insurance","Demo / Presentation","2025-06-03 18:51","Workflow","Update deal stage before closed deal","SDR / Omitted OPP","2025-04-04 18:26","Workflow","Update deal stage before closed deal"
"61028116607","NTT DATA - New Deal","SDR / Omitted OPP","2026-06-11 18:08","Workflow","Update deal stage before closed deal"
"12967766407","Raiffeisen UA","Formal Pilot","2023-12-11 11:09","Import","Deal stage and pre stage  by Gal Tarrab Levi"
"15873543193","Dell ","Demo / Presentation","2024-03-03 15:17","CRM UI","Gal Tarrab Levi","SDR / Omitted OPP","2023-12-11 11:09","Import","Deal stage and pre stage  by Gal Tarrab Levi"
"18047932006","Cyient","SDR / Omitted OPP","2024-03-15 14:30","Workflow","Update deal stage before closed deal"
"35668958492","Experian","Demo / Presentation","2025-05-29 19:09","Workflow","Update deal stage before closed deal","SDR / Omitted OPP","2025-04-11 03:32","Workflow","Update deal stage before closed deal"
"57060469513","Telesat","SDR / Omitted OPP","2026-02-26 18:41","Workflow","Update deal stage before closed deal"
"15999043640","Space","Business case confirmation","2024-03-19 09:50","CRM UI","Gal Tarrab Levi","Formal Pilot","2023-12-24 13:52","Import","STAGE BEFORE - Sheet1.csv by Gal Tarrab Levi","Business case confirmation","2023-12-17 14:05","Workflow","Update deal stage before closed deal","Pilot Prep","2023-12-11 11:09","Import","Deal stage and pre stage  by Gal Tarrab Levi"
"34609767188","Axle ","SDR / Omitted OPP","2025-03-13 19:35","Workflow","Update deal stage before closed deal"
"36604766845","Kroger","SDR / Omitted OPP","2025-05-23 01:09","Workflow","Update deal stage before closed deal"
"29076899931","Vail Systems Inc","SDR / Omitted OPP","2024-11-14 03:21","Workflow","Update deal stage before closed deal"
"58450879096","KubeCon EU 2026 - Antonios Angelakia","SDR / Omitted OPP","2026-03-26 23:26","Workflow","Update deal stage before closed deal"
"22604798790","OpenAI","SDR / Omitted OPP","2024-09-25 04:27","Workflow","Update deal stage before closed deal"
"15957913366","Openly","Demo / Presentation","2024-01-16 23:46","Workflow","Update deal stage before closed deal","SDR / Omitted OPP","2024-01-02 14:37","CRM UI Bulk Action","Gal Tarrab Levi"
"40832595293","Claroty","Negotiation / Legal","2025-11-17 09:27","Workflow","Update deal stage before closed deal","Business case confirmation","2025-09-21 14:30","Workflow","Update deal stage before closed deal","Formal Pilot","2025-08-19 14:42","Workflow","Update deal stage before closed deal","Pilot Prep","2025-08-07 13:42","Workflow","Update deal stage before closed deal","Demo / Presentation","2025-07-29 16:51","Workflow","Update deal stage before closed deal","SDR / Omitted OPP","2025-07-25 19:10","Record Merge","","SDR / Omitted OPP","2025-07-18 17:25","Workflow","Update deal stage before closed deal","SDR / Omitted OPP","2025-07-17 19:10","Workflow","Update deal stage before closed deal"
"15585794842","Iterable","Formal Pilot","2023-12-11 11:09","Import","Deal stage and pre stage  by Gal Tarrab Levi"
"54248329583","1Password","Demo / Presentation","2026-01-22 15:38","Workflow","Update deal stage before closed deal","SDR / Omitted OPP","2026-01-21 22:07","Workflow","Update deal stage before closed deal"
"33028927667","Cambia Health Solutions, Inc.","SDR / Omitted OPP","2025-02-05 09:31","Workflow","Update deal stage before closed deal"
"22538158254","Bigabid","SDR / Omitted OPP","2024-09-23 13:19","Workflow","Update deal stage before closed deal"
"30555486986","Cryptomathic","SDR / Omitted OPP","2024-12-17 15:54","Workflow","Update deal stage before closed deal"
"34181229722","Awaze ","Pilot Prep","2025-04-24 12:53","Workflow","Update deal stage before closed deal","Demo / Presentation","2025-03-26 11:53","Workflow","Update deal stage before closed deal","SDR / Omitted OPP","2025-03-03 12:20","Workflow","Update deal stage before closed deal"
"61130689340"," FDJ United","SDR / Omitted OPP","2026-06-16 18:14","Workflow","Update deal stage before closed deal"
"33115064742","illumin ","Demo / Presentation","2025-02-13 17:56","Workflow","Update deal stage before closed deal","SDR / Omitted OPP","2025-02-05 21:02","Workflow","Update deal stage before closed deal"
"51240659055","SignalPET - AWS LV 25","SDR / Omitted OPP","2025-12-04 01:10","Workflow","Update deal stage before closed deal"
"18895566438","Callibrity","SDR / Omitted OPP","2024-04-25 16:28","Workflow","Update deal stage before closed deal"
"35344532570","ERON international","SDR / Omitted OPP","2025-04-02 18:24","Workflow","Update deal stage before closed deal"
"38321177607","Lumen","Demo / Presentation","2025-07-01 21:36","Workflow","Update deal stage before closed deal","SDR / Omitted OPP","2025-06-02 18:53","Workflow","Update deal stage before closed deal"
"59100086327","BAE Systems","SDR / Omitted OPP","2026-04-10 22:07","Workflow","Update deal stage before closed deal"
"38331776052","BAC International Bank","SDR / Omitted OPP","2025-06-03 00:36","Workflow","Update deal stage before closed deal"
"40471773875","ICE (Intercontinental Exchange)","SDR / Omitted OPP","2025-08-07 16:27","Workflow","Update deal stage before closed deal"
"32736391094","APNIC","Pilot Prep","2025-01-30 00:45","Workflow","Update deal stage before closed deal"
"18130777178","Metro Markets - KubeCon","SDR / Omitted OPP","2024-03-20 19:23","Workflow","Update deal stage before closed deal"
"31915270803","pdfFiller","SDR / Omitted OPP","2025-01-13 10:22","Workflow","Update deal stage before closed deal"
"13028762114","Lazard - cancelled","SDR / Omitted OPP","2023-12-11 11:09","Import","Deal stage and pre stage  by Gal Tarrab Levi"
"33350272555","Cloudinary ","SDR / Omitted OPP","2025-02-11 17:05","Workflow","Update deal stage before closed deal"
"40683201384","Cisco Systems","SDR / Omitted OPP","2025-07-23 17:09","Workflow","Update deal stage before closed deal"
"20552101505","Real Geeks","SDR / Omitted OPP","2024-07-05 17:37","Workflow","Update deal stage before closed deal"
"53886938723","Flashbots","SDR / Omitted OPP","2026-02-10 06:19","Workflow","Update deal stage before closed deal"
"35407734924","Delivery Hero","SDR / Omitted OPP","2025-04-03 13:00","Workflow","Update deal stage before closed deal"
"32309143975","PNC","Pilot Prep","2026-06-15 18:27","Workflow","Update deal stage before closed deal","Formal Pilot","2025-12-19 20:57","Workflow","Update deal stage before closed deal","Pilot Prep","2025-08-13 00:20","Workflow","Update deal stage before closed deal","Formal Pilot","2025-08-06 16:44","Workflow","Update deal stage before closed deal","Pilot Prep","2025-01-21 18:48","Record Merge","","Pilot Prep","2025-01-21 18:48","Record Merge","","Pilot Prep","2025-01-21 18:48","Record Merge","","Pilot Prep","2025-01-21 18:48","Record Merge","","Pilot Prep","2025-01-21 18:47","Record Merge","","Pilot Prep","2025-01-21 18:45","Record Merge","","Pilot Prep","2025-01-21 18:45","Record Merge","","Pilot Prep","2025-01-21 18:45","Record Merge","","Pilot Prep","2025-01-21 18:45","Record Merge","","SDR / Omitted OPP","2025-01-21 18:42","Workflow","Update deal stage before closed deal","SDR / Omitted OPP","2025-01-21 18:42","Workflow","Update deal stage before closed deal","SDR / Omitted OPP","2025-01-21 18:41","Workflow","Update deal stage before closed deal","SDR / Omitted OPP","2025-01-21 18:41","Workflow","Update deal stage before closed deal","SDR / Omitted OPP","2025-01-21 18:41","Workflow","Update deal stage before closed deal","SDR / Omitted OPP","2025-01-21 18:41","Workflow","Update deal stage before closed deal","SDR / Omitted OPP","2025-01-21 18:41","Workflow","Update deal stage before closed deal"
"35411692127","NN Group ","SDR / Omitted OPP","2025-04-03 13:55","Workflow","Update deal stage before closed deal"
"56829011383","Wayve","Demo / Presentation","2026-03-09 12:01","Workflow","Update deal stage before closed deal","SDR / Omitted OPP","2026-02-23 20:09","Workflow","Update deal stage before closed deal"
"16667515976","Getnet","Demo / Presentation","2024-01-04 21:24","Workflow","Update deal stage before closed deal","SDR / Omitted OPP","2024-01-02 14:37","CRM UI Bulk Action","Gal Tarrab Levi"
"43739701802","Kaltura","SDR / Omitted OPP","2025-09-16 18:11","Workflow","Update deal stage before closed deal"
"20298930433","OBI Group","Demo / Presentation","2024-06-27 17:30","Workflow","Update deal stage before closed deal","SDR / Omitted OPP","2024-06-24 17:03","Workflow","Update deal stage before closed deal"
"58434300697","KubeCon EU 2026 - Neon free","SDR / Omitted OPP","2026-03-26 23:26","Workflow","Update deal stage before closed deal"
"55581050502","FM - OpsLevel Rip/Replace","Demo / Presentation","2026-02-05 18:53","Workflow","Update deal stage before closed deal"
"29898067775","Pokemon","SDR / Omitted OPP","2024-12-05 21:13","Workflow","Update deal stage before closed deal"
"61724292266","Varonis System Ltd ","SDR / Omitted OPP","2026-06-29 12:13","Workflow","Update deal stage before closed deal"
"20902371599","Cloudandthings","SDR / Omitted OPP","2024-07-22 16:01","Workflow","Update deal stage before closed deal"
"32371316262","Opsfleet","SDR / Omitted OPP","2025-01-29 13:03","Workflow","Update deal stage before closed deal"
"32323657909","Swedbank","SDR / Omitted OPP","2025-01-22 18:47","Workflow","Update deal stage before closed deal"
"55466139466","Human Resources Development Fund - Saudi Arabia","SDR / Omitted OPP","2026-02-03 21:39","Workflow","Update deal stage before closed deal"
"39623490107","Abbott","Demo / Presentation","2025-09-29 21:48","Workflow","Update deal stage before closed deal","SDR / Omitted OPP","2025-07-02 23:41","Workflow","Update deal stage before closed deal"
"35356605053","vent.io ","SDR / Omitted OPP","2025-04-02 13:19","Workflow","Update deal stage before closed deal"
"58452121653","KubeCon EU 2026 - Iberdrola","SDR / Omitted OPP","2026-03-26 23:26","Workflow","Update deal stage before closed deal"
"58444367007","KubeCon EU 2026 - RV","SDR / Omitted OPP","2026-03-26 23:26","Workflow","Update deal stage before closed deal"
"12723955084","Issuu","SDR / Omitted OPP","2024-01-02 14:40","CRM UI Bulk Action","Gal Tarrab Levi"
"21836225037","Gympass","SDR / Omitted OPP","2024-08-31 13:31","Workflow","Update deal stage before closed deal"
"15843406479","MasterCard","SDR / Omitted OPP","2024-01-02 14:40","CRM UI Bulk Action","Gal Tarrab Levi"
"18221867430","Nordlb - KubeCon","Negotiation / Legal","2024-11-05 16:36","Workflow","Update deal stage before closed deal","Business case confirmation","2024-06-18 15:29","Workflow","Update deal stage before closed deal","Formal Pilot","2024-05-29 09:40","Workflow","Update deal stage before closed deal","Pilot Prep","2024-05-01 12:37","Workflow","Update deal stage before closed deal","Demo / Presentation","2024-04-18 16:39","Workflow","Update deal stage before closed deal","SDR / Omitted OPP","2024-03-25 17:53","Record Merge","","SDR / Omitted OPP","2024-03-25 13:06","Workflow","Update deal stage before closed deal","SDR / Omitted OPP","2024-03-20 14:38","Workflow","Update deal stage before closed deal"
"15842693548","Microsoft","SDR / Omitted OPP","2024-01-02 14:40","CRM UI Bulk Action","Gal Tarrab Levi"
"61750200678","Jasper","SDR / Omitted OPP","2026-06-29 23:26","Record Merge","","SDR / Omitted OPP","2026-06-16 21:42","Record Merge","","SDR / Omitted OPP","2026-06-12 16:49","Workflow","Update deal stage before closed deal","SDR / Omitted OPP","2026-06-11 19:18","Workflow","Update deal stage before closed deal","SDR / Omitted OPP","2023-12-11 11:09","Import","Deal stage and pre stage  by Gal Tarrab Levi"
"54020099401","Ticketure ","SDR / Omitted OPP","2026-03-12 05:10","Workflow","Update deal stage before closed deal"
"22314671652","WehKamp - SkyWorkz","Pilot Prep","2024-10-25 16:12","Workflow","Update deal stage before closed deal","Demo / Presentation","2024-10-10 14:13","Workflow","Update deal stage before closed deal","SDR / Omitted OPP","2024-09-16 13:19","Workflow","Update deal stage before closed deal"
"32986204987","UC Santa Barbara","Demo / Presentation","2025-02-13 23:16","Workflow","Update deal stage before closed deal","SDR / Omitted OPP","2025-02-04 11:40","Record Merge","","SDR / Omitted OPP","2025-02-04 11:40","Record Merge","","SDR / Omitted OPP","2025-02-04 11:39","Record Merge","","SDR / Omitted OPP","2025-02-03 22:14","Workflow","Update deal stage before closed deal","SDR / Omitted OPP","2025-02-03 22:14","Workflow","Update deal stage before closed deal","SDR / Omitted OPP","2025-02-03 22:14","Workflow","Update deal stage before closed deal","SDR / Omitted OPP","2025-01-14 15:17","Record Merge","","SDR / Omitted OPP","2024-12-04 00:07","Workflow","Update deal stage before closed deal","SDR / Omitted OPP","2024-12-03 20:47","Workflow","Update deal stage before closed deal"
"59018144669","Akamai","SDR / Omitted OPP","2026-04-09 17:54","Workflow","Update deal stage before closed deal"
"57902115955","Pacifico Salud","SDR / Omitted OPP","2026-03-11 02:40","Workflow","Update deal stage before closed deal"
"28847934106","Desjardins General Insurance Inc ","Demo / Presentation","2025-07-07 04:05","Workflow","Update deal stage before closed deal","SDR / Omitted OPP","2025-07-07 04:04","Workflow","Update deal stage before closed deal","Pilot Prep","2025-07-07 04:04","Workflow","Update deal stage before closed deal","Business case confirmation","2025-07-07 04:03","Workflow","Update deal stage before closed deal","Pilot Prep","2025-07-07 03:59","Workflow","Update deal stage before closed deal","Demo / Presentation","2024-12-09 15:53","Workflow","Update deal stage before closed deal","SDR / Omitted OPP","2024-11-07 17:08","Workflow","Update deal stage before closed deal"
"34739749411","Bread Financial","Negotiation / Legal","2026-02-18 17:58","Workflow","Update deal stage before closed deal","Business case confirmation","2025-09-16 17:00","Workflow","Update deal stage before closed deal","Formal Pilot","2025-09-04 17:35","Workflow","Update deal stage before closed deal","Pilot Prep","2025-04-16 16:51","Workflow","Update deal stage before closed deal","Demo / Presentation","2025-03-28 23:58","Workflow","Update deal stage before closed deal","SDR / Omitted OPP","2025-03-17 21:10","Workflow","Update deal stage before closed deal"
"31827022426","Napier","Pilot Prep","2025-06-25 12:06","Workflow","Update deal stage before closed deal","Formal Pilot","2025-04-16 11:42","Workflow","Update deal stage before closed deal","Pilot Prep","2025-02-24 16:49","Workflow","Update deal stage before closed deal","Demo / Presentation","2025-01-12 11:18","Record Merge","","SDR / Omitted OPP","2025-01-10 00:06","Workflow","Update deal stage before closed deal","Demo / Presentation","2025-01-10 00:03","Workflow","Update deal stage before closed deal","SDR / Omitted OPP","2025-01-06 18:43","Workflow","Update deal stage before closed deal"
"60638687669","Biocatch ","SDR / Omitted OPP","2026-05-26 14:02","Workflow","Update deal stage before closed deal"
"28960657441","RTX (Raytheon)","Demo / Presentation","2025-06-23 21:15","Workflow","Update deal stage before closed deal","Pilot Prep","2025-01-17 21:43","Workflow","Update deal stage before closed deal","Demo / Presentation","2024-12-10 17:32","Workflow","Update deal stage before closed deal","SDR / Omitted OPP","2024-11-12 22:31","Workflow","Update deal stage before closed deal"
"32081819730","Vimeo","Demo / Presentation","2025-01-30 16:53","Workflow","Update deal stage before closed deal","SDR / Omitted OPP","2025-01-15 18:01","Record Merge","","SDR / Omitted OPP","2025-01-15 18:00","Record Merge","","SDR / Omitted OPP","2025-01-15 16:39","Workflow","Update deal stage before closed deal","SDR / Omitted OPP","2025-01-15 16:39","Workflow","Update deal stage before closed deal","SDR / Omitted OPP","2024-11-14 01:22","Workflow","Update deal stage before closed deal"
"57982501705","Credit Acceptance Corporation - 2,026","Pilot Prep","2026-03-16 15:00","Record Merge","","Pilot Prep","2025-11-06 16:07","Workflow","Update deal stage before closed deal","Demo / Presentation","2025-09-25 16:28","Workflow","Update deal stage before closed deal"
"58443902313","KubeCon EU 2026 - VTEX","SDR / Omitted OPP","2026-03-26 23:26","Workflow","Update deal stage before closed deal"
"20460517241","ASI","Demo / Presentation","2024-07-02 15:17","Workflow","Update deal stage before closed deal","SDR / Omitted OPP","2024-07-01 15:03","Workflow","Update deal stage before closed deal"
"21224188024","Rakuten Group, Inc. ","SDR / Omitted OPP","2024-08-08 13:33","Record Merge","","SDR / Omitted OPP","2024-08-08 12:27","Workflow","Update deal stage before closed deal","SDR / Omitted OPP","2024-08-07 00:38","Workflow","Update deal stage before closed deal"
"14825003831","Schlumberger (SLB)","Formal Pilot","2023-12-11 11:09","Import","Deal stage and pre stage  by Gal Tarrab Levi"
"43128788832","Travel Perk","Pilot Prep","2025-09-16 17:03","Workflow","Update deal stage before closed deal","Demo / Presentation","2025-09-04 10:20","Workflow","Update deal stage before closed deal","SDR / Omitted OPP","2025-08-29 14:37","Workflow","Update deal stage before closed deal"
"12406991989","Neo technology","SDR / Omitted OPP","2024-01-02 14:40","CRM UI Bulk Action","Gal Tarrab Levi"
"42938350666","Jumia Group ","Demo / Presentation","2025-09-10 14:01","Workflow","Update deal stage before closed deal","SDR / Omitted OPP","2025-08-27 12:34","Workflow","Update deal stage before closed deal"
"60260217235","SoftwareONE","SDR / Omitted OPP","2026-05-15 04:51","Workflow","Update deal stage before closed deal"
"32095738155","GHX","Demo / Presentation","2025-01-16 19:10","Workflow","Update deal stage before closed deal","SDR / Omitted OPP","2025-01-16 10:52","Record Merge","","SDR / Omitted OPP","2025-01-16 00:08","Workflow","Update deal stage before closed deal","SDR / Omitted OPP","2024-12-14 00:57","Workflow","Update deal stage before closed deal"
"16770266168","Nestle ","SDR / Omitted OPP","2024-01-03 12:12","CRM UI","Gal Tarrab Levi"
"10146608401","Transmit Security basic","Formal Pilot","2023-12-11 11:09","Import","Deal stage and pre stage  by Gal Tarrab Levi"
"56896639796","Ki Insurance","Demo / Presentation","2026-03-27 12:09","Workflow","Update deal stage before closed deal","SDR / Omitted OPP","2026-02-24 16:26","Workflow","Update deal stage before closed deal"
"19700662049","Axpo","Pilot Prep","2024-06-20 13:47","Workflow","Update deal stage before closed deal","Demo / Presentation","2024-06-13 16:33","Workflow","Update deal stage before closed deal","SDR / Omitted OPP","2024-05-29 17:49","Workflow","Update deal stage before closed deal"
"58444367006","KubeCon EU 2026 - Lumitec Technologies","SDR / Omitted OPP","2026-03-26 23:26","Workflow","Update deal stage before closed deal"
"15978403749","Iquall Networks","SDR / Omitted OPP","2024-01-02 14:37","CRM UI Bulk Action","Gal Tarrab Levi"
"19688735506","Maxar Intelligence","Demo / Presentation","2024-06-10 16:07","Workflow","Update deal stage before closed deal","SDR / Omitted OPP","2024-05-29 06:19","Workflow","Update deal stage before closed deal"
"39979308624","Infosys Limited","SDR / Omitted OPP","2025-07-11 08:15","Workflow","Update deal stage before closed deal"
"37860056746","Waystar","Demo / Presentation","2025-06-26 22:36","Workflow","Update deal stage before closed deal","SDR / Omitted OPP","2025-05-23 20:25","Workflow","Update deal stage before closed deal"
"38680271147","Everest Global (EPAM Partner)","SDR / Omitted OPP","2025-06-09 22:09","Workflow","Update deal stage before closed deal"
"60635829917","Venice ","SDR / Omitted OPP","2026-05-26 11:47","Workflow","Update deal stage before closed deal"
"36539324818","E.ON ","SDR / Omitted OPP","2025-04-30 13:27","Workflow","Update deal stage before closed deal"
"19153348227","Ozone API","Formal Pilot","2024-06-06 11:52","Workflow","Update deal stage before closed deal","Demo / Presentation","2024-05-23 11:09","Workflow","Update deal stage before closed deal","SDR / Omitted OPP","2024-05-06 15:28","Workflow","Update deal stage before closed deal"
"31639578481","Organized Crime and Corruption Reporting Project","SDR / Omitted OPP","2025-01-07 10:37","Workflow","Update deal stage before closed deal"
"16351467041","Esh","SDR / Omitted OPP","2023-12-24 13:52","Import","STAGE BEFORE - Sheet1.csv by Gal Tarrab Levi"
"57019395000","Lincoln Financial","SDR / Omitted OPP","2026-03-12 05:09","Workflow","Update deal stage before closed deal"
"44552546871","ifm","Formal Pilot","2025-10-08 12:32","Workflow","Update deal stage before closed deal","Pilot Prep","2025-10-03 10:36","Workflow","Update deal stage before closed deal","Demo / Presentation","2025-10-01 10:38","Workflow","Update deal stage before closed deal","SDR / Omitted OPP","2025-09-26 10:58","Workflow","Update deal stage before closed deal"
"31604102818","Intuit","Demo / Presentation","2025-02-06 16:17","Workflow","Update deal stage before closed deal","SDR / Omitted OPP","2025-01-06 19:47","Workflow","Update deal stage before closed deal"
"33026137440","Beeline ","SDR / Omitted OPP","2025-02-04 21:50","Workflow","Update deal stage before closed deal"
"20832341011","2U","SDR / Omitted OPP","2024-07-18 11:53","Workflow","Update deal stage before closed deal"
"61031746226","Sony Music","SDR / Omitted OPP","2026-06-11 19:18","Workflow","Update deal stage before closed deal"
"17929506137","Konfío","SDR / Omitted OPP","2024-03-08 23:41","Workflow","Update deal stage before closed deal"
"62119828995","Bread Financial - New Deal","SDR / Omitted OPP","2026-07-02 22:14","Workflow","Update deal stage before closed deal"
"59099790700","FLAG Telecom","SDR / Omitted OPP","2026-04-10 22:07","Workflow","Update deal stage before closed deal"
"19994639630","Mimecast","SDR / Omitted OPP","2024-06-11 05:19","Workflow","Update deal stage before closed deal"
"33264247961","Saas.group ","SDR / Omitted OPP","2025-02-10 14:30","Record Merge","","SDR / Omitted OPP","2025-02-10 11:43","Workflow","Update deal stage before closed deal","SDR / Omitted OPP","2025-02-08 07:34","Workflow","Update deal stage before closed deal"
"43807419049","ZENITHR - New Deal","SDR / Omitted OPP","2025-09-16 13:42","Workflow","Update deal stage before closed deal"
"60273525053","Hartford HealthCare","Demo / Presentation","2026-06-25 22:38","Workflow","Update deal stage before closed deal","SDR / Omitted OPP","2026-05-15 17:56","Workflow","Update deal stage before closed deal"
"20800477336","BNY Mellon","SDR / Omitted OPP","2024-07-16 20:12","Workflow","Update deal stage before closed deal"
"35903097723","FMG- Services","Negotiation / Legal","2025-05-02 13:14","Workflow","Update deal stage before closed deal","Business case confirmation","2025-04-20 14:04","Workflow","Update deal stage before closed deal"
"54298799666","Open Bet","Demo / Presentation","2026-02-12 16:17","Workflow","Update deal stage before closed deal","SDR / Omitted OPP","2026-01-21 11:46","Workflow","Update deal stage before closed deal"
"61031501897","Cognizant","SDR / Omitted OPP","2026-06-11 19:18","Workflow","Update deal stage before closed deal"
"20206099591","Flux Federation","SDR / Omitted OPP","2024-06-20 09:57","Workflow","Update deal stage before closed deal"
"58442278502","KubeCon EU 2026 - Opentext","SDR / Omitted OPP","2026-03-26 23:26","Workflow","Update deal stage before closed deal"
"44074648406","IONNA","Demo / Presentation","2025-09-23 21:18","Workflow","Update deal stage before closed deal","SDR / Omitted OPP","2025-09-23 20:16","Workflow","Update deal stage before closed deal"
"40325618477","Sony Music","SDR / Omitted OPP","2025-07-16 17:53","Workflow","Update deal stage before closed deal"
"59093755265","Aker Systems","SDR / Omitted OPP","2026-04-10 22:10","Workflow","Update deal stage before closed deal"
"39967440167","McKesson","Demo / Presentation","2026-01-20 20:50","Workflow","Update deal stage before closed deal","SDR / Omitted OPP","2025-07-10 16:09","Workflow","Update deal stage before closed deal"
"55927702657","Navteca / NASA","SDR / Omitted OPP","2026-02-10 18:08","Workflow","Update deal stage before closed deal"
"18678220120","Cegeka","SDR / Omitted OPP","2024-04-16 18:23","Workflow","Update deal stage before closed deal"
"58429400872","KubeCon EU 2026 - Servers.com","SDR / Omitted OPP","2026-03-26 23:26","Workflow","Update deal stage before closed deal"
"36553340435","AKQA","SDR / Omitted OPP","2025-04-30 10:44","Workflow","Update deal stage before closed deal"
"42907559436","Cymulate","SDR / Omitted OPP","2025-08-26 20:19","Workflow","Update deal stage before closed deal"
"58434768955","KubeCon EU 2026 - RTL Tech GmbH","SDR / Omitted OPP","2026-03-26 23:26","Workflow","Update deal stage before closed deal"
"43943080880","Humana","SDR / Omitted OPP","2025-09-19 18:58","Workflow","Update deal stage before closed deal"
"35364220464","TRG Research & Development ","SDR / Omitted OPP","2025-04-02 13:14","Workflow","Update deal stage before closed deal"
"53444051221","Apple","SDR / Omitted OPP","2026-03-12 05:10","Workflow","Update deal stage before closed deal"
"58446222707","KubeCon EU 2026 - SETAR N.V.","SDR / Omitted OPP","2026-03-26 23:26","Workflow","Update deal stage before closed deal"
"58447618187","Infineon Technologies (KC) - Backstage Replacement","Pilot Prep","2026-04-16 18:09","Workflow","Update deal stage before closed deal","Demo / Presentation","2026-04-09 14:27","Workflow","Update deal stage before closed deal","SDR / Omitted OPP","2026-03-26 23:26","Workflow","Update deal stage before closed deal"
"39576569990","S&P Global","SDR / Omitted OPP","2025-07-02 00:15","Workflow","Update deal stage before closed deal"
"33357853962","MLB","Negotiation / Legal","2025-03-27 18:35","Workflow","Update deal stage before closed deal","Pilot Prep","2025-02-11 18:45","Workflow","Update deal stage before closed deal","SDR / Omitted OPP","2025-02-11 18:39","Workflow","Update deal stage before closed deal"
"12723955077","Belk","Negotiation / Legal","2023-12-11 11:09","Import","Deal stage and pre stage  by Gal Tarrab Levi"
"62065864598","Chainalysis ","SDR / Omitted OPP","2026-07-02 12:01","Workflow","Update deal stage before closed deal"
"61129843029","Charter Communications","SDR / Omitted OPP","2026-06-16 18:28","Workflow","Update deal stage before closed deal"
"34294493701","Gambling.com Group","SDR / Omitted OPP","2025-03-06 01:20","Workflow","Update deal stage before closed deal"
"35461501455","Rakuten TV","SDR / Omitted OPP","2025-04-04 14:53","Workflow","Update deal stage before closed deal"
"14193918545","Bedag","SDR / Omitted OPP","2023-12-11 11:09","Import","Deal stage and pre stage  by Gal Tarrab Levi"
"18676512359","Akamai Technologies","SDR / Omitted OPP","2024-04-16 16:28","Workflow","Update deal stage before closed deal"
"61054513442","Calendly - New Deal","SDR / Omitted OPP","2026-06-12 23:33","Workflow","Update deal stage before closed deal"
"22862474381","Adform","Negotiation / Legal","2025-06-27 14:37","Workflow","Update deal stage before closed deal","Business case confirmation","2025-03-13 12:14","Workflow","Update deal stage before closed deal","Formal Pilot","2025-02-27 12:31","Workflow","Update deal stage before closed deal","Pilot Prep","2025-02-20 14:11","Workflow","Update deal stage before closed deal","Demo / Presentation","2024-10-25 13:26","Workflow","Update deal stage before closed deal","SDR / Omitted OPP","2024-10-02 17:07","Workflow","Update deal stage before closed deal"
"12760729913","Health Union","Pilot Prep","2023-12-11 11:09","Import","Deal stage and pre stage  by Gal Tarrab Levi"
"58447153003","KubeCon EU 2026 - ITQ","SDR / Omitted OPP","2026-03-26 23:26","Workflow","Update deal stage before closed deal"
"13038876793","1Komma5Grad","SDR / Omitted OPP","2023-12-11 11:09","Import","Deal stage and pre stage  by Gal Tarrab Levi"
"58436004226","KubeCon EU 2026 - AWS","SDR / Omitted OPP","2026-03-26 23:26","Workflow","Update deal stage before closed deal"
"40630488445","Curative Inc","Negotiation / Legal","2025-11-26 21:06","Workflow","Update deal stage before closed deal","Business case confirmation","2025-11-26 19:57","Workflow","Update deal stage before closed deal","Formal Pilot","2025-11-26 19:56","Workflow","Update deal stage before closed deal","Pilot Prep","2025-08-07 17:21","Workflow","Update deal stage before closed deal","Demo / Presentation","2025-07-29 15:23","Workflow","Update deal stage before closed deal","SDR / Omitted OPP","2025-07-22 17:19","Workflow","Update deal stage before closed deal"
"18144130324","The New York Times - KubeCon","Demo / Presentation","2024-05-08 19:52","Workflow","Update deal stage before closed deal","SDR / Omitted OPP","2024-03-21 11:58","Workflow","Update deal stage before closed deal"
"35300703056","Bonnier News","SDR / Omitted OPP","2025-04-01 11:49","Workflow","Update deal stage before closed deal"
"29895061171","Epic Games, Inc.","Demo / Presentation","2024-12-19 16:23","Workflow","Update deal stage before closed deal","SDR / Omitted OPP","2024-12-05 03:14","Workflow","Update deal stage before closed deal"
"29880124309","Leadsales","SDR / Omitted OPP","2024-12-05 21:17","Workflow","Update deal stage before closed deal"
"62134179230","Bread Financial - New Deal","SDR / Omitted OPP","2026-07-02 22:14","Workflow","Update deal stage before closed deal"
"29771133488","Nexio","SDR / Omitted OPP","2024-12-03 05:21","Workflow","Update deal stage before closed deal"
"45680907342","Spare","Demo / Presentation","2025-10-14 21:37","Workflow","Update deal stage before closed deal","SDR / Omitted OPP","2025-10-09 22:03","Workflow","Update deal stage before closed deal"
"45967801202","Symbotic","SDR / Omitted OPP","2025-10-14 20:32","Record Merge","","SDR / Omitted OPP","2025-09-25 19:56","Workflow","Update deal stage before closed deal","SDR / Omitted OPP","2025-09-04 00:27","Workflow","Update deal stage before closed deal"
"15847963414","Money Lion","Formal Pilot","2023-12-24 13:52","Import","STAGE BEFORE - Sheet1.csv by Gal Tarrab Levi","Pilot Prep","2023-12-11 11:09","Import","Deal stage and pre stage  by Gal Tarrab Levi"
"45327249576","Empresas SB","Demo / Presentation","2025-10-31 17:23","Workflow","Update deal stage before closed deal","SDR / Omitted OPP","2025-10-07 22:59","Workflow","Update deal stage before closed deal"
"49725170717","Oviva","Negotiation / Legal","2026-02-05 16:51","Workflow","Update deal stage before closed deal","Business case confirmation","2026-01-30 14:30","Workflow","Update deal stage before closed deal","Formal Pilot","2026-01-08 09:19","Workflow","Update deal stage before closed deal","Pilot Prep","2025-12-11 10:12","Workflow","Update deal stage before closed deal","Demo / Presentation","2025-11-27 09:28","Workflow","Update deal stage before closed deal","SDR / Omitted OPP","2025-11-20 18:01","Workflow","Update deal stage before closed deal"
"61031595592","Cellular Sales","SDR / Omitted OPP","2026-06-11 19:18","Workflow","Update deal stage before closed deal"
"59083803298","Infosys","SDR / Omitted OPP","2026-04-10 22:07","Workflow","Update deal stage before closed deal"
"47442349666","Salt Lake City Government","SDR / Omitted OPP","2025-10-28 21:47","Workflow","Update deal stage before closed deal"
"35113463718","Gucci","Demo / Presentation","2025-03-26 21:01","Workflow","Update deal stage before closed deal"
"15842015008","KTM","Negotiation / Legal","2024-02-20 18:09","Workflow","Update deal stage before closed deal","Business case confirmation","2024-01-11 18:27","Workflow","Update deal stage before closed deal","Pilot Prep","2023-12-11 11:09","Import","Deal stage and pre stage  by Gal Tarrab Levi"
"35308513704","Ilia pokrass","SDR / Omitted OPP","2025-04-01 12:44","Workflow","Update deal stage before closed deal"
"58369081867","Confluent IO","Demo / Presentation","2026-03-30 18:15","Workflow","Update deal stage before closed deal","SDR / Omitted OPP","2026-03-26 17:44","Workflow","Update deal stage before closed deal"
"33636883273","Omnicom Group","Demo / Presentation","2026-01-22 17:17","Workflow","Update deal stage before closed deal","Pilot Prep","2025-03-19 16:20","Workflow","Update deal stage before closed deal","Demo / Presentation","2025-03-07 14:21","Workflow","Update deal stage before closed deal","SDR / Omitted OPP","2025-02-18 22:24","Workflow","Update deal stage before closed deal"
"10146627721","Kela","SDR / Omitted OPP","2024-01-02 14:40","CRM UI Bulk Action","Gal Tarrab Levi"
"60243996450","Jarden Australia","SDR / Omitted OPP","2026-05-14 08:20","Workflow","Update deal stage before closed deal"
"46599015704","SITA","SDR / Omitted OPP","2025-10-21 18:08","Workflow","Update deal stage before closed deal"
"36079264420","Centrica","SDR / Omitted OPP","2025-04-22 16:54","Workflow","Update deal stage before closed deal"
"32820688536","DXC Technologies - Transbank	","SDR / Omitted OPP","2025-01-31 19:36","Record Merge","","SDR / Omitted OPP","2025-01-31 18:13","Workflow","Update deal stage before closed deal","SDR / Omitted OPP","2024-12-23 21:11","Workflow","Update deal stage before closed deal"
"21797281635","Pinnacol","SDR / Omitted OPP","2024-08-29 16:37","Workflow","Update deal stage before closed deal"
"60686327418","Intel ","SDR / Omitted OPP","2026-05-28 15:05","Workflow","Update deal stage before closed deal"
"43507392852","JD Sports Fashion","Demo / Presentation","2025-12-11 17:08","Workflow","Update deal stage before closed deal","SDR / Omitted OPP","2025-09-09 12:17","Workflow","Update deal stage before closed deal"
"45144986961","Cloudflare, Inc.","SDR / Omitted OPP","2025-10-09 16:07","Workflow","Update deal stage before closed deal"
"16894659893","Maven Wave Partners","Formal Pilot","2024-01-30 21:27","Workflow","Update deal stage before closed deal","Demo / Presentation","2024-01-23 23:40","Workflow","Update deal stage before closed deal","SDR / Omitted OPP","2024-01-11 17:42","Workflow","Update deal stage before closed deal"
"35308357949","Grammarly ","SDR / Omitted OPP","2025-04-01 12:37","Workflow","Update deal stage before closed deal"
"38916427638","Athena Health","SDR / Omitted OPP","2025-06-16 14:16","Workflow","Update deal stage before closed deal"
"53014741042","Garmin","Demo / Presentation","2026-01-20 20:47","Workflow","Update deal stage before closed deal","SDR / Omitted OPP","2026-01-05 20:26","Workflow","Update deal stage before closed deal"
"51048337760","United Airlines - AWS LV 25","SDR / Omitted OPP","2025-12-03 02:15","Workflow","Update deal stage before closed deal"
"58180614835","Roche","SDR / Omitted OPP","2026-03-19 13:29","Workflow","Update deal stage before closed deal"
"62129718277","Bread Financial - New Deal","SDR / Omitted OPP","2026-07-02 22:14","Workflow","Update deal stage before closed deal"
"52864576356","Global Payments","Demo / Presentation","2026-01-20 20:39","Workflow","Update deal stage before closed deal","SDR / Omitted OPP","2025-12-31 09:04","Workflow","Update deal stage before closed deal"
"36587548510","Credera","SDR / Omitted OPP","2025-04-30 17:51","Workflow","Update deal stage before closed deal"
"61051411220","Greater New York Mutual Insurance","SDR / Omitted OPP","2026-06-12 20:31","Workflow","Update deal stage before closed deal"
"13520017541","YOTPO","SDR / Omitted OPP","2023-12-11 11:09","Import","Deal stage and pre stage  by Gal Tarrab Levi"
"19547422038","Lululemon","Demo / Presentation","2024-12-01 22:50","Workflow","Update deal stage before closed deal","Pilot Prep","2024-06-22 21:08","Workflow","Update deal stage before closed deal","Demo / Presentation","2024-06-13 16:58","Workflow","Update deal stage before closed deal","SDR / Omitted OPP","2024-05-22 22:53","Workflow","Update deal stage before closed deal"
"28456821538","FundGuard","Pilot Prep","2024-11-13 10:54","Workflow","Update deal stage before closed deal","Demo / Presentation","2024-11-07 16:54","Workflow","Update deal stage before closed deal","SDR / Omitted OPP","2024-10-29 13:58","Workflow","Update deal stage before closed deal"
"61113546753","HPE","SDR / Omitted OPP","2026-06-15 23:29","Workflow","Update deal stage before closed deal"
"34428910983","Prudential Financial","Demo / Presentation","2025-03-13 15:23","Workflow","Update deal stage before closed deal","SDR / Omitted OPP","2025-03-09 10:34","Record Merge","","SDR / Omitted OPP","2025-03-06 22:52","Workflow","Update deal stage before closed deal","SDR / Omitted OPP","2025-03-04 23:18","Record Merge","","SDR / Omitted OPP","2025-03-04 19:30","Workflow","Update deal stage before closed deal","SDR / Omitted OPP","2025-02-25 17:43","Workflow","Update deal stage before closed deal"
"13618152844","EverQuote","Formal Pilot","2023-12-24 13:52","Import","STAGE BEFORE - Sheet1.csv by Gal Tarrab Levi","Pilot Prep","2023-12-11 11:09","Import","Deal stage and pre stage  by Gal Tarrab Levi"
"18710251627","Toast","Demo / Presentation","2024-04-26 19:32","Workflow","Update deal stage before closed deal","SDR / Omitted OPP","2024-04-17 22:59","Workflow","Update deal stage before closed deal"
"44081380461","Batteries Plus","Demo / Presentation","2025-09-24 22:06","Workflow","Update deal stage before closed deal","SDR / Omitted OPP","2025-09-22 21:19","Workflow","Update deal stage before closed deal"
"49772002999","Canadian Tire Corporation","Demo / Presentation","2025-11-24 22:31","Workflow","Update deal stage before closed deal","SDR / Omitted OPP","2025-11-24 22:30","Workflow","Update deal stage before closed deal"
"32371394627","Cycode","SDR / Omitted OPP","2025-01-23 19:31","Workflow","Update deal stage before closed deal"
"20832466799","Evooq","Demo / Presentation","2024-07-23 10:44","Workflow","Update deal stage before closed deal","SDR / Omitted OPP","2024-07-18 11:59","Workflow","Update deal stage before closed deal"
"34509233475","Accenture (India)","SDR / Omitted OPP","2025-03-11 06:28","Workflow","Update deal stage before closed deal"
"61030116685","IBM","SDR / Omitted OPP","2026-06-11 19:18","Workflow","Update deal stage before closed deal"
"45002272902","Playrix","SDR / Omitted OPP","2025-10-01 13:16","Workflow","Update deal stage before closed deal"
"13056011060","Chili Publish - reschedule","SDR / Omitted OPP","2023-12-11 11:09","Import","Deal stage and pre stage  by Gal Tarrab Levi"
"15090849569","Weka 2024","","2024-01-01 13:37","CRM UI","Gal Tarrab Levi","SDR / Omitted OPP","2023-12-11 11:09","Import","Deal stage and pre stage  by Gal Tarrab Levi"
"35363912763","Banco BV","SDR / Omitted OPP","2025-04-02 13:06","Workflow","Update deal stage before closed deal"
"32650939727","Cateina Technologies Pvt. Ltd","SDR / Omitted OPP","2025-01-28 18:13","Workflow","Update deal stage before closed deal"
"40664465481","Microsoft","SDR / Omitted OPP","2025-07-22 16:28","Workflow","Update deal stage before closed deal"
"58553534881","Ellison Institute of Technology - New Deal","SDR / Omitted OPP","2026-03-30 15:34","Workflow","Update deal stage before closed deal"
"57417386788","Creative Capsule ","SDR / Omitted OPP","2026-03-03 14:45","Workflow","Update deal stage before closed deal"
"14542873492","Trivago","Formal Pilot","2023-12-11 11:09","Import","Deal stage and pre stage  by Gal Tarrab Levi"
"29904147561","World Intellectual Property Organization","SDR / Omitted OPP","2024-12-05 22:06","Workflow","Update deal stage before closed deal"
"59186349701","Kering S.A","Demo / Presentation","2026-06-01 13:45","Workflow","Update deal stage before closed deal","SDR / Omitted OPP","2026-04-17 12:12","Workflow","Update deal stage before closed deal"
"16453347099","Siemens Gamesa","SDR / Omitted OPP","2024-01-02 14:37","CRM UI Bulk Action","Gal Tarrab Levi"
"15843407223","Amazon","SDR / Omitted OPP","2024-01-02 14:40","CRM UI Bulk Action","Gal Tarrab Levi"
"15993108304","AKUITY","SDR / Omitted OPP","2023-12-11 11:09","Import","Deal stage and pre stage  by Gal Tarrab Levi"
"59273252988","Banorte","Pilot Prep","2026-05-07 17:36","Workflow","Update deal stage before closed deal","Demo / Presentation","2026-04-24 21:11","Workflow","Update deal stage before closed deal","SDR / Omitted OPP","2026-04-17 17:30","Workflow","Update deal stage before closed deal"
"15237003265","Workboard","Formal Pilot","2023-12-11 11:09","Import","Deal stage and pre stage  by Gal Tarrab Levi"
"28211600539","Wegmans ","SDR / Omitted OPP","2024-10-21 20:50","Workflow","Update deal stage before closed deal"
"57132080721","ITOCHU Techno-Solutions America","SDR / Omitted OPP","2026-02-27 00:59","Workflow","Update deal stage before closed deal"
"35307579558","Palo Alto","SDR / Omitted OPP","2025-04-01 11:43","Workflow","Update deal stage before closed deal"
"14247595175","Xceptor","Negotiation / Legal","2023-12-24 13:52","Import","STAGE BEFORE - Sheet1.csv by Gal Tarrab Levi","Business case confirmation","2023-12-11 11:09","Import","Deal stage and pre stage  by Gal Tarrab Levi"
"13037278764","Exxonn Mobil","Business case confirmation","2024-02-13 18:56","Workflow","Update deal stage before closed deal","Pilot Prep","2023-12-24 13:52","Import","STAGE BEFORE - Sheet1.csv by Gal Tarrab Levi","Formal Pilot","2023-12-13 15:34","Workflow","Update deal stage before closed deal","Demo / Presentation","2023-12-11 11:09","Import","Deal stage and pre stage  by Gal Tarrab Levi"
"22835560974","Adobe","SDR / Omitted OPP","2024-10-01 16:29","Workflow","Update deal stage before closed deal"
"28292994719","Volvo","SDR / Omitted OPP","2024-10-23 12:16","Workflow","Update deal stage before closed deal"
"32463116087","ActBlueTech","Demo / Presentation","2025-01-26 15:55","Record Merge","","SDR / Omitted OPP","2025-01-26 15:53","Workflow","Update deal stage before closed deal","Demo / Presentation","2025-01-26 15:45","Record Merge","","Demo / Presentation","2025-01-26 15:45","Record Merge","","SDR / Omitted OPP","2025-01-26 09:41","Workflow","Update deal stage before closed deal","SDR / Omitted OPP","2025-01-26 09:40","Workflow","Update deal stage before closed deal","Demo / Presentation","2024-07-09 21:43","Workflow","Update deal stage before closed deal","SDR / Omitted OPP","2024-06-21 18:52","Workflow","Update deal stage before closed deal"
"43697670192","Cynet","SDR / Omitted OPP","2025-09-16 12:10","Workflow","Update deal stage before closed deal"
"12747646254","Earnin","Negotiation / Legal","2023-12-11 11:09","Import","Deal stage and pre stage  by Gal Tarrab Levi"
"29903370371","Volvo ","SDR / Omitted OPP","2024-12-05 20:48","Workflow","Update deal stage before closed deal"
"59336275820","Eleos ","SDR / Omitted OPP","2026-04-20 00:51","Workflow","Update deal stage before closed deal"
"59105297954","Brillanz Group","SDR / Omitted OPP","2026-04-10 22:07","Workflow","Update deal stage before closed deal"
"33150031706","Mastercard Inc.","SDR / Omitted OPP","2025-02-18 11:18","Workflow","Update deal stage before closed deal"
"18654695336","Groupo AutoGlass","SDR / Omitted OPP","2024-04-15 19:11","Workflow","Update deal stage before closed deal"
"40614320536","Contraloría General de la República","SDR / Omitted OPP","2025-07-22 02:13","Workflow","Update deal stage before closed deal"
"39107334999","Presidio Networked Solutions Group, LLC","SDR / Omitted OPP","2025-06-27 17:34","Workflow","Update deal stage before closed deal"
"34627684528","FNZ Group","Demo / Presentation","2025-03-13 14:19","Record Merge","","Demo / Presentation","2025-03-13 14:19","Record Merge","","SDR / Omitted OPP","2025-03-12 19:53","Workflow","Update deal stage before closed deal","SDR / Omitted OPP","2025-03-12 19:53","Workflow","Update deal stage before closed deal","Demo / Presentation","2025-03-11 14:33","Workflow","Update deal stage before closed deal","SDR / Omitted OPP","2025-03-02 23:51","Workflow","Update deal stage before closed deal"
"35315251034","ICA ","SDR / Omitted OPP","2025-04-01 12:09","Workflow","Update deal stage before closed deal"
"57801789196","CommerceIQ","SDR / Omitted OPP","2026-03-09 10:48","Workflow","Update deal stage before closed deal"
"32157802024","Progress","SDR / Omitted OPP","2025-01-17 22:31","Workflow","Update deal stage before closed deal"
"51628817708","Navy Federal Credit Union","Demo / Presentation","2025-12-17 17:39","Workflow","Update deal stage before closed deal","SDR / Omitted OPP","2025-12-11 18:57","Workflow","Update deal stage before closed deal"
"49155575149","Ohio Health KubeCon ATL 25","SDR / Omitted OPP","2025-11-14 23:35","Workflow","Update deal stage before closed deal"
"29070082904","3CLogic","Demo / Presentation","2024-12-31 20:21","Workflow","Update deal stage before closed deal","SDR / Omitted OPP","2024-11-13 20:43","Workflow","Update deal stage before closed deal"
"33623608650","BT - Q1 expansion","Formal Pilot","2025-03-14 16:15","Workflow","Update deal stage before closed deal","Demo / Presentation","2025-02-18 11:10","Workflow","Update deal stage before closed deal"
"29804750262","Hitachi Digital Services","SDR / Omitted OPP","2024-12-04 02:17","Workflow","Update deal stage before closed deal"
"58380750744","Danske bank (KC) - Backstage Replacement & AEP","Demo / Presentation","2026-04-15 15:32","Workflow","Update deal stage before closed deal","SDR / Omitted OPP","2026-03-26 11:59","Workflow","Update deal stage before closed deal"
"61460840620","FlixBus - New Deal","SDR / Omitted OPP","2026-06-23 16:26","Workflow","Update deal stage before closed deal"
"37360305712","Philip Morris International","Business case confirmation","2025-05-18 14:01","Record Merge","","SDR / Omitted OPP","2025-04-25 12:55","Workflow","Update deal stage before closed deal","Business case confirmation","2024-11-07 15:37","Workflow","Update deal stage before closed deal","Formal Pilot","2024-08-29 17:37","Workflow","Update deal stage before closed deal","Pilot Prep","2024-08-29 17:36","Workflow","Update deal stage before closed deal","Demo / Presentation","2024-07-29 17:38","Workflow","Update deal stage before closed deal","SDR / Omitted OPP","2024-07-23 10:18","Workflow","Update deal stage before closed deal"
"61047216288","HSBC - New Deal","SDR / Omitted OPP","2026-06-12 16:40","Workflow","Update deal stage before closed deal"
"61578697273"," - New Deal","SDR / Omitted OPP","2026-06-24 22:54","Workflow","Update deal stage before closed deal"
"43530696224","Workiva ","SDR / Omitted OPP","2025-09-10 16:53","Workflow","Update deal stage before closed deal"
"37129739031","Guidehouse","SDR / Omitted OPP","2025-05-13 17:41","Workflow","Update deal stage before closed deal"
"61030101558","Copart","SDR / Omitted OPP","2026-06-11 19:18","Workflow","Update deal stage before closed deal"
"16157512743","Safran","SDR / Omitted OPP","2024-01-02 14:37","CRM UI Bulk Action","Gal Tarrab Levi"
"32425586008","Pagaya","Pilot Prep","2025-01-26 16:15","Record Merge","","SDR / Omitted OPP","2025-01-26 09:40","Workflow","Update deal stage before closed deal","Pilot Prep","2024-10-31 15:21","Workflow","Update deal stage before closed deal","Formal Pilot","2024-09-02 17:41","Workflow","Update deal stage before closed deal","Pilot Prep","2024-05-01 14:11","Workflow","Update deal stage before closed deal","Demo / Presentation","2024-03-18 17:37","Workflow","Update deal stage before closed deal","SDR / Omitted OPP","2024-03-05 09:36","Workflow","Update deal stage before closed deal"
"32466891952","SEB Group","Business case confirmation","2026-04-07 11:35","Workflow","Update deal stage before closed deal","Formal Pilot","2025-10-15 12:55","Workflow","Update deal stage before closed deal","Pilot Prep","2025-09-11 12:12","Workflow","Update deal stage before closed deal","Demo / Presentation","2025-01-30 16:57","Workflow","Update deal stage before closed deal","SDR / Omitted OPP","2025-01-26 16:34","Record Merge","","SDR / Omitted OPP","2025-01-26 16:34","Record Merge","","SDR / Omitted OPP","2025-01-26 16:34","Record Merge","","SDR / Omitted OPP","2025-01-26 16:34","Record Merge","","SDR / Omitted OPP","2025-01-23 12:24","Workflow","Update deal stage before closed deal","SDR / Omitted OPP","2025-01-23 12:23","Workflow","Update deal stage before closed deal","SDR / Omitted OPP","2025-01-23 12:23","Workflow","Update deal stage before closed deal","SDR / Omitted OPP","2025-01-23 12:23","Workflow","Update deal stage before closed deal","SDR / Omitted OPP","2025-01-23 11:27","Record Merge","","SDR / Omitted OPP","2025-01-22 14:04","Workflow","Update deal stage before closed deal","SDR / Omitted OPP","2024-12-16 11:41","Workflow","Update deal stage before closed deal"
"61682733828","IntraFi - New Deal","SDR / Omitted OPP","2026-06-26 22:37","Workflow","Update deal stage before closed deal"
"12760571783","EVgo","SDR / Omitted OPP","2024-01-02 14:40","CRM UI Bulk Action","Gal Tarrab Levi"
"43491028328","Zalando","Demo / Presentation","2026-02-03 16:51","Workflow","Update deal stage before closed deal","SDR / Omitted OPP","2025-09-09 12:37","Workflow","Update deal stage before closed deal"
"35139355912","Walr","SDR / Omitted OPP","2025-03-28 13:04","Workflow","Update deal stage before closed deal"
"46445562209","Thrivent","SDR / Omitted OPP","2025-10-18 22:49","Workflow","Update deal stage before closed deal"
"29787641873","Cobre","Negotiation / Legal","2025-01-23 22:57","Workflow","Update deal stage before closed deal","Demo / Presentation","2024-12-06 19:28","Workflow","Update deal stage before closed deal","SDR / Omitted OPP","2024-12-03 01:18","Workflow","Update deal stage before closed deal"
"48872314254","Big League Advantage","SDR / Omitted OPP","2025-11-11 18:41","Workflow","Update deal stage before closed deal"
"15977873460","Rakuten","SDR / Omitted OPP","2023-12-24 13:52","Import","STAGE BEFORE - Sheet1.csv by Gal Tarrab Levi"
"59092989276","HCLSoftware","SDR / Omitted OPP","2026-04-10 22:07","Workflow","Update deal stage before closed deal"
"28651928711","Woolworths","Pilot Prep","2026-02-18 12:04","Workflow","Update deal stage before closed deal","Formal Pilot","2025-09-04 12:58","Workflow","Update deal stage before closed deal","Negotiation / Legal","2025-01-28 15:02","Workflow","Update deal stage before closed deal","Business case confirmation","2024-11-20 12:50","Workflow","Update deal stage before closed deal","Formal Pilot","2024-11-03 14:28","Record Merge","","Formal Pilot","2024-11-03 14:28","Record Merge","","SDR / Omitted OPP","2024-11-01 04:28","Workflow","Update deal stage before closed deal","SDR / Omitted OPP","2024-11-01 04:28","Workflow","Update deal stage before closed deal","Formal Pilot","2024-10-07 19:50","Workflow","Update deal stage before closed deal","Pilot Prep","2024-06-05 07:38","Workflow","Update deal stage before closed deal","Demo / Presentation","2024-05-22 09:44","Workflow","Update deal stage before closed deal","SDR / Omitted OPP","2024-05-19 14:41","Workflow","Update deal stage before closed deal"
"13387020311","FreshBooks","SDR / Omitted OPP","2023-12-11 11:09","Import","Deal stage and pre stage  by Gal Tarrab Levi"
"49476360713","Lakeview","SDR / Omitted OPP","2025-11-18 00:16","Workflow","Update deal stage before closed deal"
"12950772138","Adobe","SDR / Omitted OPP","2023-12-11 11:09","Import","Deal stage and pre stage  by Gal Tarrab Levi"
"20692882498","DKV Mobility ","SDR / Omitted OPP","2024-07-11 23:06","Workflow","Update deal stage before closed deal"
"35349553314","Domino's Pizza","SDR / Omitted OPP","2025-04-02 16:15","Workflow","Update deal stage before closed deal"
"35128267084","Epidemic Sound","Negotiation / Legal","2025-05-22 10:48","Workflow","Update deal stage before closed deal","Business case confirmation","2025-04-10 12:39","Workflow","Update deal stage before closed deal","Formal Pilot","2025-03-27 14:46","Record Merge","","Formal Pilot","2025-03-25 10:34","Workflow","Update deal stage before closed deal","SDR / Omitted OPP","2025-03-24 16:19","Workflow","Update deal stage before closed deal","Pilot Prep","2025-03-24 15:36","Record Merge","","SDR / Omitted OPP","2025-03-24 15:32","Workflow","Update deal stage before closed deal","Pilot Prep","2025-02-24 15:32","Workflow","Update deal stage before closed deal","Demo / Presentation","2025-02-04 15:28","Workflow","Update deal stage before closed deal","SDR / Omitted OPP","2025-01-29 15:22","Workflow","Update deal stage before closed deal"
"50331651505","Early Warning Services (Zelle)","SDR / Omitted OPP","2025-11-25 05:21","Workflow","Update deal stage before closed deal"
"36458287026","Sephora ","Demo / Presentation","2025-08-07 13:46","Workflow","Update deal stage before closed deal","SDR / Omitted OPP","2025-04-29 05:14","Workflow","Update deal stage before closed deal"
"19251235502","Foodstuffs North Island","Pilot Prep","2024-05-29 09:41","Workflow","Update deal stage before closed deal","Demo / Presentation","2024-05-16 07:56","Workflow","Update deal stage before closed deal","SDR / Omitted OPP","2024-05-10 00:03","Workflow","Update deal stage before closed deal"
"18169290299","Kyriba  - KubeCon meeting","SDR / Omitted OPP","2024-03-22 14:44","Workflow","Update deal stage before closed deal"
"61678859836","American Airlines - New Deal","SDR / Omitted OPP","2026-06-26 22:37","Workflow","Update deal stage before closed deal"
"17789192966","S&P Global Inc.","Demo / Presentation","2024-03-08 19:12","Workflow","Update deal stage before closed deal","SDR / Omitted OPP","2024-02-29 14:34","Workflow","Update deal stage before closed deal"
"18126240939","Temabit - KubeCon","SDR / Omitted OPP","2024-03-20 15:09","Workflow","Update deal stage before closed deal"
"53441965233","BMW","SDR / Omitted OPP","2026-01-08 11:16","Record Merge","","SDR / Omitted OPP","2026-01-08 09:21","Workflow","Update deal stage before closed deal","SDR / Omitted OPP","2026-01-07 12:57","Workflow","Update deal stage before closed deal"
"51151347513","ABB - AWS LV 25","SDR / Omitted OPP","2025-12-03 21:11","Workflow","Update deal stage before closed deal"
"29379011387","Clover","SDR / Omitted OPP","2024-11-20 01:56","Workflow","Update deal stage before closed deal"
"15291146561","Aschehoug","SDR / Omitted OPP","2023-12-11 11:09","Import","Deal stage and pre stage  by Gal Tarrab Levi"
"59186256784","AXA","Demo / Presentation","2026-04-16 14:11","Record Merge","","Demo / Presentation","2026-04-16 12:50","Workflow","Update deal stage before closed deal","Demo / Presentation","2025-12-11 11:53","Workflow","Update deal stage before closed deal","SDR / Omitted OPP","2025-10-20 17:01","Workflow","Update deal stage before closed deal","SDR / Omitted OPP","2025-09-19 14:32","Workflow","Update deal stage before closed deal"
"35306189206","PayNet ","SDR / Omitted OPP","2025-04-01 12:36","Workflow","Update deal stage before closed deal"
"31466818948","WalkMe LTD.","SDR / Omitted OPP","2025-01-05 08:30","Workflow","Update deal stage before closed deal"
"37097401877","Mark Anthony Group","Negotiation / Legal","2025-08-19 21:07","Workflow","Update deal stage before closed deal","Business case confirmation","2025-07-17 22:05","Workflow","Update deal stage before closed deal","Formal Pilot","2025-06-25 21:12","Workflow","Update deal stage before closed deal","Pilot Prep","2025-05-20 21:21","Workflow","Update deal stage before closed deal","Demo / Presentation","2025-05-20 21:21","Workflow","Update deal stage before closed deal","SDR / Omitted OPP","2025-05-12 11:25","Workflow","Update deal stage before closed deal"
"38291142816","Accenture","SDR / Omitted OPP","2025-06-10 20:44","Workflow","Update deal stage before closed deal"
"59655650567","Cerberus Capital Management - New Deal","SDR / Omitted OPP","2026-04-24 21:22","Workflow","Update deal stage before closed deal"
"32677773956","Sword Group ","SDR / Omitted OPP","2025-01-29 12:44","Workflow","Update deal stage before closed deal"
"12063818272","Iqmetrix","Formal Pilot","2023-12-11 11:09","Import","Deal stage and pre stage  by Gal Tarrab Levi"
"58325433945","KubeCon EU 2026 - Visma","SDR / Omitted OPP","2026-03-25 12:44","Workflow","Update deal stage before closed deal"
"34740256848","Sonesta Hotels","SDR / Omitted OPP","2025-03-17 22:45","Workflow","Update deal stage before closed deal"
"59812497480","Banco de Chile - 2 Packages for Entities","Pilot Prep","2026-05-05 00:25","Workflow","Update deal stage before closed deal","Demo / Presentation","2026-05-05 00:24","Workflow","Update deal stage before closed deal","SDR / Omitted OPP","2026-05-04 19:28","Workflow","Update deal stage before closed deal"
"33843702353","Appen","Demo / Presentation","2025-02-23 11:10","Record Merge","","SDR / Omitted OPP","2025-02-21 06:11","Workflow","Update deal stage before closed deal","Demo / Presentation","2025-02-21 05:01","Workflow","Update deal stage before closed deal","SDR / Omitted OPP","2025-02-18 11:58","Workflow","Update deal stage before closed deal"
"37124246939","Arc'teryx Equipment","Demo / Presentation","2025-06-30 20:39","Workflow","Update deal stage before closed deal","SDR / Omitted OPP","2025-05-14 01:01","Workflow","Update deal stage before closed deal"
"19490100301","Captain Fresh","SDR / Omitted OPP","2024-05-20 15:58","Workflow","Update deal stage before closed deal"
"21899828407","Slalom<>Tractor Supply","Business case confirmation","2024-12-19 15:05","Workflow","Update deal stage before closed deal","Formal Pilot","2024-10-18 17:07","Workflow","Update deal stage before closed deal","Pilot Prep","2024-09-17 15:12","Workflow","Update deal stage before closed deal","SDR / Omitted OPP","2024-09-03 18:30","Workflow","Update deal stage before closed deal"
"40299229811","Cathay Pacific","SDR / Omitted OPP","2025-07-16 16:49","Workflow","Update deal stage before closed deal"
"39015455413","Prima AFP (Credicorp)","Negotiation / Legal","2025-12-02 00:40","Workflow","Update deal stage before closed deal","Business case confirmation","2025-06-18 19:27","Workflow","Update deal stage before closed deal","Pilot Prep","2025-06-18 19:27","Workflow","Update deal stage before closed deal","SDR / Omitted OPP","2025-06-18 19:08","Workflow","Update deal stage before closed deal"
"59108465239","Petroineos Trading Limited","SDR / Omitted OPP","2026-04-10 22:07","Workflow","Update deal stage before closed deal"
"11804378131","Samsung","Pilot Prep","2023-12-11 11:09","Import","Deal stage and pre stage  by Gal Tarrab Levi"
"58432911375","KubeCon EU 2026 - helmsentinel","SDR / Omitted OPP","2026-03-26 23:26","Workflow","Update deal stage before closed deal"
"28525100061","Flipkart","SDR / Omitted OPP","2024-10-30 17:25","Workflow","Update deal stage before closed deal"
"41327724111","RAB Lighting","SDR / Omitted OPP","2025-08-04 17:15","Workflow","Update deal stage before closed deal"
"17674445435","Ryan","Business case confirmation","2024-04-18 16:59","Workflow","Update deal stage before closed deal","Formal Pilot","2024-03-11 18:14","Workflow","Update deal stage before closed deal","Pilot Prep","2024-02-28 16:19","Workflow","Update deal stage before closed deal","Demo / Presentation","2024-02-26 18:23","Workflow","Update deal stage before closed deal","SDR / Omitted OPP","2024-02-22 16:57","Workflow","Update deal stage before closed deal"
"19819720246","JLL Technologies","Demo / Presentation","2024-06-05 05:16","Workflow","Update deal stage before closed deal","SDR / Omitted OPP","2024-06-03 13:16","Workflow","Update deal stage before closed deal"
"59108465238","NHS England","SDR / Omitted OPP","2026-04-10 22:07","Workflow","Update deal stage before closed deal"
"33735729080","ActiveFence","SDR / Omitted OPP","2025-02-20 11:45","Record Merge","","SDR / Omitted OPP","2025-02-20 10:11","Workflow","Update deal stage before closed deal","SDR / Omitted OPP","2024-12-09 14:37","Record Merge","","SDR / Omitted OPP","2024-12-09 14:29","Workflow","Update deal stage before closed deal","SDR / Omitted OPP","2024-10-28 13:18","Workflow","Update deal stage before closed deal"
"14227955246","Medtronic","SDR / Omitted OPP","2023-12-11 11:09","Import","Deal stage and pre stage  by Gal Tarrab Levi"
"14446388339","Straumann","Demo / Presentation","2023-12-11 11:09","Import","Deal stage and pre stage  by Gal Tarrab Levi"
"40707634814","(La Caisse) Caisse de dépôt et placement du Québec","SDR / Omitted OPP","2025-07-23 15:05","Workflow","Update deal stage before closed deal"
"51143238506","Kunai (PwC)","SDR / Omitted OPP","2025-12-03 21:17","Workflow","Update deal stage before closed deal"
"48798856468","Sagent - 2026","Demo / Presentation","2025-11-10 17:49","Workflow","Update deal stage before closed deal","SDR / Omitted OPP","2025-11-10 17:49","Workflow","Update deal stage before closed deal"
"16616841595","Techwave","SDR / Omitted OPP","2024-01-02 14:37","CRM UI Bulk Action","Gal Tarrab Levi"
"18125074694","Synthesia - KubeCon","SDR / Omitted OPP","2024-03-20 13:32","Workflow","Update deal stage before closed deal"
"41703327876","Zscaler","SDR / Omitted OPP","2025-08-11 20:11","Workflow","Update deal stage before closed deal"
"44081321312","Via Transportation","Negotiation / Legal","2025-11-18 09:50","Workflow","Update deal stage before closed deal","Business case confirmation","2025-11-06 10:48","Workflow","Update deal stage before closed deal","Formal Pilot","2025-11-06 10:47","Workflow","Update deal stage before closed deal","Pilot Prep","2025-10-21 15:12","Workflow","Update deal stage before closed deal","Demo / Presentation","2025-10-08 13:08","Workflow","Update deal stage before closed deal","SDR / Omitted OPP","2025-09-22 21:59","Workflow","Update deal stage before closed deal"
"36541194869","CMC Markets","Demo / Presentation","2025-06-05 11:08","Workflow","Update deal stage before closed deal","SDR / Omitted OPP","2025-04-30 16:27","Workflow","Update deal stage before closed deal"
"16906946926","Varsity Tutors","SDR / Omitted OPP","2024-01-12 15:37","Workflow","Update deal stage before closed deal"
"47453806859","Sun Life Canada ","SDR / Omitted OPP","2025-11-03 17:05","Workflow","Update deal stage before closed deal"
"22858587822","Bitpanda","Demo / Presentation","2024-10-10 16:33","Workflow","Update deal stage before closed deal","SDR / Omitted OPP","2024-10-02 11:39","Workflow","Update deal stage before closed deal"
"60788057125","Rokt","SDR / Omitted OPP","2026-06-02 22:28","Workflow","Update deal stage before closed deal"
"60869731598","Wells Fargo","SDR / Omitted OPP","2026-06-04 23:20","Workflow","Update deal stage before closed deal"
"58433376050","KubeCon EU 2026 - Meetic","SDR / Omitted OPP","2026-03-26 23:26","Workflow","Update deal stage before closed deal"
"58443128328","KubeCon EU 2026 - Red Hat, Inc.","SDR / Omitted OPP","2026-03-26 23:26","Workflow","Update deal stage before closed deal"
"38274384433","sully.ai","SDR / Omitted OPP","2025-05-31 01:47","Workflow","Update deal stage before closed deal"
"51663180082","MSCI","Demo / Presentation","2026-01-13 21:26","Workflow","Update deal stage before closed deal","SDR / Omitted OPP","2025-12-12 21:38","Workflow","Update deal stage before closed deal"
"28987082901","Move,","SDR / Omitted OPP","2024-11-12 20:43","Workflow","Update deal stage before closed deal"
"29072092753","Genetec Inc. ","SDR / Omitted OPP","2024-11-13 19:56","Workflow","Update deal stage before closed deal"
"15769174635","Jisr","SDR / Omitted OPP","2024-01-02 14:37","CRM UI Bulk Action","Gal Tarrab Levi"
"16232886292","eToro","SDR / Omitted OPP","2023-12-27 18:26","CRM UI","Gal Tarrab Levi"
"57856028171","NerdWallet","SDR / Omitted OPP","2026-03-10 21:06","Workflow","Update deal stage before closed deal"
"29257056567","Cloudera","SDR / Omitted OPP","2024-11-18 19:36","Workflow","Update deal stage before closed deal"
"59379318924","Garda Capital Partners - New Deal","SDR / Omitted OPP","2026-04-21 18:41","Workflow","Update deal stage before closed deal"
"32324345001","Metropolis Technologies","SDR / Omitted OPP","2025-01-22 21:42","Workflow","Update deal stage before closed deal"
"28774139258","ETS","SDR / Omitted OPP","2024-11-06 06:27","Workflow","Update deal stage before closed deal"
"15960470072","The Trade Desk","SDR / Omitted OPP","2024-01-02 14:37","CRM UI Bulk Action","Gal Tarrab Levi"
"39485267334","Junglee Games","SDR / Omitted OPP","2025-06-30 07:42","Workflow","Update deal stage before closed deal"
"47234590525","Claritev","SDR / Omitted OPP","2025-10-27 20:46","Workflow","Update deal stage before closed deal"
"44491236431","Sophos - Expansion","Pilot Prep","2025-11-11 17:16","Workflow","Update deal stage before closed deal","Demo / Presentation","2025-09-25 11:57","Workflow","Update deal stage before closed deal"
"12747962133","Zuora ","Pilot Prep","2023-12-24 13:52","Import","STAGE BEFORE - Sheet1.csv by Gal Tarrab Levi"
"35329168569","Deutsche Telekom GmbH Geschäftskunden ","SDR / Omitted OPP","2025-04-01 15:48","Workflow","Update deal stage before closed deal"
"57447165972","Pleo - Expansion","SDR / Omitted OPP","2026-03-12 05:10","Workflow","Update deal stage before closed deal"
"16163440540","Accenture","Demo / Presentation","2023-12-24 13:52","Import","STAGE BEFORE - Sheet1.csv by Gal Tarrab Levi","SDR / Omitted OPP","2023-12-11 11:09","Import","Deal stage and pre stage  by Gal Tarrab Levi"
"20004986672","Backbase","SDR / Omitted OPP","2024-06-11 16:11","Workflow","Update deal stage before closed deal"
"35334573934","Medallia","SDR / Omitted OPP","2025-04-01 12:40","Workflow","Update deal stage before closed deal"
"36540091152","Argus Media ","SDR / Omitted OPP","2025-04-30 11:09","Workflow","Update deal stage before closed deal"
"16997544724","Bookshop","SDR / Omitted OPP","2024-01-17 14:43","Workflow","Update deal stage before closed deal"
"32425585992","Harman International","Negotiation / Legal","2025-01-26 16:11","Record Merge","","SDR / Omitted OPP","2025-01-26 09:41","Workflow","Update deal stage before closed deal","Negotiation / Legal","2024-11-19 19:17","Workflow","Update deal stage before closed deal","Business case confirmation","2024-09-17 14:45","Workflow","Update deal stage before closed deal","Formal Pilot","2024-08-02 15:14","Workflow","Update deal stage before closed deal","Pilot Prep","2024-08-02 15:14","Workflow","Update deal stage before closed deal","Demo / Presentation","2024-06-07 21:28","Workflow","Update deal stage before closed deal","SDR / Omitted OPP","2024-05-29 17:50","Workflow","Update deal stage before closed deal"
"57096040081","Booksy ","SDR / Omitted OPP","2026-02-26 19:02","Workflow","Update deal stage before closed deal"
"58427933308","KubeCon EU 2026 - 123inkt.nl","SDR / Omitted OPP","2026-03-26 23:26","Workflow","Update deal stage before closed deal"
"12081571865","townsq","SDR / Omitted OPP","2024-01-02 14:40","CRM UI Bulk Action","Gal Tarrab Levi"
"50893400758","Emirates Telecommunications Group Company","SDR / Omitted OPP","2025-12-02 11:04","Workflow","Update deal stage before closed deal"
"19409758747","Accor","SDR / Omitted OPP","2024-05-16 16:09","Workflow","Update deal stage before closed deal"
"21953664110","Visa ","Demo / Presentation","2025-01-09 16:40","Workflow","Update deal stage before closed deal","SDR / Omitted OPP","2024-09-05 18:41","Workflow","Update deal stage before closed deal"
"29053624122","WatchGuard","SDR / Omitted OPP","2024-11-13 14:06","Record Merge","","SDR / Omitted OPP","2024-11-13 00:09","Workflow","Update deal stage before closed deal","SDR / Omitted OPP","2024-10-14 09:12","Workflow","Update deal stage before closed deal"
"51683953780","COMAX Cloud - Smart ERP","SDR / Omitted OPP","2025-12-12 14:58","Workflow","Update deal stage before closed deal"
"29883858329","Jahez International Company","SDR / Omitted OPP","2024-12-05 01:09","Workflow","Update deal stage before closed deal"
"35732561004","Uphold HQ Inc ","SDR / Omitted OPP","2025-04-14 11:35","Record Merge","","SDR / Omitted OPP","2025-04-03 13:48","Workflow","Update deal stage before closed deal","SDR / Omitted OPP","2025-04-01 14:42","Workflow","Update deal stage before closed deal"
"58134795333","Haleon | Backstage Replacement | Product Team","Demo / Presentation","2026-04-13 12:12","Workflow","Update deal stage before closed deal","SDR / Omitted OPP","2026-03-19 17:31","Workflow","Update deal stage before closed deal"
"59087561370","Tj Thouhid Portfolio","SDR / Omitted OPP","2026-04-10 22:07","Workflow","Update deal stage before closed deal"
"56135881308","Coforma","Demo / Presentation","2026-02-17 21:28","Workflow","Update deal stage before closed deal","SDR / Omitted OPP","2026-02-12 21:54","Workflow","Update deal stage before closed deal"
"51160350043","Wialon","SDR / Omitted OPP","2025-12-04 12:35","Workflow","Update deal stage before closed deal"
"12611407226","Bell Canada","Negotiation / Legal","2024-05-28 00:23","Workflow","Update deal stage before closed deal","Pilot Prep","2023-12-11 11:09","Import","Deal stage and pre stage  by Gal Tarrab Levi"
"29115532125","Deskree","SDR / Omitted OPP","2024-11-14 20:57","Workflow","Update deal stage before closed deal"
"35322387492","MTU Aero Engines","SDR / Omitted OPP","2025-04-01 11:18","Workflow","Update deal stage before closed deal"
"19327482254","Truespeed","SDR / Omitted OPP","2024-05-13 19:27","Workflow","Update deal stage before closed deal"
"37559562299","KYYBA","SDR / Omitted OPP","2025-05-21 18:00","Workflow","Update deal stage before closed deal"
"34560427855","ANZ","SDR / Omitted OPP","2025-03-12 10:21","Record Merge","","SDR / Omitted OPP","2025-03-12 05:15","Workflow","Update deal stage before closed deal","SDR / Omitted OPP","2025-03-12 05:15","Workflow","Update deal stage before closed deal"
"59638544392","ATOS - Greenfield IDP (New Business)","Demo / Presentation","2026-04-30 18:39","Workflow","Update deal stage before closed deal","SDR / Omitted OPP","2026-04-24 18:49","Workflow","Update deal stage before closed deal"
"58436624010","KubeCon EU 2026 - Unikraft GmbH","SDR / Omitted OPP","2026-03-26 23:26","Workflow","Update deal stage before closed deal"
"29857958576","United Airlines","SDR / Omitted OPP","2024-12-04 20:30","Workflow","Update deal stage before closed deal"
"17434418314","Iqvia","Pilot Prep","2024-03-19 22:58","Workflow","Update deal stage before closed deal","Demo / Presentation","2024-03-18 20:11","Workflow","Update deal stage before closed deal","Pilot Prep","2024-03-14 22:25","Workflow","Update deal stage before closed deal","Demo / Presentation","2024-02-12 21:07","Workflow","Update deal stage before closed deal","SDR / Omitted OPP","2024-02-08 20:49","Workflow","Update deal stage before closed deal"
"20633790284","NTT DATA","SDR / Omitted OPP","2024-07-09 19:26","Workflow","Update deal stage before closed deal"
"60256607330","LucidLink Ltd.","SDR / Omitted OPP","2026-05-14 21:36","Record Merge","","SDR / Omitted OPP","2026-03-27 20:43","Workflow","Update deal stage before closed deal","SDR / Omitted OPP","2026-03-26 23:26","Workflow","Update deal stage before closed deal"
"45317759829","Comarch","SDR / Omitted OPP","2025-10-06 15:24","Workflow","Update deal stage before closed deal"
"60379325725","Simpro Group","Demo / Presentation","2026-05-26 13:47","Workflow","Update deal stage before closed deal","SDR / Omitted OPP","2026-05-20 16:20","Workflow","Update deal stage before closed deal"
"59119579956","Channel 4","SDR / Omitted OPP","2026-04-10 22:07","Workflow","Update deal stage before closed deal"
"56400973062","Ryan","Pilot Prep","2026-04-23 18:27","Workflow","Update deal stage before closed deal","Demo / Presentation","2026-03-12 16:29","Workflow","Update deal stage before closed deal","SDR / Omitted OPP","2026-02-16 19:09","Workflow","Update deal stage before closed deal"
"17767986825","Arbor Education","Pilot Prep","2024-05-15 12:05","Workflow","Update deal stage before closed deal","Formal Pilot","2024-03-12 18:59","Workflow","Update deal stage before closed deal","Pilot Prep","2024-03-06 16:18","Workflow","Update deal stage before closed deal","SDR / Omitted OPP","2024-02-28 11:38","Workflow","Update deal stage before closed deal"
"60547699062","Bowman Consulting Group","Demo / Presentation","2026-06-03 22:38","Workflow","Update deal stage before closed deal","SDR / Omitted OPP","2026-05-21 22:23","Workflow","Update deal stage before closed deal"
"21616434738","DHL","Demo / Presentation","2024-09-04 12:21","Workflow","Update deal stage before closed deal","SDR / Omitted OPP","2024-08-21 20:26","Workflow","Update deal stage before closed deal"
"20478266708","Dafiti","SDR / Omitted OPP","2024-07-02 09:34","Workflow","Update deal stage before closed deal"
"29557662257","Southern Glazer's Wine & Spirits","SDR / Omitted OPP","2024-11-26 09:34","Workflow","Update deal stage before closed deal"
"34811965703","StubHub","Negotiation / Legal","2025-06-04 16:54","Workflow","Update deal stage before closed deal","Business case confirmation","2025-06-02 17:29","Workflow","Update deal stage before closed deal","Pilot Prep","2025-06-02 17:28","Workflow","Update deal stage before closed deal","Formal Pilot","2025-04-22 01:08","Workflow","Update deal stage before closed deal","Pilot Prep","2025-03-21 22:40","Workflow","Update deal stage before closed deal","Demo / Presentation","2025-03-21 22:39","Workflow","Update deal stage before closed deal","SDR / Omitted OPP","2025-03-19 15:47","Record Merge","","SDR / Omitted OPP","2025-03-19 15:44","Workflow","Update deal stage before closed deal","SDR / Omitted OPP","2025-03-08 00:59","Workflow","Update deal stage before closed deal"
"36582775859","Faire ","SDR / Omitted OPP","2025-05-01 15:54","Workflow","Update deal stage before closed deal"
"18149099879","Schneider Electric - KubeCon","Demo / Presentation","2024-04-16 13:35","Workflow","Update deal stage before closed deal","SDR / Omitted OPP","2024-03-21 16:16","Workflow","Update deal stage before closed deal"
"15955446609","Signify Health","Business case confirmation","2024-03-06 22:29","Workflow","Update deal stage before closed deal","SDR / Omitted OPP","2023-12-11 11:09","Import","Deal stage and pre stage  by Gal Tarrab Levi"
"57913288087","Cochlear","Demo / Presentation","2026-03-26 06:42","Workflow","Update deal stage before closed deal","SDR / Omitted OPP","2026-03-11 05:53","Workflow","Update deal stage before closed deal"
"21519683970","A major scle production","SDR / Omitted OPP","2024-08-16 06:55","Workflow","Update deal stage before closed deal"
"18143856950","ASML - KubeCon","SDR / Omitted OPP","2024-03-21 11:08","Workflow","Update deal stage before closed deal"
"43748309835","Dialectica","Demo / Presentation","2025-09-19 19:13","Workflow","Update deal stage before closed deal","SDR / Omitted OPP","2025-09-15 17:50","Workflow","Update deal stage before closed deal"
"40576148057","Canada Life","SDR / Omitted OPP","2025-08-07 16:26","Workflow","Update deal stage before closed deal"
"35390374000","Yotpo ","SDR / Omitted OPP","2025-04-02 18:28","Workflow","Update deal stage before closed deal"
"58434921891","KubeCon EU 2026 - Uber","SDR / Omitted OPP","2026-03-26 23:26","Workflow","Update deal stage before closed deal"
"32039485697","Synopsys Inc.","SDR / Omitted OPP","2025-01-16 00:34","Workflow","Update deal stage before closed deal"
"22672487991","Coller Capital","Negotiation / Legal","2025-02-20 12:37","Workflow","Update deal stage before closed deal","Business case confirmation","2024-12-23 12:27","Workflow","Update deal stage before closed deal","Formal Pilot","2024-10-28 15:43","Workflow","Update deal stage before closed deal","Pilot Prep","2024-10-28 15:43","Workflow","Update deal stage before closed deal","Demo / Presentation","2024-10-11 14:10","Workflow","Update deal stage before closed deal","SDR / Omitted OPP","2024-09-26 15:06","Workflow","Update deal stage before closed deal"
"58450570047","KubeCon EU 2026 - GoReel","SDR / Omitted OPP","2026-03-26 23:26","Workflow","Update deal stage before closed deal"
"46766932001","Avanza","SDR / Omitted OPP","2025-10-23 12:28","Workflow","Update deal stage before closed deal"
"29245581442","Index Exchange","Negotiation / Legal","2025-05-22 21:57","Workflow","Update deal stage before closed deal","Business case confirmation","2025-04-17 21:41","Workflow","Update deal stage before closed deal","Formal Pilot","2025-02-27 21:04","Workflow","Update deal stage before closed deal","Pilot Prep","2025-02-24 19:53","Workflow","Update deal stage before closed deal","Demo / Presentation","2024-12-31 16:42","Workflow","Update deal stage before closed deal","SDR / Omitted OPP","2024-11-18 18:45","Record Merge","","SDR / Omitted OPP","2024-11-18 18:45","Record Merge","","SDR / Omitted OPP","2024-11-18 18:44","Record Merge","","SDR / Omitted OPP","2024-11-18 17:12","Workflow","Update deal stage before closed deal","SDR / Omitted OPP","2024-11-18 17:12","Workflow","Update deal stage before closed deal","SDR / Omitted OPP","2024-11-18 17:11","Workflow","Update deal stage before closed deal","SDR / Omitted OPP","2024-11-12 19:06","Workflow","Update deal stage before closed deal"
"39684339777","The Economist","SDR / Omitted OPP","2025-07-04 16:48","Workflow","Update deal stage before closed deal"
"47450539304","Cox Enterprises Inc.","SDR / Omitted OPP","2025-10-28 19:34","Workflow","Update deal stage before closed deal"
"17675282601","Bauchspiess Consulting","SDR / Omitted OPP","2024-02-22 18:05","Workflow","Update deal stage before closed deal"
"21177877065","Tech Mahindra Ltd","SDR / Omitted OPP","2024-08-05 23:28","Workflow","Update deal stage before closed deal"
"40275349361","Launch Consulting","SDR / Omitted OPP","2025-07-15 20:43","Workflow","Update deal stage before closed deal"
"18166953089","IntentHQ - KubeCon","Business case confirmation","2024-07-26 16:18","Workflow","Update deal stage before closed deal","Formal Pilot","2024-05-07 15:50","Workflow","Update deal stage before closed deal","Pilot Prep","2024-04-16 11:18","Workflow","Update deal stage before closed deal","Demo / Presentation","2024-04-10 15:49","Workflow","Update deal stage before closed deal","SDR / Omitted OPP","2024-03-22 13:14","Workflow","Update deal stage before closed deal"
"21816332838","Pipo Saúde","SDR / Omitted OPP","2024-08-30 13:12","Workflow","Update deal stage before closed deal"
"47658247688","ICE (Intercontinental Exchange) / NYSE","SDR / Omitted OPP","2025-10-29 18:56","Workflow","Update deal stage before closed deal"
"12252938309","Sinch","Negotiation / Legal","2023-12-11 11:09","Import","Deal stage and pre stage  by Gal Tarrab Levi"
"50887204527","Spring EQ - AWS LV 25","Negotiation / Legal","2026-05-08 16:16","Workflow","Update deal stage before closed deal","Demo / Presentation","2026-04-02 17:46","Workflow","Update deal stage before closed deal","Business case confirmation","2026-02-25 18:56","Workflow","Update deal stage before closed deal","Formal Pilot","2026-02-02 21:37","Workflow","Update deal stage before closed deal","Pilot Prep","2026-01-15 15:12","Workflow","Update deal stage before closed deal","Demo / Presentation","2025-12-22 22:05","Workflow","Update deal stage before closed deal","SDR / Omitted OPP","2025-12-02 04:07","Workflow","Update deal stage before closed deal"
"56706533227","Genius Sports ","Demo / Presentation","2026-02-25 19:53","Workflow","Update deal stage before closed deal","SDR / Omitted OPP","2026-02-20 16:48","Workflow","Update deal stage before closed deal"
"49723644198","Apex Global Mobility","Negotiation / Legal","2026-04-06 19:32","Workflow","Update deal stage before closed deal","Formal Pilot","2026-04-06 19:30","Workflow","Update deal stage before closed deal","Pilot Prep","2026-03-12 17:30","Workflow","Update deal stage before closed deal","Demo / Presentation","2025-12-04 16:04","Workflow","Update deal stage before closed deal","SDR / Omitted OPP","2025-11-21 00:09","Workflow","Update deal stage before closed deal"
"58427933309","KubeCon EU 2026 - Deepset","SDR / Omitted OPP","2026-03-26 23:26","Workflow","Update deal stage before closed deal"
"15960830386","Amazon","SDR / Omitted OPP","2023-12-24 13:52","Import","STAGE BEFORE - Sheet1.csv by Gal Tarrab Levi"
"23137228306","Knowde","Pilot Prep","2024-10-17 17:34","Workflow","Update deal stage before closed deal","Demo / Presentation","2024-10-15 15:55","Workflow","Update deal stage before closed deal","SDR / Omitted OPP","2024-10-10 14:20","Workflow","Update deal stage before closed deal"
"40328138578","Optimum","Formal Pilot","2025-10-07 22:52","Workflow","Update deal stage before closed deal","Pilot Prep","2025-09-18 17:19","Workflow","Update deal stage before closed deal","Formal Pilot","2025-09-08 22:03","Workflow","Update deal stage before closed deal","Pilot Prep","2025-09-08 22:00","Workflow","Update deal stage before closed deal","Demo / Presentation","2025-07-29 20:50","Workflow","Update deal stage before closed deal","SDR / Omitted OPP","2025-07-16 22:07","Workflow","Update deal stage before closed deal"
"43898979142","BBD ","SDR / Omitted OPP","2025-09-18 18:20","Workflow","Update deal stage before closed deal"
"53635027362","Lightrun - New Deal","SDR / Omitted OPP","2026-01-12 14:02","Workflow","Update deal stage before closed deal"
"29845001089","SiriusXM Radio Inc","SDR / Omitted OPP","2024-12-04 21:23","Workflow","Update deal stage before closed deal"
"34866506309","Norwegian Cruise Line","SDR / Omitted OPP","2025-03-20 10:45","Record Merge","","SDR / Omitted OPP","2025-03-19 20:36","Workflow","Update deal stage before closed deal","SDR / Omitted OPP","2023-12-11 11:09","Import","Deal stage and pre stage  by Gal Tarrab Levi"
"22794070672","ICIS","SDR / Omitted OPP","2024-10-01 11:44","Workflow","Update deal stage before closed deal"
"22047044188","Walmart","Demo / Presentation","2024-09-16 23:14","Workflow","Update deal stage before closed deal","SDR / Omitted OPP","2024-09-08 13:45","Workflow","Update deal stage before closed deal"
"35322569287","Kairós DS ","SDR / Omitted OPP","2025-04-01 15:46","Workflow","Update deal stage before closed deal"
"60683860663","Elbit Systems","SDR / Omitted OPP","2026-05-28 12:32","Workflow","Update deal stage before closed deal"
"60639150995","Semperis Technologies Inc ","SDR / Omitted OPP","2026-05-26 14:17","Workflow","Update deal stage before closed deal"
"56443023897","BBC - New Business","SDR / Omitted OPP","2026-02-17 12:54","Workflow","Update deal stage before closed deal"
"19797607063","Games24x7","SDR / Omitted OPP","2024-06-02 11:08","Workflow","Update deal stage before closed deal"
"35349852768","The D. E. Shaw Group ","SDR / Omitted OPP","2025-04-02 13:13","Workflow","Update deal stage before closed deal"
"30462231934","Sagent","Pilot Prep","2024-12-16 18:06","Record Merge","","SDR / Omitted OPP","2024-12-16 17:10","Workflow","Update deal stage before closed deal","Pilot Prep","2024-01-09 17:12","Workflow","Update deal stage before closed deal","SDR / Omitted OPP","2023-12-31 09:48","CRM UI","Gal Tarrab Levi"
"16617346743","Grab Taxi","Demo / Presentation","2024-01-05 09:56","Workflow","Update deal stage before closed deal","SDR / Omitted OPP","2024-01-02 14:37","CRM UI Bulk Action","Gal Tarrab Levi"
"17365828776","CrownPeak Inc","Negotiation / Legal","2024-04-25 00:04","Workflow","Update deal stage before closed deal","Business case confirmation","2024-04-16 13:58","Workflow","Update deal stage before closed deal","Demo / Presentation","2024-02-07 12:29","Workflow","Update deal stage before closed deal","SDR / Omitted OPP","2024-02-05 12:40","Workflow","Update deal stage before closed deal"
"19065474343","YaWorks","SDR / Omitted OPP","2024-05-02 14:38","Workflow","Update deal stage before closed deal"
"61022696778","RTX (Raytheon)","SDR / Omitted OPP","2026-06-11 19:18","Workflow","Update deal stage before closed deal"
"28982928044","Lifemiles/ Loyalty","SDR / Omitted OPP","2024-11-12 21:08","Workflow","Update deal stage before closed deal"
"49132878643","Synopsys KubeCon ATL 25","SDR / Omitted OPP","2025-11-14 23:35","Workflow","Update deal stage before closed deal"
"21088024630","Claroty","SDR / Omitted OPP","2024-07-31 13:18","Workflow","Update deal stage before closed deal"
"21156143519","Banque Misr","SDR / Omitted OPP","2024-08-04 14:14","Workflow","Update deal stage before closed deal"
"59644509580","Procter & Gamble ","SDR / Omitted OPP","2026-04-27 23:57","Workflow","Update deal stage before closed deal"
"28980132246","Macquarie Group Limited ","SDR / Omitted OPP","2024-11-12 19:17","Workflow","Update deal stage before closed deal"
"35907453609","PENNEO","SDR / Omitted OPP","2025-04-19 16:12","Workflow","Update deal stage before closed deal"
"28856069399","PayPal (Venmo)","Pilot Prep","2024-12-13 15:36","Workflow","Update deal stage before closed deal","Demo / Presentation","2024-11-21 16:52","Workflow","Update deal stage before closed deal","SDR / Omitted OPP","2024-11-07 18:03","Workflow","Update deal stage before closed deal"
"59081906833","Mazars in the UK","SDR / Omitted OPP","2026-04-10 22:07","Workflow","Update deal stage before closed deal"
"61129217102","eGifter","SDR / Omitted OPP","2026-06-16 19:24","Record Merge","","SDR / Omitted OPP","2026-06-12 22:55","Workflow","Update deal stage before closed deal","SDR / Omitted OPP","2026-06-11 19:18","Workflow","Update deal stage before closed deal"
"51700958858","Heartflow","Formal Pilot","2026-01-13 23:31","Workflow","Update deal stage before closed deal","Pilot Prep","2026-01-07 17:51","Workflow","Update deal stage before closed deal","Demo / Presentation","2025-12-19 20:45","Workflow","Update deal stage before closed deal","SDR / Omitted OPP","2025-12-11 23:04","Workflow","Update deal stage before closed deal"
"20480678326","WeRoad","SDR / Omitted OPP","2024-07-02 11:24","Record Merge","","SDR / Omitted OPP","2024-07-01 12:52","Workflow","Update deal stage before closed deal","SDR / Omitted OPP","2024-06-23 13:08","Workflow","Update deal stage before closed deal"
"13128167721","Nice","Pilot Prep","2023-12-28 18:41","CRM UI","Gal Tarrab Levi"
"13502166287","Jumbo Supermarkten","SDR / Omitted OPP","2023-12-11 11:09","Import","Deal stage and pre stage  by Gal Tarrab Levi"
"36463881087","Tekion","Business case confirmation","2026-03-12 17:42","Workflow","Update deal stage before closed deal","Formal Pilot","2026-02-09 17:42","Workflow","Update deal stage before closed deal","Pilot Prep","2025-06-12 17:12","Workflow","Update deal stage before closed deal","Demo / Presentation","2025-05-19 19:16","Workflow","Update deal stage before closed deal","SDR / Omitted OPP","2025-05-07 21:27","Workflow","Update deal stage before closed deal","Business case confirmation","2025-05-07 21:27","Workflow","Update deal stage before closed deal","SDR / Omitted OPP","2025-04-29 08:46","Workflow","Update deal stage before closed deal"
"38454557280","Relex Solutions ","SDR / Omitted OPP","2025-06-04 18:05","Record Merge","","SDR / Omitted OPP","2025-06-04 17:09","Workflow","Update deal stage before closed deal","SDR / Omitted OPP","2025-04-03 15:45","Workflow","Update deal stage before closed deal"
"15855767401","Mynt / GCash","SDR / Omitted OPP","2024-01-02 14:37","CRM UI Bulk Action","Gal Tarrab Levi"
"45917194307","Polestar ","SDR / Omitted OPP","2025-10-14 15:02","Workflow","Update deal stage before closed deal"
"33166164547","Shoprite","SDR / Omitted OPP","2025-02-07 16:25","Workflow","Update deal stage before closed deal"
"21733492548","Ceiba Software ","SDR / Omitted OPP","2024-08-27 01:42","Workflow","Update deal stage before closed deal"
"55927582607","Patterson Companies Inc. ","Formal Pilot","2026-06-26 16:29","Workflow","Update deal stage before closed deal","Pilot Prep","2026-03-19 22:15","Workflow","Update deal stage before closed deal","Demo / Presentation","2026-03-06 18:45","Workflow","Update deal stage before closed deal","SDR / Omitted OPP","2026-02-10 19:05","Workflow","Update deal stage before closed deal"
"50481599620","Ryt Bank","SDR / Omitted OPP","2025-11-26 06:04","Workflow","Update deal stage before closed deal"
"29857505941","Tory Burch","Pilot Prep","2024-12-17 16:28","Workflow","Update deal stage before closed deal","Demo / Presentation","2024-12-09 19:53","Workflow","Update deal stage before closed deal","SDR / Omitted OPP","2024-12-04 21:39","Workflow","Update deal stage before closed deal"
"40326009915","Nectar Services","Demo / Presentation","2025-07-24 20:06","Workflow","Update deal stage before closed deal","SDR / Omitted OPP","2025-07-16 20:48","Workflow","Update deal stage before closed deal"
"58447462017","KubeCon EU 2026 - Snyk","SDR / Omitted OPP","2026-03-26 23:26","Workflow","Update deal stage before closed deal"
"15957193050","Woven Planet Holdings (by Toyota)","SDR / Omitted OPP","2024-01-02 14:37","CRM UI Bulk Action","Gal Tarrab Levi"
"15842849285","Perfectscale","SDR / Omitted OPP","2024-01-02 14:40","CRM UI Bulk Action","Gal Tarrab Levi"
"16304561014","ASML","Pilot Prep","2024-02-05 15:05","Workflow","Update deal stage before closed deal","SDR / Omitted OPP","2023-12-24 13:52","Import","STAGE BEFORE - Sheet1.csv by Gal Tarrab Levi"
"35023899052","CyberArk - Upsell","Business case confirmation","2025-10-29 18:04","Workflow","Update deal stage before closed deal","Pilot Prep","2025-10-08 13:13","Workflow","Update deal stage before closed deal","Demo / Presentation","2025-03-25 10:23","Workflow","Update deal stage before closed deal","SDR / Omitted OPP","2025-03-24 15:24","Workflow","Update deal stage before closed deal"
"17870138958","Kyriba","Demo / Presentation","2024-04-11 17:11","Workflow","Update deal stage before closed deal","SDR / Omitted OPP","2024-03-05 18:32","Workflow","Update deal stage before closed deal"
"61550516007","Truckstop - New Deal","SDR / Omitted OPP","2026-06-24 19:44","Workflow","Update deal stage before closed deal"
"30255827514","Tickets.com","SDR / Omitted OPP","2024-12-12 22:56","Workflow","Update deal stage before closed deal"
"18124922011","Op - KubeCon","SDR / Omitted OPP","2024-03-20 12:57","Workflow","Update deal stage before closed deal"
"32085379998","SPS Commerce","Negotiation / Legal","2025-01-15 21:27","Record Merge","","Negotiation / Legal","2025-01-15 21:27","Record Merge","","Negotiation / Legal","2025-01-15 21:27","Record Merge","","Negotiation / Legal","2025-01-15 21:27","Record Merge","","Negotiation / Legal","2025-01-15 21:27","Record Merge","","SDR / Omitted OPP","2025-01-15 20:28","Workflow","Update deal stage before closed deal","SDR / Omitted OPP","2025-01-15 20:28","Workflow","Update deal stage before closed deal","SDR / Omitted OPP","2025-01-15 20:28","Workflow","Update deal stage before closed deal","SDR / Omitted OPP","2025-01-15 20:28","Workflow","Update deal stage before closed deal","SDR / Omitted OPP","2025-01-15 20:28","Workflow","Update deal stage before closed deal","Negotiation / Legal","2024-06-13 18:32","Workflow","Update deal stage before closed deal","Business case confirmation","2024-05-07 02:57","Workflow","Update deal stage before closed deal","Formal Pilot","2024-03-19 22:30","Workflow","Update deal stage before closed deal","Pilot Prep","2024-02-29 18:16","Workflow","Update deal stage before closed deal","Demo / Presentation","2024-01-16 23:14","Workflow","Update deal stage before closed deal","SDR / Omitted OPP","2024-01-10 18:05","Workflow","Update deal stage before closed deal"
"51023465736","MOTOROLA SOLUTIONS - AWS LV 25","SDR / Omitted OPP","2025-12-03 00:37","Workflow","Update deal stage before closed deal"
"36510363565","Seclore","SDR / Omitted OPP","2025-04-29 16:34","Workflow","Update deal stage before closed deal"
"22930793232","Akua","Pilot Prep","2024-10-08 16:03","Workflow","Update deal stage before closed deal","SDR / Omitted OPP","2024-10-04 13:45","Workflow","Update deal stage before closed deal"
"35357234530","Die Techniker ","SDR / Omitted OPP","2025-07-15 17:21","Workflow","Update deal stage before closed deal","Demo / Presentation","2025-04-22 11:27","Workflow","Update deal stage before closed deal","SDR / Omitted OPP","2025-04-02 15:50","Workflow","Update deal stage before closed deal"
"35090521191","BMW","SDR / Omitted OPP","2025-03-26 09:58","Record Merge","","SDR / Omitted OPP","2025-03-25 20:31","Workflow","Update deal stage before closed deal","SDR / Omitted OPP","2023-12-28 12:46","CRM UI","Gal Tarrab Levi"
"33148198046","InvoiceCloud","Pilot Prep","2025-08-07 17:22","Workflow","Update deal stage before closed deal","Demo / Presentation","2025-02-18 17:33","Workflow","Update deal stage before closed deal","SDR / Omitted OPP","2025-02-06 23:24","Workflow","Update deal stage before closed deal"
"18086710953","YASH Technologies (Consultant)","SDR / Omitted OPP","2024-03-18 09:52","Workflow","Update deal stage before closed deal"
"41721392705","Wemolo","SDR / Omitted OPP","2025-08-11 20:52","Workflow","Update deal stage before closed deal"
"16801344940","NCR Voyix","Demo / Presentation","2024-01-10 18:48","Workflow","Update deal stage before closed deal","SDR / Omitted OPP","2024-01-04 13:24","Workflow","Update deal stage before closed deal"
"55682426384","Optum Inc","Demo / Presentation","2026-03-31 19:00","Workflow","Update deal stage before closed deal","SDR / Omitted OPP","2026-02-06 20:38","Workflow","Update deal stage before closed deal"
"59102818474","HM Coastguard","SDR / Omitted OPP","2026-04-10 22:07","Workflow","Update deal stage before closed deal"
"14995137345","Alelo Brasil - old","Demo / Presentation","2024-03-03 15:15","CRM UI","Gal Tarrab Levi","SDR / Omitted OPP","2023-12-11 11:09","Import","Deal stage and pre stage  by Gal Tarrab Levi"
"33541046096","EY","SDR / Omitted OPP","2025-02-16 10:09","Record Merge","","SDR / Omitted OPP","2025-02-14 14:06","Workflow","Update deal stage before closed deal","SDR / Omitted OPP","2025-02-08 17:17","Workflow","Update deal stage before closed deal"
"61754141764","port - New Deal","SDR / Omitted OPP","2026-06-29 15:09","Workflow","Update deal stage before closed deal"
"20386732860","Banco BICE","SDR / Omitted OPP","2024-06-27 22:09","Workflow","Update deal stage before closed deal"
"15842739976","Contentsquare","SDR / Omitted OPP","2024-01-02 14:40","CRM UI Bulk Action","Gal Tarrab Levi"
"35303676175","Okta ","SDR / Omitted OPP","2025-04-01 17:18","Workflow","Update deal stage before closed deal"
"49480014626","CEA","Demo / Presentation","2025-12-05 23:17","Workflow","Update deal stage before closed deal","SDR / Omitted OPP","2025-11-18 23:37","Workflow","Update deal stage before closed deal"
"61047413913","Nvidia ","SDR / Omitted OPP","2026-06-12 16:49","Workflow","Update deal stage before closed deal"
"59050023244","Hyland","SDR / Omitted OPP","2026-04-09 20:12","Workflow","Update deal stage before closed deal"
"12744637537","Workday","SDR / Omitted OPP","2023-12-11 11:09","Import","Deal stage and pre stage  by Gal Tarrab Levi"
"49416386854","McKesson KubeCon ATL25","SDR / Omitted OPP","2025-11-17 23:31","Workflow","Update deal stage before closed deal"
"15843118988","ResMed","SDR / Omitted OPP","2024-01-02 14:40","CRM UI Bulk Action","Gal Tarrab Levi"
"39614723688","Lumen","Demo / Presentation","2025-07-07 16:03","Workflow","Update deal stage before closed deal","SDR / Omitted OPP","2025-07-03 05:23","Workflow","Update deal stage before closed deal"
"59769856002","Codelco","Demo / Presentation","2026-07-01 22:54","Workflow","Update deal stage before closed deal","SDR / Omitted OPP","2026-04-28 16:13","Workflow","Update deal stage before closed deal"
"34863997047","Paychex","SDR / Omitted OPP","2025-03-20 10:32","Record Merge","","SDR / Omitted OPP","2025-03-20 10:32","Record Merge","","SDR / Omitted OPP","2025-03-20 10:32","Record Merge","","SDR / Omitted OPP","2025-03-20 10:32","Record Merge","","SDR / Omitted OPP","2025-03-20 10:31","Record Merge","","SDR / Omitted OPP","2025-03-19 17:41","Workflow","Update deal stage before closed deal","SDR / Omitted OPP","2025-03-19 17:41","Workflow","Update deal stage before closed deal","SDR / Omitted OPP","2025-03-19 17:40","Workflow","Update deal stage before closed deal","SDR / Omitted OPP","2025-03-19 17:40","Workflow","Update deal stage before closed deal","SDR / Omitted OPP","2025-03-19 17:40","Workflow","Update deal stage before closed deal","SDR / Omitted OPP","2023-12-24 13:52","Import","STAGE BEFORE - Sheet1.csv by Gal Tarrab Levi"
"42558598770","Schneider Electric","Business case confirmation","2026-06-18 11:36","Workflow","Update deal stage before closed deal","Formal Pilot","2026-04-14 12:20","Workflow","Update deal stage before closed deal","Pilot Prep","2026-03-17 17:25","Workflow","Update deal stage before closed deal","Demo / Presentation","2025-08-27 18:01","Workflow","Update deal stage before closed deal","SDR / Omitted OPP","2025-08-21 12:41","Workflow","Update deal stage before closed deal"
"58431672225","KubeCon EU 2026 - nordea","SDR / Omitted OPP","2026-03-26 23:26","Workflow","Update deal stage before closed deal"
"33000366959","Seven.One Entertainment Group","SDR / Omitted OPP","2025-02-04 11:42","Workflow","Update deal stage before closed deal"
"58162021925","Smartsheet","Pilot Prep","2026-04-08 19:10","Workflow","Update deal stage before closed deal","Demo / Presentation","2026-03-27 23:36","Workflow","Update deal stage before closed deal","SDR / Omitted OPP","2026-03-19 13:08","Workflow","Update deal stage before closed deal"
"58447618186","KubeCon EU 2026 - Cineca","SDR / Omitted OPP","2026-03-26 23:26","Workflow","Update deal stage before closed deal"
"34752864330","Apex Global Mobility","SDR / Omitted OPP","2025-03-18 11:16","Workflow","Update deal stage before closed deal"
"15090741894","Flipsidecrypto 2024","","2024-01-01 13:37","CRM UI","Gal Tarrab Levi","SDR / Omitted OPP","2023-12-11 11:09","Import","Deal stage and pre stage  by Gal Tarrab Levi"
"32116545167","Scout Motors","SDR / Omitted OPP","2025-01-16 16:36","Record Merge","","SDR / Omitted OPP","2025-01-16 16:11","Workflow","Update deal stage before closed deal","SDR / Omitted OPP","2025-01-08 21:11","Workflow","Update deal stage before closed deal"
"59092202297","Schroders","SDR / Omitted OPP","2026-04-10 22:07","Workflow","Update deal stage before closed deal"
"58432292931","KubeCon EU 2026 - PSI Software SE","SDR / Omitted OPP","2026-03-26 23:26","Workflow","Update deal stage before closed deal"
"42228385200","Intel","SDR / Omitted OPP","2025-08-17 11:51","Record Merge","","SDR / Omitted OPP","2025-08-17 11:47","Workflow","Update deal stage before closed deal","SDR / Omitted OPP","2025-08-17 11:40","Workflow","Update deal stage before closed deal"
"61690927383","American Express - New Deal","SDR / Omitted OPP","2026-06-26 22:37","Workflow","Update deal stage before closed deal"
"60712705797","Amdocs ","SDR / Omitted OPP","2026-05-29 19:18","Workflow","Update deal stage before closed deal"
"29897000505","Xero","SDR / Omitted OPP","2024-12-06 00:48","Workflow","Update deal stage before closed deal"
"60400271736","Zup","SDR / Omitted OPP","2026-05-19 21:55","Workflow","Update deal stage before closed deal"
"36544822411","Zopa Bank ","Pilot Prep","2025-06-05 11:49","Workflow","Update deal stage before closed deal","Demo / Presentation","2025-05-22 21:04","Workflow","Update deal stage before closed deal","SDR / Omitted OPP","2025-04-30 15:12","Workflow","Update deal stage before closed deal"
"20033962244","Rouse","Pilot Prep","2024-07-24 20:44","Workflow","Update deal stage before closed deal","Demo / Presentation","2024-06-26 17:16","Workflow","Update deal stage before closed deal","SDR / Omitted OPP","2024-06-12 19:49","Workflow","Update deal stage before closed deal"
"56709395481","CGI","SDR / Omitted OPP","2026-02-20 23:07","Workflow","Update deal stage before closed deal"
"35353090653","LIP ","SDR / Omitted OPP","2025-04-01 19:18","Workflow","Update deal stage before closed deal"
"60025179905","Harel Insurance","Demo / Presentation","2026-05-18 15:43","Workflow","Update deal stage before closed deal","SDR / Omitted OPP","2026-05-05 10:58","Workflow","Update deal stage before closed deal"
"29260111933","Charter Communications","SDR / Omitted OPP","2024-11-18 19:16","Workflow","Update deal stage before closed deal"
"45968829867","Lowes","SDR / Omitted OPP","2025-10-15 20:53","Workflow","Update deal stage before closed deal"
"60233879819","NBCUniversal","SDR / Omitted OPP","2026-05-13 18:19","Workflow","Update deal stage before closed deal"
"44576852375","Nomura Research Institute Indonesia","SDR / Omitted OPP","2025-09-29 15:50","Workflow","Update deal stage before closed deal"
"20054487556","Esprit","SDR / Omitted OPP","2024-06-13 16:17","Workflow","Update deal stage before closed deal"
"34309616439","Multi Media","Business case confirmation","2025-04-29 23:04","Workflow","Update deal stage before closed deal","Formal Pilot","2025-04-08 23:09","Workflow","Update deal stage before closed deal","Pilot Prep","2025-03-06 16:49","Workflow","Update deal stage before closed deal","Demo / Presentation","2025-03-06 10:26","Record Merge","","Demo / Presentation","2025-03-06 10:26","Record Merge","","Demo / Presentation","2025-03-06 10:17","Record Merge","","SDR / Omitted OPP","2025-03-05 20:47","Workflow","Update deal stage before closed deal","SDR / Omitted OPP","2025-03-05 20:43","Workflow","Update deal stage before closed deal","SDR / Omitted OPP","2025-03-05 20:41","Workflow","Update deal stage before closed deal","Demo / Presentation","2025-01-30 09:17","Record Merge","","Demo / Presentation","2025-01-30 09:17","Record Merge","","Demo / Presentation","2025-01-30 09:17","Record Merge","","Demo / Presentation","2025-01-30 09:17","Record Merge","","SDR / Omitted OPP","2025-01-30 00:35","Workflow","Update deal stage before closed deal","SDR / Omitted OPP","2025-01-30 00:35","Workflow","Update deal stage before closed deal","SDR / Omitted OPP","2025-01-30 00:34","Workflow","Update deal stage before closed deal","SDR / Omitted OPP","2025-01-30 00:31","Workflow","Update deal stage before closed deal","Demo / Presentation","2025-01-30 00:24","Workflow","Update deal stage before closed deal","SDR / Omitted OPP","2025-01-10 23:24","Workflow","Update deal stage before closed deal"
"15843087939","UMBRA","SDR / Omitted OPP","2024-01-02 14:40","CRM UI Bulk Action","Gal Tarrab Levi"
"31391877797","Bayer","Pilot Prep","2025-01-03 15:58","Record Merge","","SDR / Omitted OPP","2025-01-02 18:39","Workflow","Update deal stage before closed deal","Pilot Prep","2024-11-21 17:30","Workflow","Update deal stage before closed deal","Demo / Presentation","2024-09-26 12:33","Workflow","Update deal stage before closed deal","SDR / Omitted OPP","2024-08-25 15:00","Workflow","Update deal stage before closed deal"
"38118427287","Xebia","SDR / Omitted OPP","2025-05-29 21:44","Workflow","Update deal stage before closed deal"
"32276872878","DHL","Demo / Presentation","2025-01-21 10:29","Record Merge","","SDR / Omitted OPP","2025-01-20 13:10","Workflow","Update deal stage before closed deal","Demo / Presentation","2024-12-30 18:34","Workflow","Update deal stage before closed deal","SDR / Omitted OPP","2024-12-09 13:12","Workflow","Update deal stage before closed deal"
"35413897001","Worldpay ","SDR / Omitted OPP","2025-04-03 18:15","Workflow","Update deal stage before closed deal"
"58431823984","KubeCon EU 2026 - BMW","SDR / Omitted OPP","2026-03-26 23:26","Workflow","Update deal stage before closed deal"
"12747605543","Bark Box","SDR / Omitted OPP","2024-01-02 14:40","CRM UI Bulk Action","Gal Tarrab Levi"
"59078953354","Mahindra Group","SDR / Omitted OPP","2026-04-10 22:07","Workflow","Update deal stage before closed deal"
"42507174993","The Access Group","SDR / Omitted OPP","2025-08-20 11:10","Workflow","Update deal stage before closed deal"
"48893776559","Etsy KubeCon ATL25","SDR / Omitted OPP","2025-11-12 18:35","Workflow","Update deal stage before closed deal"
"59698147218","Mizrahi Tefahot Bank","SDR / Omitted OPP","2026-04-27 16:53","Workflow","Update deal stage before closed deal"
"35078846121","Edward Jones","Negotiation / Legal","2025-12-04 21:40","Workflow","Update deal stage before closed deal","Business case confirmation","2025-12-02 00:42","Workflow","Update deal stage before closed deal","Formal Pilot","2025-05-05 16:19","Workflow","Update deal stage before closed deal","Pilot Prep","2025-04-23 20:17","Workflow","Update deal stage before closed deal","Formal Pilot","2025-03-26 10:03","Record Merge","","Formal Pilot","2025-03-26 10:03","Record Merge","","SDR / Omitted OPP","2025-03-25 20:35","Workflow","Update deal stage before closed deal","SDR / Omitted OPP","2025-03-25 20:35","Workflow","Update deal stage before closed deal","Formal Pilot","2025-02-25 23:37","Workflow","Update deal stage before closed deal","Pilot Prep","2024-11-19 18:37","Workflow","Update deal stage before closed deal","Formal Pilot","2024-09-04 22:29","Workflow","Update deal stage before closed deal","Pilot Prep","2024-05-21 23:44","Workflow","Update deal stage before closed deal"
"29890633102","Genzeon","SDR / Omitted OPP","2024-12-05 02:27","Workflow","Update deal stage before closed deal"
"59081420613","GSC Technologies Limited","SDR / Omitted OPP","2026-04-10 22:07","Workflow","Update deal stage before closed deal"
"30136595292","Genlabs ","SDR / Omitted OPP","2024-12-10 21:54","Workflow","Update deal stage before closed deal"
"61873132112","MasterControl","SDR / Omitted OPP","2026-06-30 23:57","Workflow","Update deal stage before closed deal"
"17366065486","BT","Demo / Presentation","2024-03-04 14:24","Workflow","Update deal stage before closed deal","SDR / Omitted OPP","2024-02-05 13:43","Workflow","Update deal stage before closed deal"
"35462961023","Egnyte","Demo / Presentation","2025-06-02 18:55","Workflow","Update deal stage before closed deal","SDR / Omitted OPP","2025-04-04 15:37","Workflow","Update deal stage before closed deal"
"61507374220","BMO","SDR / Omitted OPP","2026-06-25 00:55","Workflow","Update deal stage before closed deal"
"46570202477","Bankdata","SDR / Omitted OPP","2025-10-21 11:12","Workflow","Update deal stage before closed deal"
"14628424537","Lightricks ","Negotiation / Legal","2023-12-11 11:09","Import","Deal stage and pre stage  by Gal Tarrab Levi"
"22333091671","Guideline","SDR / Omitted OPP","2024-09-16 22:24","Workflow","Update deal stage before closed deal"
"60893104482","Prove","SDR / Omitted OPP","2026-06-05 19:36","Workflow","Update deal stage before closed deal"
"15005364527","Plaid","Formal Pilot","2023-12-11 11:09","Import","Deal stage and pre stage  by Gal Tarrab Levi"
"32128515759","SMBC","SDR / Omitted OPP","2025-01-16 23:38","Workflow","Update deal stage before closed deal"
"45092530442","Priceline.com","Negotiation / Legal","2025-12-17 00:09","Workflow","Update deal stage before closed deal","Business case confirmation","2025-12-12 17:08","Workflow","Update deal stage before closed deal","Formal Pilot","2025-10-30 17:35","Workflow","Update deal stage before closed deal","Pilot Prep","2025-10-16 16:03","Workflow","Update deal stage before closed deal","Demo / Presentation","2025-10-02 15:37","Workflow","Update deal stage before closed deal","SDR / Omitted OPP","2025-10-02 15:36","Workflow","Update deal stage before closed deal"
"60850615835","KPMG Australia ","SDR / Omitted OPP","2026-06-04 09:50","Workflow","Update deal stage before closed deal"
"35516490013","GHD ","Pilot Prep","2025-05-15 03:41","Workflow","Update deal stage before closed deal","Demo / Presentation","2025-05-02 02:35","Workflow","Update deal stage before closed deal","SDR / Omitted OPP","2025-04-07 02:53","Workflow","Update deal stage before closed deal"
"37130412949","Diligent ","Demo / Presentation","2025-05-20 00:46","Workflow","Update deal stage before closed deal","SDR / Omitted OPP","2025-05-12 20:53","Workflow","Update deal stage before closed deal"
"42826554148","Scotiabank","SDR / Omitted OPP","2025-08-25 17:47","Workflow","Update deal stage before closed deal"
"46662708910","Datavant","Negotiation / Legal","2026-02-18 22:22","Workflow","Update deal stage before closed deal","Business case confirmation","2026-02-12 19:01","Workflow","Update deal stage before closed deal","Formal Pilot","2026-01-07 21:16","Workflow","Update deal stage before closed deal","Pilot Prep","2025-12-08 23:32","Workflow","Update deal stage before closed deal","Demo / Presentation","2025-12-04 18:19","Workflow","Update deal stage before closed deal","SDR / Omitted OPP","2025-10-22 02:12","Workflow","Update deal stage before closed deal"
"59391298117","Ovative Group","Business case confirmation","2026-06-16 17:11","Workflow","Update deal stage before closed deal","Formal Pilot","2026-06-16 17:11","Workflow","Update deal stage before closed deal","Pilot Prep","2026-06-16 16:12","Workflow","Update deal stage before closed deal","Demo / Presentation","2026-04-21 23:57","Workflow","Update deal stage before closed deal","SDR / Omitted OPP","2026-04-20 20:11","Workflow","Update deal stage before closed deal"
"48830270372","ASML KubeCon ATL25","SDR / Omitted OPP","2025-11-11 17:33","Workflow","Update deal stage before closed deal"
"31639563953","Duolingo","Demo / Presentation","2025-01-07 10:44","Record Merge","","SDR / Omitted OPP","2025-01-06 22:42","Workflow","Update deal stage before closed deal","Demo / Presentation","2024-12-10 14:33","Record Merge","","SDR / Omitted OPP","2024-12-09 22:29","Workflow","Update deal stage before closed deal","Demo / Presentation","2024-12-09 22:11","Workflow","Update deal stage before closed deal","SDR / Omitted OPP","2024-12-04 16:36","Workflow","Update deal stage before closed deal"
"13082063113","Libertex group ","Business case confirmation","2023-12-11 11:09","Import","Deal stage and pre stage  by Gal Tarrab Levi"
"51662607502","Caseware","SDR / Omitted OPP","2025-12-11 18:23","Workflow","Update deal stage before closed deal"
"43502382130","K12/Stride","Demo / Presentation","2025-09-15 20:03","Workflow","Update deal stage before closed deal","SDR / Omitted OPP","2025-09-09 22:27","Workflow","Update deal stage before closed deal"
"13055344514","Yaworks - k","SDR / Omitted OPP","2023-12-11 11:09","Import","Deal stage and pre stage  by Gal Tarrab Levi"
"47415969919","RBC ","SDR / Omitted OPP","2025-11-03 16:48","Workflow","Update deal stage before closed deal"
"16572353025","Divisions Maintenance Group / DMG","Demo / Presentation","2024-03-03 15:17","CRM UI","Gal Tarrab Levi","SDR / Omitted OPP","2023-12-31 09:49","CRM UI","Gal Tarrab Levi"
"50082318250","Tata Group","SDR / Omitted OPP","2025-11-24 00:19","Workflow","Update deal stage before closed deal"
"17853745827","Moneysupermarket ","Formal Pilot","2024-03-26 12:43","Workflow","Update deal stage before closed deal","Pilot Prep","2024-03-18 10:46","Workflow","Update deal stage before closed deal","Demo / Presentation","2024-03-11 18:33","Workflow","Update deal stage before closed deal","SDR / Omitted OPP","2024-03-04 15:21","Workflow","Update deal stage before closed deal"
"60343394212","Ericsson - New Deal","SDR / Omitted OPP","2026-05-19 13:44","Workflow","Update deal stage before closed deal"
"18246561827","IBM Corporation - Boxboat (Partner discussion)","SDR / Omitted OPP","2024-03-26 20:01","Workflow","Update deal stage before closed deal"
"35360237950","Ernstings Family","SDR / Omitted OPP","2025-04-02 17:28","Workflow","Update deal stage before closed deal"
"55624027796","Collectors","SDR / Omitted OPP","2026-02-05 17:39","Workflow","Update deal stage before closed deal"
"56463771756","San Disk","Demo / Presentation","2026-03-25 17:14","Workflow","Update deal stage before closed deal","SDR / Omitted OPP","2026-02-18 00:08","Workflow","Update deal stage before closed deal"
"35090521361","Abacai","SDR / Omitted OPP","2025-03-26 10:00","Record Merge","","SDR / Omitted OPP","2025-03-26 10:00","Record Merge","","SDR / Omitted OPP","2025-03-26 10:00","Record Merge","","SDR / Omitted OPP","2025-03-26 10:00","Record Merge","","SDR / Omitted OPP","2025-03-25 20:32","Workflow","Update deal stage before closed deal","SDR / Omitted OPP","2025-03-25 20:32","Workflow","Update deal stage before closed deal","SDR / Omitted OPP","2025-03-25 20:32","Workflow","Update deal stage before closed deal","SDR / Omitted OPP","2025-03-25 20:32","Workflow","Update deal stage before closed deal","SDR / Omitted OPP","2023-12-24 13:52","Import","STAGE BEFORE - Sheet1.csv by Gal Tarrab Levi"
"38553152121","Nationwide","SDR / Omitted OPP","2025-06-06 16:27","Workflow","Update deal stage before closed deal"
"39009237903","Telstra","Pilot Prep","2025-07-31 06:05","Workflow","Update deal stage before closed deal","Demo / Presentation","2025-07-24 07:52","Workflow","Update deal stage before closed deal","SDR / Omitted OPP","2025-06-18 12:27","Workflow","Update deal stage before closed deal"
"60177498890","Air France-KLM","SDR / Omitted OPP","2026-05-12 18:13","Record Merge","","SDR / Omitted OPP","2026-05-12 18:10","Workflow","Update deal stage before closed deal","SDR / Omitted OPP","2026-05-12 18:10","Workflow","Update deal stage before closed deal"
"59576208797","Macquarie Group Limited - New Deal","SDR / Omitted OPP","2026-04-24 03:59","Workflow","Update deal stage before closed deal"
"41193179736","Northern Trust Corp","SDR / Omitted OPP","2025-08-01 23:01","Workflow","Update deal stage before closed deal"
"47739352913","Toyota Connected","Demo / Presentation","2025-11-03 16:56","Workflow","Update deal stage before closed deal","SDR / Omitted OPP","2025-10-30 16:30","Workflow","Update deal stage before closed deal"
"38393698459","Pernambucanas 60-80-100 seats per 36 months","SDR / Omitted OPP","2025-06-03 20:11","Workflow","Update deal stage before closed deal"
"42558596910","Fortnox","Demo / Presentation","2025-09-01 17:58","Workflow","Update deal stage before closed deal","SDR / Omitted OPP","2025-08-21 12:13","Workflow","Update deal stage before closed deal"
"18400477969","Kyndryl Holdings","Pilot Prep","2024-05-29 09:40","Workflow","Update deal stage before closed deal","Demo / Presentation","2024-05-02 16:36","Workflow","Update deal stage before closed deal","SDR / Omitted OPP","2024-04-03 12:47","Workflow","Update deal stage before closed deal"
"43098978567","FNB Platform Team","SDR / Omitted OPP","2025-09-01 12:09","Workflow","Update deal stage before closed deal"
"59915238779","Meijer - '26 RFI","Pilot Prep","2026-06-24 23:20","Workflow","Update deal stage before closed deal","Demo / Presentation","2026-06-03 23:21","Workflow","Update deal stage before closed deal","SDR / Omitted OPP","2026-05-04 22:56","Workflow","Update deal stage before closed deal"
"17674796576","Neudesic (IBM company)","SDR / Omitted OPP","2024-02-22 17:23","Workflow","Update deal stage before closed deal"
"32425585526","Health Catalyst","Business case confirmation","2025-01-26 15:32","Record Merge","","Business case confirmation","2025-01-26 15:31","Record Merge","","Business case confirmation","2025-01-26 15:31","Record Merge","","Business case confirmation","2025-01-26 15:31","Record Merge","","Business case confirmation","2025-01-26 15:31","Record Merge","","SDR / Omitted OPP","2025-01-26 09:41","Workflow","Update deal stage before closed deal","SDR / Omitted OPP","2025-01-26 09:40","Workflow","Update deal stage before closed deal","SDR / Omitted OPP","2025-01-26 09:40","Workflow","Update deal stage before closed deal","SDR / Omitted OPP","2025-01-26 09:40","Workflow","Update deal stage before closed deal","SDR / Omitted OPP","2025-01-26 09:40","Workflow","Update deal stage before closed deal","Business case confirmation","2024-10-31 17:59","Workflow","Update deal stage before closed deal","Formal Pilot","2024-08-28 19:20","Workflow","Update deal stage before closed deal","Demo / Presentation","2024-07-15 21:24","Workflow","Update deal stage before closed deal","SDR / Omitted OPP","2024-07-10 00:04","Workflow","Update deal stage before closed deal"
"32338821130","Omniva","Demo / Presentation","2025-03-06 16:50","Workflow","Update deal stage before closed deal","SDR / Omitted OPP","2025-01-22 22:22","Workflow","Update deal stage before closed deal"
"61465667968","State Street","SDR / Omitted OPP","2026-06-23 22:51","Workflow","Update deal stage before closed deal"
"62045070738","Wompi","SDR / Omitted OPP","2026-07-01 23:23","Workflow","Update deal stage before closed deal"
"61030451722","Nulab","SDR / Omitted OPP","2026-06-11 19:22","Workflow","Update deal stage before closed deal"
"58451655970","KubeCon EU 2026 - Enercity Netz","SDR / Omitted OPP","2026-03-26 23:26","Workflow","Update deal stage before closed deal"
"35345441419","Wenrix ","SDR / Omitted OPP","2025-04-02 14:23","Workflow","Update deal stage before closed deal"
"58054040175","Tesco Mobile","SDR / Omitted OPP","2026-03-17 13:04","Workflow","Update deal stage before closed deal"
"61028536469","JPMorgan Chase & Co.","SDR / Omitted OPP","2026-06-11 16:48","Workflow","Update deal stage before closed deal"
"35732993198","LTK","SDR / Omitted OPP","2025-04-14 13:52","Record Merge","","SDR / Omitted OPP","2025-04-10 19:46","Workflow","Update deal stage before closed deal","SDR / Omitted OPP","2025-01-08 18:20","Record Merge","","SDR / Omitted OPP","2024-12-11 17:59","Workflow","Update deal stage before closed deal","SDR / Omitted OPP","2024-10-11 18:22","Workflow","Update deal stage before closed deal"
"15842663858","CloudCover","SDR / Omitted OPP","2024-01-02 14:40","CRM UI Bulk Action","Gal Tarrab Levi"
"15842849146","OpenDialog","SDR / Omitted OPP","2024-01-02 14:40","CRM UI Bulk Action","Gal Tarrab Levi"
"15157583275","Latam Airlines","Negotiation / Legal","2024-02-07 20:33","Workflow","Update deal stage before closed deal","Business case confirmation","2024-02-07 20:33","Workflow","Update deal stage before closed deal","Negotiation / Legal","2024-02-01 03:14","Workflow","Update deal stage before closed deal","Formal Pilot","2023-12-11 11:09","Import","Deal stage and pre stage  by Gal Tarrab Levi"
"20074065690","ALLEN Digital","Business case confirmation","2024-09-09 09:41","Workflow","Update deal stage before closed deal","Formal Pilot","2024-07-03 12:29","Workflow","Update deal stage before closed deal","Demo / Presentation","2024-06-27 09:19","Workflow","Update deal stage before closed deal","SDR / Omitted OPP","2024-06-14 10:08","Workflow","Update deal stage before closed deal"
"15368482437","R1 RCM","Negotiation / Legal","2024-04-17 23:24","Workflow","Update deal stage before closed deal","SDR / Omitted OPP","2023-12-11 11:09","Import","Deal stage and pre stage  by Gal Tarrab Levi"
"15843120740","MEDWING GmbH","SDR / Omitted OPP","2024-01-02 14:40","CRM UI Bulk Action","Gal Tarrab Levi"
"60487451062","SURA","Demo / Presentation","2026-07-01 19:54","Workflow","Update deal stage before closed deal"
"34475391787","Compass Digital","Negotiation / Legal","2025-07-22 16:57","Workflow","Update deal stage before closed deal","Business case confirmation","2025-07-15 16:11","Workflow","Update deal stage before closed deal","Pilot Prep","2025-06-05 17:49","Workflow","Update deal stage before closed deal","Demo / Presentation","2025-03-10 17:27","Workflow","Update deal stage before closed deal"
"29884325009","Alpha Omega","SDR / Omitted OPP","2024-12-05 01:32","Workflow","Update deal stage before closed deal"
"32321883544","Specsavers","Business case confirmation","2025-12-10 12:13","Workflow","Update deal stage before closed deal","Formal Pilot","2025-09-30 19:27","Workflow","Update deal stage before closed deal","Pilot Prep","2025-06-16 14:53","Workflow","Update deal stage before closed deal","Demo / Presentation","2025-01-22 11:01","Record Merge","","SDR / Omitted OPP","2025-01-22 10:21","Workflow","Update deal stage before closed deal","Demo / Presentation","2024-11-21 12:48","Workflow","Update deal stage before closed deal","SDR / Omitted OPP","2024-11-05 16:02","Record Merge","","SDR / Omitted OPP","2024-11-05 16:02","Workflow","Update deal stage before closed deal","SDR / Omitted OPP","2024-11-05 16:01","Workflow","Update deal stage before closed deal"
"43896902538","Latam Airlines Group S.A - Expansion","Demo / Presentation","2025-09-19 06:02","Workflow","Update deal stage before closed deal"
"13055826192","Volvo Cars - k - cancelled","SDR / Omitted OPP","2023-12-11 11:09","Import","Deal stage and pre stage  by Gal Tarrab Levi"
"18170144858","Arctiq","SDR / Omitted OPP","2024-03-22 16:04","Workflow","Update deal stage before closed deal"
"60638787997","Lendbuzz - PlatforMa","SDR / Omitted OPP","2026-05-26 14:14","Workflow","Update deal stage before closed deal"
"18109738076","Getir","Demo / Presentation","2024-04-18 16:39","Workflow","Update deal stage before closed deal","SDR / Omitted OPP","2024-03-19 15:01","Workflow","Update deal stage before closed deal"
"39822749525","Epsilon","Demo / Presentation","2025-08-06 19:12","Workflow","Update deal stage before closed deal","SDR / Omitted OPP","2025-07-07 19:12","Workflow","Update deal stage before closed deal"
"61035027013","Attentive - New Deal","SDR / Omitted OPP","2026-06-11 23:01","Workflow","Update deal stage before closed deal"
"58452737812","KubeCon EU 2026 - Fronius International GmbH","SDR / Omitted OPP","2026-03-26 23:26","Workflow","Update deal stage before closed deal"
"21665263968","Pague Menos","Pilot Prep","2024-08-27 16:09","Workflow","Update deal stage before closed deal","Demo / Presentation","2024-08-26 18:57","Workflow","Update deal stage before closed deal","SDR / Omitted OPP","2024-08-23 15:56","Workflow","Update deal stage before closed deal"
"33858152775","Input Output","Pilot Prep","2025-02-23 11:11","Record Merge","","SDR / Omitted OPP","2025-02-21 21:05","Workflow","Update deal stage before closed deal","Pilot Prep","2025-01-29 07:57","Workflow","Update deal stage before closed deal"
"28982958718","Utah State University ","SDR / Omitted OPP","2024-11-12 20:35","Workflow","Update deal stage before closed deal"
"35349390429","SAP","SDR / Omitted OPP","2025-04-02 14:06","Workflow","Update deal stage before closed deal"
"14056826730","Deloitte","Formal Pilot","2023-12-11 11:09","Import","Deal stage and pre stage  by Gal Tarrab Levi"
"19150034838","CNH Industrial","SDR / Omitted OPP","2024-05-06 12:29","Workflow","Update deal stage before closed deal"
"29074564526","Salesforce ","SDR / Omitted OPP","2024-11-13 20:08","Workflow","Update deal stage before closed deal"
"36234524472","Zefr","SDR / Omitted OPP","2025-04-27 14:50","Workflow","Update deal stage before closed deal"
"15485565568","FNB South Africa","SDR / Omitted OPP","2023-12-11 11:09","Import","Deal stage and pre stage  by Gal Tarrab Levi"
"15753306731","Petrobras","Demo / Presentation","2024-01-17 18:10","CRM UI","Gal Tarrab Levi","SDR / Omitted OPP","2023-12-11 11:09","Import","Deal stage and pre stage  by Gal Tarrab Levi"
"39599221902","GoodRx","Pilot Prep","2025-07-21 16:45","Workflow","Update deal stage before closed deal","Demo / Presentation","2025-07-07 23:38","Workflow","Update deal stage before closed deal","SDR / Omitted OPP","2025-07-07 23:37","Workflow","Update deal stage before closed deal"
"32781377817","On Running","Business case confirmation","2025-05-02 11:28","Workflow","Update deal stage before closed deal","Formal Pilot","2025-04-14 12:37","Workflow","Update deal stage before closed deal","Pilot Prep","2025-03-03 14:08","Workflow","Update deal stage before closed deal","Demo / Presentation","2025-02-17 19:21","Workflow","Update deal stage before closed deal","SDR / Omitted OPP","2025-01-30 17:40","Record Merge","","SDR / Omitted OPP","2025-01-30 17:38","Workflow","Update deal stage before closed deal","SDR / Omitted OPP","2025-01-30 14:07","Record Merge","","SDR / Omitted OPP","2025-01-30 13:58","Workflow","Update deal stage before closed deal","SDR / Omitted OPP","2025-01-28 10:52","Record Merge","","SDR / Omitted OPP","2025-01-28 10:26","Workflow","Update deal stage before closed deal","SDR / Omitted OPP","2025-01-27 16:54","Record Merge","","SDR / Omitted OPP","2025-01-27 16:54","Record Merge","","SDR / Omitted OPP","2025-01-27 16:47","Workflow","Update deal stage before closed deal","SDR / Omitted OPP","2025-01-27 16:45","Workflow","Update deal stage before closed deal","SDR / Omitted OPP","2025-01-27 16:44","Workflow","Update deal stage before closed deal"
"55643609418","Nextera/FPL","Demo / Presentation","2026-02-25 23:31","Workflow","Update deal stage before closed deal","SDR / Omitted OPP","2026-02-06 02:22","Workflow","Update deal stage before closed deal"
"42868571199","GitLab","SDR / Omitted OPP","2025-11-03 16:47","Workflow","Update deal stage before closed deal"
"12760730732","Rapha","Formal Pilot","2023-12-31 09:56","CRM UI","Gal Tarrab Levi"
"23313722677","TomTom","Demo / Presentation","2024-11-28 16:55","Workflow","Update deal stage before closed deal","SDR / Omitted OPP","2024-10-17 14:09","Workflow","Update deal stage before closed deal"
"57823032853","Swan ","Business case confirmation","2026-04-23 10:36","Workflow","Update deal stage before closed deal","Formal Pilot","2026-03-26 10:27","Workflow","Update deal stage before closed deal","Pilot Prep","2026-03-26 10:22","Workflow","Update deal stage before closed deal","Demo / Presentation","2026-03-23 10:07","Workflow","Update deal stage before closed deal","SDR / Omitted OPP","2026-03-09 16:37","Workflow","Update deal stage before closed deal"
"59822594325","Garner - New Deal","SDR / Omitted OPP","2026-04-29 23:46","Workflow","Update deal stage before closed deal"
"16344575915","Morgan Stanley","SDR / Omitted OPP","2023-12-11 11:09","Import","Deal stage and pre stage  by Gal Tarrab Levi"
"43388393594","Kyriba","SDR / Omitted OPP","2025-09-05 18:26","Workflow","Update deal stage before closed deal"
"17500425910","Alelo Brasil","Business case confirmation","2024-02-14 21:34","Workflow","Update deal stage before closed deal","Demo / Presentation","2024-02-13 17:29","Workflow","Update deal stage before closed deal","SDR / Omitted OPP","2024-02-13 17:18","Workflow","Update deal stage before closed deal"
"12744637443","Optimizely","SDR / Omitted OPP","2023-12-11 11:09","Import","Deal stage and pre stage  by Gal Tarrab Levi"
"14745218370","CMA CGM","Demo / Presentation","2023-12-11 11:09","Import","Deal stage and pre stage  by Gal Tarrab Levi"
"61623647833","Duolingo - New Deal","SDR / Omitted OPP","2026-06-25 23:03","Workflow","Update deal stage before closed deal"
"35345141311","KBC","SDR / Omitted OPP","2025-04-02 15:31","Workflow","Update deal stage before closed deal"
"29037295258","Leidos Holdings Inc","SDR / Omitted OPP","2024-11-13 20:55","Workflow","Update deal stage before closed deal"
"58004537992","BP (via Infosys)","SDR / Omitted OPP","2026-03-13 16:24","Workflow","Update deal stage before closed deal"
"48893297297","Banco Pichincha","SDR / Omitted OPP","2026-06-10 01:29","Workflow","Update deal stage before closed deal","Demo / Presentation","2025-11-20 18:36","Workflow","Update deal stage before closed deal","SDR / Omitted OPP","2025-11-12 13:11","Workflow","Update deal stage before closed deal"
"43331924151","Care Lumen","Pilot Prep","2025-11-17 17:58","Workflow","Update deal stage before closed deal","Demo / Presentation","2025-09-09 18:58","Workflow","Update deal stage before closed deal","SDR / Omitted OPP","2025-09-04 00:08","Workflow","Update deal stage before closed deal"
"29076125280","CDW","SDR / Omitted OPP","2024-11-14 03:14","Workflow","Update deal stage before closed deal"
"15326316217","CrownPeak Inc","Pilot Prep","2023-12-11 11:09","Import","Deal stage and pre stage  by Gal Tarrab Levi"
"58311762564","Canonical ","SDR / Omitted OPP","2026-03-25 11:50","Workflow","Update deal stage before closed deal"
"32310852773","Stack Overflow","Formal Pilot","2025-01-28 18:15","Workflow","Update deal stage before closed deal","Pilot Prep","2025-01-21 18:09","Record Merge","","SDR / Omitted OPP","2025-01-21 17:28","Workflow","Update deal stage before closed deal","Pilot Prep","2025-01-10 17:26","Workflow","Update deal stage before closed deal","Demo / Presentation","2024-12-20 17:21","Workflow","Update deal stage before closed deal","SDR / Omitted OPP","2024-12-16 13:36","Workflow","Update deal stage before closed deal"
"40841572530","FrankCrum","SDR / Omitted OPP","2025-07-25 21:59","Workflow","Update deal stage before closed deal"
"57447604003","thoughtworks","SDR / Omitted OPP","2026-03-12 05:10","Workflow","Update deal stage before closed deal"
"15842663681","icustomer","SDR / Omitted OPP","2024-01-02 14:40","CRM UI Bulk Action","Gal Tarrab Levi"
"21276582704","Compare the Market","SDR / Omitted OPP","2024-08-11 10:06","Workflow","Update deal stage before closed deal"
"29844999771","Siemens ","SDR / Omitted OPP","2024-12-04 21:18","Workflow","Update deal stage before closed deal"
"33672899910","XY Retail","SDR / Omitted OPP","2025-02-19 11:23","Workflow","Update deal stage before closed deal"
"11710670507","Melio","Business case confirmation","2023-12-11 11:09","Import","Deal stage and pre stage  by Gal Tarrab Levi"
"19720967844","In The Pocket","Business case confirmation","2024-10-25 16:12","Workflow","Update deal stage before closed deal","Formal Pilot","2024-09-26 15:22","Workflow","Update deal stage before closed deal","Pilot Prep","2024-09-17 14:16","Workflow","Update deal stage before closed deal","Demo / Presentation","2024-09-04 18:18","Workflow","Update deal stage before closed deal","SDR / Omitted OPP","2024-05-30 11:15","Workflow","Update deal stage before closed deal"
"35363074430","UMAKE","SDR / Omitted OPP","2025-04-02 15:15","Workflow","Update deal stage before closed deal"
"29042699862","Koch Industries","Demo / Presentation","2024-11-21 16:58","Workflow","Update deal stage before closed deal","SDR / Omitted OPP","2024-11-14 00:04","Workflow","Update deal stage before closed deal"
"35301482637","aaishika.com ","SDR / Omitted OPP","2025-04-01 13:37","Workflow","Update deal stage before closed deal"
"35307579400","Okta ","SDR / Omitted OPP","2025-04-01 11:41","Workflow","Update deal stage before closed deal"
"51244893075","Darktrace ","Demo / Presentation","2025-12-19 14:23","Workflow","Update deal stage before closed deal","SDR / Omitted OPP","2025-12-04 12:41","Workflow","Update deal stage before closed deal"
"59082192781","JYSK","SDR / Omitted OPP","2026-04-10 18:42","Workflow","Update deal stage before closed deal"
"41518687868","HiBob","SDR / Omitted OPP","2025-08-07 13:31","Workflow","Update deal stage before closed deal"
"42218760039","HERE Technologies","SDR / Omitted OPP","2025-09-19 17:11","Workflow","Update deal stage before closed deal"
"16038864466","AMBOSS","Demo / Presentation","2024-03-03 15:15","CRM UI","Gal Tarrab Levi","SDR / Omitted OPP","2023-12-11 11:09","Import","Deal stage and pre stage  by Gal Tarrab Levi"
"34255961432","WildBrain","SDR / Omitted OPP","2025-03-05 14:44","Record Merge","","SDR / Omitted OPP","2025-03-05 14:35","Workflow","Update deal stage before closed deal","SDR / Omitted OPP","2025-03-05 14:35","Workflow","Update deal stage before closed deal"
"61600694696","AWS - New Deal","SDR / Omitted OPP","2026-06-25 00:44","Workflow","Update deal stage before closed deal"
"29900802388","i3 Verticals","SDR / Omitted OPP","2024-12-05 21:43","Workflow","Update deal stage before closed deal"
"15667730953","MCG","Demo / Presentation","2023-12-11 11:09","Import","Deal stage and pre stage  by Gal Tarrab Levi"
"44115666294","Worldpay Inc.","SDR / Omitted OPP","2025-09-22 21:16","Workflow","Update deal stage before closed deal"
"16157858121","Jetstar","SDR / Omitted OPP","2023-12-11 11:09","Import","Deal stage and pre stage  by Gal Tarrab Levi"
"58442663045","KubeCon EU 2026 - OMP","SDR / Omitted OPP","2026-03-26 23:26","Workflow","Update deal stage before closed deal"
"47221986319","Decathlon","Demo / Presentation","2025-11-13 16:37","Workflow","Update deal stage before closed deal","SDR / Omitted OPP","2025-10-27 16:05","Workflow","Update deal stage before closed deal"
"38431905086","Falabella.com","SDR / Omitted OPP","2025-06-04 00:11","Workflow","Update deal stage before closed deal"
"29849324712","S&P Global","SDR / Omitted OPP","2024-12-04 19:35","Workflow","Update deal stage before closed deal"
"14249728295","MTN","SDR / Omitted OPP","2023-12-11 11:09","Import","Deal stage and pre stage  by Gal Tarrab Levi"
"34886358638","Itaú Unibanco","SDR / Omitted OPP","2025-03-20 17:15","Workflow","Update deal stage before closed deal"
"35303043626","OLX ","SDR / Omitted OPP","2025-04-01 15:44","Workflow","Update deal stage before closed deal"
"42408854964","Tata Consultancy Services Ltd - New Deal","SDR / Omitted OPP","2025-08-19 13:42","Workflow","Update deal stage before closed deal"
"41704024330","British Airways","SDR / Omitted OPP","2025-08-11 19:19","Workflow","Update deal stage before closed deal"
"31639573553","Gucci","Negotiation / Legal","2025-06-11 09:10","Workflow","Update deal stage before closed deal","Business case confirmation","2025-05-09 15:37","Workflow","Update deal stage before closed deal","Pilot Prep","2025-04-15 17:03","Workflow","Update deal stage before closed deal","Formal Pilot","2025-04-03 15:50","Workflow","Update deal stage before closed deal","Pilot Prep","2025-03-27 12:11","Workflow","Update deal stage before closed deal","Demo / Presentation","2025-03-17 19:14","Workflow","Update deal stage before closed deal","SDR / Omitted OPP","2025-01-07 10:38","Record Merge","","SDR / Omitted OPP","2025-01-07 10:38","Record Merge","","SDR / Omitted OPP","2025-01-07 10:38","Record Merge","","SDR / Omitted OPP","2025-01-07 10:22","Workflow","Update deal stage before closed deal","SDR / Omitted OPP","2025-01-07 10:22","Workflow","Update deal stage before closed deal","SDR / Omitted OPP","2025-01-07 10:21","Workflow","Update deal stage before closed deal","SDR / Omitted OPP","2025-01-06 12:39","Workflow","Update deal stage before closed deal"
"58432445609","KubeCon EU 2026 - ProgressSoft","SDR / Omitted OPP","2026-03-26 23:26","Workflow","Update deal stage before closed deal"
"20680338729","Getir","SDR / Omitted OPP","2024-07-11 14:41","Workflow","Update deal stage before closed deal"
"21250458949","Anywhere Real Estate","SDR / Omitted OPP","2024-08-09 20:18","Workflow","Update deal stage before closed deal"
"29794857336","Liantis","Negotiation / Legal","2024-12-03 15:42","Record Merge","","SDR / Omitted OPP","2024-12-03 15:36","Workflow","Update deal stage before closed deal","Negotiation / Legal","2024-09-06 12:11","Workflow","Update deal stage before closed deal","Formal Pilot","2024-08-08 11:51","Workflow","Update deal stage before closed deal","Pilot Prep","2024-07-26 16:17","Workflow","Update deal stage before closed deal","Demo / Presentation","2024-05-23 14:58","Workflow","Update deal stage before closed deal","SDR / Omitted OPP","2024-05-05 14:27","Workflow","Update deal stage before closed deal"
"17655538854","Coupa","Demo / Presentation","2024-02-29 17:15","Workflow","Update deal stage before closed deal","SDR / Omitted OPP","2024-02-21 20:34","Workflow","Update deal stage before closed deal"
"34188315441","ONDC","SDR / Omitted OPP","2025-03-03 16:49","Workflow","Update deal stage before closed deal"
"59096543057","Temenos","SDR / Omitted OPP","2026-04-10 22:07","Workflow","Update deal stage before closed deal"
"17115574663","Swisscard AECS","SDR / Omitted OPP","2024-01-23 14:03","Workflow","Update deal stage before closed deal"
"60734504279","Omnissa ","SDR / Omitted OPP","2026-05-30 16:42","Workflow","Update deal stage before closed deal"
"32425586202","Cloudinary","Demo / Presentation","2025-01-26 16:30","Record Merge","","Demo / Presentation","2025-01-26 16:29","Record Merge","","Demo / Presentation","2025-01-26 16:29","Record Merge","","SDR / Omitted OPP","2025-01-26 09:41","Workflow","Update deal stage before closed deal","SDR / Omitted OPP","2025-01-26 09:41","Workflow","Update deal stage before closed deal","SDR / Omitted OPP","2025-01-26 09:40","Workflow","Update deal stage before closed deal","Demo / Presentation","2024-02-19 19:09","Workflow","Update deal stage before closed deal","SDR / Omitted OPP","2024-01-30 17:38","Workflow","Update deal stage before closed deal"
"58317991448","MongoDB","SDR / Omitted OPP","2026-03-25 11:36","Workflow","Update deal stage before closed deal"
"15958039579","Cloud7Works","SDR / Omitted OPP","2023-12-11 11:09","Import","Deal stage and pre stage  by Gal Tarrab Levi"
"35626631786","Hub24","SDR / Omitted OPP","2025-04-10 19:08","Workflow","Update deal stage before closed deal"
"41041246820","Carta","SDR / Omitted OPP","2025-07-29 23:23","Workflow","Update deal stage before closed deal"
"61223430453","State Street","SDR / Omitted OPP","2026-06-18 18:01","Workflow","Update deal stage before closed deal"
"36667810911","Viber Rakuten ","SDR / Omitted OPP","2025-05-04 14:13","Workflow","Update deal stage before closed deal"
"31963869097","Trane Technologies ","Negotiation / Legal","2025-06-19 17:35","Workflow","Update deal stage before closed deal","Business case confirmation","2025-05-05 15:02","Workflow","Update deal stage before closed deal","Formal Pilot","2025-03-17 16:33","Workflow","Update deal stage before closed deal","Pilot Prep","2025-02-06 16:14","Workflow","Update deal stage before closed deal","Demo / Presentation","2025-01-23 21:02","Workflow","Update deal stage before closed deal","SDR / Omitted OPP","2025-01-13 21:53","Workflow","Update deal stage before closed deal"
"35314335043","Tink ","SDR / Omitted OPP","2025-04-01 13:26","Workflow","Update deal stage before closed deal"
"43853518716","Reply","SDR / Omitted OPP","2025-09-17 13:56","Workflow","Update deal stage before closed deal"
"15276007282","Verizon","Negotiation / Legal","2023-12-11 11:09","Import","Deal stage and pre stage  by Gal Tarrab Levi"
"46602361675","Novo Nordisk","SDR / Omitted OPP","2025-10-21 17:32","Workflow","Update deal stage before closed deal"
"35576474803","Ansys","SDR / Omitted OPP","2025-04-09 14:25","Workflow","Update deal stage before closed deal"
"30277731968","Sourced Group","SDR / Omitted OPP","2024-12-13 01:30","Workflow","Update deal stage before closed deal"
"14170185479","VF","SDR / Omitted OPP","2023-12-11 11:09","Import","Deal stage and pre stage  by Gal Tarrab Levi"
"21056355168","Fiverr","Demo / Presentation","2024-08-05 13:43","Workflow","Update deal stage before closed deal","SDR / Omitted OPP","2024-07-30 01:58","Workflow","Update deal stage before closed deal"
"51926053159","ebbo","SDR / Omitted OPP","2026-02-04 23:27","Workflow","Update deal stage before closed deal"
"37542788379","EQT AB Group","SDR / Omitted OPP","2025-05-21 23:01","Workflow","Update deal stage before closed deal"
"60264241809","Paysafe ","Demo / Presentation","2026-05-26 13:36","Workflow","Update deal stage before closed deal","SDR / Omitted OPP","2026-05-15 12:16","Workflow","Update deal stage before closed deal"
"12747952464","Sliide","SDR / Omitted OPP","2023-12-11 11:09","Import","Deal stage and pre stage  by Gal Tarrab Levi"
"15090566063","Shift 2023","Demo / Presentation","2024-01-02 13:50","CRM UI","Gal Tarrab Levi","SDR / Omitted OPP","2023-12-11 11:09","Import","Deal stage and pre stage  by Gal Tarrab Levi"
"57485531953","Capital Group","SDR / Omitted OPP","2026-03-04 01:08","Workflow","Update deal stage before closed deal"
"15425107215","Travelers","SDR / Omitted OPP","2023-12-11 11:09","Import","Deal stage and pre stage  by Gal Tarrab Levi"
"31877845023","Zefr","SDR / Omitted OPP","2025-01-12 11:31","Record Merge","","SDR / Omitted OPP","2025-01-10 23:57","Workflow","Update deal stage before closed deal","SDR / Omitted OPP","2024-11-25 21:49","Workflow","Update deal stage before closed deal"
"46324088660","SentinelOne","SDR / Omitted OPP","2025-10-17 15:43","Workflow","Update deal stage before closed deal"
"18075220320","P&G","Demo / Presentation","2024-04-05 19:56","Workflow","Update deal stage before closed deal","SDR / Omitted OPP","2024-03-17 15:20","Workflow","Update deal stage before closed deal"
"32425585561","Just Eat Takeaway","SDR / Omitted OPP","2025-01-26 15:36","Record Merge","","SDR / Omitted OPP","2025-01-24 12:46","Workflow","Update deal stage before closed deal","SDR / Omitted OPP","2024-11-25 10:09","Workflow","Update deal stage before closed deal"
"35021150318","DevOps1","SDR / Omitted OPP","2025-03-24 14:12","Record Merge","","SDR / Omitted OPP","2025-03-24 07:01","Workflow","Update deal stage before closed deal","SDR / Omitted OPP","2025-03-12 10:24","Record Merge","","SDR / Omitted OPP","2025-03-12 05:15","Workflow","Update deal stage before closed deal","SDR / Omitted OPP","2025-03-11 10:43","Record Merge","","SDR / Omitted OPP","2025-03-11 02:26","Workflow","Update deal stage before closed deal","SDR / Omitted OPP","2025-02-11 10:21","Record Merge","","SDR / Omitted OPP","2025-02-11 05:13","Workflow","Update deal stage before closed deal","SDR / Omitted OPP","2025-02-11 05:09","Workflow","Update deal stage before closed deal"
"35420683349","Orange","SDR / Omitted OPP","2025-04-03 18:24","Workflow","Update deal stage before closed deal"
"31194745512","SpotOn","SDR / Omitted OPP","2024-12-30 16:34","Workflow","Update deal stage before closed deal"
"42712762029","Royal Caribbean International","SDR / Omitted OPP","2025-08-22 20:03","Workflow","Update deal stage before closed deal"
"40421192327","Bright Horizons ","Demo / Presentation","2025-07-25 19:06","Workflow","Update deal stage before closed deal","SDR / Omitted OPP","2025-07-17 23:52","Workflow","Update deal stage before closed deal"
"47564385617","Abbott","SDR / Omitted OPP","2025-11-03 17:05","Workflow","Update deal stage before closed deal"
"58650221321","Banco Macro - New Deal","SDR / Omitted OPP","2026-03-31 18:41","Workflow","Update deal stage before closed deal"
"35413426697","Carlyle Group ","Demo / Presentation","2025-04-14 17:03","Workflow","Update deal stage before closed deal","SDR / Omitted OPP","2025-04-03 18:36","Workflow","Update deal stage before closed deal"
"58428246186","KubeCon EU 2026 - Telstra","SDR / Omitted OPP","2026-03-26 23:26","Workflow","Update deal stage before closed deal"
"19249700868","Etraveli","SDR / Omitted OPP","2024-05-09 21:31","Workflow","Update deal stage before closed deal"
"22301194398","Manulife","Negotiation / Legal","2025-10-16 17:15","Workflow","Update deal stage before closed deal","Business case confirmation","2025-07-10 16:18","Workflow","Update deal stage before closed deal","Formal Pilot","2025-05-27 21:24","Workflow","Update deal stage before closed deal","Pilot Prep","2025-03-06 15:45","Workflow","Update deal stage before closed deal","Demo / Presentation","2024-10-21 18:56","Workflow","Update deal stage before closed deal","SDR / Omitted OPP","2024-09-15 22:58","Workflow","Update deal stage before closed deal"
"46797772119","Anticimex","SDR / Omitted OPP","2025-10-23 22:16","Workflow","Update deal stage before closed deal"
"35349609746","Worldstream - IT infrastructures","SDR / Omitted OPP","2025-04-01 19:18","Workflow","Update deal stage before closed deal"
"44951230111","BCP 2025 Recontracting","Business case confirmation","2025-09-30 08:48","Workflow","Update deal stage before closed deal"
"48798800153","TeKnowledge","SDR / Omitted OPP","2025-11-10 19:00","Workflow","Update deal stage before closed deal"
"57129764475","Collectors Holdings Inc","Business case confirmation","2026-05-26 16:22","Workflow","Update deal stage before closed deal","Formal Pilot","2026-05-05 19:43","Workflow","Update deal stage before closed deal","Pilot Prep","2026-03-31 23:22","Workflow","Update deal stage before closed deal","Demo / Presentation","2026-03-02 20:15","Workflow","Update deal stage before closed deal","SDR / Omitted OPP","2026-02-26 23:04","Workflow","Update deal stage before closed deal"
"13789855014","Applied Materials","SDR / Omitted OPP","2023-12-11 11:09","Import","Deal stage and pre stage  by Gal Tarrab Levi"
"28248961600","Presidio Inc - Client unnamed","SDR / Omitted OPP","2024-10-22 21:32","Workflow","Update deal stage before closed deal"
"29117534077","JPMorgan Chase & Co.  ","SDR / Omitted OPP","2024-11-14 20:47","Workflow","Update deal stage before closed deal"
"30850413888","The Boeing Company","Demo / Presentation","2025-01-21 15:26","Workflow","Update deal stage before closed deal","SDR / Omitted OPP","2024-12-21 02:45","Workflow","Update deal stage before closed deal"
"22250657428","Bell Canada - Backstage Team","Negotiation / Legal","2025-04-15 19:33","Workflow","Update deal stage before closed deal","Formal Pilot","2025-02-06 16:36","Workflow","Update deal stage before closed deal","Pilot Prep","2024-11-27 17:52","Workflow","Update deal stage before closed deal","Demo / Presentation","2024-09-26 16:44","Workflow","Update deal stage before closed deal","SDR / Omitted OPP","2024-09-13 18:49","Workflow","Update deal stage before closed deal"
"56043470354","Parloa ","SDR / Omitted OPP","2026-02-11 11:30","Workflow","Update deal stage before closed deal"
"29800322818","JDSAT","SDR / Omitted OPP","2024-12-03 22:11","Workflow","Update deal stage before closed deal"
"59097942303","Canada Life","SDR / Omitted OPP","2026-04-10 22:07","Workflow","Update deal stage before closed deal"
"59080051096","PRS for Music","SDR / Omitted OPP","2026-04-10 22:07","Workflow","Update deal stage before closed deal"
"58567514750","GFT Technologies - IDP - 13k Users","Pilot Prep","2026-04-21 17:51","Workflow","Update deal stage before closed deal","Demo / Presentation","2026-03-31 17:44","Workflow","Update deal stage before closed deal"
"51105994870","Atria","SDR / Omitted OPP","2025-12-03 17:14","Workflow","Update deal stage before closed deal"
"34254007336","Field Nation","Pilot Prep","2025-03-05 14:52","Record Merge","","SDR / Omitted OPP","2025-03-04 21:36","Workflow","Update deal stage before closed deal","Pilot Prep","2024-09-09 20:10","Workflow","Update deal stage before closed deal","Formal Pilot","2024-05-15 18:51","Workflow","Update deal stage before closed deal","Pilot Prep","2024-05-15 00:42","Workflow","Update deal stage before closed deal","Demo / Presentation","2024-04-12 20:46","Workflow","Update deal stage before closed deal","SDR / Omitted OPP","2024-04-09 16:10","Workflow","Update deal stage before closed deal"
"15843431821","Explorium","SDR / Omitted OPP","2024-01-02 14:40","CRM UI Bulk Action","Gal Tarrab Levi"
"49779195798","McKinsey & Company","Demo / Presentation","2025-12-10 23:33","Workflow","Update deal stage before closed deal","SDR / Omitted OPP","2025-12-10 23:32","Workflow","Update deal stage before closed deal"
"37559932707","Leidos Holdings Inc","SDR / Omitted OPP","2025-05-21 16:42","Workflow","Update deal stage before closed deal"
"42407983696","Insulet","SDR / Omitted OPP","2025-08-18 23:02","Workflow","Update deal stage before closed deal"
"59471085578","Credo Bank ","SDR / Omitted OPP","2026-04-23 13:34","Workflow","Update deal stage before closed deal"
"20888611391","BigID","SDR / Omitted OPP","2024-07-21 17:28","Workflow","Update deal stage before closed deal"
"56562023285","Cognizant Technology Solutions Corporation","SDR / Omitted OPP","2026-02-18 10:02","Workflow","Update deal stage before closed deal"
"36543385493","CUBE ","Demo / Presentation","2025-05-01 18:17","Workflow","Update deal stage before closed deal","SDR / Omitted OPP","2025-04-30 02:30","Workflow","Update deal stage before closed deal"
"33007802241","The New York Times","Demo / Presentation","2025-02-04 11:38","Record Merge","","SDR / Omitted OPP","2025-02-04 03:47","Workflow","Update deal stage before closed deal","Demo / Presentation","2025-01-30 13:53","Record Merge","","SDR / Omitted OPP","2025-01-29 20:17","Workflow","Update deal stage before closed deal","Demo / Presentation","2025-01-09 17:26","Workflow","Update deal stage before closed deal","SDR / Omitted OPP","2025-01-08 14:48","Workflow","Update deal stage before closed deal"
"44083774512","Stedin ","SDR / Omitted OPP","2025-09-22 16:18","Workflow","Update deal stage before closed deal"
"40320906621","ASAPP","SDR / Omitted OPP","2025-07-17 00:34","Workflow","Update deal stage before closed deal"
"10127448590","Jetbrains","SDR / Omitted OPP","2024-01-02 14:40","CRM UI Bulk Action","Gal Tarrab Levi"
"12228840874","Gong","Negotiation / Legal","2023-12-11 11:09","Import","Deal stage and pre stage  by Gal Tarrab Levi"
"35387219370","BlackRock","SDR / Omitted OPP","2025-04-02 16:00","Workflow","Update deal stage before closed deal"
"42440021764","Arla Foods","SDR / Omitted OPP","2025-08-19 15:02","Workflow","Update deal stage before closed deal"
"57746760879","Equifax // Pipeline (Early Qual) // Q4 2026","SDR / Omitted OPP","2026-03-06 22:11","Workflow","Update deal stage before closed deal"
"32339432759","Jump","SDR / Omitted OPP","2025-01-22 23:32","Workflow","Update deal stage before closed deal"
"61917198080","United Wholesale Mortgage - Q3 Expansion","Demo / Presentation","2026-07-01 15:58","Workflow","Update deal stage before closed deal","SDR / Omitted OPP","2026-07-01 15:57","Workflow","Update deal stage before closed deal"
"21580873884","Sanlam Limited","Negotiation / Legal","2024-11-11 10:30","Workflow","Update deal stage before closed deal","Business case confirmation","2024-09-18 16:01","Workflow","Update deal stage before closed deal","Demo / Presentation","2024-08-29 15:39","Workflow","Update deal stage before closed deal","SDR / Omitted OPP","2024-08-20 11:49","Workflow","Update deal stage before closed deal"
"60173821864","Felix Technologies","Demo / Presentation","2026-06-26 16:44","Workflow","Update deal stage before closed deal","SDR / Omitted OPP","2026-05-11 17:03","Workflow","Update deal stage before closed deal"
"60355609095","HoneyBook - additional 25 seats","Negotiation / Legal","2026-05-20 09:26","Workflow","Update deal stage before closed deal"
"58428090943","KubeCon EU 2026 - OP Financial","SDR / Omitted OPP","2026-03-26 23:26","Workflow","Update deal stage before closed deal"
"53364012079","Takealot","SDR / Omitted OPP","2026-01-07 08:17","Workflow","Update deal stage before closed deal"
"29312622396","NIC.br ","SDR / Omitted OPP","2024-11-18 23:30","Workflow","Update deal stage before closed deal"
"58251331891","Teamviewer ","SDR / Omitted OPP","2026-03-23 20:37","Workflow","Update deal stage before closed deal"
"16329838004","DPG Media","SDR / Omitted OPP","2023-12-24 13:52","Import","STAGE BEFORE - Sheet1.csv by Gal Tarrab Levi"
"33276017785","Booksy","Business case confirmation","2025-07-03 11:57","Workflow","Update deal stage before closed deal","Formal Pilot","2025-06-05 11:49","Workflow","Update deal stage before closed deal","Pilot Prep","2025-04-29 17:12","Workflow","Update deal stage before closed deal","Demo / Presentation","2025-04-23 23:22","Workflow","Update deal stage before closed deal","SDR / Omitted OPP","2025-02-10 18:19","Workflow","Update deal stage before closed deal"
"43394971165","Capital.com","Negotiation / Legal","2025-12-11 11:45","Workflow","Update deal stage before closed deal","Business case confirmation","2025-12-10 14:28","Workflow","Update deal stage before closed deal","Formal Pilot","2025-11-05 16:31","Workflow","Update deal stage before closed deal","Pilot Prep","2025-10-17 16:25","Workflow","Update deal stage before closed deal","Demo / Presentation","2025-10-17 16:24","Workflow","Update deal stage before closed deal","SDR / Omitted OPP","2025-09-05 14:40","Workflow","Update deal stage before closed deal"
"60694340149","Kiabi | IDP project | France","Pilot Prep","2026-06-24 18:20","Workflow","Update deal stage before closed deal","Demo / Presentation","2026-06-10 15:58","Workflow","Update deal stage before closed deal","SDR / Omitted OPP","2026-05-28 18:47","Record Merge","","SDR / Omitted OPP","2026-05-28 18:43","Workflow","Update deal stage before closed deal","SDR / Omitted OPP","2026-05-28 18:40","Workflow","Update deal stage before closed deal"
"47666527512","Adobe","Demo / Presentation","2025-12-18 18:56","Workflow","Update deal stage before closed deal","SDR / Omitted OPP","2025-10-31 07:32","Workflow","Update deal stage before closed deal"
"34254007318","NTT DATA Corporation","SDR / Omitted OPP","2025-03-05 14:51","Record Merge","","SDR / Omitted OPP","2025-03-04 21:32","Workflow","Update deal stage before closed deal","SDR / Omitted OPP","2024-08-23 16:16","Workflow","Update deal stage before closed deal"
"33843702350","DAT Freight & Analytics","Demo / Presentation","2025-06-18 19:37","Workflow","Update deal stage before closed deal","Pilot Prep","2025-02-24 22:21","Workflow","Update deal stage before closed deal","Demo / Presentation","2025-02-23 11:10","Record Merge","","Demo / Presentation","2025-02-23 11:09","Record Merge","","Demo / Presentation","2025-02-23 11:09","Record Merge","","Demo / Presentation","2025-02-23 11:06","Record Merge","","Demo / Presentation","2025-02-23 11:06","Record Merge","","Demo / Presentation","2025-02-23 11:06","Record Merge","","Demo / Presentation","2025-02-23 11:06","Record Merge","","Demo / Presentation","2025-02-23 11:05","Record Merge","","SDR / Omitted OPP","2025-02-20 22:46","Workflow","Update deal stage before closed deal","SDR / Omitted OPP","2025-02-20 22:46","Workflow","Update deal stage before closed deal","SDR / Omitted OPP","2025-02-20 22:46","Workflow","Update deal stage before closed deal","SDR / Omitted OPP","2025-02-20 22:46","Workflow","Update deal stage before closed deal","SDR / Omitted OPP","2025-02-20 22:46","Workflow","Update deal stage before closed deal","SDR / Omitted OPP","2025-02-20 22:46","Workflow","Update deal stage before closed deal","SDR / Omitted OPP","2025-02-20 22:46","Workflow","Update deal stage before closed deal","SDR / Omitted OPP","2025-02-20 22:46","Workflow","Update deal stage before closed deal","Demo / Presentation","2024-12-12 16:58","Record Merge","","SDR / Omitted OPP","2024-12-05 00:38","Workflow","Update deal stage before closed deal"
"54596568107","Die Mobiliar ","SDR / Omitted OPP","2026-01-26 16:36","Workflow","Update deal stage before closed deal"
"33377178513","Big Panda","Demo / Presentation","2025-02-18 12:06","Workflow","Update deal stage before closed deal","SDR / Omitted OPP","2025-02-12 11:38","Record Merge","","SDR / Omitted OPP","2025-02-12 11:23","Workflow","Update deal stage before closed deal","SDR / Omitted OPP","2025-02-12 10:58","Record Merge","","SDR / Omitted OPP","2025-02-12 10:58","Workflow","Update deal stage before closed deal","SDR / Omitted OPP","2025-02-12 10:56","Workflow","Update deal stage before closed deal"
"35415294059","ABAX as","SDR / Omitted OPP","2025-04-03 18:06","Workflow","Update deal stage before closed deal"
"17139445653","Wellthy","Formal Pilot","2024-03-05 00:54","Workflow","Update deal stage before closed deal","Pilot Prep","2024-02-14 19:01","Workflow","Update deal stage before closed deal","Demo / Presentation","2024-01-30 22:55","Workflow","Update deal stage before closed deal","SDR / Omitted OPP","2024-01-24 20:29","Workflow","Update deal stage before closed deal"
"33866671657","Natural Intelligence","SDR / Omitted OPP","2025-02-24 10:34","Workflow","Update deal stage before closed deal"
"62111886975","Giesecke+Devrient","SDR / Omitted OPP","2026-07-02 18:11","Workflow","Update deal stage before closed deal"
"16527968116","Drivvn","Negotiation / Legal","2024-02-13 14:05","Workflow","Update deal stage before closed deal","Business case confirmation","2024-02-07 14:37","Workflow","Update deal stage before closed deal","Formal Pilot","2024-01-16 23:20","Workflow","Update deal stage before closed deal","Pilot Prep","2024-01-09 13:50","Workflow","Update deal stage before closed deal","SDR / Omitted OPP","2023-12-24 13:52","Import","STAGE BEFORE - Sheet1.csv by Gal Tarrab Levi"
"58332174001","Kingfisher","SDR / Omitted OPP","2026-03-26 14:23","Workflow","Update deal stage before closed deal"
"15793766453","Insight Global","SDR / Omitted OPP","2023-12-11 11:09","Import","Deal stage and pre stage  by Gal Tarrab Levi"
"58448080054","KubeCon EU 2026 - Kivra AB","SDR / Omitted OPP","2026-03-26 23:26","Workflow","Update deal stage before closed deal"
"58429400873","Tango - KubeCon EU 2026","SDR / Omitted OPP","2026-03-26 23:26","Workflow","Update deal stage before closed deal"
"32985622545","None yet","SDR / Omitted OPP","2025-02-04 16:40","Workflow","Update deal stage before closed deal"
"51163541814","Sentinel Group - AWS LV 25","SDR / Omitted OPP","2025-12-03 21:44","Workflow","Update deal stage before closed deal"
"35421697041","Fitch Group, Inc ","SDR / Omitted OPP","2025-04-04 14:52","Workflow","Update deal stage before closed deal"
"33352155653","Honeywell","Demo / Presentation","2025-02-11 17:24","Record Merge","","SDR / Omitted OPP","2025-02-11 17:19","Workflow","Update deal stage before closed deal","Demo / Presentation","2025-01-23 17:06","Workflow","Update deal stage before closed deal","SDR / Omitted OPP","2024-12-24 21:21","Workflow","Update deal stage before closed deal"
"33970337078","Cato Networks","Demo / Presentation","2025-02-26 15:26","Record Merge","","Demo / Presentation","2025-02-26 15:26","Record Merge","","SDR / Omitted OPP","2025-02-26 13:58","Workflow","Update deal stage before closed deal","SDR / Omitted OPP","2025-02-26 12:25","Workflow","Update deal stage before closed deal","Demo / Presentation","2025-02-17 12:51","Workflow","Update deal stage before closed deal","SDR / Omitted OPP","2025-02-06 15:45","Record Merge","","SDR / Omitted OPP","2025-02-06 15:40","Workflow","Update deal stage before closed deal","SDR / Omitted OPP","2025-02-06 15:37","Workflow","Update deal stage before closed deal"
"16461369601","Nice","SDR / Omitted OPP","2023-12-24 13:52","Import","STAGE BEFORE - Sheet1.csv by Gal Tarrab Levi"
"18579486059","Aptive Environmental","Formal Pilot","2024-05-10 19:59","Workflow","Update deal stage before closed deal","Demo / Presentation","2024-04-22 17:18","Workflow","Update deal stage before closed deal","SDR / Omitted OPP","2024-04-11 23:19","Workflow","Update deal stage before closed deal"
"30634324491","SimonMed Imaging ","SDR / Omitted OPP","2024-12-17 16:58","Workflow","Update deal stage before closed deal"
"20621000097","Vodafone","SDR / Omitted OPP","2024-07-09 05:37","Workflow","Update deal stage before closed deal"
"15975788903","U.S. Cellular","Demo / Presentation","2024-03-03 15:27","CRM UI","Gal Tarrab Levi","SDR / Omitted OPP","2023-12-11 11:09","Import","Deal stage and pre stage  by Gal Tarrab Levi"
"13162287929","Tim Fong ","SDR / Omitted OPP","2023-12-11 11:09","Import","Deal stage and pre stage  by Gal Tarrab Levi"
"15843406704","PVH Corp","SDR / Omitted OPP","2024-01-02 14:40","CRM UI Bulk Action","Gal Tarrab Levi"
"17418483282","JobTarget","Formal Pilot","2024-02-22 17:16","Workflow","Update deal stage before closed deal","Pilot Prep","2024-02-21 01:01","Workflow","Update deal stage before closed deal","Demo / Presentation","2024-02-14 16:46","Workflow","Update deal stage before closed deal","SDR / Omitted OPP","2024-02-07 23:32","Workflow","Update deal stage before closed deal"
"21046520138","Neogrid","Demo / Presentation","2024-08-01 00:39","Workflow","Update deal stage before closed deal","SDR / Omitted OPP","2024-07-29 11:35","Workflow","Update deal stage before closed deal"
"18400228953","Infineon Technologies","SDR / Omitted OPP","2024-04-03 12:31","Workflow","Update deal stage before closed deal"
"20051081614","easy.bi","SDR / Omitted OPP","2024-06-13 11:09","Workflow","Update deal stage before closed deal"
"19473013518","Schaeffler Automotive (via Accenture)","Demo / Presentation","2024-05-23 14:39","Workflow","Update deal stage before closed deal","SDR / Omitted OPP","2024-05-19 16:18","Workflow","Update deal stage before closed deal"
"18151623578","Aspida","Negotiation / Legal","2024-03-24 16:09","Workflow","Update deal stage before closed deal","SDR / Omitted OPP","2024-03-21 20:17","Workflow","Update deal stage before closed deal"
"59107975078","Hudson&Hayes","SDR / Omitted OPP","2026-04-10 22:07","Workflow","Update deal stage before closed deal"
"35463443813","Vodafone","SDR / Omitted OPP","2025-04-04 13:58","Workflow","Update deal stage before closed deal"
"21782786317","Curology","SDR / Omitted OPP","2024-08-28 18:45","Workflow","Update deal stage before closed deal"
"12747951119","AutoZone","SDR / Omitted OPP","2024-01-02 14:40","CRM UI Bulk Action","Gal Tarrab Levi"
"40279362851","InvestorFlow","Formal Pilot","2025-10-10 16:48","Workflow","Update deal stage before closed deal","Pilot Prep","2025-07-28 19:06","Workflow","Update deal stage before closed deal","Demo / Presentation","2025-07-17 02:37","Workflow","Update deal stage before closed deal","SDR / Omitted OPP","2025-07-17 02:36","Workflow","Update deal stage before closed deal"
"13089198260","Abbott","Formal Pilot","2023-12-11 11:09","Import","Deal stage and pre stage  by Gal Tarrab Levi"
"61031608232","Copart","SDR / Omitted OPP","2026-06-11 19:18","Workflow","Update deal stage before closed deal"
"58255212432","Mindera ","SDR / Omitted OPP","2026-03-24 13:58","Workflow","Update deal stage before closed deal"
"61129294964","CaseWorthy","SDR / Omitted OPP","2026-06-16 19:26","Record Merge","","SDR / Omitted OPP","2026-06-16 17:57","Workflow","Update deal stage before closed deal","SDR / Omitted OPP","2026-06-11 19:22","Workflow","Update deal stage before closed deal"
"61009931110","UT MD Anderson","SDR / Omitted OPP","2026-06-09 20:42","Workflow","Update deal stage before closed deal"
"13196806272","Emburse","Demo / Presentation","2023-12-11 11:09","Import","Deal stage and pre stage  by Gal Tarrab Levi"
"45968116903","The Phoenix Group","SDR / Omitted OPP","2025-10-15 13:59","Record Merge","","SDR / Omitted OPP","2025-10-09 05:19","Workflow","Update deal stage before closed deal","SDR / Omitted OPP","2025-10-09 05:18","Workflow","Update deal stage before closed deal"
"50331400624","SS&C Technologies Holdings, Inc.","SDR / Omitted OPP","2025-12-17 22:41","Workflow","Update deal stage before closed deal"
"60640095252","Unity Technologies","SDR / Omitted OPP","2026-05-26 15:11","Workflow","Update deal stage before closed deal"
"16714594654","JPMC - Chase FinCloud","Demo / Presentation","2025-01-02 22:12","CRM UI","Gal Tarrab Levi","SDR / Omitted OPP","2023-12-28 17:46","Record Merge","","SDR / Omitted OPP","2023-12-11 11:09","Import","Deal stage and pre stage  by Gal Tarrab Levi","SDR / Omitted OPP","2023-12-11 11:09","Import","Deal stage and pre stage  by Gal Tarrab Levi"
"18147836163","Hostinger - KubeCon","SDR / Omitted OPP","2024-03-21 14:33","Workflow","Update deal stage before closed deal"
"61670071676","Bank of America - New Deal","SDR / Omitted OPP","2026-06-26 22:37","Workflow","Update deal stage before closed deal"
"22458944078","General Mills","SDR / Omitted OPP","2024-09-20 22:40","Workflow","Update deal stage before closed deal"
"28997499935","MX","SDR / Omitted OPP","2024-11-12 23:24","Workflow","Update deal stage before closed deal"
"41653072553","Nave","Business case confirmation","2025-10-30 18:32","Workflow","Update deal stage before closed deal","Formal Pilot","2025-10-30 18:31","Workflow","Update deal stage before closed deal","Pilot Prep","2025-09-30 18:29","Workflow","Update deal stage before closed deal","Demo / Presentation","2025-08-21 22:45","Workflow","Update deal stage before closed deal","SDR / Omitted OPP","2025-08-11 02:41","Workflow","Update deal stage before closed deal"
"38465553786","Wells Fargo","SDR / Omitted OPP","2025-06-04 20:33","Record Merge","","SDR / Omitted OPP","2025-03-12 13:29","Workflow","Update deal stage before closed deal","Demo / Presentation","2024-09-26 17:02","Workflow","Update deal stage before closed deal","SDR / Omitted OPP","2024-09-12 03:22","Workflow","Update deal stage before closed deal"
"34309617673","Transbank","Negotiation / Legal","2025-05-22 22:00","Workflow","Update deal stage before closed deal","Business case confirmation","2025-03-06 10:43","Record Merge","","Business case confirmation","2025-03-06 10:42","Record Merge","","Business case confirmation","2025-03-06 10:33","Record Merge","","SDR / Omitted OPP","2025-03-05 20:08","Workflow","Update deal stage before closed deal","SDR / Omitted OPP","2025-03-05 20:08","Workflow","Update deal stage before closed deal","SDR / Omitted OPP","2025-03-05 20:08","Workflow","Update deal stage before closed deal","Business case confirmation","2025-01-30 17:33","Workflow","Update deal stage before closed deal","Pilot Prep","2025-01-30 16:44","Workflow","Update deal stage before closed deal","Demo / Presentation","2025-01-23 16:56","Workflow","Update deal stage before closed deal","SDR / Omitted OPP","2024-12-03 21:38","Workflow","Update deal stage before closed deal"
"15843408264","Duke Energy","SDR / Omitted OPP","2024-01-02 14:40","CRM UI Bulk Action","Gal Tarrab Levi"
"49594522957","FHLB Cincinnati","SDR / Omitted OPP","2025-11-18 18:01","Workflow","Update deal stage before closed deal"
"34407355243","Klaviyo","Pilot Prep","2025-03-20 16:04","Workflow","Update deal stage before closed deal","Demo / Presentation","2025-03-10 17:35","Workflow","Update deal stage before closed deal","SDR / Omitted OPP","2025-03-09 10:23","Record Merge","","SDR / Omitted OPP","2025-03-07 23:21","Workflow","Update deal stage before closed deal","SDR / Omitted OPP","2025-03-06 19:23","Workflow","Update deal stage before closed deal"
"51956977432","Frontier Software","Demo / Presentation","2025-12-19 01:44","Workflow","Update deal stage before closed deal","SDR / Omitted OPP","2025-12-16 01:44","Workflow","Update deal stage before closed deal"
"58681473920","Elekta","SDR / Omitted OPP","2026-04-02 17:03","Workflow","Update deal stage before closed deal"
"15842892410","Valerann","SDR / Omitted OPP","2024-01-02 14:40","CRM UI Bulk Action","Gal Tarrab Levi"
"59369926986","Candescent","Demo / Presentation","2026-05-12 20:01","Workflow","Update deal stage before closed deal","SDR / Omitted OPP","2026-04-21 14:59","Workflow","Update deal stage before closed deal"
"41600389649","FHLB Cincinnati","SDR / Omitted OPP","2025-09-26 18:20","Workflow","Update deal stage before closed deal"
"29855507985","Collectors","Demo / Presentation","2024-12-19 17:02","Workflow","Update deal stage before closed deal","SDR / Omitted OPP","2024-12-04 21:13","Workflow","Update deal stage before closed deal"
"58636638080","deepset GmbH - New Deal","SDR / Omitted OPP","2026-04-01 14:58","Workflow","Update deal stage before closed deal"
"55903717028","Bank Leumi","SDR / Omitted OPP","2026-02-10 11:18","Workflow","Update deal stage before closed deal"
"51243634198","Intesa Sanpaolo","Demo / Presentation","2025-12-19 13:18","Workflow","Update deal stage before closed deal","SDR / Omitted OPP","2025-12-04 12:20","Workflow","Update deal stage before closed deal"
"14921699487","ExodusPoint","SDR / Omitted OPP","2023-12-11 11:09","Import","Deal stage and pre stage  by Gal Tarrab Levi"
"20478743598","BlueSG","Demo / Presentation","2024-07-05 17:06","Workflow","Update deal stage before closed deal","SDR / Omitted OPP","2024-07-02 10:09","Workflow","Update deal stage before closed deal"
"18126247001","King -  KubeCon","SDR / Omitted OPP","2024-03-20 14:58","Workflow","Update deal stage before closed deal"
"36601572687","WoodWing Software ","SDR / Omitted OPP","2025-04-30 19:06","Workflow","Update deal stage before closed deal"
"37322788226","Sumitomo Mitsui Banking Corporation ","SDR / Omitted OPP","2025-05-16 17:21","Workflow","Update deal stage before closed deal"
"13585438820","AG2R LA MONDIALE","Demo / Presentation","2024-03-17 14:25","CRM UI","Gal Tarrab Levi","SDR / Omitted OPP","2023-12-11 11:09","Import","Deal stage and pre stage  by Gal Tarrab Levi"
"61435345826","Space Xfinity","SDR / Omitted OPP","2026-06-22 18:44","Workflow","Update deal stage before closed deal"
"54286016304","Flutterwave ","SDR / Omitted OPP","2026-01-21 00:50","Workflow","Update deal stage before closed deal"
"44815667354","Flow Traders","Demo / Presentation","2025-11-06 12:33","Workflow","Update deal stage before closed deal","SDR / Omitted OPP","2025-09-29 12:20","Workflow","Update deal stage before closed deal"
"42080584524","PicPay","SDR / Omitted OPP","2025-08-14 20:20","Workflow","Update deal stage before closed deal"
"17020441095","TUI","SDR / Omitted OPP","2024-01-18 15:38","Workflow","Update deal stage before closed deal"
"10208008201","Nerdwallet basic","Formal Pilot","2023-12-11 11:09","Import","Deal stage and pre stage  by Gal Tarrab Levi"
"15808389979","Sia Partners (Enedis)","SDR / Omitted OPP","2024-01-02 14:37","CRM UI Bulk Action","Gal Tarrab Levi"
"61694251319","JetBlue - New Deal","SDR / Omitted OPP","2026-06-26 22:37","Workflow","Update deal stage before closed deal"
"56145451124","Seekwell / 1-800 CONTACTS","SDR / Omitted OPP","2026-02-12 20:03","Workflow","Update deal stage before closed deal"
"43829638556","Crown Resorts","SDR / Omitted OPP","2025-09-16 23:09","Workflow","Update deal stage before closed deal"
"15843406439","Granulate","SDR / Omitted OPP","2024-01-02 14:40","CRM UI Bulk Action","Gal Tarrab Levi"
"12915426461","Drivenets","Demo / Presentation","2023-12-11 11:09","Import","Deal stage and pre stage  by Gal Tarrab Levi"
"35284068526","Honda ","SDR / Omitted OPP","2025-03-31 17:58","Workflow","Update deal stage before closed deal"
"45943098252","Cencosud/Scotiabank 100 seats","Pilot Prep","2026-05-06 20:15","Workflow","Update deal stage before closed deal","Formal Pilot","2026-03-03 23:17","Workflow","Update deal stage before closed deal","Pilot Prep","2025-10-30 17:26","Workflow","Update deal stage before closed deal","Demo / Presentation","2025-10-30 17:26","Workflow","Update deal stage before closed deal","SDR / Omitted OPP","2025-10-14 18:55","Workflow","Update deal stage before closed deal"
"59004376224","Volvo","SDR / Omitted OPP","2026-04-09 12:35","Workflow","Update deal stage before closed deal"
"58439178848","KubeCon EU 2026 - Data Troops, UAB (Decodo)","SDR / Omitted OPP","2026-03-26 23:26","Workflow","Update deal stage before closed deal"
"35594865471","Shape","Demo / Presentation","2025-04-28 23:20","Workflow","Update deal stage before closed deal","SDR / Omitted OPP","2025-04-28 23:19","Workflow","Update deal stage before closed deal","Demo / Presentation","2025-04-22 06:50","Workflow","Update deal stage before closed deal","SDR / Omitted OPP","2025-04-08 23:44","Workflow","Update deal stage before closed deal"
"50510514265","Team Rockstars(ASN Bank)","SDR / Omitted OPP","2025-11-26 14:41","Workflow","Update deal stage before closed deal"
"36555366426","Maintel","Demo / Presentation","2025-05-13 15:30","Workflow","Update deal stage before closed deal","SDR / Omitted OPP","2025-04-30 13:57","Workflow","Update deal stage before closed deal"
"20586275601","Amlak International","SDR / Omitted OPP","2024-07-07 17:56","Workflow","Update deal stage before closed deal"
"59130423629","Nayax ","SDR / Omitted OPP","2026-04-12 17:58","Workflow","Update deal stage before closed deal"
"37629844782","SBB CFF FFS","SDR / Omitted OPP","2025-05-22 18:26","Workflow","Update deal stage before closed deal"
"17792566380","Retailo","SDR / Omitted OPP","2024-02-29 20:52","Workflow","Update deal stage before closed deal"
"35302115416","Dell ","SDR / Omitted OPP","2025-04-01 16:13","Workflow","Update deal stage before closed deal"
"30885855656","ensi ","SDR / Omitted OPP","2024-12-22 12:10","Workflow","Update deal stage before closed deal"
"35308373162","Achernar consulting ","SDR / Omitted OPP","2025-04-01 15:09","Workflow","Update deal stage before closed deal"
"13702407844","Checkmarx","Negotiation / Legal","2023-12-24 13:52","Import","STAGE BEFORE - Sheet1.csv by Gal Tarrab Levi","Formal Pilot","2023-12-11 11:09","Import","Deal stage and pre stage  by Gal Tarrab Levi"
"15842821771","Totango","SDR / Omitted OPP","2024-01-02 14:40","CRM UI Bulk Action","Gal Tarrab Levi"
"15664888327","TBO","SDR / Omitted OPP","2024-01-02 14:36","CRM UI","Gal Tarrab Levi"
"15842663457","Nexite","SDR / Omitted OPP","2024-01-02 14:40","CRM UI Bulk Action","Gal Tarrab Levi"
"20625587580","BEC Financial Technologies","Demo / Presentation","2024-07-18 17:03","Workflow","Update deal stage before closed deal","SDR / Omitted OPP","2024-07-09 10:36","Workflow","Update deal stage before closed deal"
"58895579967","BAWAG Group","SDR / Omitted OPP","2026-04-07 16:21","Workflow","Update deal stage before closed deal"
"19472861330","Glintt Global","Negotiation / Legal","2024-06-26 21:37","Workflow","Update deal stage before closed deal","Business case confirmation","2024-06-26 21:37","Workflow","Update deal stage before closed deal","Pilot Prep","2024-06-24 10:31","Workflow","Update deal stage before closed deal","Demo / Presentation","2024-05-28 16:24","Workflow","Update deal stage before closed deal","SDR / Omitted OPP","2024-05-19 15:09","Workflow","Update deal stage before closed deal"
"15961375589","clAppIt","SDR / Omitted OPP","2023-12-11 11:09","Import","Deal stage and pre stage  by Gal Tarrab Levi"
"37892857630","p.tech","SDR / Omitted OPP","2025-05-25 00:59","Workflow","Update deal stage before closed deal"
"29884593059","Schreiber Foods","SDR / Omitted OPP","2024-12-05 20:43","Workflow","Update deal stage before closed deal"
"29897348898","National Student Clearinghouse ","Demo / Presentation","2024-12-19 17:02","Workflow","Update deal stage before closed deal","SDR / Omitted OPP","2024-12-05 03:56","Workflow","Update deal stage before closed deal"
"60635765151","ONE ZERO BANK ","SDR / Omitted OPP","2026-05-26 11:33","Workflow","Update deal stage before closed deal"
"29858121831","Games Global","SDR / Omitted OPP","2024-12-04 21:33","Workflow","Update deal stage before closed deal"
"58450108976","KubeCon EU 2026 - MTU Aero Engines Polska","SDR / Omitted OPP","2026-03-26 23:26","Workflow","Update deal stage before closed deal"
"21197775030","Sinqia","Demo / Presentation","2024-08-13 17:30","Workflow","Update deal stage before closed deal","SDR / Omitted OPP","2024-08-07 00:04","Workflow","Update deal stage before closed deal"
"31407552282","Thomson Reuters","Negotiation / Legal","2025-07-10 16:17","Workflow","Update deal stage before closed deal","Business case confirmation","2025-06-11 17:51","Workflow","Update deal stage before closed deal","Formal Pilot","2025-05-29 15:23","Workflow","Update deal stage before closed deal","Pilot Prep","2025-01-17 20:06","Workflow","Update deal stage before closed deal","Demo / Presentation","2025-01-09 17:21","Workflow","Update deal stage before closed deal","SDR / Omitted OPP","2025-01-03 18:15","Record Merge","","SDR / Omitted OPP","2025-01-03 18:04","Workflow","Update deal stage before closed deal","SDR / Omitted OPP","2025-01-02 15:22","Workflow","Update deal stage before closed deal"
"35317075273","Inditex","SDR / Omitted OPP","2025-04-01 15:27","Record Merge","","SDR / Omitted OPP","2025-04-01 14:23","Workflow","Update deal stage before closed deal","SDR / Omitted OPP","2025-04-01 14:11","Workflow","Update deal stage before closed deal"
"61749900115","Bank of America","SDR / Omitted OPP","2026-06-29 19:57","Workflow","Update deal stage before closed deal"
"47444566025","Vonage ","Negotiation / Legal","2026-06-25 16:50","Workflow","Update deal stage before closed deal","Business case confirmation","2026-04-30 16:09","Workflow","Update deal stage before closed deal","Formal Pilot","2026-04-09 15:47","Workflow","Update deal stage before closed deal","Pilot Prep","2026-01-21 22:31","Workflow","Update deal stage before closed deal","Demo / Presentation","2025-11-04 17:03","Workflow","Update deal stage before closed deal","SDR / Omitted OPP","2025-10-29 13:42","Workflow","Update deal stage before closed deal"
"58208194902","Canada Life","SDR / Omitted OPP","2026-03-20 21:29","Workflow","Update deal stage before closed deal"
"15238803040","World Bank Group","Demo / Presentation","2024-01-17 18:10","CRM UI","Gal Tarrab Levi","SDR / Omitted OPP","2023-12-11 11:09","Import","Deal stage and pre stage  by Gal Tarrab Levi"
"45988206674","NBC News","SDR / Omitted OPP","2025-10-15 13:24","Workflow","Update deal stage before closed deal"
"15666664468","Banco de Chile","Negotiation / Legal","2024-02-12 18:14","Workflow","Update deal stage before closed deal","Business case confirmation","2024-02-07 20:33","Workflow","Update deal stage before closed deal","Formal Pilot","2024-01-25 17:29","Workflow","Update deal stage before closed deal","Pilot Prep","2023-12-27 16:25","Workflow","Update deal stage before closed deal","Demo / Presentation","2023-12-11 11:09","Import","Deal stage and pre stage  by Gal Tarrab Levi"
"36533039497","CloudPay","SDR / Omitted OPP","2025-04-30 13:06","Workflow","Update deal stage before closed deal"
"29127689230","Envoy Inc","SDR / Omitted OPP","2024-11-15 20:23","Workflow","Update deal stage before closed deal"
"15957796702","Trace3","Demo / Presentation","2023-12-11 11:09","Import","Deal stage and pre stage  by Gal Tarrab Levi"
"16818593708","APS Group","Negotiation / Legal","2024-02-09 17:55","Workflow","Update deal stage before closed deal","Business case confirmation","2024-01-24 13:52","Workflow","Update deal stage before closed deal","Formal Pilot","2024-01-17 11:24","Workflow","Update deal stage before closed deal","Demo / Presentation","2024-01-11 17:53","Workflow","Update deal stage before closed deal","SDR / Omitted OPP","2024-01-05 15:15","Workflow","Update deal stage before closed deal"
"20607178277","Travel + Leisure","SDR / Omitted OPP","2024-07-08 16:58","Workflow","Update deal stage before closed deal"
"36660835369","Verint","SDR / Omitted OPP","2025-05-05 19:08","Workflow","Update deal stage before closed deal"
"29042983585","CA ","SDR / Omitted OPP","2024-11-13 21:22","Workflow","Update deal stage before closed deal"
"18167437586","NNIT - KubeCon","Demo / Presentation","2024-04-17 16:10","Workflow","Update deal stage before closed deal","SDR / Omitted OPP","2024-03-22 14:04","Workflow","Update deal stage before closed deal"
"59185348162","KubeCon EU 2026 - Julius baer","SDR / Omitted OPP","2026-04-17 12:13","Record Merge","","SDR / Omitted OPP","2026-04-17 12:12","Record Merge","","SDR / Omitted OPP","2026-04-16 11:37","Workflow","Update deal stage before closed deal","SDR / Omitted OPP","2026-04-16 11:17","Workflow","Update deal stage before closed deal","SDR / Omitted OPP","2026-03-26 23:26","Workflow","Update deal stage before closed deal"
"31717771628","SES S.A. ","Demo / Presentation","2025-01-22 13:41","Workflow","Update deal stage before closed deal","SDR / Omitted OPP","2025-01-09 18:16","Workflow","Update deal stage before closed deal"
"28866151337","Kimberly-Clark - Backstage Plugin","Demo / Presentation","2024-11-08 00:03","Workflow","Update deal stage before closed deal","SDR / Omitted OPP","2024-11-08 00:00","Workflow","Update deal stage before closed deal"
"40613097753","SURA","SDR / Omitted OPP","2025-07-22 02:12","Workflow","Update deal stage before closed deal"
"14416619333","Oxa","Negotiation / Legal","2023-12-11 11:09","Import","Deal stage and pre stage  by Gal Tarrab Levi"
"59048476025","Walker Digital Table Systems","SDR / Omitted OPP","2026-04-09 20:21","Workflow","Update deal stage before closed deal"
"16895102368","T. Rowe Price Associates, Inc (""Customer"") ","Negotiation / Legal","2024-06-11 16:26","Workflow","Update deal stage before closed deal","Business case confirmation","2024-03-28 17:26","Workflow","Update deal stage before closed deal","Formal Pilot","2024-03-07 19:47","Workflow","Update deal stage before closed deal","Demo / Presentation","2024-01-17 00:13","Workflow","Update deal stage before closed deal","SDR / Omitted OPP","2024-01-11 18:46","Workflow","Update deal stage before closed deal"
"15843720362","Spot by NetApp","SDR / Omitted OPP","2024-01-02 14:40","CRM UI Bulk Action","Gal Tarrab Levi"
"55562245931","Blue Bay Tech - Government Client","SDR / Omitted OPP","2026-02-04 13:13","Workflow","Update deal stage before closed deal"
"61592306210","Datasentics - New Deal","SDR / Omitted OPP","2026-06-25 00:41","Workflow","Update deal stage before closed deal"
"22343891851","Nice","SDR / Omitted OPP","2024-09-19 09:52","Workflow","Update deal stage before closed deal","Demo / Presentation","2024-09-19 09:51","Workflow","Update deal stage before closed deal","SDR / Omitted OPP","2024-09-17 11:44","Workflow","Update deal stage before closed deal"
"41543399799","hipages ","Demo / Presentation","2025-08-13 07:12","Workflow","Update deal stage before closed deal","SDR / Omitted OPP","2025-08-07 12:02","Workflow","Update deal stage before closed deal"
"58436317209","KubeCon EU 2026 - Adfinis gmbh","SDR / Omitted OPP","2026-03-26 23:26","Workflow","Update deal stage before closed deal"
"35428503581","SKA Observatory ","SDR / Omitted OPP","2025-04-03 14:24","Workflow","Update deal stage before closed deal"
"58961003433","GE Healthcare","SDR / Omitted OPP","2026-04-09 08:11","Workflow","Update deal stage before closed deal"
"60132806829","Knowbe4","SDR / Omitted OPP","2026-05-08 19:34","Workflow","Update deal stage before closed deal"
"32941273212","Vanguard","SDR / Omitted OPP","2025-02-03 16:01","Record Merge","","SDR / Omitted OPP","2025-01-31 23:02","Workflow","Update deal stage before closed deal","SDR / Omitted OPP","2024-12-04 03:00","Workflow","Update deal stage before closed deal"
"22683217932","Visa","SDR / Omitted OPP","2024-09-27 02:58","Workflow","Update deal stage before closed deal"
"23319787177","Ingram Micro","SDR / Omitted OPP","2024-10-17 03:35","Workflow","Update deal stage before closed deal"
"33439741540","Grab Holdings Inc. ","SDR / Omitted OPP","2025-02-13 10:11","Record Merge","","SDR / Omitted OPP","2025-02-13 05:10","Workflow","Update deal stage before closed deal","SDR / Omitted OPP","2025-02-10 10:28","Record Merge","","SDR / Omitted OPP","2025-02-10 05:16","Workflow","Update deal stage before closed deal","SDR / Omitted OPP","2025-02-07 11:08","Workflow","Update deal stage before closed deal"
"29998796298","EA Games","Pilot Prep","2025-05-01 07:16","Workflow","Update deal stage before closed deal","Demo / Presentation","2025-01-19 23:45","Workflow","Update deal stage before closed deal","SDR / Omitted OPP","2024-12-09 15:38","Record Merge","","SDR / Omitted OPP","2024-12-09 07:12","Workflow","Update deal stage before closed deal","SDR / Omitted OPP","2024-12-06 14:53","Workflow","Update deal stage before closed deal"
"57950079356","Breakthrough","SDR / Omitted OPP","2026-03-11 22:25","Workflow","Update deal stage before closed deal"
"58436471941","KubeCon EU 2026 - Jakub","SDR / Omitted OPP","2026-03-26 23:26","Workflow","Update deal stage before closed deal"
"42393189155","Rapyd","SDR / Omitted OPP","2025-08-18 13:18","Workflow","Update deal stage before closed deal"
"33269701398","Bosch","SDR / Omitted OPP","2025-02-10 16:50","Record Merge","","SDR / Omitted OPP","2025-02-10 16:50","Record Merge","","SDR / Omitted OPP","2025-02-10 16:45","Workflow","Update deal stage before closed deal","SDR / Omitted OPP","2025-02-10 16:44","Workflow","Update deal stage before closed deal","SDR / Omitted OPP","2025-02-05 12:24","Workflow","Update deal stage before closed deal"
"49168856337","Liatrio KubeCon ATL 25","SDR / Omitted OPP","2025-11-14 23:35","Workflow","Update deal stage before closed deal"
"58448390565","KubeCon EU 2026 - LastPass","SDR / Omitted OPP","2026-03-26 23:26","Workflow","Update deal stage before closed deal"
"19594989343","Slalom - General Partnership Discussion","SDR / Omitted OPP","2024-05-24 23:19","Workflow","Update deal stage before closed deal"
"59088796750","Winds E Pvt Ltd","SDR / Omitted OPP","2026-04-10 22:07","Workflow","Update deal stage before closed deal"
"32286471254","Smarsh","Negotiation / Legal","2025-01-21 15:48","Record Merge","","Negotiation / Legal","2025-01-21 15:48","Record Merge","","Negotiation / Legal","2025-01-21 15:48","Record Merge","","Negotiation / Legal","2025-01-21 15:48","Record Merge","","Negotiation / Legal","2025-01-21 15:48","Record Merge","","SDR / Omitted OPP","2025-01-21 15:47","Workflow","Update deal stage before closed deal","SDR / Omitted OPP","2025-01-21 15:47","Workflow","Update deal stage before closed deal","SDR / Omitted OPP","2025-01-21 15:47","Workflow","Update deal stage before closed deal","SDR / Omitted OPP","2025-01-21 15:46","Workflow","Update deal stage before closed deal","SDR / Omitted OPP","2025-01-21 15:46","Workflow","Update deal stage before closed deal","Negotiation / Legal","2023-12-14 02:09","Workflow","Update deal stage before closed deal","Formal Pilot","2023-12-11 11:09","Import","Deal stage and pre stage  by Gal Tarrab Levi"
"49445993655","Fiserv KubeCon ATL25","SDR / Omitted OPP","2025-11-19 21:37","Workflow","Update deal stage before closed deal"
"43331922041","Curriculum Associates","Formal Pilot","2025-11-20 17:31","Workflow","Update deal stage before closed deal","Pilot Prep","2025-09-18 16:47","Workflow","Update deal stage before closed deal","Demo / Presentation","2025-09-17 23:47","Workflow","Update deal stage before closed deal","SDR / Omitted OPP","2025-09-04 03:21","Workflow","Update deal stage before closed deal"
"60272589093","Raptor Technologies","SDR / Omitted OPP","2026-05-15 19:12","Workflow","Update deal stage before closed deal"
"61685685416","Tangerine","SDR / Omitted OPP","2026-06-26 19:41","Workflow","Update deal stage before closed deal"
"35413871796","Greenwheels","Negotiation / Legal","2025-04-16 11:43","Workflow","Update deal stage before closed deal","Formal Pilot","2025-04-16 11:43","Workflow","Update deal stage before closed deal","Pilot Prep","2025-04-16 11:42","Workflow","Update deal stage before closed deal","Demo / Presentation","2025-04-14 21:08","Workflow","Update deal stage before closed deal","SDR / Omitted OPP","2025-04-03 13:02","Workflow","Update deal stage before closed deal"
"41322255489","Ramboll","Pilot Prep","2025-09-11 12:11","Workflow","Update deal stage before closed deal","Demo / Presentation","2025-08-21 11:01","Workflow","Update deal stage before closed deal","SDR / Omitted OPP","2025-08-04 13:15","Workflow","Update deal stage before closed deal"
"29889704337","JSR Corporation","SDR / Omitted OPP","2024-12-05 01:41","Workflow","Update deal stage before closed deal"
"48387969359","Constant Contact","Pilot Prep","2025-11-19 17:22","Workflow","Update deal stage before closed deal","Demo / Presentation","2025-11-06 19:25","Workflow","Update deal stage before closed deal","SDR / Omitted OPP","2025-11-05 18:15","Workflow","Update deal stage before closed deal"
"15361262262","SonicWall Inc","Business case confirmation","2023-12-24 13:52","Import","STAGE BEFORE - Sheet1.csv by Gal Tarrab Levi","Negotiation / Legal","2023-12-13 18:42","Workflow","Update deal stage before closed deal","Formal Pilot","2023-12-11 11:09","Import","Deal stage and pre stage  by Gal Tarrab Levi"
"57619601947","WHOOP","SDR / Omitted OPP","2026-03-06 16:13","Workflow","Update deal stage before closed deal"
"45374104638","Property Finder","SDR / Omitted OPP","2025-10-07 13:49","Workflow","Update deal stage before closed deal"
"33915101194","Sodexo","SDR / Omitted OPP","2025-02-25 12:08","Record Merge","","SDR / Omitted OPP","2025-02-24 18:41","Workflow","Update deal stage before closed deal","SDR / Omitted OPP","2025-02-18 10:40","Workflow","Update deal stage before closed deal"
"31877845027","Rappi","Negotiation / Legal","2025-06-30 23:53","Workflow","Update deal stage before closed deal","Business case confirmation","2025-06-09 23:15","Workflow","Update deal stage before closed deal","Pilot Prep","2025-04-30 19:26","Workflow","Update deal stage before closed deal","Business case confirmation","2025-03-06 16:25","Workflow","Update deal stage before closed deal","Pilot Prep","2025-01-12 11:32","Record Merge","","Pilot Prep","2025-01-10 17:26","Workflow","Update deal stage before closed deal","SDR / Omitted OPP","2025-01-09 23:10","Workflow","Update deal stage before closed deal","Demo / Presentation","2025-01-08 00:53","Workflow","Update deal stage before closed deal","SDR / Omitted OPP","2024-12-06 00:22","Workflow","Update deal stage before closed deal"
"15843407781","LCP","SDR / Omitted OPP","2024-01-02 14:40","CRM UI Bulk Action","Gal Tarrab Levi"
"36725223736","SRS Acquiom","Formal Pilot","2025-07-17 17:32","Workflow","Update deal stage before closed deal","Pilot Prep","2025-06-12 17:12","Workflow","Update deal stage before closed deal","Demo / Presentation","2025-05-09 21:54","Workflow","Update deal stage before closed deal","SDR / Omitted OPP","2025-05-05 18:56","Workflow","Update deal stage before closed deal"
"30775833641","Chewy","SDR / Omitted OPP","2024-12-19 11:15","Record Merge","","SDR / Omitted OPP","2024-12-19 11:14","Record Merge","","SDR / Omitted OPP","2024-12-19 11:14","Record Merge","","SDR / Omitted OPP","2024-12-19 11:14","Record Merge","","SDR / Omitted OPP","2024-12-19 11:14","Record Merge","","SDR / Omitted OPP","2024-12-19 11:14","Record Merge","","SDR / Omitted OPP","2024-12-19 11:14","Record Merge","","SDR / Omitted OPP","2024-12-19 11:13","Record Merge","","SDR / Omitted OPP","2024-12-19 11:13","Record Merge","","SDR / Omitted OPP","2024-12-18 17:57","Workflow","Update deal stage before closed deal","SDR / Omitted OPP","2024-12-18 17:57","Workflow","Update deal stage before closed deal","SDR / Omitted OPP","2024-12-18 17:57","Workflow","Update deal stage before closed deal","SDR / Omitted OPP","2024-12-18 17:57","Workflow","Update deal stage before closed deal","SDR / Omitted OPP","2024-12-18 17:56","Workflow","Update deal stage before closed deal","SDR / Omitted OPP","2024-12-18 17:56","Workflow","Update deal stage before closed deal","SDR / Omitted OPP","2024-12-18 17:56","Workflow","Update deal stage before closed deal","SDR / Omitted OPP","2024-12-18 17:56","Workflow","Update deal stage before closed deal","SDR / Omitted OPP","2024-12-18 17:56","Workflow","Update deal stage before closed deal","SDR / Omitted OPP","2024-12-16 19:14","Workflow","Update deal stage before closed deal"
"12760730628","Wiser","Formal Pilot","2023-12-11 11:09","Import","Deal stage and pre stage  by Gal Tarrab Levi"
"33932309422","Bankdata","Demo / Presentation","2025-03-10 22:02","Workflow","Update deal stage before closed deal","SDR / Omitted OPP","2025-02-26 10:13","Workflow","Update deal stage before closed deal"
"29895762863","Pipl","Pilot Prep","2025-01-02 12:48","Workflow","Update deal stage before closed deal","Demo / Presentation","2024-12-17 10:53","Workflow","Update deal stage before closed deal","SDR / Omitted OPP","2024-12-05 11:50","Record Merge","","SDR / Omitted OPP","2024-12-04 18:40","Workflow","Update deal stage before closed deal","SDR / Omitted OPP","2024-12-04 18:40","Workflow","Update deal stage before closed deal"
"17756265293","SiriusXM","Demo / Presentation","2024-03-05 22:12","Workflow","Update deal stage before closed deal","SDR / Omitted OPP","2024-02-27 23:37","Workflow","Update deal stage before closed deal"
"17479911309","Oxylabs","SDR / Omitted OPP","2024-02-12 10:34","Workflow","Update deal stage before closed deal"
"54218149647","Nordea - ICBT AEP - New Business","Demo / Presentation","2026-02-06 13:54","Workflow","Update deal stage before closed deal","SDR / Omitted OPP","2026-01-21 16:16","Workflow","Update deal stage before closed deal"
"32736962846","Voya Financial","Demo / Presentation","2025-02-27 16:23","Workflow","Update deal stage before closed deal","SDR / Omitted OPP","2025-01-29 22:43","Workflow","Update deal stage before closed deal"
"51379876922","Sapiens International","SDR / Omitted OPP","2025-12-08 15:43","Workflow","Update deal stage before closed deal"
"41891079784","MLB","SDR / Omitted OPP","2025-08-12 22:09","Workflow","Update deal stage before closed deal"
"28982302050","Procter & Gamble","SDR / Omitted OPP","2024-11-12 19:29","Workflow","Update deal stage before closed deal"
"12747962207","dv01","Pilot Prep","2023-12-11 11:09","Import","Deal stage and pre stage  by Gal Tarrab Levi"
"21715817757","Travel + Leisure - Reconnect","Demo / Presentation","2024-09-19 16:35","Workflow","Update deal stage before closed deal","SDR / Omitted OPP","2024-08-26 14:13","Workflow","Update deal stage before closed deal"
"32711357839","Talon (Palo Alto Networks Ltd.)","SDR / Omitted OPP","2025-01-29 16:57","Record Merge","","SDR / Omitted OPP","2025-01-29 16:56","Record Merge","","SDR / Omitted OPP","2025-01-29 16:56","Record Merge","","SDR / Omitted OPP","2025-01-29 15:13","Workflow","Update deal stage before closed deal","SDR / Omitted OPP","2025-01-29 15:13","Workflow","Update deal stage before closed deal","SDR / Omitted OPP","2025-01-29 15:13","Workflow","Update deal stage before closed deal","SDR / Omitted OPP","2025-01-29 15:13","Workflow","Update deal stage before closed deal"
"41049215238","Findhelp","Demo / Presentation","2025-08-07 01:04","Workflow","Update deal stage before closed deal","SDR / Omitted OPP","2025-07-29 21:54","Workflow","Update deal stage before closed deal"
"14234998537","Podium","Business case confirmation","2023-12-11 11:09","Import","Deal stage and pre stage  by Gal Tarrab Levi"
"38278692944","TOTVS","SDR / Omitted OPP","2025-05-30 20:56","Workflow","Update deal stage before closed deal"
"42566795807","Xometry","Negotiation / Legal","2026-02-27 16:56","Workflow","Update deal stage before closed deal","Business case confirmation","2026-02-27 16:56","Workflow","Update deal stage before closed deal","Formal Pilot","2026-02-04 18:16","Workflow","Update deal stage before closed deal","Pilot Prep","2025-12-30 19:29","Workflow","Update deal stage before closed deal","Demo / Presentation","2025-09-09 17:27","Workflow","Update deal stage before closed deal","SDR / Omitted OPP","2025-08-20 22:07","Workflow","Update deal stage before closed deal"
"41895635056","Unbiased","SDR / Omitted OPP","2025-08-13 14:56","Workflow","Update deal stage before closed deal"
"33733554096","Ovative Group ","Negotiation / Legal","2025-05-29 16:29","Workflow","Update deal stage before closed deal","Business case confirmation","2025-05-07 23:13","Workflow","Update deal stage before closed deal","Formal Pilot","2025-04-15 19:25","Workflow","Update deal stage before closed deal","Pilot Prep","2025-03-11 14:43","Workflow","Update deal stage before closed deal","Demo / Presentation","2025-02-20 08:48","Record Merge","","Demo / Presentation","2025-02-20 08:47","Record Merge","","Demo / Presentation","2025-02-20 08:47","Record Merge","","Demo / Presentation","2025-02-20 08:47","Record Merge","","Demo / Presentation","2025-02-19 22:08","Workflow","Update deal stage before closed deal","SDR / Omitted OPP","2025-02-19 18:45","Workflow","Update deal stage before closed deal","SDR / Omitted OPP","2025-02-19 18:45","Workflow","Update deal stage before closed deal","SDR / Omitted OPP","2025-02-19 18:45","Workflow","Update deal stage before closed deal","SDR / Omitted OPP","2025-02-19 18:44","Workflow","Update deal stage before closed deal","SDR / Omitted OPP","2025-01-31 00:40","Workflow","Update deal stage before closed deal"
"34693682526","Marriott","Demo / Presentation","2025-03-19 17:12","Workflow","Update deal stage before closed deal","SDR / Omitted OPP","2025-03-14 23:46","Workflow","Update deal stage before closed deal"
"18130905229","Reply - KubeCon","Demo / Presentation","2024-04-17 12:01","Workflow","Update deal stage before closed deal","SDR / Omitted OPP","2024-03-20 19:47","Workflow","Update deal stage before closed deal"
"28531178032","Akamai","SDR / Omitted OPP","2024-10-30 20:47","Workflow","Update deal stage before closed deal"
"58479614795","Token Security LTD","Negotiation / Legal","2026-03-29 22:40","Workflow","Update deal stage before closed deal"
"52002398106","Miro","Demo / Presentation","2026-02-11 21:22","Workflow","Update deal stage before closed deal","SDR / Omitted OPP","2025-12-17 18:40","Workflow","Update deal stage before closed deal"
"42647926814","OneRail","Pilot Prep","2025-08-25 22:42","Workflow","Update deal stage before closed deal","Demo / Presentation","2025-08-25 22:41","Workflow","Update deal stage before closed deal","SDR / Omitted OPP","2025-08-21 18:10","Workflow","Update deal stage before closed deal"
"57100013228","Rivian - AWS LV 25","Pilot Prep","2026-03-03 15:38","Workflow","Update deal stage before closed deal","Formal Pilot","2026-02-26 22:57","Record Merge","","Formal Pilot","2026-02-26 18:12","Workflow","Update deal stage before closed deal","Pilot Prep","2026-02-26 18:10","Workflow","Update deal stage before closed deal","SDR / Omitted OPP","2026-01-21 11:32","Workflow","Update deal stage before closed deal","Demo / Presentation","2025-12-05 23:10","Workflow","Update deal stage before closed deal","SDR / Omitted OPP","2025-12-04 01:45","Record Merge","","SDR / Omitted OPP","2025-12-03 02:27","Workflow","Update deal stage before closed deal","SDR / Omitted OPP","2025-12-03 02:13","Workflow","Update deal stage before closed deal"
"30063206664","AlphaSense ","Negotiation / Legal","2025-05-22 21:57","Workflow","Update deal stage before closed deal","Business case confirmation","2025-03-13 16:12","Workflow","Update deal stage before closed deal","Formal Pilot","2025-01-16 23:28","Workflow","Update deal stage before closed deal","Demo / Presentation","2024-12-12 16:14","Workflow","Update deal stage before closed deal","SDR / Omitted OPP","2024-12-09 20:05","Workflow","Update deal stage before closed deal"
"61695798400","MindCloud Tech - New Deal","SDR / Omitted OPP","2026-06-26 22:37","Workflow","Update deal stage before closed deal"
"61048621141","Conde Nast ","SDR / Omitted OPP","2026-06-12 18:30","Workflow","Update deal stage before closed deal"
"57539046692","BlinkRx","SDR / Omitted OPP","2026-03-04 22:52","Workflow","Update deal stage before closed deal"
"19035884613","News Corp","Pilot Prep","2024-07-03 18:36","Workflow","Update deal stage before closed deal","Demo / Presentation","2024-06-04 20:30","Workflow","Update deal stage before closed deal","SDR / Omitted OPP","2024-05-01 15:35","Workflow","Update deal stage before closed deal"
"58182338308","Central Bank of Ireland - New Deal","Demo / Presentation","2026-05-15 15:49","Workflow","Update deal stage before closed deal","SDR / Omitted OPP","2026-03-19 16:48","Workflow","Update deal stage before closed deal"
"45664207153","Folksam","SDR / Omitted OPP","2025-10-10 15:10","Workflow","Update deal stage before closed deal"
"17899916706","aPriori","SDR / Omitted OPP","2024-03-07 10:42","Workflow","Update deal stage before closed deal"
"21226024472","Cegeka","Formal Pilot","2024-08-29 17:36","Workflow","Update deal stage before closed deal","Pilot Prep","2024-08-29 17:36","Workflow","Update deal stage before closed deal","Demo / Presentation","2024-08-12 13:30","Workflow","Update deal stage before closed deal","SDR / Omitted OPP","2024-08-08 15:01","Workflow","Update deal stage before closed deal"
"15977262378","Ridgeline","SDR / Omitted OPP","2023-12-11 11:09","Import","Deal stage and pre stage  by Gal Tarrab Levi"
"35438327552","Roche","SDR / Omitted OPP","2025-04-03 11:33","Record Merge","","SDR / Omitted OPP","2025-04-02 16:54","Workflow","Update deal stage before closed deal","SDR / Omitted OPP","2025-04-02 16:53","Workflow","Update deal stage before closed deal"
"54352277645","Navitus","Pilot Prep","2026-03-03 19:31","Workflow","Update deal stage before closed deal","Demo / Presentation","2026-01-22 19:19","Workflow","Update deal stage before closed deal","SDR / Omitted OPP","2026-01-22 19:14","Workflow","Update deal stage before closed deal"
"58899346753","Ecolab","SDR / Omitted OPP","2026-04-10 19:47","Workflow","Update deal stage before closed deal"
"14417076313","Intapp","Business case confirmation","2024-04-26 17:03","Workflow","Update deal stage before closed deal","Formal Pilot","2024-01-22 22:32","Workflow","Update deal stage before closed deal","Pilot Prep","2024-01-17 17:53","Workflow","Update deal stage before closed deal","Formal Pilot","2024-01-08 17:22","Workflow","Update deal stage before closed deal","Demo / Presentation","2023-12-11 11:09","Import","Deal stage and pre stage  by Gal Tarrab Levi"
"53118258959","Bank Millennium","SDR / Omitted OPP","2026-01-02 16:17","Workflow","Update deal stage before closed deal"
"16109138284","Auto & General - old","Pilot Prep","2024-01-22 22:32","Workflow","Update deal stage before closed deal","SDR / Omitted OPP","2023-12-11 11:09","Import","Deal stage and pre stage  by Gal Tarrab Levi"
"59096386666","InnoverTEK UK","SDR / Omitted OPP","2026-04-10 22:07","Workflow","Update deal stage before closed deal"
"16344517708","Capital One","SDR / Omitted OPP","2023-12-24 13:52","Import","STAGE BEFORE - Sheet1.csv by Gal Tarrab Levi"
"61031737139","Texas Capital","SDR / Omitted OPP","2026-06-11 19:18","Workflow","Update deal stage before closed deal"
"39256804243","Clearbank","Demo / Presentation","2025-07-09 18:16","Workflow","Update deal stage before closed deal","SDR / Omitted OPP","2025-07-09 18:16","Workflow","Update deal stage before closed deal"
"39259708054","Red Ventures","SDR / Omitted OPP","2025-06-24 23:42","Workflow","Update deal stage before closed deal"
"59095283826","Attaro","SDR / Omitted OPP","2026-04-10 22:07","Workflow","Update deal stage before closed deal"
"38530407215","Kyndryl Holdings - Unnamed insurance client","SDR / Omitted OPP","2025-06-06 11:07","Workflow","Update deal stage before closed deal"
"32462302747","Bullish","SDR / Omitted OPP","2025-01-26 15:40","Record Merge","","SDR / Omitted OPP","2025-01-26 15:39","Record Merge","","SDR / Omitted OPP","2025-01-26 09:40","Workflow","Update deal stage before closed deal","SDR / Omitted OPP","2025-01-26 09:40","Workflow","Update deal stage before closed deal","SDR / Omitted OPP","2024-04-16 04:29","Workflow","Update deal stage before closed deal"
"61024720954","Heimerle + Meule GmbH","Negotiation / Legal","2026-06-27 15:52","Workflow","Update deal stage before closed deal","Business case confirmation","2026-06-27 15:52","Workflow","Update deal stage before closed deal","Formal Pilot","2026-06-26 12:36","Workflow","Update deal stage before closed deal","Pilot Prep","2026-06-26 12:36","Workflow","Update deal stage before closed deal","Demo / Presentation","2026-06-10 12:28","Workflow","Update deal stage before closed deal","SDR / Omitted OPP","2026-06-10 12:22","Workflow","Update deal stage before closed deal"
"58430485278","KubeCon EU 2026 - Schwarz Group","SDR / Omitted OPP","2026-03-26 23:26","Workflow","Update deal stage before closed deal"
"15427939215","Uline","Demo / Presentation","2023-12-24 13:52","Import","STAGE BEFORE - Sheet1.csv by Gal Tarrab Levi","SDR / Omitted OPP","2023-12-11 11:09","Import","Deal stage and pre stage  by Gal Tarrab Levi"
"17655722544","Q2","Pilot Prep","2024-03-26 21:38","Workflow","Update deal stage before closed deal","Demo / Presentation","2024-03-19 16:11","Workflow","Update deal stage before closed deal","SDR / Omitted OPP","2024-02-21 20:51","Workflow","Update deal stage before closed deal"
"35440330241","Redpill Linpro ","SDR / Omitted OPP","2025-04-03 16:36","Workflow","Update deal stage before closed deal"
"18150100794","Qonto - KubeCon","SDR / Omitted OPP","2024-03-21 18:12","Workflow","Update deal stage before closed deal"
"61625562383","SURA Chile","SDR / Omitted OPP","2026-06-26 00:14","Workflow","Update deal stage before closed deal"
"59428546933","Incode Technologies ","SDR / Omitted OPP","2026-04-22 10:27","Workflow","Update deal stage before closed deal"
"59086416170","Reece","SDR / Omitted OPP","2026-04-10 11:01","Workflow","Update deal stage before closed deal"
"19364223755","ON Semiconductor ","SDR / Omitted OPP","2024-05-21 16:32","Workflow","Update deal stage before closed deal","Demo / Presentation","2024-05-18 23:04","Workflow","Update deal stage before closed deal","SDR / Omitted OPP","2024-05-14 20:22","Workflow","Update deal stage before closed deal"
"46761110021","Albert Heijn","SDR / Omitted OPP","2025-10-23 13:51","Workflow","Update deal stage before closed deal"
"58446996041","KubeCon EU 2026 - Saab","SDR / Omitted OPP","2026-03-26 23:26","Workflow","Update deal stage before closed deal"
"48338905173","Community Health Network","Pilot Prep","2026-02-02 20:29","Workflow","Update deal stage before closed deal","Demo / Presentation","2025-11-13 17:45","Workflow","Update deal stage before closed deal","SDR / Omitted OPP","2025-11-05 16:28","Workflow","Update deal stage before closed deal"
"31699655344","Chan Zuckerberg Initiative","Demo / Presentation","2025-01-17 17:54","Workflow","Update deal stage before closed deal","SDR / Omitted OPP","2025-01-08 16:24","Record Merge","","SDR / Omitted OPP","2025-01-08 16:24","Record Merge","","SDR / Omitted OPP","2025-01-08 16:24","Record Merge","","SDR / Omitted OPP","2025-01-08 16:24","Record Merge","","SDR / Omitted OPP","2025-01-08 16:24","Record Merge","","SDR / Omitted OPP","2025-01-08 16:21","Workflow","Update deal stage before closed deal","SDR / Omitted OPP","2025-01-08 16:21","Workflow","Update deal stage before closed deal","SDR / Omitted OPP","2025-01-08 16:21","Workflow","Update deal stage before closed deal","SDR / Omitted OPP","2025-01-08 16:21","Workflow","Update deal stage before closed deal","SDR / Omitted OPP","2025-01-08 16:21","Workflow","Update deal stage before closed deal","SDR / Omitted OPP","2025-01-07 10:47","Record Merge","","SDR / Omitted OPP","2025-01-07 10:46","Record Merge","","SDR / Omitted OPP","2025-01-07 10:46","Record Merge","","SDR / Omitted OPP","2025-01-07 10:46","Record Merge","","SDR / Omitted OPP","2025-01-07 10:46","Record Merge","","SDR / Omitted OPP","2025-01-06 20:43","Workflow","Update deal stage before closed deal","SDR / Omitted OPP","2025-01-06 20:42","Workflow","Update deal stage before closed deal","SDR / Omitted OPP","2025-01-06 20:42","Workflow","Update deal stage before closed deal","SDR / Omitted OPP","2025-01-06 20:42","Workflow","Update deal stage before closed deal"
"34335231010","Guardant Health","Demo / Presentation","2025-03-20 15:28","Workflow","Update deal stage before closed deal","SDR / Omitted OPP","2025-03-06 22:58","Workflow","Update deal stage before closed deal"
"17672615465","dLocal","Negotiation / Legal","2024-06-05 01:40","Workflow","Update deal stage before closed deal","Business case confirmation","2024-04-11 17:11","Workflow","Update deal stage before closed deal","Formal Pilot","2024-03-19 22:30","Workflow","Update deal stage before closed deal","Pilot Prep","2024-03-11 18:13","Workflow","Update deal stage before closed deal","Demo / Presentation","2024-02-29 00:27","Workflow","Update deal stage before closed deal","SDR / Omitted OPP","2024-02-28 22:38","Workflow","Update deal stage before closed deal","Business case confirmation","2024-02-28 22:37","Workflow","Update deal stage before closed deal","SDR / Omitted OPP","2024-02-22 15:46","Workflow","Update deal stage before closed deal"
"55396424731","Barclays (KC) - AEP - New Business ","Demo / Presentation","2026-02-04 14:39","Workflow","Update deal stage before closed deal","SDR / Omitted OPP","2026-02-02 17:21","Workflow","Update deal stage before closed deal"
"35348952075","Jisrhr","SDR / Omitted OPP","2025-04-02 20:11","Workflow","Update deal stage before closed deal"
"58450259242","KubeCon EU 2026 - Contentsquare","SDR / Omitted OPP","2026-03-26 23:26","Workflow","Update deal stage before closed deal"
"35043818546","Fidelidade ","Demo / Presentation","2025-04-14 14:48","Workflow","Update deal stage before closed deal","SDR / Omitted OPP","2025-03-25 11:00","Workflow","Update deal stage before closed deal"
"59048628853","Hyland","Formal Pilot","2026-06-04 18:51","Workflow","Update deal stage before closed deal","Pilot Prep","2026-06-04 18:44","Workflow","Update deal stage before closed deal","Demo / Presentation","2026-04-23 22:20","Workflow","Update deal stage before closed deal","SDR / Omitted OPP","2026-04-09 20:12","Workflow","Update deal stage before closed deal"
"55200033132","Vasion ","SDR / Omitted OPP","2026-02-02 17:58","Record Merge","","SDR / Omitted OPP","2026-02-02 17:57","Record Merge","","SDR / Omitted OPP","2026-02-02 17:56","Record Merge","","SDR / Omitted OPP","2026-01-16 20:47","Workflow","Update deal stage before closed deal","SDR / Omitted OPP","2026-01-16 20:47","Workflow","Update deal stage before closed deal","SDR / Omitted OPP","2026-01-16 20:46","Workflow","Update deal stage before closed deal","Demo / Presentation","2024-12-16 23:21","Workflow","Update deal stage before closed deal","SDR / Omitted OPP","2024-12-04 03:35","Workflow","Update deal stage before closed deal"
"43323955989","STIME - Les Mousquetaires","Pilot Prep","2025-10-29 17:58","Workflow","Update deal stage before closed deal","Formal Pilot","2025-09-17 11:20","Workflow","Update deal stage before closed deal","Pilot Prep","2025-09-17 11:07","Workflow","Update deal stage before closed deal","Demo / Presentation","2025-09-11 12:17","Workflow","Update deal stage before closed deal","SDR / Omitted OPP","2025-09-04 12:51","Workflow","Update deal stage before closed deal"
"17927470710","Synopsys","Demo / Presentation","2024-03-11 21:09","Workflow","Update deal stage before closed deal","SDR / Omitted OPP","2024-03-08 21:12","Workflow","Update deal stage before closed deal"
"28887339556","aPriori","Pilot Prep","2025-03-11 06:20","Workflow","Update deal stage before closed deal","Demo / Presentation","2025-01-14 19:30","Workflow","Update deal stage before closed deal","SDR / Omitted OPP","2024-11-10 10:46","Workflow","Update deal stage before closed deal"
"59107687808","Publicis Sapient","SDR / Omitted OPP","2026-04-10 22:07","Workflow","Update deal stage before closed deal"
"19899204221","Sinclair Inc","Business case confirmation","2024-06-06 17:02","Workflow","Update deal stage before closed deal","Formal Pilot","2024-06-06 12:48","Record Merge","","SDR / Omitted OPP","2024-06-05 19:56","Workflow","Update deal stage before closed deal","Formal Pilot","2024-03-22 21:27","Workflow","Update deal stage before closed deal","Pilot Prep","2024-03-20 21:59","Workflow","Update deal stage before closed deal","Demo / Presentation","2024-02-29 18:16","Workflow","Update deal stage before closed deal","SDR / Omitted OPP","2024-02-21 23:18","Workflow","Update deal stage before closed deal"
"51559939229","Teamworks ","Negotiation / Legal","2026-06-04 23:08","Workflow","Update deal stage before closed deal","Business case confirmation","2026-06-04 16:46","Workflow","Update deal stage before closed deal","Formal Pilot","2026-05-14 16:31","Workflow","Update deal stage before closed deal","Pilot Prep","2026-05-14 16:28","Workflow","Update deal stage before closed deal","Demo / Presentation","2026-04-30 17:58","Workflow","Update deal stage before closed deal","SDR / Omitted OPP","2025-12-10 20:47","Workflow","Update deal stage before closed deal"
"45002335841","Bell Canada - Backstage Team Dashboards","Negotiation / Legal","2025-10-01 14:47","Workflow","Update deal stage before closed deal"
"60694376579","Realtor.com","SDR / Omitted OPP","2026-05-28 23:15","Workflow","Update deal stage before closed deal"
"28365672348","MyBrand / Tram Case","Pilot Prep","2024-11-06 21:24","Workflow","Update deal stage before closed deal","Demo / Presentation","2024-11-05 21:36","Workflow","Update deal stage before closed deal","SDR / Omitted OPP","2024-10-25 19:06","Workflow","Update deal stage before closed deal"
"56626886954","CSL - Seqirus","SDR / Omitted OPP","2026-02-19 12:47","Workflow","Update deal stage before closed deal"
"16782355562","Byborg Enterprises","SDR / Omitted OPP","2024-01-03 12:12","CRM UI","Gal Tarrab Levi"
"21226810499","Legal & General","Negotiation / Legal","2024-08-08 16:39","Record Merge","","Negotiation / Legal","2024-07-12 16:16","Workflow","Update deal stage before closed deal","Business case confirmation","2024-07-02 17:24","Workflow","Update deal stage before closed deal","Formal Pilot","2024-07-02 17:24","Workflow","Update deal stage before closed deal","Business case confirmation","2024-06-14 15:08","Workflow","Update deal stage before closed deal","Formal Pilot","2024-05-30 17:28","Workflow","Update deal stage before closed deal","Pilot Prep","2024-05-01 12:39","Workflow","Update deal stage before closed deal","Pilot Prep","2024-04-10 19:54","Workflow","Update deal stage before closed deal","Demo / Presentation","2024-02-29 17:36","Workflow","Update deal stage before closed deal","SDR / Omitted OPP","2024-02-19 12:54","Workflow","Update deal stage before closed deal","Demo / Presentation","2024-02-09 10:17","Workflow","Update deal stage before closed deal","Formal Pilot","2023-12-11 11:09","Import","Deal stage and pre stage  by Gal Tarrab Levi"
"15960726541","Nationwide","Demo / Presentation","2024-01-03 22:18","Workflow","Update deal stage before closed deal","SDR / Omitted OPP","2024-01-02 14:37","CRM UI Bulk Action","Gal Tarrab Levi"
"15139981932","RTI","Formal Pilot","2023-12-11 11:09","Import","Deal stage and pre stage  by Gal Tarrab Levi"
"30165605929","Amazon","SDR / Omitted OPP","2024-12-11 19:20","Workflow","Update deal stage before closed deal"
"60637783184","Fullpath ","SDR / Omitted OPP","2026-05-26 13:28","Workflow","Update deal stage before closed deal"
"43317986171","Kering","SDR / Omitted OPP","2025-09-03 05:37","Workflow","Update deal stage before closed deal"
"29377473033","Autodesk","SDR / Omitted OPP","2024-11-20 03:50","Workflow","Update deal stage before closed deal"
"35377737474","Redis Ltd ","SDR / Omitted OPP","2025-04-02 17:00","Workflow","Update deal stage before closed deal"
"19732436353","Draslovka","SDR / Omitted OPP","2024-05-30 20:21","Workflow","Update deal stage before closed deal"
"30506529132","Davidson Kempner","SDR / Omitted OPP","2024-12-17 00:00","Workflow","Update deal stage before closed deal"
"18209822067","Asurion ","SDR / Omitted OPP","2024-03-25 00:54","Workflow","Update deal stage before closed deal"
"58437944362","KubeCon EU 2026 - JPMorgan Chase & Co.","SDR / Omitted OPP","2026-03-26 23:26","Workflow","Update deal stage before closed deal"
"15770271079","East West Bank","Business case confirmation","2024-03-03 15:18","CRM UI","Gal Tarrab Levi","SDR / Omitted OPP","2023-12-11 11:09","Import","Deal stage and pre stage  by Gal Tarrab Levi"
"15842891375","Kaltura","SDR / Omitted OPP","2024-01-02 14:40","CRM UI Bulk Action","Gal Tarrab Levi"
"15961314132","CloudFire Srl","SDR / Omitted OPP","2023-12-11 11:09","Import","Deal stage and pre stage  by Gal Tarrab Levi"
"43319418692","Molex (MVP Expansion) Subscription Ends on 6/30/26","Pilot Prep","2025-09-03 20:39","Workflow","Update deal stage before closed deal"
"58434611755","KubeCon EU 2026 - Banca Transilvania","SDR / Omitted OPP","2026-03-26 23:26","Workflow","Update deal stage before closed deal"
"17638117893","Imprivata","Negotiation / Legal","2024-09-10 21:52","Workflow","Update deal stage before closed deal","Business case confirmation","2024-08-28 17:29","Workflow","Update deal stage before closed deal","Formal Pilot","2024-07-25 17:57","Workflow","Update deal stage before closed deal","Pilot Prep","2024-05-29 23:46","Workflow","Update deal stage before closed deal","Demo / Presentation","2024-02-26 18:23","Workflow","Update deal stage before closed deal","SDR / Omitted OPP","2024-02-20 22:32","Workflow","Update deal stage before closed deal"
"35090521432","Adobe","SDR / Omitted OPP","2025-03-26 10:02","Record Merge","","SDR / Omitted OPP","2025-03-26 10:02","Record Merge","","SDR / Omitted OPP","2025-03-25 20:32","Workflow","Update deal stage before closed deal","SDR / Omitted OPP","2025-03-25 20:32","Workflow","Update deal stage before closed deal","SDR / Omitted OPP","2024-11-14 01:32","Workflow","Update deal stage before closed deal"
"48889986381","Veeam","Pilot Prep","2025-11-21 20:49","Workflow","Update deal stage before closed deal","Demo / Presentation","2025-11-20 16:14","Workflow","Update deal stage before closed deal","SDR / Omitted OPP","2025-11-11 20:15","Workflow","Update deal stage before closed deal"
"13046504337","Bloomerang","SDR / Omitted OPP","2023-12-11 11:09","Import","Deal stage and pre stage  by Gal Tarrab Levi"
"48535532625","CRIF - TSM package & entity consumption deal","Demo / Presentation","2025-11-07 10:58","Workflow","Update deal stage before closed deal","SDR / Omitted OPP","2025-11-07 10:57","Workflow","Update deal stage before closed deal"
"40328901382","Syngenta","SDR / Omitted OPP","2025-07-16 19:06","Workflow","Update deal stage before closed deal"
"46587093081","Public","SDR / Omitted OPP","2025-10-21 15:22","Workflow","Update deal stage before closed deal"
"29386728851","BT (expansion)","Business case confirmation","2025-01-16 16:55","Workflow","Update deal stage before closed deal","Pilot Prep","2024-11-20 12:51","Workflow","Update deal stage before closed deal"
"59094218518","Gfk - An Niq Company","SDR / Omitted OPP","2026-04-10 22:07","Workflow","Update deal stage before closed deal"
"19730113793","GeneDx","Negotiation / Legal","2024-06-11 17:22","Workflow","Update deal stage before closed deal","Business case confirmation","2024-06-05 00:03","Workflow","Update deal stage before closed deal","SDR / Omitted OPP","2024-05-30 17:36","Workflow","Update deal stage before closed deal"
"30157943566","Konfío","SDR / Omitted OPP","2024-12-11 15:29","Workflow","Update deal stage before closed deal"
"61459401103","dynatrace - New Deal","SDR / Omitted OPP","2026-06-23 14:16","Workflow","Update deal stage before closed deal"
"13525153653","Classy","SDR / Omitted OPP","2023-12-11 11:09","Import","Deal stage and pre stage  by Gal Tarrab Levi"
"38554435078","Tata Consultancy Services","SDR / Omitted OPP","2025-06-06 09:47","Workflow","Update deal stage before closed deal"
"43900200807","Gewista","SDR / Omitted OPP","2025-09-19 11:30","Workflow","Update deal stage before closed deal"
"13068255867","Tinubu - k ","SDR / Omitted OPP","2023-12-11 11:09","Import","Deal stage and pre stage  by Gal Tarrab Levi"
"45144612100","TAG - The Aspen Group - New Deal","Pilot Prep","2025-10-03 19:20","Workflow","Update deal stage before closed deal"
"15244740685","Shell","Demo / Presentation","2023-12-24 13:52","Import","STAGE BEFORE - Sheet1.csv by Gal Tarrab Levi","SDR / Omitted OPP","2023-12-11 11:09","Import","Deal stage and pre stage  by Gal Tarrab Levi"
"58437089193","KubeCon EU 2026 - trivago","SDR / Omitted OPP","2026-03-26 23:26","Workflow","Update deal stage before closed deal"
"37735689069","Equitable Bank","Demo / Presentation","2025-05-27 22:05","Workflow","Update deal stage before closed deal","SDR / Omitted OPP","2025-05-23 17:55","Workflow","Update deal stage before closed deal"
"17927656202","Mipro Oy","Demo / Presentation","2024-03-27 16:18","Workflow","Update deal stage before closed deal","SDR / Omitted OPP","2024-03-08 22:03","Workflow","Update deal stage before closed deal"
"29702549855","Relex Solutions","SDR / Omitted OPP","2024-11-29 09:13","Workflow","Update deal stage before closed deal"
"36616837457","Amway Corp","Pilot Prep","2025-05-15 03:41","Workflow","Update deal stage before closed deal","Demo / Presentation","2025-05-12 02:28","Workflow","Update deal stage before closed deal","SDR / Omitted OPP","2025-05-02 08:59","Workflow","Update deal stage before closed deal"
"58025303185","Plaid","Demo / Presentation","2026-03-26 16:13","Workflow","Update deal stage before closed deal","SDR / Omitted OPP","2026-03-17 15:16","Workflow","Update deal stage before closed deal"
"12749278344","Travel Chapter - cancelled","SDR / Omitted OPP","2023-12-31 09:57","CRM UI","Gal Tarrab Levi"
"31234673065","Topsort ","SDR / Omitted OPP","2024-12-31 15:53","Workflow","Update deal stage before closed deal"
"32088122463","WorkMotion Software GmbH ","SDR / Omitted OPP","2025-01-16 06:22","Workflow","Update deal stage before closed deal"
"34603550366","JFrog - Expansion 2025","Demo / Presentation","2025-03-13 11:10","Workflow","Update deal stage before closed deal"
"55126435337","HP Inc.","Demo / Presentation","2026-02-02 09:07","Record Merge","","Demo / Presentation","2026-01-20 20:46","Workflow","Update deal stage before closed deal","SDR / Omitted OPP","2026-01-12 21:16","Workflow","Update deal stage before closed deal","SDR / Omitted OPP","2025-10-17 18:04","Workflow","Update deal stage before closed deal"
"40576327078","McKesson/CoverMyMeds","Demo / Presentation","2025-07-29 21:46","Workflow","Update deal stage before closed deal","SDR / Omitted OPP","2025-07-21 18:42","Workflow","Update deal stage before closed deal"
"58450879097","KubeCon EU 2026 - ASML","SDR / Omitted OPP","2026-03-26 23:26","Workflow","Update deal stage before closed deal"
"29886333827","Vena Solutions","SDR / Omitted OPP","2024-12-05 00:49","Workflow","Update deal stage before closed deal"
"61031666029","Versant Media","SDR / Omitted OPP","2026-06-11 19:18","Workflow","Update deal stage before closed deal"
"59098243200","Transport Exchange Group","SDR / Omitted OPP","2026-04-10 22:07","Workflow","Update deal stage before closed deal"
"46577721781","Kamstrup A/S","SDR / Omitted OPP","2025-10-21 12:05","Workflow","Update deal stage before closed deal"
"13241114979","MoneyLion","Pilot Prep","2023-12-28 18:40","CRM UI","Gal Tarrab Levi"
"12744637762","Takeoff","SDR / Omitted OPP","2023-12-11 11:09","Import","Deal stage and pre stage  by Gal Tarrab Levi"
"45645720219","DWP","Formal Pilot","2026-05-08 11:20","Workflow","Update deal stage before closed deal","Pilot Prep","2025-12-19 12:30","Workflow","Update deal stage before closed deal","Demo / Presentation","2025-11-06 11:10","Workflow","Update deal stage before closed deal","SDR / Omitted OPP","2025-10-09 20:22","Record Merge","","SDR / Omitted OPP","2025-09-30 15:08","Workflow","Update deal stage before closed deal","SDR / Omitted OPP","2025-09-25 19:40","Workflow","Update deal stage before closed deal"
"57941150342","McCain Foods Global","SDR / Omitted OPP","2026-03-12 15:45","Workflow","Update deal stage before closed deal"
"29440551985","SimilarWeb LTD ","SDR / Omitted OPP","2024-11-21 21:20","Workflow","Update deal stage before closed deal"
"33929664529","Yum Connect, LLC - +50 Seats (Prorated, 2025)","Business case confirmation","2025-07-11 16:29","Workflow","Update deal stage before closed deal","Formal Pilot","2025-07-11 16:28","Workflow","Update deal stage before closed deal","Pilot Prep","2025-04-24 15:05","Workflow","Update deal stage before closed deal","Demo / Presentation","2025-03-11 23:00","Workflow","Update deal stage before closed deal"
"36863501440","Mayo Clinic ","SDR / Omitted OPP","2025-05-07 21:26","Workflow","Update deal stage before closed deal"
"12760730802","ActiveCampaign","SDR / Omitted OPP","2023-12-11 11:09","Import","Deal stage and pre stage  by Gal Tarrab Levi"
"35342995467","Msci","SDR / Omitted OPP","2025-04-02 16:57","Workflow","Update deal stage before closed deal"
"20162370677","CEDES","Demo / Presentation","2024-06-27 12:21","Workflow","Update deal stage before closed deal","SDR / Omitted OPP","2024-06-18 12:40","Workflow","Update deal stage before closed deal"
"57506769827","Wells Fargo","SDR / Omitted OPP","2026-03-04 04:09","Workflow","Update deal stage before closed deal"
"40630465049","Semrush","Pilot Prep","2025-08-14 13:33","Workflow","Update deal stage before closed deal","Demo / Presentation","2025-08-05 13:30","Workflow","Update deal stage before closed deal","SDR / Omitted OPP","2025-07-22 15:09","Workflow","Update deal stage before closed deal"
"30336177327","1KOMMA5°","Demo / Presentation","2024-12-23 18:12","Workflow","Update deal stage before closed deal","SDR / Omitted OPP","2024-12-13 10:38","Workflow","Update deal stage before closed deal"
"41606240105","Dell","SDR / Omitted OPP","2025-11-03 16:48","Workflow","Update deal stage before closed deal"
"59578862701","Caylent","SDR / Omitted OPP","2026-04-24 16:30","Workflow","Update deal stage before closed deal"
"35657033120","Moneybox","SDR / Omitted OPP","2025-04-10 19:17","Workflow","Update deal stage before closed deal"
"42840583492","Consilio","Demo / Presentation","2025-08-29 21:17","Workflow","Update deal stage before closed deal","SDR / Omitted OPP","2025-08-25 23:27","Workflow","Update deal stage before closed deal"
"61030120230","Paul, Weiss","SDR / Omitted OPP","2026-06-11 19:18","Workflow","Update deal stage before closed deal"
"22362410319","AMBOSS","SDR / Omitted OPP","2024-09-17 15:21","Workflow","Update deal stage before closed deal"
"38707778656","Qodo","Demo / Presentation","2025-06-24 10:39","Workflow","Update deal stage before closed deal","SDR / Omitted OPP","2025-06-10 12:40","Workflow","Update deal stage before closed deal"
"14380319009","NetDocuments","Demo / Presentation","2023-12-11 11:09","Import","Deal stage and pre stage  by Gal Tarrab Levi"
"29850109279","Infinite Campus","SDR / Omitted OPP","2024-12-04 21:05","Workflow","Update deal stage before closed deal"
"15961027436","ABS-TI","SDR / Omitted OPP","2023-12-11 11:09","Import","Deal stage and pre stage  by Gal Tarrab Levi"
"15843407895","HCL","SDR / Omitted OPP","2024-01-02 14:40","CRM UI Bulk Action","Gal Tarrab Levi"
"19186981491","Openly","SDR / Omitted OPP","2024-05-07 16:18","Workflow","Update deal stage before closed deal"
"34009695118","AI Art Generator","SDR / Omitted OPP","2025-02-27 10:41","Workflow","Update deal stage before closed deal"
"38918972570","BlueSG Pte Ltd","SDR / Omitted OPP","2025-06-16 12:14","Workflow","Update deal stage before closed deal"
"48177978956","GardaWorld","Demo / Presentation","2025-12-18 18:56","Workflow","Update deal stage before closed deal","SDR / Omitted OPP","2025-11-04 12:24","Workflow","Update deal stage before closed deal"
"12407049324","Sapiens","Demo / Presentation","2023-12-11 11:09","Import","Deal stage and pre stage  by Gal Tarrab Levi"
"61030278542","Qualified","SDR / Omitted OPP","2026-06-11 19:18","Workflow","Update deal stage before closed deal"
"36124589056","Evolution Funding","SDR / Omitted OPP","2025-04-23 11:24","Workflow","Update deal stage before closed deal"
"15959588702","Zapier","SDR / Omitted OPP","2024-01-02 14:37","CRM UI Bulk Action","Gal Tarrab Levi"
"20136318390","WSC Sports","Pilot Prep","2024-12-05 16:49","Workflow","Update deal stage before closed deal","Demo / Presentation","2024-10-14 14:53","Workflow","Update deal stage before closed deal","SDR / Omitted OPP","2024-06-17 14:11","Workflow","Update deal stage before closed deal"
"40327964499","Wiley","Negotiation / Legal","2026-02-26 21:38","Workflow","Update deal stage before closed deal","Business case confirmation","2025-11-13 18:09","Workflow","Update deal stage before closed deal","Formal Pilot","2025-10-07 19:30","Workflow","Update deal stage before closed deal","Pilot Prep","2025-07-22 23:39","Workflow","Update deal stage before closed deal","Demo / Presentation","2025-07-22 21:10","Workflow","Update deal stage before closed deal","SDR / Omitted OPP","2025-07-16 21:04","Workflow","Update deal stage before closed deal"
"19752803661","LTIMindtree - Partnership opp","SDR / Omitted OPP","2024-05-31 16:08","Workflow","Update deal stage before closed deal"
"32463116205","Yum Connect, LLC","Negotiation / Legal","2025-01-26 16:09","Record Merge","","Negotiation / Legal","2025-01-26 16:08","Record Merge","","SDR / Omitted OPP","2025-01-26 09:41","Workflow","Update deal stage before closed deal","SDR / Omitted OPP","2025-01-26 09:41","Workflow","Update deal stage before closed deal","Negotiation / Legal","2024-11-18 18:19","Workflow","Update deal stage before closed deal","Business case confirmation","2024-10-29 18:10","Workflow","Update deal stage before closed deal","Pilot Prep","2024-10-09 18:00","Workflow","Update deal stage before closed deal","Demo / Presentation","2024-09-26 18:40","Workflow","Update deal stage before closed deal","SDR / Omitted OPP","2024-09-20 18:34","Workflow","Update deal stage before closed deal"
"34322572038","Schneider Electric","SDR / Omitted OPP","2025-03-06 11:27","Record Merge","","SDR / Omitted OPP","2025-03-06 11:27","Record Merge","","SDR / Omitted OPP","2025-03-06 11:25","Workflow","Update deal stage before closed deal","SDR / Omitted OPP","2025-03-06 11:25","Workflow","Update deal stage before closed deal","SDR / Omitted OPP","2025-02-28 17:52","Workflow","Update deal stage before closed deal"
"60487390984","KODE Labs","Negotiation / Legal","2026-06-17 16:58","Workflow","Update deal stage before closed deal","Business case confirmation","2026-06-17 16:58","Workflow","Update deal stage before closed deal","Formal Pilot","2026-06-17 16:57","Workflow","Update deal stage before closed deal","Pilot Prep","2026-05-28 19:29","Workflow","Update deal stage before closed deal","Demo / Presentation","2026-05-22 17:27","Workflow","Update deal stage before closed deal","SDR / Omitted OPP","2026-05-21 19:45","Workflow","Update deal stage before closed deal"
"58162086178","Brilliance Financial Pty Ltd","Demo / Presentation","2026-03-30 00:41","Workflow","Update deal stage before closed deal","SDR / Omitted OPP","2026-03-20 02:18","Workflow","Update deal stage before closed deal"
"12364787076","CyberArk 2023","Negotiation / Legal","2023-12-20 12:47","Workflow","Update deal stage before closed deal","Business case confirmation","2023-12-11 11:09","Import","Deal stage and pre stage  by Gal Tarrab Levi"
"41437971743","Shape Digital","Negotiation / Legal","2025-09-05 17:03","Workflow","Update deal stage before closed deal","Business case confirmation","2025-08-07 22:44","Workflow","Update deal stage before closed deal","Formal Pilot","2025-08-07 22:43","Workflow","Update deal stage before closed deal","Pilot Prep","2025-08-06 17:00","Workflow","Update deal stage before closed deal","Demo / Presentation","2025-08-06 00:47","Workflow","Update deal stage before closed deal","SDR / Omitted OPP","2025-08-06 00:42","Workflow","Update deal stage before closed deal"
"29112718474","DocuSign","SDR / Omitted OPP","2024-11-14 22:39","Workflow","Update deal stage before closed deal"
"59185227899","Dragonpass","SDR / Omitted OPP","2026-04-15 17:40","Record Merge","","SDR / Omitted OPP","2026-04-10 22:07","Workflow","Update deal stage before closed deal","SDR / Omitted OPP","2026-04-08 11:55","Workflow","Update deal stage before closed deal"
"17388046593","Senec","SDR / Omitted OPP","2024-02-06 10:59","Workflow","Update deal stage before closed deal"
"54212133906","Elbit Systems","SDR / Omitted OPP","2026-01-19 22:46","Workflow","Update deal stage before closed deal"
"35607929483","Tab","SDR / Omitted OPP","2025-04-10 19:11","Workflow","Update deal stage before closed deal"
"36518027907","ALLSTATE","SDR / Omitted OPP","2025-04-29 16:37","Workflow","Update deal stage before closed deal"
"14896238855","Ara","SDR / Omitted OPP","2023-12-11 11:09","Import","Deal stage and pre stage  by Gal Tarrab Levi"
"15961319270","Coupa","SDR / Omitted OPP","2024-01-02 14:37","CRM UI Bulk Action","Gal Tarrab Levi"
"60177810695","Nike ","SDR / Omitted OPP","2026-05-12 21:00","Workflow","Update deal stage before closed deal"
"35427818851","Meshcloud ","SDR / Omitted OPP","2025-04-03 15:34","Workflow","Update deal stage before closed deal"
"29122266295","Edgesource","SDR / Omitted OPP","2024-11-15 01:01","Workflow","Update deal stage before closed deal"
"18290834752","Engineer.ai Global Ltd. ","SDR / Omitted OPP","2024-03-28 18:09","Workflow","Update deal stage before closed deal"
"40255946581","Kaizengaming","Demo / Presentation","2025-07-17 15:33","Workflow","Update deal stage before closed deal","SDR / Omitted OPP","2025-07-15 11:54","Workflow","Update deal stage before closed deal"
"46583188107","Ericsson","SDR / Omitted OPP","2025-10-21 10:01","Workflow","Update deal stage before closed deal"
"37494774840","T-Mobile","SDR / Omitted OPP","2025-06-03 17:44","Workflow","Update deal stage before closed deal"
"51997684542","Fortis","SDR / Omitted OPP","2026-02-10 06:19","Workflow","Update deal stage before closed deal"
"46514115769","Sick AG","SDR / Omitted OPP","2025-10-21 12:51","Workflow","Update deal stage before closed deal"
"21550515342","Cognizant (Unknown client)","SDR / Omitted OPP","2024-08-18 12:23","Workflow","Update deal stage before closed deal"
"35844799488","OpenTech Alliance","SDR / Omitted OPP","2025-04-17 21:40","Workflow","Update deal stage before closed deal"
"19699934982","Wakam","SDR / Omitted OPP","2024-05-29 16:50","Record Merge","","SDR / Omitted OPP","2024-05-29 12:09","Workflow","Update deal stage before closed deal","SDR / Omitted OPP","2024-05-13 18:53","Workflow","Update deal stage before closed deal"
"18357775255","Deutsche Bank","SDR / Omitted OPP","2024-04-01 15:41","Record Merge","","SDR / Omitted OPP","2024-04-01 14:18","Workflow","Update deal stage before closed deal","SDR / Omitted OPP","2024-04-01 14:08","Workflow","Update deal stage before closed deal"
"15842694504","Adfolks","SDR / Omitted OPP","2024-01-02 14:40","CRM UI Bulk Action","Gal Tarrab Levi"
"28870171562","Tetrahedron","SDR / Omitted OPP","2024-11-07 19:39","Workflow","Update deal stage before closed deal"
"16820327776","IPSY","Pilot Prep","2024-02-21 01:01","Workflow","Update deal stage before closed deal","Formal Pilot","2024-02-09 19:15","Workflow","Update deal stage before closed deal","Pilot Prep","2024-01-11 15:53","Workflow","Update deal stage before closed deal","Demo / Presentation","2024-01-10 22:35","Workflow","Update deal stage before closed deal","SDR / Omitted OPP","2024-01-05 17:05","Workflow","Update deal stage before closed deal"
"59186188450","Monash University","SDR / Omitted OPP","2026-04-16 05:04","Workflow","Update deal stage before closed deal"
"15715281970","GSK","Demo / Presentation","2023-12-11 11:09","Import","Deal stage and pre stage  by Gal Tarrab Levi"
"58317066101","KubeCon EU 2026 - Woven Planet","SDR / Omitted OPP","2026-03-25 11:38","Workflow","Update deal stage before closed deal"
"57350814129","Mastercard","Demo / Presentation","2026-03-25 17:13","Workflow","Update deal stage before closed deal","SDR / Omitted OPP","2026-03-02 19:39","Workflow","Update deal stage before closed deal"
"19382542974","Docusign - Investor intro","SDR / Omitted OPP","2024-05-15 15:12","Workflow","Update deal stage before closed deal"
"32967133776","eHealth ","Pilot Prep","2025-03-06 16:49","Workflow","Update deal stage before closed deal","Demo / Presentation","2025-02-07 20:07","Workflow","Update deal stage before closed deal","SDR / Omitted OPP","2025-02-03 21:38","Workflow","Update deal stage before closed deal"
"29074305897","Crubyt","SDR / Omitted OPP","2024-11-14 02:49","Workflow","Update deal stage before closed deal"
"12750463152","Amadeus","SDR / Omitted OPP","2024-01-02 14:40","CRM UI Bulk Action","Gal Tarrab Levi"
"40638201857","InPost","Business case confirmation","2026-04-22 12:37","Workflow","Update deal stage before closed deal","Formal Pilot","2025-12-19 12:29","Workflow","Update deal stage before closed deal","Pilot Prep","2025-11-06 14:12","Workflow","Update deal stage before closed deal","Demo / Presentation","2025-07-29 14:57","Workflow","Update deal stage before closed deal","SDR / Omitted OPP","2025-07-22 15:33","Workflow","Update deal stage before closed deal"
"59088496305","Deloitte","SDR / Omitted OPP","2026-04-10 22:07","Workflow","Update deal stage before closed deal"
"35606663321","Virgin Australia","SDR / Omitted OPP","2025-04-10 19:06","Workflow","Update deal stage before closed deal"
"35596003664","PWC - Expansion","Negotiation / Legal","2026-06-26 16:59","Workflow","Update deal stage before closed deal","Business case confirmation","2026-06-26 16:59","Workflow","Update deal stage before closed deal","Formal Pilot","2026-06-26 16:59","Workflow","Update deal stage before closed deal","Pilot Prep","2025-04-08 20:13","Workflow","Update deal stage before closed deal"
"51442306147","Garner Health","Demo / Presentation","2025-12-09 20:18","Workflow","Update deal stage before closed deal","SDR / Omitted OPP","2025-12-08 20:41","Workflow","Update deal stage before closed deal"
"20670697995","Optum","SDR / Omitted OPP","2024-07-11 08:33","Workflow","Update deal stage before closed deal"
"12749101165","Varonis","Pilot Prep","2023-12-31 09:58","CRM UI","Gal Tarrab Levi"
"58452737811","KubeCon EU 2026 - Ellison Institute of Technology","SDR / Omitted OPP","2026-03-26 23:26","Workflow","Update deal stage before closed deal"
"36892994579","HPE","SDR / Omitted OPP","2025-06-10 20:44","Workflow","Update deal stage before closed deal"
"35410776632","Orsted ","SDR / Omitted OPP","2025-04-03 16:02","Workflow","Update deal stage before closed deal"
"16194117729","NetDocuments","Negotiation / Legal","2024-03-18 12:19","CRM UI","Gal Tarrab Levi","SDR / Omitted OPP","2023-12-24 13:52","Import","STAGE BEFORE - Sheet1.csv by Gal Tarrab Levi","Negotiation / Legal","2023-12-13 21:41","Workflow","Update deal stage before closed deal"
"56487043610","IKEA","Formal Pilot","2026-06-02 12:38","Workflow","Update deal stage before closed deal","Pilot Prep","2026-06-02 12:11","Workflow","Update deal stage before closed deal","Demo / Presentation","2026-02-27 15:49","Workflow","Update deal stage before closed deal","SDR / Omitted OPP","2026-02-17 17:32","Workflow","Update deal stage before closed deal"
"54970549588","Gelato","Demo / Presentation","2026-03-03 16:19","Workflow","Update deal stage before closed deal","SDR / Omitted OPP","2026-01-29 12:03","Workflow","Update deal stage before closed deal"
"20028849815","Groupo AutoGlass","SDR / Omitted OPP","2024-06-12 14:01","Workflow","Update deal stage before closed deal"
"56434613776","Paramount Commerce","Demo / Presentation","2026-02-19 17:35","Workflow","Update deal stage before closed deal","SDR / Omitted OPP","2026-02-16 20:45","Workflow","Update deal stage before closed deal"
"38526301482","BannerHealth","Negotiation / Legal","2026-07-01 07:17","Workflow","Update deal stage before closed deal","Business case confirmation","2026-07-01 07:17","Workflow","Update deal stage before closed deal","Formal Pilot","2026-07-01 07:16","Workflow","Update deal stage before closed deal","Pilot Prep","2026-02-23 16:36","Workflow","Update deal stage before closed deal","Formal Pilot","2025-12-09 20:25","Workflow","Update deal stage before closed deal","Pilot Prep","2025-10-16 16:47","Workflow","Update deal stage before closed deal","Demo / Presentation","2025-06-18 18:22","Workflow","Update deal stage before closed deal","SDR / Omitted OPP","2025-06-05 18:17","Workflow","Update deal stage before closed deal"
"13650367852","SendBird","SDR / Omitted OPP","2023-12-11 11:09","Import","Deal stage and pre stage  by Gal Tarrab Levi"
"29883640888","Paypoint","Demo / Presentation","2024-12-13 11:28","Workflow","Update deal stage before closed deal","SDR / Omitted OPP","2024-12-05 17:11","Workflow","Update deal stage before closed deal"
"20661139065","Texas Mutual","Pilot Prep","2024-08-29 18:32","Workflow","Update deal stage before closed deal","Demo / Presentation","2024-07-16 23:06","Workflow","Update deal stage before closed deal","SDR / Omitted OPP","2024-07-10 21:55","Workflow","Update deal stage before closed deal"
"29072914550","Charles Schwab & Co., Inc. - KubeCon","SDR / Omitted OPP","2024-11-14 03:04","Workflow","Update deal stage before closed deal"
"36696324642","Guesty","SDR / Omitted OPP","2025-05-05 13:24","Record Merge","","SDR / Omitted OPP","2025-04-03 17:29","Workflow","Update deal stage before closed deal","SDR / Omitted OPP","2025-04-02 19:28","Workflow","Update deal stage before closed deal"
"47475064075","IKEA","SDR / Omitted OPP","2025-10-29 13:58","Workflow","Update deal stage before closed deal"
"51023916729","HubSeven - AWS LV 25","SDR / Omitted OPP","2025-12-02 21:45","Workflow","Update deal stage before closed deal"
"46736661557","Warner Bros. Discovery","SDR / Omitted OPP","2025-11-03 17:05","Workflow","Update deal stage before closed deal"
"29119871492","Becton, Dickinson and Company (BD)","SDR / Omitted OPP","2024-11-14 23:07","Workflow","Update deal stage before closed deal"
"20919381048","Island","Pilot Prep","2024-09-02 17:59","Workflow","Update deal stage before closed deal","Demo / Presentation","2024-08-08 12:58","Workflow","Update deal stage before closed deal","SDR / Omitted OPP","2024-07-23 13:04","Workflow","Update deal stage before closed deal"
"15494742886","Invafresh","Demo / Presentation","2024-03-03 15:20","CRM UI","Gal Tarrab Levi","SDR / Omitted OPP","2023-12-11 11:09","Import","Deal stage and pre stage  by Gal Tarrab Levi"
"21602666034","Point72","SDR / Omitted OPP","2024-08-21 15:30","Workflow","Update deal stage before closed deal"
"35384377607","TOMRA ","SDR / Omitted OPP","2025-04-02 14:38","Workflow","Update deal stage before closed deal"
"39259738294","Fidelity","Demo / Presentation","2025-07-09 19:36","Workflow","Update deal stage before closed deal","SDR / Omitted OPP","2025-07-07 23:51","Workflow","Update deal stage before closed deal"
"46434354716","Equinix","SDR / Omitted OPP","2025-10-18 04:46","Workflow","Update deal stage before closed deal"
"43899177527","oligosecurity.io","Negotiation / Legal","2025-09-25 12:51","Workflow","Update deal stage before closed deal","Demo / Presentation","2025-09-19 17:24","Workflow","Update deal stage before closed deal"
"15842871716","VMware","SDR / Omitted OPP","2024-01-02 14:40","CRM UI Bulk Action","Gal Tarrab Levi"
"34130701188","Lytx","SDR / Omitted OPP","2025-03-02 10:48","Record Merge","","SDR / Omitted OPP","2025-02-28 13:52","Workflow","Update deal stage before closed deal","SDR / Omitted OPP","2025-02-28 00:35","Workflow","Update deal stage before closed deal"
"11733314352","Splitit","SDR / Omitted OPP","2024-01-02 14:40","CRM UI Bulk Action","Gal Tarrab Levi"
"58451500154","KubeCon EU 2026 - TNG Technology Consulting GmbH","SDR / Omitted OPP","2026-03-26 23:26","Workflow","Update deal stage before closed deal"
"35398890900","Ssc intralinks","SDR / Omitted OPP","2025-04-03 15:36","Workflow","Update deal stage before closed deal"
"60638786429","Basware ","Formal Pilot","2026-05-26 13:33","Record Merge","","Formal Pilot","2026-05-18 18:25","Workflow","Update deal stage before closed deal","Pilot Prep","2026-05-18 11:09","Workflow","Update deal stage before closed deal","SDR / Omitted OPP","2026-05-11 16:37","Workflow","Update deal stage before closed deal","Demo / Presentation","2026-04-29 13:56","Workflow","Update deal stage before closed deal","SDR / Omitted OPP","2026-04-07 14:51","Workflow","Update deal stage before closed deal"
"61693094237","Sap National Security Services - New Deal","SDR / Omitted OPP","2026-06-26 22:37","Workflow","Update deal stage before closed deal"
"15837706036","Chain Reaction","Negotiation / Legal","2024-03-18 12:19","CRM UI","Gal Tarrab Levi","SDR / Omitted OPP","2023-12-24 13:52","Import","STAGE BEFORE - Sheet1.csv by Gal Tarrab Levi","Negotiation / Legal","2023-12-13 10:42","Workflow","Update deal stage before closed deal"
"30408836659","Comm-it","SDR / Omitted OPP","2024-12-15 11:25","Workflow","Update deal stage before closed deal"
"15843431485","OneID","SDR / Omitted OPP","2024-01-02 14:40","CRM UI Bulk Action","Gal Tarrab Levi"
"20375768154","European Commission ","SDR / Omitted OPP","2024-06-27 12:00","Workflow","Update deal stage before closed deal"
"29293407519","Ascensus","SDR / Omitted OPP","2024-11-18 21:40","Workflow","Update deal stage before closed deal"
"20381074707","Fortescue (expand deal)","Negotiation / Legal","2025-03-21 19:22","Workflow","Update deal stage before closed deal","Business case confirmation","2024-10-18 15:39","Workflow","Update deal stage before closed deal","Formal Pilot","2024-10-18 15:39","Workflow","Update deal stage before closed deal","Pilot Prep","2024-10-18 15:39","Workflow","Update deal stage before closed deal","Demo / Presentation","2024-06-27 17:23","Workflow","Update deal stage before closed deal"
"19406494124","Duolingo","SDR / Omitted OPP","2024-05-16 12:03","Workflow","Update deal stage before closed deal"
"15330398746","Allergan plc","Demo / Presentation","2024-02-22 05:06","Workflow","Update deal stage before closed deal","Pilot Prep","2024-01-31 00:27","Workflow","Update deal stage before closed deal","SDR / Omitted OPP","2023-12-11 11:09","Import","Deal stage and pre stage  by Gal Tarrab Levi"
"14538134660","Armis","Business case confirmation","2023-12-11 11:09","Import","Deal stage and pre stage  by Gal Tarrab Levi"
"15842694718","Craftech","SDR / Omitted OPP","2024-01-02 14:40","CRM UI Bulk Action","Gal Tarrab Levi"
"17650157153","KT corp.","Demo / Presentation","2024-03-14 09:20","Workflow","Update deal stage before closed deal","SDR / Omitted OPP","2024-02-21 11:13","Workflow","Update deal stage before closed deal"
"17688059953","Deloitte (India)","SDR / Omitted OPP","2024-02-23 13:16","Workflow","Update deal stage before closed deal"
"39542840654","MOD Israel","SDR / Omitted OPP","2025-07-18 04:03","Workflow","Update deal stage before closed deal"
"32302854067","Clarivate Plc","Business case confirmation","2025-06-24 10:39","Workflow","Update deal stage before closed deal","Formal Pilot","2025-05-19 11:19","Workflow","Update deal stage before closed deal","Pilot Prep","2025-03-06 10:35","Workflow","Update deal stage before closed deal","Demo / Presentation","2025-02-12 11:48","Workflow","Update deal stage before closed deal","SDR / Omitted OPP","2025-01-21 23:55","Workflow","Update deal stage before closed deal"
"16414666154","GM Financial","SDR / Omitted OPP","2024-01-02 14:37","CRM UI Bulk Action","Gal Tarrab Levi"
"17101097275","OTC Markets Group","SDR / Omitted OPP","2024-01-22 17:12","Workflow","Update deal stage before closed deal"
"36538030340","Coremont ","SDR / Omitted OPP","2025-04-30 13:49","Workflow","Update deal stage before closed deal"
"42672935278","Aussie Broadband","SDR / Omitted OPP","2025-08-22 07:57","Workflow","Update deal stage before closed deal"
"51992233482","SS&C Technologies - New Deal","SDR / Omitted OPP","2025-12-16 23:19","Workflow","Update deal stage before closed deal"
"11509322129","HiBob","SDR / Omitted OPP","2024-01-02 14:40","CRM UI Bulk Action","Gal Tarrab Levi"
"60179590730","Adidas","SDR / Omitted OPP","2026-05-12 10:47","Workflow","Update deal stage before closed deal"
"38990146896","Metlife","SDR / Omitted OPP","2025-06-23 21:47","Workflow","Update deal stage before closed deal"
"58442120485","KubeCon EU 2026 - MIC","SDR / Omitted OPP","2026-03-26 23:26","Workflow","Update deal stage before closed deal"
"59419155098","Meta","SDR / Omitted OPP","2026-05-12 21:00","Workflow","Update deal stage before closed deal"
"57553788857","CVS Pharmacy","SDR / Omitted OPP","2026-03-12 05:10","Workflow","Update deal stage before closed deal"
"40312745306","Toast","Demo / Presentation","2025-08-08 23:32","Workflow","Update deal stage before closed deal","SDR / Omitted OPP","2025-07-16 14:59","Workflow","Update deal stage before closed deal"
"13363694430","Palo Alto Networks","SDR / Omitted OPP","2023-12-11 11:09","Import","Deal stage and pre stage  by Gal Tarrab Levi"
"19329466947","Aldermore Bank","SDR / Omitted OPP","2024-05-13 20:22","Workflow","Update deal stage before closed deal"
"59729757344","Just Retirement ","SDR / Omitted OPP","2026-04-28 13:28","Workflow","Update deal stage before closed deal"
"56583220046","Grupo NTsec","SDR / Omitted OPP","2026-02-18 04:53","Workflow","Update deal stage before closed deal"
"19981307706","GLS Group - Italy","Demo / Presentation","2024-06-20 13:47","Workflow","Update deal stage before closed deal","SDR / Omitted OPP","2024-06-10 11:13","Workflow","Update deal stage before closed deal"
"39883021443","NTT Data","SDR / Omitted OPP","2025-07-09 07:43","Workflow","Update deal stage before closed deal"
"59728317461","Fico","SDR / Omitted OPP","2026-04-29 11:40","Record Merge","","SDR / Omitted OPP","2026-04-02 16:21","Workflow","Update deal stage before closed deal","SDR / Omitted OPP","2026-03-11 15:15","Workflow","Update deal stage before closed deal"
"15843430790","InStride","SDR / Omitted OPP","2024-01-02 14:40","CRM UI Bulk Action","Gal Tarrab Levi"
"34863015754","Pague Menos","Pilot Prep","2025-05-14 16:06","Workflow","Update deal stage before closed deal","Demo / Presentation","2025-03-24 20:54","Workflow","Update deal stage before closed deal","SDR / Omitted OPP","2025-03-19 21:49","Workflow","Update deal stage before closed deal"
"46547225687","Milestone Systems","SDR / Omitted OPP","2025-10-21 12:52","Workflow","Update deal stage before closed deal"
"56650645600","Klaviyo","SDR / Omitted OPP","2026-02-19 17:23","Workflow","Update deal stage before closed deal"
"61031653669","SmarterDx","SDR / Omitted OPP","2026-06-11 19:18","Workflow","Update deal stage before closed deal"
"59271792907","Bank of England | IDP | UK","Demo / Presentation","2026-04-29 12:55","Workflow","Update deal stage before closed deal","SDR / Omitted OPP","2026-04-17 12:15","Record Merge","","SDR / Omitted OPP","2026-04-10 22:07","Workflow","Update deal stage before closed deal","SDR / Omitted OPP","2026-03-09 12:38","Workflow","Update deal stage before closed deal"
"32757217549","Commonwealth Bank of Australia","Demo / Presentation","2025-02-14 04:26","Workflow","Update deal stage before closed deal","SDR / Omitted OPP","2025-01-30 08:59","Workflow","Update deal stage before closed deal"
"19700221698","b.well","Pilot Prep","2024-05-29 17:16","Workflow","Update deal stage before closed deal"
"29143960382","Drata","Demo / Presentation","2025-06-18 19:38","Workflow","Update deal stage before closed deal","Pilot Prep","2024-11-25 19:50","Workflow","Update deal stage before closed deal","Demo / Presentation","2024-11-22 20:55","Workflow","Update deal stage before closed deal","SDR / Omitted OPP","2024-11-15 19:44","Workflow","Update deal stage before closed deal"
"34762352771","Everest ","Negotiation / Legal","2025-04-17 17:54","Workflow","Update deal stage before closed deal","Business case confirmation","2025-03-26 21:40","Workflow","Update deal stage before closed deal","Pilot Prep","2025-03-18 10:34","Record Merge","","Pilot Prep","2025-03-18 10:34","Record Merge","","SDR / Omitted OPP","2025-03-17 22:46","Workflow","Update deal stage before closed deal","SDR / Omitted OPP","2025-03-17 22:45","Workflow","Update deal stage before closed deal","Pilot Prep","2025-03-17 16:01","Workflow","Update deal stage before closed deal","Demo / Presentation","2025-03-17 15:46","Workflow","Update deal stage before closed deal","SDR / Omitted OPP","2025-03-14 21:27","Workflow","Update deal stage before closed deal"
"58441040282","KubeCon EU 2026 - Credo Bank","SDR / Omitted OPP","2026-03-26 23:26","Workflow","Update deal stage before closed deal"
"58248565098","RIMAC Seguros y Reaseguros S.A.","SDR / Omitted OPP","2026-03-23 17:49","Workflow","Update deal stage before closed deal"
"18128391835","Sibilla Consult - KubeCon","SDR / Omitted OPP","2024-03-20 17:34","Workflow","Update deal stage before closed deal"
"23202819692","Customer.io","Business case confirmation","2025-05-05 16:07","Workflow","Update deal stage before closed deal","Formal Pilot","2024-11-21 21:09","Workflow","Update deal stage before closed deal","Pilot Prep","2024-10-23 16:53","Workflow","Update deal stage before closed deal","Demo / Presentation","2024-10-18 15:57","Workflow","Update deal stage before closed deal","SDR / Omitted OPP","2024-10-13 06:43","Workflow","Update deal stage before closed deal"
"39262050162","Irembo","SDR / Omitted OPP","2025-06-25 12:10","Workflow","Update deal stage before closed deal"
"61355767928","1Password","Pilot Prep","2026-06-22 18:36","Workflow","Update deal stage before closed deal"
"59180962443","Siigo 50 seats, enterprise ","Negotiation / Legal","2026-04-15 15:24","Record Merge","","Negotiation / Legal","2026-04-13 21:04","Workflow","Update deal stage before closed deal","Business case confirmation","2026-04-06 19:26","Workflow","Update deal stage before closed deal","Formal Pilot","2026-04-06 19:26","Workflow","Update deal stage before closed deal","Pilot Prep","2026-03-11 23:33","Workflow","Update deal stage before closed deal","Demo / Presentation","2026-01-20 21:42","Workflow","Update deal stage before closed deal","SDR / Omitted OPP","2026-01-18 12:07","Workflow","Update deal stage before closed deal"
"34703212460","Weka","Business case confirmation","2025-03-16 11:32","Record Merge","","Business case confirmation","2025-03-16 11:32","Record Merge","","SDR / Omitted OPP","2025-03-16 09:35","Workflow","Update deal stage before closed deal","SDR / Omitted OPP","2025-03-16 09:35","Workflow","Update deal stage before closed deal","Business case confirmation","2025-03-12 10:26","Record Merge","","Business case confirmation","2025-03-12 10:25","Record Merge","","SDR / Omitted OPP","2025-03-11 20:05","Workflow","Update deal stage before closed deal","SDR / Omitted OPP","2025-03-11 20:05","Workflow","Update deal stage before closed deal","Business case confirmation","2023-12-11 11:09","Import","Deal stage and pre stage  by Gal Tarrab Levi"
"58208321371","The AES Corporation","SDR / Omitted OPP","2026-03-24 21:35","Workflow","Update deal stage before closed deal"
"16447469961","Arch Capital Group","Negotiation / Legal","2024-05-14 21:04","Workflow","Update deal stage before closed deal","Business case confirmation","2024-05-13 17:39","Workflow","Update deal stage before closed deal","Demo / Presentation","2024-02-21 19:40","Workflow","Update deal stage before closed deal","Pilot Prep","2024-01-11 00:15","Workflow","Update deal stage before closed deal","SDR / Omitted OPP","2023-12-24 13:52","Import","STAGE BEFORE - Sheet1.csv by Gal Tarrab Levi"
"56645824352","Admiral Group Plc","SDR / Omitted OPP","2026-02-19 16:43","Workflow","Update deal stage before closed deal"
"31734851134","FHLB Cincinnati","Pilot Prep","2025-03-04 20:44","Workflow","Update deal stage before closed deal","Demo / Presentation","2025-01-31 22:15","Workflow","Update deal stage before closed deal","SDR / Omitted OPP","2025-01-09 17:38","Workflow","Update deal stage before closed deal"
"60228229777","BNP Paribas CIB ","SDR / Omitted OPP","2026-05-13 14:05","Record Merge","","SDR / Omitted OPP","2026-04-10 22:07","Workflow","Update deal stage before closed deal","SDR / Omitted OPP","2026-03-06 18:09","Workflow","Update deal stage before closed deal"
"52810630751","Sunbit, Inc.","SDR / Omitted OPP","2025-12-29 12:24","Workflow","Update deal stage before closed deal"
"15975424572","University of Notre Dame","SDR / Omitted OPP","2023-12-24 13:52","Import","STAGE BEFORE - Sheet1.csv by Gal Tarrab Levi"
"29040576286","Consensys","SDR / Omitted OPP","2024-11-14 00:19","Workflow","Update deal stage before closed deal"
"13735107642","HTX - reschedule","SDR / Omitted OPP","2023-12-11 11:09","Import","Deal stage and pre stage  by Gal Tarrab Levi"
"60646071381","Avenga ","SDR / Omitted OPP","2026-06-22 18:32","Workflow","Update deal stage before closed deal"
"53385096208","OhioHealth","SDR / Omitted OPP","2026-03-12 05:10","Workflow","Update deal stage before closed deal"
"60981257295","4G Capital ","Demo / Presentation","2026-06-11 12:01","Workflow","Update deal stage before closed deal","SDR / Omitted OPP","2026-06-09 17:47","Workflow","Update deal stage before closed deal"
"41893088390","Ministry of Programming","SDR / Omitted OPP","2025-08-12 21:28","Workflow","Update deal stage before closed deal"
"16975697162","GLS Group","Negotiation / Legal","2024-07-02 17:22","Workflow","Update deal stage before closed deal","Business case confirmation","2024-04-15 14:59","Workflow","Update deal stage before closed deal","Formal Pilot","2024-02-05 15:07","Workflow","Update deal stage before closed deal","Pilot Prep","2024-01-16 19:00","Record Merge","","SDR / Omitted OPP","2024-01-16 16:56","Workflow","Update deal stage before closed deal","Pilot Prep","2024-01-09 15:57","Workflow","Update deal stage before closed deal","Demo / Presentation","2024-01-05 09:56","Workflow","Update deal stage before closed deal","SDR / Omitted OPP","2024-01-02 14:37","CRM UI Bulk Action","Gal Tarrab Levi"
"58328941910","Okta, Inc. - New Deal","SDR / Omitted OPP","2026-03-24 21:08","Workflow","Update deal stage before closed deal"
"29774121532","Cognyte","SDR / Omitted OPP","2024-12-03 15:26","Workflow","Update deal stage before closed deal"
"35023529634","Workday","Pilot Prep","2025-03-24 14:52","Record Merge","","Pilot Prep","2025-03-24 14:51","Record Merge","","SDR / Omitted OPP","2025-03-24 14:44","Workflow","Update deal stage before closed deal","SDR / Omitted OPP","2025-03-24 14:44","Workflow","Update deal stage before closed deal","Pilot Prep","2024-06-06 18:18","Workflow","Update deal stage before closed deal","Formal Pilot","2024-05-30 18:34","Workflow","Update deal stage before closed deal","Demo / Presentation","2024-05-23 16:28","Workflow","Update deal stage before closed deal","SDR / Omitted OPP","2024-05-06 20:42","Workflow","Update deal stage before closed deal"
"15958036495","ByteDance","SDR / Omitted OPP","2024-01-02 14:37","CRM UI Bulk Action","Gal Tarrab Levi"
"35412570731","MUFG Securities ","SDR / Omitted OPP","2025-04-04 15:49","Workflow","Update deal stage before closed deal"
"17616044443","ABN AMRO ","Demo / Presentation","2024-02-26 14:49","Workflow","Update deal stage before closed deal","SDR / Omitted OPP","2024-02-19 12:37","Workflow","Update deal stage before closed deal"
"49070497571","BHP - 2026","Negotiation / Legal","2026-02-13 10:24","Workflow","Update deal stage before closed deal","Business case confirmation","2026-02-13 10:24","Workflow","Update deal stage before closed deal","Formal Pilot","2026-02-13 10:24","Workflow","Update deal stage before closed deal","Pilot Prep","2025-11-14 05:33","Workflow","Update deal stage before closed deal"
"46558050681","AE","SDR / Omitted OPP","2025-10-21 17:55","Workflow","Update deal stage before closed deal"
"61463220762","Sveriges Radio P3 ","SDR / Omitted OPP","2026-06-23 17:02","Workflow","Update deal stage before closed deal"
"54314206131","GoFundMe ","Business case confirmation","2026-05-07 00:10","Workflow","Update deal stage before closed deal","Formal Pilot","2026-05-07 00:10","Workflow","Update deal stage before closed deal","Pilot Prep","2026-05-07 00:10","Workflow","Update deal stage before closed deal","Formal Pilot","2026-03-20 19:14","Workflow","Update deal stage before closed deal","Pilot Prep","2026-02-09 21:44","Workflow","Update deal stage before closed deal","Demo / Presentation","2026-01-23 01:13","Workflow","Update deal stage before closed deal","SDR / Omitted OPP","2026-01-23 01:11","Workflow","Update deal stage before closed deal"
"33182929963","Rasa Technologies Inc","Pilot Prep","2025-02-09 11:26","Record Merge","","SDR / Omitted OPP","2025-02-05 17:03","Workflow","Update deal stage before closed deal","Pilot Prep","2024-10-25 17:15","Workflow","Update deal stage before closed deal","Formal Pilot","2024-08-28 19:18","Workflow","Update deal stage before closed deal","Demo / Presentation","2024-08-07 19:45","Workflow","Update deal stage before closed deal","SDR / Omitted OPP","2024-07-24 12:59","Workflow","Update deal stage before closed deal"
"28356543901","Amerisure","Demo / Presentation","2024-10-28 23:09","Workflow","Update deal stage before closed deal","SDR / Omitted OPP","2024-10-25 17:47","Workflow","Update deal stage before closed deal"
"35363073395","Rasa ","SDR / Omitted OPP","2025-04-02 14:53","Workflow","Update deal stage before closed deal"
"35095328687","Torry Harris Business Solutions","SDR / Omitted OPP","2025-03-26 13:24","Workflow","Update deal stage before closed deal"
"16037763763","Malt","Negotiation / Legal","2024-02-20 18:09","Workflow","Update deal stage before closed deal","Business case confirmation","2024-01-19 16:12","Workflow","Update deal stage before closed deal","SDR / Omitted OPP","2023-12-11 11:09","Import","Deal stage and pre stage  by Gal Tarrab Levi"
"37136695666","Community Health Network","SDR / Omitted OPP","2025-05-14 01:17","Workflow","Update deal stage before closed deal"
"58435073560","KubeCon EU 2026 - Admiral Group PLC","SDR / Omitted OPP","2026-03-26 23:26","Workflow","Update deal stage before closed deal"
"37977665353","TransUnion","SDR / Omitted OPP","2025-06-10 20:44","Workflow","Update deal stage before closed deal"
"18148608047","IA groupe - KubeCon","SDR / Omitted OPP","2024-03-21 15:39","Workflow","Update deal stage before closed deal"
"36479034477","The Hong Kong Jockey Club","Pilot Prep","2025-07-30 09:43","Workflow","Update deal stage before closed deal","Demo / Presentation","2025-06-30 11:01","Workflow","Update deal stage before closed deal","SDR / Omitted OPP","2025-04-29 10:08","Workflow","Update deal stage before closed deal"
"35302736231","American Express","SDR / Omitted OPP","2025-04-01 16:17","Workflow","Update deal stage before closed deal"
"59103904818","Axoflow","SDR / Omitted OPP","2026-04-10 22:07","Workflow","Update deal stage before closed deal"
"61030380560","Sunrun","SDR / Omitted OPP","2026-06-11 19:18","Workflow","Update deal stage before closed deal"
"29802399132","Southwest Airlines","Demo / Presentation","2025-01-09 17:27","Workflow","Update deal stage before closed deal","SDR / Omitted OPP","2024-12-03 23:28","Workflow","Update deal stage before closed deal"
"61031530842","Appian Corporation","SDR / Omitted OPP","2026-06-11 19:18","Workflow","Update deal stage before closed deal"
"56460923421","Morgan Stanley","SDR / Omitted OPP","2026-02-17 19:36","Workflow","Update deal stage before closed deal"
"19216333075","Takeda","Demo / Presentation","2024-05-20 17:24","Workflow","Update deal stage before closed deal","SDR / Omitted OPP","2024-05-08 16:28","Workflow","Update deal stage before closed deal"
"16157480879","Global Fashion Group / GFG","Business case confirmation","2024-01-30 22:09","Workflow","Update deal stage before closed deal","SDR / Omitted OPP","2023-12-11 11:09","Import","Deal stage and pre stage  by Gal Tarrab Levi"
"45037806702","Regions Bank","Demo / Presentation","2025-10-03 19:29","Workflow","Update deal stage before closed deal","SDR / Omitted OPP","2025-10-01 14:37","Workflow","Update deal stage before closed deal"
"36663556522","Check Point Software Technologies Ltd. ","SDR / Omitted OPP","2025-05-04 16:27","Record Merge","","SDR / Omitted OPP","2025-05-04 16:15","Workflow","Update deal stage before closed deal","SDR / Omitted OPP","2025-05-04 16:14","Workflow","Update deal stage before closed deal"
"15843406649","Mindtree","SDR / Omitted OPP","2024-01-02 14:40","CRM UI Bulk Action","Gal Tarrab Levi"
"22832241270","EDP ","SDR / Omitted OPP","2024-10-01 12:29","Workflow","Update deal stage before closed deal"
"15142688911","CyberSixGill-2024","","2024-01-01 13:37","CRM UI","Gal Tarrab Levi","SDR / Omitted OPP","2023-12-11 11:09","Import","Deal stage and pre stage  by Gal Tarrab Levi"
"19724858653","BT Business (2025 renewal)","","2024-01-01 13:37","CRM UI","Gal Tarrab Levi","SDR / Omitted OPP","2023-12-11 11:09","Import","Deal stage and pre stage  by Gal Tarrab Levi"
"48891484516","Fubo ","SDR / Omitted OPP","2025-11-13 03:17","Workflow","Update deal stage before closed deal"
"33028820380","NatWest Markets Securities Inc","SDR / Omitted OPP","2025-02-06 11:09","Workflow","Update deal stage before closed deal"
"60691180936","U.S. Bank ","SDR / Omitted OPP","2026-05-28 23:22","Workflow","Update deal stage before closed deal"
"18131433805","Bose - KubeCon","SDR / Omitted OPP","2024-03-20 20:36","Workflow","Update deal stage before closed deal"
"19675440165","EMBURSE","SDR / Omitted OPP","2024-05-28 17:40","Workflow","Update deal stage before closed deal"
"61870292621","Adidas - New Deal","SDR / Omitted OPP","2026-06-30 18:08","Workflow","Update deal stage before closed deal"
"18127139156","EnOcean - KubeCon","SDR / Omitted OPP","2024-03-20 17:07","Workflow","Update deal stage before closed deal"
"34440886058","JYSK","SDR / Omitted OPP","2025-03-09 19:03","Workflow","Update deal stage before closed deal"
"43508315513","Lastminute.com","Demo / Presentation","2026-05-18 15:45","Workflow","Update deal stage before closed deal","SDR / Omitted OPP","2025-09-09 10:37","Workflow","Update deal stage before closed deal"
"34334104729","Embraer","Demo / Presentation","2025-11-13 17:20","Workflow","Update deal stage before closed deal","Pilot Prep","2025-05-15 18:23","Workflow","Update deal stage before closed deal","Demo / Presentation","2025-03-18 22:50","Workflow","Update deal stage before closed deal","SDR / Omitted OPP","2025-03-06 17:09","Workflow","Update deal stage before closed deal"
"60343196539","Mercedes-Benz","SDR / Omitted OPP","2026-05-19 13:48","Workflow","Update deal stage before closed deal"
"20162964766","Delfi Meedia","Negotiation / Legal","2024-08-15 12:01","Workflow","Update deal stage before closed deal","Business case confirmation","2024-08-14 18:39","Workflow","Update deal stage before closed deal","Formal Pilot","2024-07-12 16:12","Workflow","Update deal stage before closed deal","Pilot Prep","2024-07-03 19:41","Workflow","Update deal stage before closed deal","Demo / Presentation","2024-06-27 17:52","Workflow","Update deal stage before closed deal","SDR / Omitted OPP","2024-06-18 13:26","Workflow","Update deal stage before closed deal"
"41908988556","Greenstone Financial Services","SDR / Omitted OPP","2025-08-13 11:40","Record Merge","","SDR / Omitted OPP","2025-07-24 19:36","Workflow","Update deal stage before closed deal","SDR / Omitted OPP","2025-07-24 19:36","Workflow","Update deal stage before closed deal"
"30737354597","Walmart","SDR / Omitted OPP","2024-12-18 19:46","Workflow","Update deal stage before closed deal"
"39970759571","Medtronic Global IT Expansion (Team leads)","Pilot Prep","2025-09-04 17:41","Workflow","Update deal stage before closed deal","Demo / Presentation","2025-07-10 18:32","Workflow","Update deal stage before closed deal"
"12749187130","FM Global - cancelled","SDR / Omitted OPP","2023-12-11 11:09","Import","Deal stage and pre stage  by Gal Tarrab Levi"
"22357651357","Innovid","Demo / Presentation","2024-10-14 14:26","Workflow","Update deal stage before closed deal","SDR / Omitted OPP","2024-09-17 18:20","Workflow","Update deal stage before closed deal"
"15843407185","Svaaswellness","SDR / Omitted OPP","2024-01-02 14:40","CRM UI Bulk Action","Gal Tarrab Levi"
"61459280997","Kraken Technologies ","SDR / Omitted OPP","2026-06-23 14:32","Workflow","Update deal stage before closed deal"
"51946911763","Samsung","SDR / Omitted OPP","2025-12-15 22:32","Workflow","Update deal stage before closed deal"
"58208222329","Merck - 2,026","Negotiation / Legal","2026-03-23 12:06","Record Merge","","Negotiation / Legal","2026-03-02 10:25","Workflow","Update deal stage before closed deal"
"36599500355","Meijer","Demo / Presentation","2025-05-22 18:14","Workflow","Update deal stage before closed deal","SDR / Omitted OPP","2025-05-01 15:51","Workflow","Update deal stage before closed deal"
"28453255727","Booking.com","SDR / Omitted OPP","2024-10-29 13:02","Workflow","Update deal stage before closed deal"
"38995052157","Abbott","SDR / Omitted OPP","2025-06-23 21:47","Workflow","Update deal stage before closed deal"
"43008620639","Erste Group","SDR / Omitted OPP","2025-08-28 18:09","Workflow","Update deal stage before closed deal"
"13371281316","CCO","Negotiation / Legal","2023-12-11 11:09","Import","Deal stage and pre stage  by Gal Tarrab Levi"
"14377157468","Skyfi ","SDR / Omitted OPP","2023-12-11 11:09","Import","Deal stage and pre stage  by Gal Tarrab Levi"
"35732858682","Airbus","SDR / Omitted OPP","2025-04-14 13:02","Workflow","Update deal stage before closed deal"
"34407355550","Corelight","SDR / Omitted OPP","2025-03-09 11:02","Record Merge","","SDR / Omitted OPP","2025-03-07 21:31","Workflow","Update deal stage before closed deal","SDR / Omitted OPP","2025-03-07 21:28","Workflow","Update deal stage before closed deal"
"41438034848","Ministry of Defence of Singapore","SDR / Omitted OPP","2025-08-07 16:26","Workflow","Update deal stage before closed deal"
"19153211202","Drivenets","Pilot Prep","2024-11-14 17:34","Workflow","Update deal stage before closed deal","Demo / Presentation","2024-07-18 16:11","Workflow","Update deal stage before closed deal","SDR / Omitted OPP","2024-05-06 15:15","Workflow","Update deal stage before closed deal"
"22647136387","Nextinsurance ","SDR / Omitted OPP","2024-09-26 11:31","Record Merge","","SDR / Omitted OPP","2024-09-26 11:18","Workflow","Update deal stage before closed deal","SDR / Omitted OPP","2024-09-23 19:04","Workflow","Update deal stage before closed deal"
"22408373663","Mercedes-Benz - SRE day","SDR / Omitted OPP","2024-09-19 12:45","Workflow","Update deal stage before closed deal"
"28992809821","Cambia Health Solutions, Inc. ","SDR / Omitted OPP","2024-11-13 00:06","Workflow","Update deal stage before closed deal"
"29485575794","EMBURSE","Demo / Presentation","2024-12-18 17:21","Workflow","Update deal stage before closed deal","SDR / Omitted OPP","2024-11-22 21:23","Workflow","Update deal stage before closed deal"
"58332118853","Genpact - IDP / EDP New Logo - Vidya Rao (CTO)","SDR / Omitted OPP","2026-03-26 16:39","Workflow","Update deal stage before closed deal"
"13364913049","Capgemini","Demo / Presentation","2023-12-11 11:09","Import","Deal stage and pre stage  by Gal Tarrab Levi"
"41901316614","CheckPoint Software Technologies Ltd.","Pilot Prep","2026-03-12 12:08","Workflow","Update deal stage before closed deal","Formal Pilot","2026-02-23 10:43","Workflow","Update deal stage before closed deal","Pilot Prep","2025-09-08 10:27","Workflow","Update deal stage before closed deal","Demo / Presentation","2025-08-28 11:19","Workflow","Update deal stage before closed deal","SDR / Omitted OPP","2025-08-13 14:55","Workflow","Update deal stage before closed deal"
"34317534994","Abu Dhabi Investment Authority (ADIA)","Negotiation / Legal","2025-06-24 15:15","Workflow","Update deal stage before closed deal","Formal Pilot","2025-06-02 11:09","Workflow","Update deal stage before closed deal","Pilot Prep","2025-03-20 17:56","Workflow","Update deal stage before closed deal","Demo / Presentation","2025-03-06 10:23","Record Merge","","SDR / Omitted OPP","2025-03-05 19:04","Workflow","Update deal stage before closed deal","Demo / Presentation","2025-03-04 23:28","Workflow","Update deal stage before closed deal","SDR / Omitted OPP","2025-02-25 17:22","Workflow","Update deal stage before closed deal"
"29119141248","NASA","SDR / Omitted OPP","2024-11-15 00:33","Workflow","Update deal stage before closed deal"
"15443328909","Transfergo","Business case confirmation","2023-12-11 11:09","Import","Deal stage and pre stage  by Gal Tarrab Levi"
"13342277152","Cencosud","Pilot Prep","2023-12-11 11:09","Import","Deal stage and pre stage  by Gal Tarrab Levi"
"18147651072","Medtronic","Negotiation / Legal","2024-07-25 20:56","Workflow","Update deal stage before closed deal","Business case confirmation","2024-04-11 17:56","Workflow","Update deal stage before closed deal","Pilot Prep","2024-04-02 16:35","Workflow","Update deal stage before closed deal","SDR / Omitted OPP","2024-03-21 14:09","Workflow","Update deal stage before closed deal"
"19564038799","Roche ","SDR / Omitted OPP","2024-05-23 19:04","Workflow","Update deal stage before closed deal"
"21076977825","Qualcomm","Demo / Presentation","2024-08-15 16:47","Workflow","Update deal stage before closed deal","SDR / Omitted OPP","2024-07-31 00:33","Workflow","Update deal stage before closed deal"
"59138766914","Lego","Demo / Presentation","2026-05-28 15:53","Workflow","Update deal stage before closed deal","SDR / Omitted OPP","2026-04-13 10:57","Workflow","Update deal stage before closed deal"
"42071548538","Appen","SDR / Omitted OPP","2025-08-14 11:07","Workflow","Update deal stage before closed deal"
"16037476439","AutoDoc","Negotiation / Legal","2024-02-07 22:26","Workflow","Update deal stage before closed deal","Business case confirmation","2024-01-10 16:23","Workflow","Update deal stage before closed deal","Demo / Presentation","2023-12-24 13:52","Import","STAGE BEFORE - Sheet1.csv by Gal Tarrab Levi","Pilot Prep","2023-12-22 12:16","Workflow","Update deal stage before closed deal"
"59104207958","Natwest Group","SDR / Omitted OPP","2026-04-10 22:07","Workflow","Update deal stage before closed deal"
"54078595657","BEC Financial Technologies","SDR / Omitted OPP","2026-01-19 10:57","Workflow","Update deal stage before closed deal"
"35344360882","SORINT.lab ","SDR / Omitted OPP","2025-04-02 13:41","Workflow","Update deal stage before closed deal"
"39443978874","Pacific Gas & Electric","SDR / Omitted OPP","2025-06-29 06:54","Workflow","Update deal stage before closed deal"
"12747646380","Finsight Group","SDR / Omitted OPP","2024-01-02 14:40","CRM UI Bulk Action","Gal Tarrab Levi"
"56697417911","OutSystems","Pilot Prep","2026-04-23 10:51","Workflow","Update deal stage before closed deal","Demo / Presentation","2026-03-27 14:21","Workflow","Update deal stage before closed deal","SDR / Omitted OPP","2026-02-20 13:43","Workflow","Update deal stage before closed deal"
"15665208133","NTT Limited","SDR / Omitted OPP","2023-12-11 11:09","Import","Deal stage and pre stage  by Gal Tarrab Levi"
"13069469184","APNIC ","SDR / Omitted OPP","2023-12-31 09:54","CRM UI","Gal Tarrab Levi"
"61535826867","Audio Network - New Deal","SDR / Omitted OPP","2026-06-24 12:47","Workflow","Update deal stage before closed deal"
"19356615569","Hillsdale College","SDR / Omitted OPP","2024-05-14 15:55","Workflow","Update deal stage before closed deal"
"29148992545","CHG Healthcare","SDR / Omitted OPP","2024-11-15 20:59","Workflow","Update deal stage before closed deal"
"35384363174","Kaseya Limited","SDR / Omitted OPP","2025-04-02 10:36","Record Merge","","SDR / Omitted OPP","2025-04-02 00:57","Workflow","Update deal stage before closed deal","SDR / Omitted OPP","2025-03-28 20:01","Workflow","Update deal stage before closed deal"
"30888011588","kinaxis","Demo / Presentation","2024-12-22 13:04","Record Merge","","SDR / Omitted OPP","2024-12-19 13:33","Workflow","Update deal stage before closed deal","Demo / Presentation","2024-11-08 16:26","Workflow","Update deal stage before closed deal","SDR / Omitted OPP","2024-09-25 19:01","Workflow","Update deal stage before closed deal"
"42106408241","Mentor Collective","SDR / Omitted OPP","2025-08-14 23:24","Workflow","Update deal stage before closed deal"
"33301849960","Gloo","Pilot Prep","2025-02-18 23:54","Workflow","Update deal stage before closed deal","Demo / Presentation","2025-02-12 23:30","Workflow","Update deal stage before closed deal","SDR / Omitted OPP","2025-02-10 21:23","Workflow","Update deal stage before closed deal"
"41075359056","Symphony","Demo / Presentation","2025-08-05 16:34","Workflow","Update deal stage before closed deal","SDR / Omitted OPP","2025-07-30 18:17","Workflow","Update deal stage before closed deal"
"16005343042","Viavi Solutions","Demo / Presentation","2024-02-13 17:39","Workflow","Update deal stage before closed deal","Pilot Prep","2023-12-31 09:53","CRM UI","Gal Tarrab Levi"
"52823007409","KUEHNE + NAGEL INC","SDR / Omitted OPP","2025-12-29 15:19","Workflow","Update deal stage before closed deal"
"56179260839","Cigna","Demo / Presentation","2026-04-16 19:27","Workflow","Update deal stage before closed deal","SDR / Omitted OPP","2026-03-12 05:09","Workflow","Update deal stage before closed deal"
"32937977416","Voucherify ","SDR / Omitted OPP","2025-02-03 15:38","Workflow","Update deal stage before closed deal"
"15992367220","Affirm","SDR / Omitted OPP","2024-01-02 14:37","CRM UI Bulk Action","Gal Tarrab Levi"
"56175531942","Serko Ltd - Expansion ","Business case confirmation","2026-02-13 10:23","Workflow","Update deal stage before closed deal","Formal Pilot","2026-02-13 10:22","Workflow","Update deal stage before closed deal","Pilot Prep","2026-02-13 10:22","Workflow","Update deal stage before closed deal","Demo / Presentation","2026-02-13 10:22","Workflow","Update deal stage before closed deal","SDR / Omitted OPP","2026-02-13 10:20","Workflow","Update deal stage before closed deal"
"60383598692","Phoenix Energy","Demo / Presentation","2026-06-03 22:56","Workflow","Update deal stage before closed deal","SDR / Omitted OPP","2026-05-20 02:57","Workflow","Update deal stage before closed deal"
"51881724017","Zuora","Negotiation / Legal","2026-06-25 16:08","Workflow","Update deal stage before closed deal","Business case confirmation","2026-06-02 18:17","Workflow","Update deal stage before closed deal","Formal Pilot","2026-04-15 16:03","Workflow","Update deal stage before closed deal","Pilot Prep","2026-03-12 21:03","Workflow","Update deal stage before closed deal","Demo / Presentation","2026-02-20 22:06","Workflow","Update deal stage before closed deal","SDR / Omitted OPP","2026-02-17 17:20","Workflow","Update deal stage before closed deal"
"58254632059","Novo Nordisk","SDR / Omitted OPP","2026-03-24 13:57","Workflow","Update deal stage before closed deal"
"15843408410","Forter","SDR / Omitted OPP","2024-01-02 14:40","CRM UI Bulk Action","Gal Tarrab Levi"
"22169698710","Impact.com","Negotiation / Legal","2025-03-03 16:01","Workflow","Update deal stage before closed deal","Formal Pilot","2025-02-11 21:03","Workflow","Update deal stage before closed deal","Pilot Prep","2025-02-03 23:02","Workflow","Update deal stage before closed deal","Demo / Presentation","2024-11-05 21:23","Workflow","Update deal stage before closed deal","SDR / Omitted OPP","2024-09-11 21:37","Workflow","Update deal stage before closed deal"
"58543352200","Vodafone","SDR / Omitted OPP","2026-03-30 11:47","Workflow","Update deal stage before closed deal"
"35354623019","Dell","SDR / Omitted OPP","2025-04-02 17:48","Workflow","Update deal stage before closed deal"
"58427627609","KubeCon EU 2026 - Trafikverket","SDR / Omitted OPP","2026-03-26 23:26","Workflow","Update deal stage before closed deal"
"28530735027","Carnegie Learning","Formal Pilot","2024-11-13 21:44","Workflow","Update deal stage before closed deal","Pilot Prep","2024-11-06 21:24","Workflow","Update deal stage before closed deal","Demo / Presentation","2024-11-06 20:46","Workflow","Update deal stage before closed deal","SDR / Omitted OPP","2024-10-30 17:59","Workflow","Update deal stage before closed deal"
"41497516666","Banco International","Negotiation / Legal","2025-11-26 16:02","Workflow","Update deal stage before closed deal","Business case confirmation","2025-09-09 21:45","Workflow","Update deal stage before closed deal","Pilot Prep","2025-08-07 17:20","Workflow","Update deal stage before closed deal","Demo / Presentation","2025-08-06 16:17","Workflow","Update deal stage before closed deal"
"20796629359","Elementor","Business case confirmation","2024-10-16 12:33","Workflow","Update deal stage before closed deal","Formal Pilot","2024-09-25 15:01","Workflow","Update deal stage before closed deal","Pilot Prep","2024-09-22 17:05","Workflow","Update deal stage before closed deal","Demo / Presentation","2024-09-12 13:04","Workflow","Update deal stage before closed deal","SDR / Omitted OPP","2024-07-16 16:00","Workflow","Update deal stage before closed deal"
"35450437510","Via Transportation","SDR / Omitted OPP","2025-04-03 18:10","Workflow","Update deal stage before closed deal"
"13352876087","Bestseller","SDR / Omitted OPP","2023-12-11 11:09","Import","Deal stage and pre stage  by Gal Tarrab Levi"
"38573645934","Charter Communications","Demo / Presentation","2025-07-07 14:40","Workflow","Update deal stage before closed deal","SDR / Omitted OPP","2025-06-06 16:30","Workflow","Update deal stage before closed deal"
"29787863416","Socure","SDR / Omitted OPP","2024-12-03 03:34","Workflow","Update deal stage before closed deal"
"16801780763","TCS","SDR / Omitted OPP","2024-01-04 11:25","Workflow","Update deal stage before closed deal"
"11672440658","Roche","Formal Pilot","2023-12-11 11:09","Import","Deal stage and pre stage  by Gal Tarrab Levi"
"37619590315","Migros Online","Demo / Presentation","2025-06-05 11:57","Workflow","Update deal stage before closed deal","SDR / Omitted OPP","2025-05-22 15:26","Workflow","Update deal stage before closed deal"
"43899041673","American Express","SDR / Omitted OPP","2025-09-18 18:35","Workflow","Update deal stage before closed deal"
"40247830630","Zenika","SDR / Omitted OPP","2025-07-15 13:22","Workflow","Update deal stage before closed deal"
"39893194519","Bank HaPoalim ","SDR / Omitted OPP","2025-07-09 14:05","Workflow","Update deal stage before closed deal"
"61458979912","Meddbase","SDR / Omitted OPP","2026-06-23 13:17","Workflow","Update deal stage before closed deal"
"18148431944","Manomano - KubeCon","SDR / Omitted OPP","2024-03-21 15:15","Workflow","Update deal stage before closed deal"
"29809280865","natera","SDR / Omitted OPP","2024-12-04 00:17","Workflow","Update deal stage before closed deal"
"42440401335","St.Galler Kantonalbank AG","SDR / Omitted OPP","2025-08-19 17:32","Workflow","Update deal stage before closed deal"
"58630778021","Malt ","SDR / Omitted OPP","2026-04-01 17:20","Workflow","Update deal stage before closed deal"
"14825169422","MIQ","SDR / Omitted OPP","2023-12-11 11:09","Import","Deal stage and pre stage  by Gal Tarrab Levi"
"28459940236","DeLaval","SDR / Omitted OPP","2024-10-29 16:22","Workflow","Update deal stage before closed deal"
"14447664789","SSG","SDR / Omitted OPP","2023-12-11 11:09","Import","Deal stage and pre stage  by Gal Tarrab Levi"
"18242851848","Noesis","Demo / Presentation","2024-04-02 16:57","Workflow","Update deal stage before closed deal","SDR / Omitted OPP","2024-03-26 16:03","Workflow","Update deal stage before closed deal"
"29105692776","Writer","SDR / Omitted OPP","2024-11-14 02:11","Workflow","Update deal stage before closed deal"
"61452577311","Solidicon","SDR / Omitted OPP","2026-06-23 11:20","Workflow","Update deal stage before closed deal"
"18127114584","Finalto - KubeCon","SDR / Omitted OPP","2024-03-20 17:14","Workflow","Update deal stage before closed deal"
"15668336518","Northwestern Medicine - Ahead","Pilot Prep","2024-02-13 17:26","Workflow","Update deal stage before closed deal","SDR / Omitted OPP","2023-12-24 13:52","Import","STAGE BEFORE - Sheet1.csv by Gal Tarrab Levi"
"38950446521","Origence","Demo / Presentation","2025-06-18 22:10","Workflow","Update deal stage before closed deal","SDR / Omitted OPP","2025-06-16 22:23","Workflow","Update deal stage before closed deal"
"59459918009","Egym ","Business case confirmation","2026-06-24 11:49","Workflow","Update deal stage before closed deal","Formal Pilot","2026-05-18 18:27","Workflow","Update deal stage before closed deal","Pilot Prep","2026-05-14 14:55","Workflow","Update deal stage before closed deal","Demo / Presentation","2026-05-07 13:08","Workflow","Update deal stage before closed deal","SDR / Omitted OPP","2026-04-23 16:14","Workflow","Update deal stage before closed deal"
"56288447039","Applied Systems ","Formal Pilot","2026-03-19 22:03","Workflow","Update deal stage before closed deal","Pilot Prep","2026-03-19 21:50","Workflow","Update deal stage before closed deal","Demo / Presentation","2026-03-03 21:24","Workflow","Update deal stage before closed deal","SDR / Omitted OPP","2026-02-14 00:20","Workflow","Update deal stage before closed deal"
"61030183203","EY","SDR / Omitted OPP","2026-06-11 19:18","Workflow","Update deal stage before closed deal"
"16577481512","Alliant ","Pilot Prep","2024-01-10 18:07","Workflow","Update deal stage before closed deal","SDR / Omitted OPP","2023-12-24 13:52","Import","STAGE BEFORE - Sheet1.csv by Gal Tarrab Levi"
"61598184745","Capgemini Invent - New Deal","SDR / Omitted OPP","2026-06-25 00:44","Workflow","Update deal stage before closed deal"
"13487723558","Bank Hapoalim","Pilot Prep","2023-12-11 11:09","Import","Deal stage and pre stage  by Gal Tarrab Levi"
"33921826178","FileCloud","SDR / Omitted OPP","2025-02-25 18:38","Workflow","Update deal stage before closed deal"
"48853938091","ClearRoute","SDR / Omitted OPP","2025-11-11 12:41","Workflow","Update deal stage before closed deal"
"58938099570","Finova ","Formal Pilot","2026-06-09 15:54","Workflow","Update deal stage before closed deal","Pilot Prep","2026-05-28 11:27","Workflow","Update deal stage before closed deal","Demo / Presentation","2026-04-30 15:34","Workflow","Update deal stage before closed deal","SDR / Omitted OPP","2026-04-09 13:28","Workflow","Update deal stage before closed deal"
"58897477194","Ping Identity","SDR / Omitted OPP","2026-04-07 18:47","Workflow","Update deal stage before closed deal"
"33380415810","Canva Pty Ltd","Formal Pilot","2025-03-05 23:11","Workflow","Update deal stage before closed deal","Pilot Prep","2025-02-13 07:18","Workflow","Update deal stage before closed deal","Demo / Presentation","2025-02-12 10:58","Record Merge","","Demo / Presentation","2025-02-12 10:58","Record Merge","","Demo / Presentation","2025-02-12 10:57","Record Merge","","SDR / Omitted OPP","2025-02-12 02:46","Workflow","Update deal stage before closed deal","SDR / Omitted OPP","2025-02-12 02:46","Workflow","Update deal stage before closed deal","SDR / Omitted OPP","2025-02-12 02:46","Workflow","Update deal stage before closed deal","Demo / Presentation","2024-12-05 05:56","Workflow","Update deal stage before closed deal","SDR / Omitted OPP","2024-11-25 06:22","Workflow","Update deal stage before closed deal"
"21063443002","Amadeus","SDR / Omitted OPP","2024-07-30 13:02","Workflow","Update deal stage before closed deal"
"53284612654","Expression","Pilot Prep","2026-04-02 16:22","Workflow","Update deal stage before closed deal","Demo / Presentation","2026-01-21 22:43","Workflow","Update deal stage before closed deal","SDR / Omitted OPP","2026-01-06 18:05","Workflow","Update deal stage before closed deal"
"38820426920","Cohesity","SDR / Omitted OPP","2025-06-12 19:43","Workflow","Update deal stage before closed deal"
"29866062452","State Farm","SDR / Omitted OPP","2024-12-04 23:40","Workflow","Update deal stage before closed deal"
"34428910903","Sophos","Negotiation / Legal","2025-03-09 10:17","Record Merge","","SDR / Omitted OPP","2025-03-07 17:05","Workflow","Update deal stage before closed deal","Negotiation / Legal","2025-03-04 08:54","Record Merge","","Negotiation / Legal","2025-03-04 08:54","Record Merge","","Negotiation / Legal","2025-03-04 08:53","Record Merge","","Negotiation / Legal","2025-03-04 08:53","Record Merge","","SDR / Omitted OPP","2025-03-03 19:13","Workflow","Update deal stage before closed deal","SDR / Omitted OPP","2025-03-03 19:13","Workflow","Update deal stage before closed deal","SDR / Omitted OPP","2025-03-03 19:13","Workflow","Update deal stage before closed deal","SDR / Omitted OPP","2025-03-03 19:12","Workflow","Update deal stage before closed deal","Negotiation / Legal","2025-02-24 14:26","Workflow","Update deal stage before closed deal","Business case confirmation","2025-01-26 16:05","Record Merge","","Business case confirmation","2025-01-26 16:05","Record Merge","","SDR / Omitted OPP","2025-01-26 09:41","Workflow","Update deal stage before closed deal","SDR / Omitted OPP","2025-01-26 09:40","Workflow","Update deal stage before closed deal","Business case confirmation","2024-12-17 17:11","Workflow","Update deal stage before closed deal","Pilot Prep","2024-11-27 17:17","Workflow","Update deal stage before closed deal","Demo / Presentation","2024-10-28 20:12","Workflow","Update deal stage before closed deal","SDR / Omitted OPP","2024-10-24 18:58","Workflow","Update deal stage before closed deal"
"36662860420","Amazon","SDR / Omitted OPP","2025-05-04 11:50","Workflow","Update deal stage before closed deal"
"60984765476","CurrencyCloud - Expansion","SDR / Omitted OPP","2026-06-12 12:46","Workflow","Update deal stage before closed deal"
"53074187529","Greenstone Financial Services ","SDR / Omitted OPP","2026-01-02 07:08","Workflow","Update deal stage before closed deal"
"35357538944","Sopra Steria","SDR / Omitted OPP","2025-04-02 14:30","Workflow","Update deal stage before closed deal"
"18546811197","Pi Techniques // V.Ships","Pilot Prep","2024-05-31 12:39","Workflow","Update deal stage before closed deal","Business case confirmation","2024-04-12 16:32","Workflow","Update deal stage before closed deal","SDR / Omitted OPP","2024-04-10 08:28","Workflow","Update deal stage before closed deal"
"45400758162","Allseas","SDR / Omitted OPP","2025-10-07 15:48","Workflow","Update deal stage before closed deal"
"22643160836","Oracle - OCI Partnership","SDR / Omitted OPP","2024-09-25 23:23","Workflow","Update deal stage before closed deal"
"29782636922","Maximus Inc","Demo / Presentation","2024-12-12 00:27","Workflow","Update deal stage before closed deal","SDR / Omitted OPP","2024-12-03 02:36","Workflow","Update deal stage before closed deal"
"61163349929","National Research Group","SDR / Omitted OPP","2026-06-17 16:25","Workflow","Update deal stage before closed deal"
"37027570810","Kyndryl Holdings, Inc","SDR / Omitted OPP","2025-05-11 12:00","Record Merge","","SDR / Omitted OPP","2025-05-09 09:47","Workflow","Update deal stage before closed deal","SDR / Omitted OPP","2025-05-09 09:44","Workflow","Update deal stage before closed deal"
"33180909899","Victra","SDR / Omitted OPP","2025-02-07 22:20","Record Merge","","SDR / Omitted OPP","2025-02-07 22:18","Workflow","Update deal stage before closed deal","SDR / Omitted OPP","2025-01-24 23:55","Workflow","Update deal stage before closed deal"
"61030022695","Allstate","SDR / Omitted OPP","2026-06-11 19:18","Workflow","Update deal stage before closed deal"
"35416339517","C Hoare and Co. ","SDR / Omitted OPP","2025-04-03 15:56","Workflow","Update deal stage before closed deal"
"41093973846","Cloudflare, Inc.","SDR / Omitted OPP","2025-07-30 19:58","Workflow","Update deal stage before closed deal"
"29821387842","Uni Cards","SDR / Omitted OPP","2024-12-04 03:07","Workflow","Update deal stage before closed deal"
"48291291711","Arrive","Business case confirmation","2026-01-30 14:29","Workflow","Update deal stage before closed deal","Formal Pilot","2025-12-18 10:53","Workflow","Update deal stage before closed deal","Pilot Prep","2025-12-18 10:40","Workflow","Update deal stage before closed deal","Demo / Presentation","2025-11-17 10:28","Workflow","Update deal stage before closed deal","SDR / Omitted OPP","2025-11-05 12:44","Workflow","Update deal stage before closed deal"
"60032563035","BANCOLOMBIA S.A","SDR / Omitted OPP","2026-05-05 16:58","Workflow","Update deal stage before closed deal"
"46256776210","Minted ","Negotiation / Legal","2025-11-21 22:51","Workflow","Update deal stage before closed deal","Business case confirmation","2025-10-16 22:39","Workflow","Update deal stage before closed deal","Formal Pilot","2025-10-16 22:39","Workflow","Update deal stage before closed deal","Pilot Prep","2025-10-16 22:38","Workflow","Update deal stage before closed deal","Demo / Presentation","2025-10-16 22:37","Workflow","Update deal stage before closed deal","SDR / Omitted OPP","2025-10-16 22:37","Workflow","Update deal stage before closed deal"
"32715674972","Liftoff Mobile","Negotiation / Legal","2025-03-06 16:46","Workflow","Update deal stage before closed deal","Business case confirmation","2025-02-25 20:17","Workflow","Update deal stage before closed deal","Formal Pilot","2025-02-19 21:30","Workflow","Update deal stage before closed deal","Pilot Prep","2025-02-04 23:26","Workflow","Update deal stage before closed deal","Demo / Presentation","2025-02-04 17:30","Workflow","Update deal stage before closed deal","SDR / Omitted OPP","2025-01-29 11:33","Workflow","Update deal stage before closed deal"
"36141766033","Rev","Pilot Prep","2025-06-12 15:49","Workflow","Update deal stage before closed deal","Demo / Presentation","2025-04-29 20:48","Workflow","Update deal stage before closed deal","SDR / Omitted OPP","2025-04-23 20:59","Workflow","Update deal stage before closed deal"
"37477701024","Open-Xchange","SDR / Omitted OPP","2025-05-20 14:49","Workflow","Update deal stage before closed deal"
"58445603154","KubeCon EU 2026 - Chess.com","SDR / Omitted OPP","2026-03-26 23:26","Workflow","Update deal stage before closed deal"
"11804377893","Intel","Pilot Prep","2023-12-11 11:09","Import","Deal stage and pre stage  by Gal Tarrab Levi"
"59384762533","Wellmark Inc","Demo / Presentation","2026-04-24 22:01","Workflow","Update deal stage before closed deal","SDR / Omitted OPP","2026-04-21 00:10","Workflow","Update deal stage before closed deal"
"51340193943","Aurigo Software","Pilot Prep","2025-12-08 18:53","Workflow","Update deal stage before closed deal"
"33894946477","Ryan","SDR / Omitted OPP","2025-02-25 16:33","Workflow","Update deal stage before closed deal"
"19726562701","Omnicell - Renewal - 2,025","","2024-01-01 13:37","CRM UI","Gal Tarrab Levi","SDR / Omitted OPP","2023-12-11 11:09","Import","Deal stage and pre stage  by Gal Tarrab Levi"
"18053217857","Coalition Inc","Negotiation / Legal","2024-06-05 01:40","Workflow","Update deal stage before closed deal","Business case confirmation","2024-04-24 23:17","Workflow","Update deal stage before closed deal","Formal Pilot","2024-04-03 21:26","Workflow","Update deal stage before closed deal","Pilot Prep","2024-03-27 17:58","Workflow","Update deal stage before closed deal","SDR / Omitted OPP","2024-03-15 21:26","Workflow","Update deal stage before closed deal"
"33494924914","Cars Commerce ","Demo / Presentation","2025-02-19 18:25","Workflow","Update deal stage before closed deal","SDR / Omitted OPP","2025-02-14 18:57","Workflow","Update deal stage before closed deal"
"32425586001","Markel","Negotiation / Legal","2025-03-26 21:32","Workflow","Update deal stage before closed deal","Business case confirmation","2025-02-12 17:51","Workflow","Update deal stage before closed deal","Demo / Presentation","2025-01-26 16:12","Record Merge","","Demo / Presentation","2025-01-26 16:12","Record Merge","","SDR / Omitted OPP","2025-01-26 09:41","Workflow","Update deal stage before closed deal","SDR / Omitted OPP","2025-01-26 09:41","Workflow","Update deal stage before closed deal","Demo / Presentation","2024-08-07 19:41","Workflow","Update deal stage before closed deal","SDR / Omitted OPP","2024-08-02 22:40","Workflow","Update deal stage before closed deal"
"21767736375","Papaya","SDR / Omitted OPP","2024-08-28 08:03","Workflow","Update deal stage before closed deal"
"15957951281","Starbucks","Demo / Presentation","2024-03-03 15:27","CRM UI","Gal Tarrab Levi","SDR / Omitted OPP","2023-12-11 11:09","Import","Deal stage and pre stage  by Gal Tarrab Levi"
"56707032452","financiera confianza s.a.a","SDR / Omitted OPP","2026-02-20 19:46","Workflow","Update deal stage before closed deal"
"29806327088","NeoGenomics","SDR / Omitted OPP","2024-12-04 00:58","Workflow","Update deal stage before closed deal"
"14183239718","OneCall","Negotiation / Legal","2024-03-31 11:07","CRM UI","Gal Tarrab Levi","Demo / Presentation","2023-12-24 13:52","Import","STAGE BEFORE - Sheet1.csv by Gal Tarrab Levi","Negotiation / Legal","2023-12-18 19:43","Workflow","Update deal stage before closed deal","Formal Pilot","2023-12-11 11:09","Import","Deal stage and pre stage  by Gal Tarrab Levi"
"61024964457","DAT Freight & Analytics","SDR / Omitted OPP","2026-06-11 16:34","Workflow","Update deal stage before closed deal"
"43827349255","Cyera","Negotiation / Legal","2025-09-24 00:28","Workflow","Update deal stage before closed deal","Business case confirmation","2025-09-24 00:28","Workflow","Update deal stage before closed deal","Formal Pilot","2025-09-24 00:28","Workflow","Update deal stage before closed deal","Pilot Prep","2025-09-19 17:05","Workflow","Update deal stage before closed deal","Demo / Presentation","2025-09-19 14:47","Workflow","Update deal stage before closed deal","SDR / Omitted OPP","2025-09-18 16:23","Workflow","Update deal stage before closed deal"
"60025523819","Lloyds Banking Group | AEP + Backstage | UK","SDR / Omitted OPP","2026-05-05 12:26","Workflow","Update deal stage before closed deal"
"20081486214","Federated Insurance","Business case confirmation","2024-08-08 22:03","Workflow","Update deal stage before closed deal","Pilot Prep","2024-07-24 20:42","Workflow","Update deal stage before closed deal","Demo / Presentation","2024-06-19 18:54","Workflow","Update deal stage before closed deal","SDR / Omitted OPP","2024-06-14 18:49","Workflow","Update deal stage before closed deal"
"58685788072","KubeCon EU 2026 - Qube Research and Technologies","SDR / Omitted OPP","2026-04-02 16:12","Record Merge","","SDR / Omitted OPP","2026-03-26 23:26","Workflow","Update deal stage before closed deal","SDR / Omitted OPP","2026-03-26 23:26","Workflow","Update deal stage before closed deal"
"57904196498","Kyndryl","SDR / Omitted OPP","2026-03-11 18:21","Workflow","Update deal stage before closed deal"
"38420825378","Careem","SDR / Omitted OPP","2025-06-04 16:54","Workflow","Update deal stage before closed deal"
"53002862700"," HawkAI","SDR / Omitted OPP","2026-01-01 03:12","Workflow","Update deal stage before closed deal"
"31705904694","Monday.com","SDR / Omitted OPP","2025-01-08 15:13","Workflow","Update deal stage before closed deal"
"16368291133","Sophos","Demo / Presentation","2024-03-03 15:27","CRM UI","Gal Tarrab Levi","SDR / Omitted OPP","2023-12-11 11:09","Import","Deal stage and pre stage  by Gal Tarrab Levi"
"39670906129","Semble","Pilot Prep","2025-07-17 11:46","Workflow","Update deal stage before closed deal","Demo / Presentation","2025-07-08 17:38","Workflow","Update deal stage before closed deal","SDR / Omitted OPP","2025-07-04 12:35","Workflow","Update deal stage before closed deal"
"35469750675","NN Group","SDR / Omitted OPP","2025-04-04 14:25","Workflow","Update deal stage before closed deal"
"23142285429","Louis Vuitton","SDR / Omitted OPP","2024-10-10 20:26","Workflow","Update deal stage before closed deal"
"35306187582","TUI ","SDR / Omitted OPP","2025-04-01 12:25","Workflow","Update deal stage before closed deal"
"59823300114","Garner Health - New Deal","SDR / Omitted OPP","2026-04-29 23:46","Workflow","Update deal stage before closed deal"
"39855442817","Linedata","SDR / Omitted OPP","2025-07-08 16:27","Workflow","Update deal stage before closed deal"
"18031918380","Data Service Group","SDR / Omitted OPP","2024-03-14 14:19","Workflow","Update deal stage before closed deal"
"60844058939","Cox Automotive","SDR / Omitted OPP","2026-06-03 19:48","Workflow","Update deal stage before closed deal"
"56566446879","Davies Group","SDR / Omitted OPP","2026-02-18 18:51","Workflow","Update deal stage before closed deal"
"58962341208","Thales Group","SDR / Omitted OPP","2026-04-08 17:50","Workflow","Update deal stage before closed deal"
"15968158526","Expedia","Pilot Prep","2025-01-17 22:28","Workflow","Update deal stage before closed deal","SDR / Omitted OPP","2023-12-11 11:09","Import","Deal stage and pre stage  by Gal Tarrab Levi"
"31827021912","Tripadvisor","SDR / Omitted OPP","2025-01-12 10:07","Record Merge","","SDR / Omitted OPP","2025-01-12 10:07","Record Merge","","SDR / Omitted OPP","2025-01-09 20:52","Workflow","Update deal stage before closed deal","SDR / Omitted OPP","2025-01-09 20:52","Workflow","Update deal stage before closed deal","SDR / Omitted OPP","2024-12-04 22:14","Workflow","Update deal stage before closed deal"
"40840174197","NCR Atleos","Demo / Presentation","2025-08-06 19:10","Workflow","Update deal stage before closed deal","SDR / Omitted OPP","2025-07-25 21:40","Workflow","Update deal stage before closed deal"
"21816799407","Quadcorps / Aviva","Demo / Presentation","2024-09-26 18:19","Workflow","Update deal stage before closed deal","SDR / Omitted OPP","2024-08-30 14:22","Workflow","Update deal stage before closed deal"
"14537850185","E.ON","Demo / Presentation","2023-12-11 11:09","Import","Deal stage and pre stage  by Gal Tarrab Levi"
"18356104788","CIBC","Demo / Presentation","2024-04-05 19:35","Workflow","Update deal stage before closed deal","SDR / Omitted OPP","2024-04-01 15:44","Workflow","Update deal stage before closed deal"
"58447924877","KubeCon EU 2026 - Amazon","SDR / Omitted OPP","2026-03-26 23:26","Workflow","Update deal stage before closed deal"
"52811788295","Lufthansa Industry Solutions","SDR / Omitted OPP","2025-12-29 11:57","Workflow","Update deal stage before closed deal"
"61018377780","Vialto","Demo / Presentation","2026-06-24 18:56","Workflow","Update deal stage before closed deal","SDR / Omitted OPP","2026-06-11 12:42","Workflow","Update deal stage before closed deal"
"59273256315","GardaWorld Security","Formal Pilot","2026-06-09 22:42","Workflow","Update deal stage before closed deal","Pilot Prep","2026-05-06 17:14","Workflow","Update deal stage before closed deal","Demo / Presentation","2026-04-17 17:48","Workflow","Update deal stage before closed deal","SDR / Omitted OPP","2026-04-17 17:46","Workflow","Update deal stage before closed deal"
"39954580076","Flagstone","Negotiation / Legal","2025-12-03 14:07","Workflow","Update deal stage before closed deal","Formal Pilot","2025-12-03 14:07","Workflow","Update deal stage before closed deal","Pilot Prep","2025-08-14 16:11","Workflow","Update deal stage before closed deal","Demo / Presentation","2025-07-18 15:35","Workflow","Update deal stage before closed deal","SDR / Omitted OPP","2025-07-10 11:04","Workflow","Update deal stage before closed deal"
"20268331445","Banque Misr","SDR / Omitted OPP","2024-06-23 02:04","Workflow","Update deal stage before closed deal"
"62156756746","McLaren Automotive Ltd - New Deal","SDR / Omitted OPP","2026-07-03 14:57","Workflow","Update deal stage before closed deal"
"45968308102","AlphaSense - 400 dev expansion","SDR / Omitted OPP","2025-10-14 18:55","Workflow","Update deal stage before closed deal"
"35423163680","Next","Pilot Prep","2025-09-11 12:11","Workflow","Update deal stage before closed deal","Demo / Presentation","2025-08-07 12:53","Workflow","Update deal stage before closed deal","SDR / Omitted OPP","2025-04-03 16:03","Workflow","Update deal stage before closed deal"
"59419156125","Capital Group","SDR / Omitted OPP","2026-04-23 00:19","Workflow","Update deal stage before closed deal"
"10158016804","intel-basic","SDR / Omitted OPP","2024-01-02 14:40","CRM UI Bulk Action","Gal Tarrab Levi"
"59084426341","Elekta","SDR / Omitted OPP","2026-04-10 22:07","Workflow","Update deal stage before closed deal"
"17730894624","Kitopi","Business case confirmation","2024-04-16 12:02","Workflow","Update deal stage before closed deal","Formal Pilot","2024-03-08 15:16","Workflow","Update deal stage before closed deal","Pilot Prep","2024-03-01 15:56","Workflow","Update deal stage before closed deal","Demo / Presentation","2024-02-29 12:03","Workflow","Update deal stage before closed deal","SDR / Omitted OPP","2024-02-26 16:59","Workflow","Update deal stage before closed deal"
"35353186384","Allseas ","SDR / Omitted OPP","2025-04-02 14:09","Workflow","Update deal stage before closed deal"
"29892588618","DocMe360","SDR / Omitted OPP","2024-12-05 21:35","Workflow","Update deal stage before closed deal"
"12750290223","norlysenergytrading","SDR / Omitted OPP","2024-01-02 14:40","CRM UI Bulk Action","Gal Tarrab Levi"
"14467619430","IAG GBS","SDR / Omitted OPP","2023-12-11 11:09","Import","Deal stage and pre stage  by Gal Tarrab Levi"
"43639486633","BHP","Negotiation / Legal","2025-09-25 08:25","Workflow","Update deal stage before closed deal","Business case confirmation","2025-09-25 08:25","Workflow","Update deal stage before closed deal","Formal Pilot","2025-09-25 08:24","Workflow","Update deal stage before closed deal","Pilot Prep","2025-09-23 05:32","Workflow","Update deal stage before closed deal","Demo / Presentation","2025-09-23 05:32","Workflow","Update deal stage before closed deal","SDR / Omitted OPP","2025-09-12 03:48","Workflow","Update deal stage before closed deal"
"19726510915","Foresters - Renewal 2027","","2024-01-01 13:37","CRM UI","Gal Tarrab Levi","SDR / Omitted OPP","2023-12-11 11:09","Import","Deal stage and pre stage  by Gal Tarrab Levi"
"59230311697","Otto ","SDR / Omitted OPP","2026-04-16 22:19","Workflow","Update deal stage before closed deal"
"58436783238","KubeCon EU 2026 - HCLTech","SDR / Omitted OPP","2026-03-26 23:26","Workflow","Update deal stage before closed deal"
"30866041232","Ecolab","Demo / Presentation","2024-12-22 11:11","Record Merge","","SDR / Omitted OPP","2024-12-20 21:38","Workflow","Update deal stage before closed deal","Demo / Presentation","2024-12-19 16:23","Workflow","Update deal stage before closed deal","SDR / Omitted OPP","2024-12-05 21:59","Workflow","Update deal stage before closed deal"
"48162245975","McKinsey & Company","SDR / Omitted OPP","2025-11-04 08:03","Workflow","Update deal stage before closed deal"
"57938986788","Audacy","Pilot Prep","2026-04-02 16:22","Workflow","Update deal stage before closed deal","Demo / Presentation","2026-03-18 18:37","Workflow","Update deal stage before closed deal","SDR / Omitted OPP","2026-03-12 16:25","Workflow","Update deal stage before closed deal"
"17686858411","SolarWinds","Negotiation / Legal","2024-07-17 19:35","Workflow","Update deal stage before closed deal","Business case confirmation","2024-05-15 18:51","Workflow","Update deal stage before closed deal","Formal Pilot","2024-04-11 20:23","Workflow","Update deal stage before closed deal","Demo / Presentation","2024-02-27 02:13","Workflow","Update deal stage before closed deal","SDR / Omitted OPP","2024-02-23 10:52","Workflow","Update deal stage before closed deal"
"35460974897","Ringier Axel Springer Media","SDR / Omitted OPP","2025-04-04 15:34","Workflow","Update deal stage before closed deal"
"18128553737","Inditex - KubeCon","SDR / Omitted OPP","2024-03-20 17:26","Workflow","Update deal stage before closed deal"
"38310323799","Cover Whale","Demo / Presentation","2025-07-17 16:53","Workflow","Update deal stage before closed deal","Business case confirmation","2025-06-11 21:42","Workflow","Update deal stage before closed deal","Pilot Prep","2025-06-05 23:03","Workflow","Update deal stage before closed deal","Demo / Presentation","2025-06-02 19:05","Workflow","Update deal stage before closed deal","SDR / Omitted OPP","2025-06-02 19:04","Workflow","Update deal stage before closed deal"
"58435697297","KubeCon EU 2026 - INTERPOL","SDR / Omitted OPP","2026-03-26 23:26","Workflow","Update deal stage before closed deal"
"28224435641","HYPE","SDR / Omitted OPP","2024-10-22 12:50","Workflow","Update deal stage before closed deal"
"19663603636","ControlUp","Pilot Prep","2024-07-05 11:22","Workflow","Update deal stage before closed deal","Demo / Presentation","2024-06-27 16:21","Workflow","Update deal stage before closed deal","SDR / Omitted OPP","2024-05-28 07:39","Workflow","Update deal stage before closed deal"
"57601625172","Lendbuzz","Demo / Presentation","2026-03-06 19:35","Workflow","Update deal stage before closed deal","SDR / Omitted OPP","2026-03-05 16:46","Workflow","Update deal stage before closed deal"
"49008962927","Digital Challengers IT Kubecon ATL25","SDR / Omitted OPP","2025-11-13 17:44","Workflow","Update deal stage before closed deal"
"58254694027","GSK | DevOps | Self-Healing","SDR / Omitted OPP","2026-04-02 12:05","Workflow","Update deal stage before closed deal"
"28356583062","b.well - v3","Demo / Presentation","2024-10-28 16:38","Workflow","Update deal stage before closed deal","SDR / Omitted OPP","2024-10-25 22:08","Workflow","Update deal stage before closed deal"
"17147380532","Ant Group","SDR / Omitted OPP","2024-01-25 03:05","Workflow","Update deal stage before closed deal"
"43898941301","Wargaming Group","SDR / Omitted OPP","2025-09-19 14:13","Workflow","Update deal stage before closed deal"
"19488711193","Accolade Inc","Formal Pilot","2024-05-30 18:37","Workflow","Update deal stage before closed deal","Demo / Presentation","2024-05-23 16:25","Workflow","Update deal stage before closed deal","SDR / Omitted OPP","2024-05-20 12:44","Workflow","Update deal stage before closed deal"
"47456842597","InfoMagnus","SDR / Omitted OPP","2025-10-28 20:27","Workflow","Update deal stage before closed deal"
"12762200455","PGS","Business case confirmation","2023-12-11 11:09","Import","Deal stage and pre stage  by Gal Tarrab Levi"
"18169417782","Skyscrapers  - KubeCon","SDR / Omitted OPP","2024-03-22 15:18","Workflow","Update deal stage before closed deal"
"34113223056","365Scores ","Formal Pilot","2025-03-02 12:45","Workflow","Update deal stage before closed deal","Pilot Prep","2025-03-02 12:09","Record Merge","","SDR / Omitted OPP","2025-03-02 12:03","Workflow","Update deal stage before closed deal","Pilot Prep","2025-02-20 12:38","Workflow","Update deal stage before closed deal","Demo / Presentation","2025-02-06 10:32","Workflow","Update deal stage before closed deal","SDR / Omitted OPP","2025-01-26 17:24","Workflow","Update deal stage before closed deal"
"37896085776","Geico","SDR / Omitted OPP","2025-06-03 17:50","Workflow","Update deal stage before closed deal"
"35452436817","Microsoft","SDR / Omitted OPP","2025-04-03 21:10","Workflow","Update deal stage before closed deal"
"39889267726","PartsSource Inc","SDR / Omitted OPP","2025-07-09 19:34","Workflow","Update deal stage before closed deal"
"18126329262","imec - KubeCon","SDR / Omitted OPP","2024-03-20 14:53","Workflow","Update deal stage before closed deal"
"44788923216","CRIF - 2025 expansion","Negotiation / Legal","2025-09-30 17:00","Workflow","Update deal stage before closed deal","Business case confirmation","2025-09-29 16:39","Workflow","Update deal stage before closed deal","Formal Pilot","2025-09-29 16:39","Workflow","Update deal stage before closed deal","Pilot Prep","2025-09-29 16:38","Workflow","Update deal stage before closed deal","Demo / Presentation","2025-09-29 16:38","Workflow","Update deal stage before closed deal","SDR / Omitted OPP","2025-09-29 16:38","Workflow","Update deal stage before closed deal"
"20081372186","Grammarly","SDR / Omitted OPP","2024-06-14 18:37","Workflow","Update deal stage before closed deal"
"43876990135","Banco Expansion Deal (AI Only)","Pilot Prep","2025-09-17 21:36","Workflow","Update deal stage before closed deal"
"38779875224","Money View","SDR / Omitted OPP","2025-06-12 13:38","Workflow","Update deal stage before closed deal"
"37238184198","GB Group PLC","Pilot Prep","2025-06-05 11:49","Workflow","Update deal stage before closed deal","Demo / Presentation","2025-05-30 11:17","Workflow","Update deal stage before closed deal","SDR / Omitted OPP","2025-05-15 17:32","Workflow","Update deal stage before closed deal"
"15959218088","Epsilon","SDR / Omitted OPP","2023-12-11 11:09","Import","Deal stage and pre stage  by Gal Tarrab Levi"
"37165917800","HDI - KubeCon","Business case confirmation","2025-05-14 12:34","Record Merge","","Business case confirmation","2025-04-29 11:00","Record Merge","","SDR / Omitted OPP","2025-04-24 19:26","Workflow","Update deal stage before closed deal","SDR / Omitted OPP","2025-04-02 18:26","Workflow","Update deal stage before closed deal","Business case confirmation","2025-02-27 14:54","Record Merge","","SDR / Omitted OPP","2025-02-27 12:41","Workflow","Update deal stage before closed deal","Business case confirmation","2025-02-25 12:50","Record Merge","","Business case confirmation","2025-02-25 12:50","Record Merge","","Business case confirmation","2025-02-25 12:50","Record Merge","","Business case confirmation","2025-02-25 12:49","Record Merge","","SDR / Omitted OPP","2025-02-25 12:40","Workflow","Update deal stage before closed deal","SDR / Omitted OPP","2025-02-25 12:40","Workflow","Update deal stage before closed deal","SDR / Omitted OPP","2025-02-25 12:40","Workflow","Update deal stage before closed deal","SDR / Omitted OPP","2025-02-25 12:40","Workflow","Update deal stage before closed deal","Business case confirmation","2025-01-06 17:24","Workflow","Update deal stage before closed deal","Formal Pilot","2024-11-20 12:49","Workflow","Update deal stage before closed deal","Pilot Prep","2024-11-07 15:33","Workflow","Update deal stage before closed deal","Demo / Presentation","2024-03-26 10:48","Workflow","Update deal stage before closed deal","SDR / Omitted OPP","2024-03-20 15:06","Workflow","Update deal stage before closed deal"
"16122214223","Viz Pro","Negotiation / Legal","2023-12-24 13:52","Import","STAGE BEFORE - Sheet1.csv by Gal Tarrab Levi","SDR / Omitted OPP","2023-12-11 11:09","Import","Deal stage and pre stage  by Gal Tarrab Levi"
"54257697042","Bice","SDR / Omitted OPP","2026-01-20 20:46","Workflow","Update deal stage before closed deal"
"30792262217","Apple","SDR / Omitted OPP","2024-12-19 21:29","Record Merge","","SDR / Omitted OPP","2024-12-19 21:29","Record Merge","","SDR / Omitted OPP","2024-11-14 22:53","Workflow","Update deal stage before closed deal","SDR / Omitted OPP","2024-11-14 22:12","Workflow","Update deal stage before closed deal","SDR / Omitted OPP","2024-11-13 22:12","Workflow","Update deal stage before closed deal"
"35767313068","HM Precious Metals","SDR / Omitted OPP","2025-04-15 09:24","Workflow","Update deal stage before closed deal"
"41880081920","Goldman Sachs","Demo / Presentation","2025-08-13 23:25","Workflow","Update deal stage before closed deal","SDR / Omitted OPP","2025-08-12 16:56","Workflow","Update deal stage before closed deal"
"58243879597","ASML - KubeCon 2026","SDR / Omitted OPP","2026-03-23 11:52","Workflow","Update deal stage before closed deal"
"35413852974","Armada","SDR / Omitted OPP","2025-04-03 05:59","Workflow","Update deal stage before closed deal"
"60683777647","Payoneer ","SDR / Omitted OPP","2026-05-28 14:13","Record Merge","","SDR / Omitted OPP","2026-05-27 19:48","Workflow","Update deal stage before closed deal","SDR / Omitted OPP","2026-05-27 12:02","Workflow","Update deal stage before closed deal"
"16351792961","Lansweeper","Formal Pilot","2024-01-19 01:00","Workflow","Update deal stage before closed deal","Pilot Prep","2024-01-18 18:40","Workflow","Update deal stage before closed deal","Formal Pilot","2024-01-17 12:20","Workflow","Update deal stage before closed deal","Pilot Prep","2024-01-11 15:09","Workflow","Update deal stage before closed deal","SDR / Omitted OPP","2023-12-24 13:52","Import","STAGE BEFORE - Sheet1.csv by Gal Tarrab Levi"
"38981493931","T-Systems International GmbH","SDR / Omitted OPP","2025-06-17 16:40","Workflow","Update deal stage before closed deal"
"29816963337","LogiSense","SDR / Omitted OPP","2024-12-04 02:26","Workflow","Update deal stage before closed deal"
"17666168675","Centegix","Negotiation / Legal","2024-04-02 20:24","Workflow","Update deal stage before closed deal","Business case confirmation","2024-02-28 22:38","Workflow","Update deal stage before closed deal","SDR / Omitted OPP","2024-02-22 11:41","Workflow","Update deal stage before closed deal"
"35111043975","Dimensional Fund Advisors","SDR / Omitted OPP","2025-03-26 21:24","Workflow","Update deal stage before closed deal"
"30827402855","OBT Live","Demo / Presentation","2024-12-23 18:13","Workflow","Update deal stage before closed deal","SDR / Omitted OPP","2024-12-20 14:12","Workflow","Update deal stage before closed deal"
"17979812479","BlueAlly - Partner?","SDR / Omitted OPP","2024-03-11 21:21","Workflow","Update deal stage before closed deal"
"15124825503","SimilarWeb","SDR / Omitted OPP","2023-12-11 11:09","Import","Deal stage and pre stage  by Gal Tarrab Levi"
"56935791685","Kainos","SDR / Omitted OPP","2026-02-24 19:36","Workflow","Update deal stage before closed deal"
"57463468919","European Bank for Reconstruction and Development ","SDR / Omitted OPP","2026-03-03 19:03","Workflow","Update deal stage before closed deal"
"35300732170","DSV","SDR / Omitted OPP","2025-04-01 16:17","Workflow","Update deal stage before closed deal"
"32425585713","Pagerduty","Demo / Presentation","2025-01-26 15:47","Record Merge","","Demo / Presentation","2025-01-26 15:47","Record Merge","","SDR / Omitted OPP","2025-01-26 09:41","Workflow","Update deal stage before closed deal","SDR / Omitted OPP","2025-01-26 09:41","Workflow","Update deal stage before closed deal","Demo / Presentation","2024-11-06 16:11","Workflow","Update deal stage before closed deal","SDR / Omitted OPP","2024-10-16 18:54","Workflow","Update deal stage before closed deal"
"60703787824","Zero Networks ","SDR / Omitted OPP","2026-05-29 11:08","Workflow","Update deal stage before closed deal"
"14530672010","Wabtec","Demo / Presentation","2023-12-11 11:09","Import","Deal stage and pre stage  by Gal Tarrab Levi"
"23219929603","KYYBA","SDR / Omitted OPP","2024-10-14 21:23","Workflow","Update deal stage before closed deal"
"44451542176","Resolve Systems","SDR / Omitted OPP","2025-09-24 22:17","Workflow","Update deal stage before closed deal"
"60208746603","Sunbit Inc ","SDR / Omitted OPP","2026-05-13 17:02","Workflow","Update deal stage before closed deal"
"15987607410","PNC","SDR / Omitted OPP","2024-01-02 14:37","CRM UI Bulk Action","Gal Tarrab Levi"
"39011045463","DeLaval","Demo / Presentation","2025-07-10 13:30","Workflow","Update deal stage before closed deal","SDR / Omitted OPP","2025-06-18 13:30","Workflow","Update deal stage before closed deal"
"38536233223","BBC Studios","Demo / Presentation","2025-07-16 17:32","Workflow","Update deal stage before closed deal","SDR / Omitted OPP","2025-06-06 15:11","Workflow","Update deal stage before closed deal"
"20322532397","WellSky ","Demo / Presentation","2024-07-03 15:55","Workflow","Update deal stage before closed deal","SDR / Omitted OPP","2024-06-25 15:42","Workflow","Update deal stage before closed deal"
"10127447951","MoonActive Infra","Business case confirmation","2023-12-11 11:09","Import","Deal stage and pre stage  by Gal Tarrab Levi"
"59162471018","OTP Bank - New Business - Greenfield IDP","Demo / Presentation","2026-04-14 17:40","Workflow","Update deal stage before closed deal","SDR / Omitted OPP","2026-04-14 11:19","Workflow","Update deal stage before closed deal"
"58441659474","KubeCon EU 2026 - Accenture","SDR / Omitted OPP","2026-03-26 23:26","Workflow","Update deal stage before closed deal"
"35819357858","Equiniti ","SDR / Omitted OPP","2025-04-16 11:23","Workflow","Update deal stage before closed deal"
"12917859080","Richemont","Negotiation / Legal","2024-05-29 09:40","Workflow","Update deal stage before closed deal","Business case confirmation","2024-01-30 22:10","Workflow","Update deal stage before closed deal","Demo / Presentation","2023-12-11 11:09","Import","Deal stage and pre stage  by Gal Tarrab Levi"
"52799286614","University of Waterloo - New Deal","SDR / Omitted OPP","2025-12-29 10:22","Workflow","Update deal stage before closed deal"
"36149996951","Pacific Life","Negotiation / Legal","2025-08-25 23:18","Workflow","Update deal stage before closed deal","Business case confirmation","2025-07-11 23:31","Workflow","Update deal stage before closed deal","Formal Pilot","2025-06-17 01:21","Workflow","Update deal stage before closed deal","Pilot Prep","2025-06-11 18:22","Workflow","Update deal stage before closed deal","Demo / Presentation","2025-05-05 19:36","Workflow","Update deal stage before closed deal","SDR / Omitted OPP","2025-04-24 01:41","Workflow","Update deal stage before closed deal"
"33324945311","i360","Negotiation / Legal","2025-04-03 18:14","Workflow","Update deal stage before closed deal","Business case confirmation","2025-03-26 20:22","Workflow","Update deal stage before closed deal","Formal Pilot","2025-02-27 00:48","Workflow","Update deal stage before closed deal","Pilot Prep","2025-02-25 23:33","Workflow","Update deal stage before closed deal","SDR / Omitted OPP","2025-02-11 10:02","Record Merge","","SDR / Omitted OPP","2025-02-10 17:54","Workflow","Update deal stage before closed deal","SDR / Omitted OPP","2024-12-03 21:46","Workflow","Update deal stage before closed deal"
"35452577403","LGT Financial Services AG","SDR / Omitted OPP","2025-04-03 17:52","Workflow","Update deal stage before closed deal"
"59105442902","Amazon","SDR / Omitted OPP","2026-04-10 22:07","Workflow","Update deal stage before closed deal"
"56896764237","Travelport","SDR / Omitted OPP","2026-02-24 16:37","Workflow","Update deal stage before closed deal"
"55786876308","NTT DATA Corporation","SDR / Omitted OPP","2026-02-09 11:59","Workflow","Update deal stage before closed deal"
"31705901486","MongoDB","Demo / Presentation","2025-01-09 16:49","Workflow","Update deal stage before closed deal","SDR / Omitted OPP","2025-01-08 14:41","Record Merge","","SDR / Omitted OPP","2025-01-07 21:21","Workflow","Update deal stage before closed deal","SDR / Omitted OPP","2024-12-11 00:53","Workflow","Update deal stage before closed deal"
"61873566781","YouLend - New Deal","SDR / Omitted OPP","2026-06-30 18:30","Record Merge","","SDR / Omitted OPP","2026-06-26 19:06","Workflow","Update deal stage before closed deal","SDR / Omitted OPP","2026-06-25 00:42","Workflow","Update deal stage before closed deal"
"49225486859","Visa Inc. - New Deal","SDR / Omitted OPP","2025-11-17 12:39","Workflow","Update deal stage before closed deal"
"28939915438","Exerp","Negotiation / Legal","2025-02-04 22:38","Workflow","Update deal stage before closed deal","Business case confirmation","2024-12-16 19:01","Workflow","Update deal stage before closed deal","Formal Pilot","2024-11-27 18:42","Workflow","Update deal stage before closed deal","Pilot Prep","2024-11-21 17:54","Workflow","Update deal stage before closed deal","Demo / Presentation","2024-11-21 15:15","Workflow","Update deal stage before closed deal","SDR / Omitted OPP","2024-11-11 15:53","Record Merge","","SDR / Omitted OPP","2024-11-11 14:44","Workflow","Update deal stage before closed deal","SDR / Omitted OPP","2024-11-11 14:27","Workflow","Update deal stage before closed deal"
"41104002314","Circeo ","SDR / Omitted OPP","2025-07-31 14:16","Workflow","Update deal stage before closed deal"
"23374395764","Ulta Beauty","SDR / Omitted OPP","2024-10-18 18:24","Workflow","Update deal stage before closed deal"
"29371052717","Nice Systems","Demo / Presentation","2024-12-19 16:48","Workflow","Update deal stage before closed deal","SDR / Omitted OPP","2024-11-19 18:54","Record Merge","","SDR / Omitted OPP","2024-11-15 21:00","Workflow","Update deal stage before closed deal","SDR / Omitted OPP","2024-11-12 20:23","Workflow","Update deal stage before closed deal"
"17796992109","TELUS","Demo / Presentation","2024-03-08 17:55","Workflow","Update deal stage before closed deal","SDR / Omitted OPP","2024-03-01 02:32","Workflow","Update deal stage before closed deal"
"29041621796","OneSpan Inc.","SDR / Omitted OPP","2024-11-13 19:34","Record Merge","","SDR / Omitted OPP","2024-11-13 16:24","Workflow","Update deal stage before closed deal","SDR / Omitted OPP","2024-04-25 15:08","Workflow","Update deal stage before closed deal"
"34603546453","ujet.cx","Business case confirmation","2025-03-13 10:16","Record Merge","","SDR / Omitted OPP","2025-03-12 22:23","Workflow","Update deal stage before closed deal","Business case confirmation","2024-09-10 17:49","Workflow","Update deal stage before closed deal","Formal Pilot","2024-09-10 17:48","Workflow","Update deal stage before closed deal","Pilot Prep","2024-08-08 00:11","Workflow","Update deal stage before closed deal","Demo / Presentation","2024-06-25 03:25","Workflow","Update deal stage before closed deal","SDR / Omitted OPP","2024-06-13 11:17","Workflow","Update deal stage before closed deal"
"37219630498","Ryt Bank","Demo / Presentation","2025-05-21 01:32","Workflow","Update deal stage before closed deal","SDR / Omitted OPP","2025-05-15 05:38","Workflow","Update deal stage before closed deal"
"32097479861","Trust IQ Pte. Ltd.","SDR / Omitted OPP","2025-01-16 03:46","Workflow","Update deal stage before closed deal"
"32041329705","ZILO","SDR / Omitted OPP","2025-01-15 16:13","Workflow","Update deal stage before closed deal"
"54835486782","GAC","SDR / Omitted OPP","2026-01-28 13:35","Workflow","Update deal stage before closed deal"
"16756246324","Semperis","SDR / Omitted OPP","2024-01-02 14:37","CRM UI Bulk Action","Gal Tarrab Levi"
"20687871906","Georgia-Pacific","Demo / Presentation","2024-07-18 16:06","Workflow","Update deal stage before closed deal","SDR / Omitted OPP","2024-07-11 20:17","Workflow","Update deal stage before closed deal"
"55504576876","Ventura International Limited. Belcorp.  ","Business case confirmation","2026-04-06 19:23","Workflow","Update deal stage before closed deal","Pilot Prep","2026-03-03 16:02","Workflow","Update deal stage before closed deal","Demo / Presentation","2026-03-03 16:01","Workflow","Update deal stage before closed deal","SDR / Omitted OPP","2026-02-05 18:10","Workflow","Update deal stage before closed deal"
"16318509618","The Digital Group","Demo / Presentation","2024-03-03 15:27","CRM UI","Gal Tarrab Levi","SDR / Omitted OPP","2023-12-24 13:52","Import","STAGE BEFORE - Sheet1.csv by Gal Tarrab Levi"
"43331920396","Markel (MVP Expansion)","Pilot Prep","2025-09-03 22:33","Workflow","Update deal stage before closed deal"
"14183239725","Rakuten","Demo / Presentation","2023-12-11 11:09","Import","Deal stage and pre stage  by Gal Tarrab Levi"
"58246266259","Kaufland | Ecommerce Team | Backstage Replacement | New Business | Germany","Pilot Prep","2026-07-02 11:31","Workflow","Update deal stage before closed deal","Demo / Presentation","2026-04-09 16:41","Workflow","Update deal stage before closed deal","SDR / Omitted OPP","2026-03-23 13:50","Workflow","Update deal stage before closed deal"
"29072097138","Hitachi Solutions","SDR / Omitted OPP","2024-11-13 20:38","Workflow","Update deal stage before closed deal"
"49448081011","Betway Group (Super Group Subsidiary)","SDR / Omitted OPP","2025-11-19 17:24","Workflow","Update deal stage before closed deal"
"29873121332","Saama","SDR / Omitted OPP","2024-12-04 23:40","Workflow","Update deal stage before closed deal"
"61031804574","Right Networks LLC","SDR / Omitted OPP","2026-06-11 19:18","Workflow","Update deal stage before closed deal"
"39727842995","United Wholesale Mortgage - 2027","Demo / Presentation","2025-07-07 11:11","Record Merge","","Demo / Presentation","2025-06-18 17:16","Record Merge","","Demo / Presentation","2025-06-11 04:14","Workflow","Update deal stage before closed deal"
"58332221274","Bread Financial - External API Catalog","Demo / Presentation","2026-03-25 22:38","Workflow","Update deal stage before closed deal","SDR / Omitted OPP","2026-03-25 22:34","Workflow","Update deal stage before closed deal"
"13157498256","The Hong Kong Jockey Club","SDR / Omitted OPP","2023-12-11 11:09","Import","Deal stage and pre stage  by Gal Tarrab Levi"
"43899109641","Imec Vlaanderen","SDR / Omitted OPP","2025-09-19 17:11","Workflow","Update deal stage before closed deal"
"16853007008","DHL","Demo / Presentation","2024-01-23 11:50","Workflow","Update deal stage before closed deal","SDR / Omitted OPP","2024-01-08 17:39","Workflow","Update deal stage before closed deal"
"42427868493","Thales Group","SDR / Omitted OPP","2025-08-19 17:32","Workflow","Update deal stage before closed deal"
"61031704852","Morgan Stanley","SDR / Omitted OPP","2026-06-11 19:18","Workflow","Update deal stage before closed deal"
"58445760372","KubeCon EU 2026 - BAWAG Group","SDR / Omitted OPP","2026-03-26 23:26","Workflow","Update deal stage before closed deal"
"48536188569","TAL - New Deal","Negotiation / Legal","2026-02-13 10:25","Workflow","Update deal stage before closed deal","Business case confirmation","2026-02-13 10:25","Workflow","Update deal stage before closed deal","Formal Pilot","2026-02-13 10:25","Workflow","Update deal stage before closed deal","Pilot Prep","2025-11-10 00:16","Workflow","Update deal stage before closed deal"
"10127446022","MoonActive Coin Master","Business case confirmation","2023-12-11 11:09","Import","Deal stage and pre stage  by Gal Tarrab Levi"
"43663190180","WINN.AI","Negotiation / Legal","2025-09-25 12:50","Workflow","Update deal stage before closed deal","SDR / Omitted OPP","2025-09-14 15:07","Workflow","Update deal stage before closed deal"
"52276052993","Accor","Demo / Presentation","2026-02-11 10:56","Workflow","Update deal stage before closed deal","SDR / Omitted OPP","2026-02-02 19:29","Workflow","Update deal stage before closed deal"
"60379236952","SIX ","Demo / Presentation","2026-05-22 13:22","Workflow","Update deal stage before closed deal","SDR / Omitted OPP","2026-05-19 23:29","Workflow","Update deal stage before closed deal"
"59094352714","T-Systems International","SDR / Omitted OPP","2026-04-10 22:07","Workflow","Update deal stage before closed deal"
"57851498844","OBI","Demo / Presentation","2026-06-01 13:48","Workflow","Update deal stage before closed deal","SDR / Omitted OPP","2026-03-10 12:35","Workflow","Update deal stage before closed deal"
"16051766533","Demandbase","Demo / Presentation","2024-03-17 14:22","CRM UI","Gal Tarrab Levi","SDR / Omitted OPP","2023-12-11 11:09","Import","Deal stage and pre stage  by Gal Tarrab Levi"
"16667107715","Cencosud","SDR / Omitted OPP","2023-12-31 09:49","CRM UI","Gal Tarrab Levi"
"60199979418","Harri","SDR / Omitted OPP","2026-05-12 18:35","Workflow","Update deal stage before closed deal"
"48783722071","NS Nederlandse Spoorwegen","Demo / Presentation","2025-11-18 11:26","Workflow","Update deal stage before closed deal","SDR / Omitted OPP","2025-11-10 15:28","Workflow","Update deal stage before closed deal"
"36535947536","Cisco ","SDR / Omitted OPP","2025-04-29 20:26","Workflow","Update deal stage before closed deal"
"16300282505","Intertech","SDR / Omitted OPP","2024-01-02 14:37","CRM UI Bulk Action","Gal Tarrab Levi"
"52077213338","Amdocs - TLV Team","SDR / Omitted OPP","2025-12-19 16:04","Workflow","Update deal stage before closed deal"
"35421903478","Catalogic Software","Pilot Prep","2025-04-29 18:41","Workflow","Update deal stage before closed deal","Demo / Presentation","2025-04-15 18:15","Workflow","Update deal stage before closed deal","SDR / Omitted OPP","2025-04-03 13:30","Workflow","Update deal stage before closed deal"
"29073187398","Microsoft","SDR / Omitted OPP","2024-11-13 21:52","Workflow","Update deal stage before closed deal"
"17348254011","Decathlon","Business case confirmation","2024-09-19 17:58","Workflow","Update deal stage before closed deal","Formal Pilot","2024-06-05 07:39","Workflow","Update deal stage before closed deal","Pilot Prep","2024-05-01 12:39","Workflow","Update deal stage before closed deal","Demo / Presentation","2024-02-12 12:11","Workflow","Update deal stage before closed deal","SDR / Omitted OPP","2024-02-04 12:50","Workflow","Update deal stage before closed deal"
"34764089615","East West Bank","Business case confirmation","2025-05-09 16:53","Workflow","Update deal stage before closed deal","Formal Pilot","2025-04-22 00:27","Workflow","Update deal stage before closed deal","Pilot Prep","2025-04-10 18:59","Workflow","Update deal stage before closed deal","Demo / Presentation","2025-03-20 15:33","Workflow","Update deal stage before closed deal","SDR / Omitted OPP","2025-03-18 15:02","Workflow","Update deal stage before closed deal"
"35402143858","Environmental Systems Research Institute, Inc. ","SDR / Omitted OPP","2025-04-03 15:53","Workflow","Update deal stage before closed deal"
"48355325475","Gremlin","SDR / Omitted OPP","2025-11-05 22:27","Workflow","Update deal stage before closed deal"
"32082134680","Prima Solutions","SDR / Omitted OPP","2025-01-16 14:46","Workflow","Update deal stage before closed deal"
"58451967102","KubeCon EU 2026 - Commerzbank","SDR / Omitted OPP","2026-03-26 23:26","Workflow","Update deal stage before closed deal"
"13992968012","H&M","Pilot Prep","2023-12-11 11:09","Import","Deal stage and pre stage  by Gal Tarrab Levi"
"29069482604","Unique Designs,","SDR / Omitted OPP","2024-11-13 23:11","Workflow","Update deal stage before closed deal"
"56516642716","Mace Group","SDR / Omitted OPP","2026-02-18 12:53","Workflow","Update deal stage before closed deal"
"16847531417","INTO University Partnerships","SDR / Omitted OPP","2024-01-08 07:10","Workflow","Update deal stage before closed deal"
"28282380938","BAH - Booz Allen Hamilton","SDR / Omitted OPP","2024-10-23 14:21","Workflow","Update deal stage before closed deal"
"44890323086","AMH","Formal Pilot","2025-10-28 21:07","Workflow","Update deal stage before closed deal","Pilot Prep","2025-10-27 01:23","Workflow","Update deal stage before closed deal","Demo / Presentation","2025-09-30 22:03","Workflow","Update deal stage before closed deal","SDR / Omitted OPP","2025-09-30 20:50","Workflow","Update deal stage before closed deal"
"28517293642","Keyrock","SDR / Omitted OPP","2024-10-30 13:20","Workflow","Update deal stage before closed deal"
"29041719122","Genuine Parts","SDR / Omitted OPP","2024-11-13 23:06","Workflow","Update deal stage before closed deal"
"35412619174","Prove","Pilot Prep","2025-07-03 17:38","Workflow","Update deal stage before closed deal","Demo / Presentation","2025-04-28 23:20","Workflow","Update deal stage before closed deal","SDR / Omitted OPP","2025-04-03 12:49","Workflow","Update deal stage before closed deal"
"48849949196","Nexthink KubeCon ATL25","SDR / Omitted OPP","2025-11-11 18:33","Workflow","Update deal stage before closed deal"
"60423815351","G-P/Globalization Partners","SDR / Omitted OPP","2026-05-20 18:04","Workflow","Update deal stage before closed deal"
"37119459886","Banco Master","Negotiation / Legal","2025-10-09 16:51","Workflow","Update deal stage before closed deal","Business case confirmation","2025-10-09 16:50","Workflow","Update deal stage before closed deal","Formal Pilot","2025-10-09 16:50","Workflow","Update deal stage before closed deal","Pilot Prep","2025-07-10 17:46","Workflow","Update deal stage before closed deal","Demo / Presentation","2025-07-10 17:44","Workflow","Update deal stage before closed deal","Pilot Prep","2025-05-15 16:43","Workflow","Update deal stage before closed deal","SDR / Omitted OPP","2025-05-13 23:33","Workflow","Update deal stage before closed deal"
"12265555791","Central1 Credit Union","SDR / Omitted OPP","2023-12-11 11:09","Import","Deal stage and pre stage  by Gal Tarrab Levi"
"20652704086","CDQ","SDR / Omitted OPP","2024-07-10 13:44","Workflow","Update deal stage before closed deal"
"17293019524","Resolve Systems","SDR / Omitted OPP","2024-02-01 12:39","Workflow","Update deal stage before closed deal"
"29868298263","[x]cube LABS","SDR / Omitted OPP","2024-12-04 23:21","Workflow","Update deal stage before closed deal"
"33892414099","Infosys Ltd ","SDR / Omitted OPP","2025-02-24 16:33","Record Merge","","SDR / Omitted OPP","2025-02-24 08:09","Workflow","Update deal stage before closed deal","SDR / Omitted OPP","2025-02-19 05:57","Workflow","Update deal stage before closed deal"
"59077871959","CDK Global","SDR / Omitted OPP","2026-04-10 22:07","Workflow","Update deal stage before closed deal"
"58435073557","KubeCon EU 2026 - BCG","SDR / Omitted OPP","2026-03-26 23:26","Workflow","Update deal stage before closed deal"
"61013449104","AIS ","SDR / Omitted OPP","2026-06-10 17:13","Workflow","Update deal stage before closed deal"
"51956034561","Bank of America","SDR / Omitted OPP","2025-12-15 21:11","Workflow","Update deal stage before closed deal"
"32764730141","Vopak","Demo / Presentation","2025-01-30 11:12","Workflow","Update deal stage before closed deal","SDR / Omitted OPP","2025-01-30 08:21","Record Merge","","SDR / Omitted OPP","2025-01-29 18:30","Workflow","Update deal stage before closed deal","SDR / Omitted OPP","2025-01-24 12:09","Workflow","Update deal stage before closed deal"
"41075651421","Sandals Resorts International","SDR / Omitted OPP","2025-07-30 18:48","Workflow","Update deal stage before closed deal"
"59129725033","Arcos Dorados Argentina S.A.","SDR / Omitted OPP","2026-04-12 17:24","Workflow","Update deal stage before closed deal"
"37522184506","Agilysys","SDR / Omitted OPP","2025-05-29 21:44","Workflow","Update deal stage before closed deal"
"36187192222","AdventHealth","Pilot Prep","2025-11-20 17:49","Workflow","Update deal stage before closed deal","Demo / Presentation","2025-08-14 16:57","Workflow","Update deal stage before closed deal","SDR / Omitted OPP","2025-04-24 23:48","Workflow","Update deal stage before closed deal"
"15705835781","First Horizon","SDR / Omitted OPP","2023-12-11 11:09","Import","Deal stage and pre stage  by Gal Tarrab Levi"
"61031115554","Daloopa","SDR / Omitted OPP","2026-06-11 19:18","Workflow","Update deal stage before closed deal"
"35100796790","Eventbrite","Demo / Presentation","2025-03-26 17:39","Record Merge","","SDR / Omitted OPP","2025-03-26 16:31","Workflow","Update deal stage before closed deal","Demo / Presentation","2024-12-31 16:41","Workflow","Update deal stage before closed deal","SDR / Omitted OPP","2024-12-23 19:14","Record Merge","","SDR / Omitted OPP","2024-12-23 18:17","Workflow","Update deal stage before closed deal","SDR / Omitted OPP","2024-12-22 11:04","Record Merge","","SDR / Omitted OPP","2024-12-22 11:04","Record Merge","","SDR / Omitted OPP","2024-12-20 21:45","Workflow","Update deal stage before closed deal","SDR / Omitted OPP","2024-12-20 21:44","Workflow","Update deal stage before closed deal","SDR / Omitted OPP","2024-12-16 22:25","Workflow","Update deal stage before closed deal"
"33958887318","Beyond ONE","Demo / Presentation","2025-03-04 23:05","Workflow","Update deal stage before closed deal","SDR / Omitted OPP","2025-02-26 10:29","Workflow","Update deal stage before closed deal"
"14056687016","Sysdig","Demo / Presentation","2023-12-11 11:09","Import","Deal stage and pre stage  by Gal Tarrab Levi"
"41044638292","Cellebrite","SDR / Omitted OPP","2025-07-30 13:47","Workflow","Update deal stage before closed deal"
"12033496929","denmark radio basic","Formal Pilot","2023-12-11 11:09","Import","Deal stage and pre stage  by Gal Tarrab Levi"
"51154226514","Initech - AWS LV 25","SDR / Omitted OPP","2025-12-04 20:43","Workflow","Update deal stage before closed deal"
"39334064177","WitnessAI","SDR / Omitted OPP","2025-06-26 19:25","Workflow","Update deal stage before closed deal"
"61029797983","Wells Fargo","SDR / Omitted OPP","2026-06-11 19:18","Workflow","Update deal stage before closed deal"
"58445914624","KubeCon EU 2026 - andsafe AG","SDR / Omitted OPP","2026-03-26 23:26","Workflow","Update deal stage before closed deal"
"60640261934","Nice Actimize ","Pilot Prep","2026-06-09 12:36","Workflow","Update deal stage before closed deal","Demo / Presentation","2026-06-04 13:37","Workflow","Update deal stage before closed deal","SDR / Omitted OPP","2026-05-26 15:19","Workflow","Update deal stage before closed deal"
"18262650145","Discount Bank","Negotiation / Legal","2024-12-05 14:12","Workflow","Update deal stage before closed deal","Business case confirmation","2024-10-16 12:34","Workflow","Update deal stage before closed deal","Formal Pilot","2024-08-19 14:30","Workflow","Update deal stage before closed deal","Pilot Prep","2024-07-03 13:43","Workflow","Update deal stage before closed deal","Demo / Presentation","2024-05-23 15:55","Workflow","Update deal stage before closed deal","SDR / Omitted OPP","2024-03-27 14:49","Workflow","Update deal stage before closed deal"
"40515846213","GFL Environmental","Demo / Presentation","2025-07-29 21:44","Workflow","Update deal stage before closed deal","SDR / Omitted OPP","2025-07-20 04:44","Workflow","Update deal stage before closed deal"
"37277047117","C.R. England","SDR / Omitted OPP","2025-05-15 23:50","Workflow","Update deal stage before closed deal"
"32654294017","MathWorks ","Negotiation / Legal","2025-06-19 17:33","Workflow","Update deal stage before closed deal","Business case confirmation","2025-05-05 15:01","Workflow","Update deal stage before closed deal","Formal Pilot","2025-01-28 18:44","Workflow","Update deal stage before closed deal","Pilot Prep","2025-01-28 11:04","Record Merge","","Pilot Prep","2025-01-28 11:03","Record Merge","","SDR / Omitted OPP","2025-01-27 21:58","Workflow","Update deal stage before closed deal","SDR / Omitted OPP","2025-01-27 21:58","Workflow","Update deal stage before closed deal","Pilot Prep","2025-01-26 15:28","Record Merge","","Pilot Prep","2025-01-26 15:27","Record Merge","","Pilot Prep","2025-01-26 15:27","Record Merge","","SDR / Omitted OPP","2025-01-24 19:21","Workflow","Update deal stage before closed deal","SDR / Omitted OPP","2025-01-24 17:51","Workflow","Update deal stage before closed deal","SDR / Omitted OPP","2025-01-23 23:21","Workflow","Update deal stage before closed deal","Pilot Prep","2024-12-09 18:35","Workflow","Update deal stage before closed deal","Demo / Presentation","2024-12-09 15:52","Workflow","Update deal stage before closed deal","SDR / Omitted OPP","2024-11-21 17:02","Workflow","Update deal stage before closed deal"
"15212756493","Cosmos Innovation","SDR / Omitted OPP","2023-12-11 11:09","Import","Deal stage and pre stage  by Gal Tarrab Levi"
"32678724893","Körber","SDR / Omitted OPP","2025-01-29 15:16","Workflow","Update deal stage before closed deal"
"38427704478","Squarepoint","SDR / Omitted OPP","2025-06-03 23:43","Workflow","Update deal stage before closed deal"
"36173012251","Qoala","SDR / Omitted OPP","2025-04-24 14:49","Workflow","Update deal stage before closed deal"
"29888616001","Freedom Mortgage","Demo / Presentation","2025-01-24 16:08","Workflow","Update deal stage before closed deal","SDR / Omitted OPP","2024-12-05 00:46","Workflow","Update deal stage before closed deal"
"21068310307","SECURA Insurance","Negotiation / Legal","2024-11-07 22:09","Workflow","Update deal stage before closed deal","Business case confirmation","2024-10-30 19:02","Workflow","Update deal stage before closed deal","Formal Pilot","2024-10-08 22:28","Workflow","Update deal stage before closed deal","Pilot Prep","2024-08-08 16:59","Workflow","Update deal stage before closed deal","Demo / Presentation","2024-07-31 19:11","Workflow","Update deal stage before closed deal","SDR / Omitted OPP","2024-07-30 16:11","Workflow","Update deal stage before closed deal"
"14576141094","Homecare Homebase","SDR / Omitted OPP","2023-12-11 11:09","Import","Deal stage and pre stage  by Gal Tarrab Levi"
"32136949401","Procter & Gamble","SDR / Omitted OPP","2025-01-17 10:17","Workflow","Update deal stage before closed deal"
"60331877298","Intersystems","SDR / Omitted OPP","2026-05-19 00:02","Workflow","Update deal stage before closed deal"
"58441505462","KubeCon EU 2026 - New10","SDR / Omitted OPP","2026-03-26 23:26","Workflow","Update deal stage before closed deal"
"39563621420","Abbott","SDR / Omitted OPP","2025-07-01 21:51","Workflow","Update deal stage before closed deal"
"29038375711","Booz Allen Hamilton Inc. ","SDR / Omitted OPP","2024-11-13 20:24","Workflow","Update deal stage before closed deal"
"29846352922","News Corp ","Demo / Presentation","2025-01-09 17:23","Workflow","Update deal stage before closed deal","SDR / Omitted OPP","2024-12-04 21:42","Workflow","Update deal stage before closed deal"
"61030196236","AlgaeCal","SDR / Omitted OPP","2026-06-11 19:18","Workflow","Update deal stage before closed deal"
"36482151059","TD Bank","Demo / Presentation","2026-01-20 20:49","Workflow","Update deal stage before closed deal","SDR / Omitted OPP","2025-04-29 15:59","Workflow","Update deal stage before closed deal"
"59470491242","CARFAX","SDR / Omitted OPP","2026-04-23 18:46","Workflow","Update deal stage before closed deal"
"32249841186","Think-it","SDR / Omitted OPP","2025-01-21 15:45","Workflow","Update deal stage before closed deal"
"17696185908","Siemens","Demo / Presentation","2024-02-24 09:41","Record Merge","","Demo / Presentation","2024-02-24 09:41","Workflow","Update deal stage before closed deal","SDR / Omitted OPP","2024-02-13 00:59","Workflow","Update deal stage before closed deal","Pilot Prep","2023-12-11 11:09","Import","Deal stage and pre stage  by Gal Tarrab Levi"
"36552736947","BuilderAI ","SDR / Omitted OPP","2025-04-30 14:37","Workflow","Update deal stage before closed deal"
"21766472376","Chewy","Demo / Presentation","2024-08-30 22:21","Workflow","Update deal stage before closed deal","SDR / Omitted OPP","2024-08-28 06:12","Workflow","Update deal stage before closed deal"
"61176429088","Sagent -","SDR / Omitted OPP","2026-06-17 19:58","Workflow","Update deal stage before closed deal"
"34688371303","Coca-Cola HBC","SDR / Omitted OPP","2025-03-16 02:54","Workflow","Update deal stage before closed deal"
"32241779266","Bitsight","Business case confirmation","2025-04-09 21:25","Workflow","Update deal stage before closed deal","Formal Pilot","2025-02-27 22:25","Workflow","Update deal stage before closed deal","Demo / Presentation","2025-02-05 18:26","Workflow","Update deal stage before closed deal","SDR / Omitted OPP","2025-01-20 13:18","Workflow","Update deal stage before closed deal"
"49134080786","Brenntag","SDR / Omitted OPP","2025-11-17 12:49","Workflow","Update deal stage before closed deal"
"31880479652","IXL Learning Inc ","Demo / Presentation","2025-02-06 16:25","Workflow","Update deal stage before closed deal","SDR / Omitted OPP","2025-01-12 11:54","Record Merge","","SDR / Omitted OPP","2025-01-12 11:54","Record Merge","","SDR / Omitted OPP","2025-01-12 11:54","Record Merge","","SDR / Omitted OPP","2025-01-09 19:00","Workflow","Update deal stage before closed deal","SDR / Omitted OPP","2025-01-09 18:57","Workflow","Update deal stage before closed deal","SDR / Omitted OPP","2025-01-08 23:02","Workflow","Update deal stage before closed deal","SDR / Omitted OPP","2024-11-15 06:53","Workflow","Update deal stage before closed deal"
"59088157874","Air Business Limited","SDR / Omitted OPP","2026-04-10 22:07","Workflow","Update deal stage before closed deal"
"45452263278","Mercari Inc","Pilot Prep","2025-11-10 00:12","Workflow","Update deal stage before closed deal","Demo / Presentation","2025-10-15 08:55","Workflow","Update deal stage before closed deal","SDR / Omitted OPP","2025-10-08 11:17","Workflow","Update deal stage before closed deal"
"58430175513","KubeCon EU 2026 - Koerber Pharma Software GmbH","SDR / Omitted OPP","2026-03-26 23:26","Workflow","Update deal stage before closed deal"
"13614272293","Goodville","SDR / Omitted OPP","2023-12-11 11:09","Import","Deal stage and pre stage  by Gal Tarrab Levi"
"35427829156","Munisense","SDR / Omitted OPP","2025-04-03 16:42","Workflow","Update deal stage before closed deal"
"35306340520","Newday","SDR / Omitted OPP","2025-04-01 12:19","Workflow","Update deal stage before closed deal"
"35420763779","VSHN ","SDR / Omitted OPP","2025-04-04 15:56","Workflow","Update deal stage before closed deal"
"28919880504","ECI Software Solutions Inc","Business case confirmation","2024-12-18 17:19","Workflow","Update deal stage before closed deal","Formal Pilot","2024-11-19 21:27","Workflow","Update deal stage before closed deal","Demo / Presentation","2024-11-12 19:09","Workflow","Update deal stage before closed deal","SDR / Omitted OPP","2024-11-10 17:08","Workflow","Update deal stage before closed deal"
"50331168658","iCapital","SDR / Omitted OPP","2026-01-16 17:33","Workflow","Update deal stage before closed deal"
"17013792026","Fluidra","SDR / Omitted OPP","2024-01-18 12:04","Workflow","Update deal stage before closed deal"
"14860940962","Domino Data Lab","SDR / Omitted OPP","2023-12-11 11:09","Import","Deal stage and pre stage  by Gal Tarrab Levi"
"33440723892","IDP Education","Demo / Presentation","2025-05-12 02:34","Workflow","Update deal stage before closed deal","SDR / Omitted OPP","2025-02-13 13:01","Record Merge","","SDR / Omitted OPP","2025-02-13 13:00","Record Merge","","SDR / Omitted OPP","2025-02-13 11:39","Workflow","Update deal stage before closed deal","SDR / Omitted OPP","2025-02-13 11:38","Workflow","Update deal stage before closed deal","SDR / Omitted OPP","2025-02-13 11:33","Workflow","Update deal stage before closed deal"
"39563204748","Coveo","Business case confirmation","2025-09-18 15:54","Workflow","Update deal stage before closed deal","Formal Pilot","2025-08-26 20:55","Workflow","Update deal stage before closed deal","Pilot Prep","2025-07-16 17:11","Workflow","Update deal stage before closed deal","Demo / Presentation","2025-07-07 23:21","Workflow","Update deal stage before closed deal","SDR / Omitted OPP","2025-07-01 21:05","Workflow","Update deal stage before closed deal"
"30087756594","Abra","SDR / Omitted OPP","2024-12-10 10:47","Record Merge","","SDR / Omitted OPP","2024-12-10 09:28","Workflow","Update deal stage before closed deal","SDR / Omitted OPP","2024-12-03 14:48","Workflow","Update deal stage before closed deal"
"12744636999","Synechron","Demo / Presentation","2023-12-11 11:09","Import","Deal stage and pre stage  by Gal Tarrab Levi"
"31710284033","iO","Business case confirmation","2025-01-28 19:48","Workflow","Update deal stage before closed deal","Pilot Prep","2025-01-28 19:47","Workflow","Update deal stage before closed deal","Demo / Presentation","2025-01-08 19:10","Workflow","Update deal stage before closed deal","SDR / Omitted OPP","2025-01-08 19:01","Workflow","Update deal stage before closed deal"
"29036364800","Krumware","SDR / Omitted OPP","2024-11-13 20:42","Workflow","Update deal stage before closed deal"
"54078608508","Betclic Group ","SDR / Omitted OPP","2026-01-19 17:57","Workflow","Update deal stage before closed deal"
"61626556240"," - New Deal","SDR / Omitted OPP","2026-06-26 18:36","Workflow","Update deal stage before closed deal"
"29905681780","SKECHERS USA ","Demo / Presentation","2024-12-19 15:00","Workflow","Update deal stage before closed deal","SDR / Omitted OPP","2024-12-06 00:25","Workflow","Update deal stage before closed deal"
"13520361799","Tech Mahindra Limited","SDR / Omitted OPP","2023-12-11 11:09","Import","Deal stage and pre stage  by Gal Tarrab Levi"
"57442940954","Sophos - Expansion","Business case confirmation","2026-03-10 13:26","Workflow","Update deal stage before closed deal"
"60643564103","RIU Hotels & Resorts","SDR / Omitted OPP","2026-05-26 17:25","Workflow","Update deal stage before closed deal"
"29803674629","Neosolutions","SDR / Omitted OPP","2024-12-03 22:28","Workflow","Update deal stage before closed deal"
"15425283631","Banco de Crédito BCP","SDR / Omitted OPP","2023-12-11 11:09","Import","Deal stage and pre stage  by Gal Tarrab Levi"
"61582955308","Ripley Corp S.A.","SDR / Omitted OPP","2026-06-25 14:25","Workflow","Update deal stage before closed deal"
"36836531598","Metanet","SDR / Omitted OPP","2025-05-07 10:45","Workflow","Update deal stage before closed deal"
"14761497246","Icario","SDR / Omitted OPP","2023-12-11 11:09","Import","Deal stage and pre stage  by Gal Tarrab Levi"
"21249908257","First Citizens Bank","SDR / Omitted OPP","2024-08-09 18:48","Workflow","Update deal stage before closed deal"
"61047866139","Uber Freight ","SDR / Omitted OPP","2026-06-12 16:29","Workflow","Update deal stage before closed deal"
"57939105432","The AA","SDR / Omitted OPP","2026-03-12 13:28","Workflow","Update deal stage before closed deal"
"58446996039","KubeCon EU 2026 - Booz Allen Hamilton","SDR / Omitted OPP","2026-03-26 23:26","Workflow","Update deal stage before closed deal"
"58566892082","WHOOP","SDR / Omitted OPP","2026-03-31 16:27","Workflow","Update deal stage before closed deal"
"60677856259","Poalim","SDR / Omitted OPP","2026-05-28 08:47","Workflow","Update deal stage before closed deal"
"58737063052","FullStack Labs Inc","SDR / Omitted OPP","2026-04-03 17:45","Workflow","Update deal stage before closed deal"
"58098561572","SolarEdge - expansion","Negotiation / Legal","2026-03-18 10:23","Workflow","Update deal stage before closed deal"
"53696136050","Marsh & McLennan","SDR / Omitted OPP","2026-03-12 05:09","Workflow","Update deal stage before closed deal"
"39024837200","Sanity.io","Pilot Prep","2025-07-08 22:25","Workflow","Update deal stage before closed deal","Demo / Presentation","2025-07-08 22:25","Workflow","Update deal stage before closed deal","SDR / Omitted OPP","2025-06-18 16:53","Workflow","Update deal stage before closed deal"
"41353098103","UNC at Chapel Hill","SDR / Omitted OPP","2025-08-05 19:51","Workflow","Update deal stage before closed deal"
"15843408207","Nshift","SDR / Omitted OPP","2024-01-02 14:40","CRM UI Bulk Action","Gal Tarrab Levi"
"17213892868","ValueMomentum","SDR / Omitted OPP","2024-01-29 14:19","Workflow","Update deal stage before closed deal"
"35366002002","Nutanix","SDR / Omitted OPP","2025-04-02 19:40","Workflow","Update deal stage before closed deal"
"56129087759","Downer Group","Demo / Presentation","2026-02-17 04:51","Workflow","Update deal stage before closed deal","SDR / Omitted OPP","2026-02-12 11:03","Workflow","Update deal stage before closed deal"
"60083647828","KubeCon EU 2026 - BAUHAUS","SDR / Omitted OPP","2026-05-11 18:30","Record Merge","","SDR / Omitted OPP","2026-04-29 13:38","Workflow","Update deal stage before closed deal","SDR / Omitted OPP","2026-03-26 23:26","Workflow","Update deal stage before closed deal"
"34885297512","Varonis","Demo / Presentation","2025-04-10 13:51","Workflow","Update deal stage before closed deal","SDR / Omitted OPP","2025-03-20 17:06","Workflow","Update deal stage before closed deal"
"21714948620","Blue Yonder","Demo / Presentation","2024-08-29 23:36","Workflow","Update deal stage before closed deal","SDR / Omitted OPP","2024-08-26 12:46","Workflow","Update deal stage before closed deal"
"50870486862","PAŞA Bank ","SDR / Omitted OPP","2025-12-02 12:09","Workflow","Update deal stage before closed deal"
"59814393266","Holcim","SDR / Omitted OPP","2026-04-29 23:17","Workflow","Update deal stage before closed deal"
"58906339878","La Caisse (Caisse de dépôt et placement du Québec)","Demo / Presentation","2026-04-30 15:30","Workflow","Update deal stage before closed deal","SDR / Omitted OPP","2026-04-07 21:57","Workflow","Update deal stage before closed deal"
"17116133979","MACCABI HEALTHCARE SERVICES (HMO)","Negotiation / Legal","2024-08-15 15:41","Workflow","Update deal stage before closed deal","Business case confirmation","2024-04-24 14:50","Workflow","Update deal stage before closed deal","Demo / Presentation","2024-01-23 15:01","Workflow","Update deal stage before closed deal"
"62044817263","Nayax ","SDR / Omitted OPP","2026-07-02 12:43","Workflow","Update deal stage before closed deal"
"44462806424","Intel","SDR / Omitted OPP","2025-09-25 00:09","Workflow","Update deal stage before closed deal"
"35279733120","Hudson Insurance","Negotiation / Legal","2025-03-31 17:51","Record Merge","","Negotiation / Legal","2025-03-31 17:51","Record Merge","","Negotiation / Legal","2025-03-31 17:51","Record Merge","","SDR / Omitted OPP","2025-03-31 17:48","Workflow","Update deal stage before closed deal","SDR / Omitted OPP","2025-03-31 17:47","Workflow","Update deal stage before closed deal","SDR / Omitted OPP","2025-03-31 17:47","Workflow","Update deal stage before closed deal","Negotiation / Legal","2024-06-05 01:40","Workflow","Update deal stage before closed deal","Business case confirmation","2024-05-20 21:07","Workflow","Update deal stage before closed deal","Demo / Presentation","2024-05-02 18:23","Workflow","Update deal stage before closed deal","SDR / Omitted OPP","2024-05-01 19:23","Workflow","Update deal stage before closed deal"
"15957481609","PagerDuty","SDR / Omitted OPP","2024-01-02 14:37","CRM UI Bulk Action","Gal Tarrab Levi"
"39615692647","Cadent","SDR / Omitted OPP","2025-07-02 19:48","Workflow","Update deal stage before closed deal"
"18124515602","Bosch - KubeCon","SDR / Omitted OPP","2024-03-20 12:51","Workflow","Update deal stage before closed deal"
"28879596328","HERE Technologies ","Demo / Presentation","2024-12-17 19:29","Workflow","Update deal stage before closed deal","SDR / Omitted OPP","2024-11-08 18:10","Workflow","Update deal stage before closed deal"
"15667575861","PedidosYa","SDR / Omitted OPP","2023-12-11 11:09","Import","Deal stage and pre stage  by Gal Tarrab Levi"
"52016560516","ONE ZERO BANK ","SDR / Omitted OPP","2025-12-17 10:44","Workflow","Update deal stage before closed deal"
"29114505330","Equinix","SDR / Omitted OPP","2024-11-14 20:48","Workflow","Update deal stage before closed deal"
"34612372055","Banco General","Demo / Presentation","2025-04-22 06:50","Workflow","Update deal stage before closed deal","SDR / Omitted OPP","2025-03-12 22:05","Workflow","Update deal stage before closed deal"
"35871961860","Georgia Pacific","SDR / Omitted OPP","2025-04-18 18:08","Workflow","Update deal stage before closed deal"
"18648384583","Société Générale","Demo / Presentation","2024-05-30 16:18","Workflow","Update deal stage before closed deal","SDR / Omitted OPP","2024-04-15 12:26","Workflow","Update deal stage before closed deal"
"38511456268","Taskrabbit","SDR / Omitted OPP","2025-06-05 17:18","Workflow","Update deal stage before closed deal"
"53896325148","Kyndryl Holdings, Inc. ","SDR / Omitted OPP","2026-01-15 16:46","Workflow","Update deal stage before closed deal"
"36180853006","Millennium","SDR / Omitted OPP","2025-05-05 21:47","Workflow","Update deal stage before closed deal"
"33733886623","senhasegura","Negotiation / Legal","2025-04-18 15:23","Workflow","Update deal stage before closed deal","Demo / Presentation","2025-02-19 20:25","Workflow","Update deal stage before closed deal","SDR / Omitted OPP","2025-02-19 20:12","Workflow","Update deal stage before closed deal"
"29998737823","XM","Negotiation / Legal","2025-04-17 17:55","Workflow","Update deal stage before closed deal","Business case confirmation","2025-04-17 17:54","Workflow","Update deal stage before closed deal","Negotiation / Legal","2025-02-10 19:36","Workflow","Update deal stage before closed deal","Business case confirmation","2025-01-23 20:49","Workflow","Update deal stage before closed deal","Formal Pilot","2024-12-08 15:31","Record Merge","","SDR / Omitted OPP","2024-12-06 23:52","Workflow","Update deal stage before closed deal","Formal Pilot","2024-11-06 18:17","Workflow","Update deal stage before closed deal","Pilot Prep","2024-10-02 22:58","Workflow","Update deal stage before closed deal","Demo / Presentation","2024-09-04 23:43","Workflow","Update deal stage before closed deal","SDR / Omitted OPP","2024-08-29 05:07","Workflow","Update deal stage before closed deal"
"60168646678","Netto Marken-Discount ","Demo / Presentation","2026-06-01 15:41","Workflow","Update deal stage before closed deal","SDR / Omitted OPP","2026-05-11 10:27","Workflow","Update deal stage before closed deal"
"10127544241","(Unity) Ironsource basic ","Formal Pilot","2024-03-03 10:25","CRM UI","Gal Tarrab Levi","SDR / Omitted OPP","2024-01-02 14:40","CRM UI Bulk Action","Gal Tarrab Levi"
"60330285989","InstaLILY AI","Pilot Prep","2026-06-04 16:47","Workflow","Update deal stage before closed deal","Demo / Presentation","2026-05-18 23:51","Workflow","Update deal stage before closed deal","SDR / Omitted OPP","2026-05-18 18:42","Workflow","Update deal stage before closed deal"
"28552669456","Mobysoft","Negotiation / Legal","2025-03-17 16:57","Workflow","Update deal stage before closed deal","Business case confirmation","2024-12-16 19:04","Workflow","Update deal stage before closed deal","Pilot Prep","2024-11-06 21:35","Workflow","Update deal stage before closed deal","Demo / Presentation","2024-11-04 13:04","Workflow","Update deal stage before closed deal","SDR / Omitted OPP","2024-10-31 17:48","Workflow","Update deal stage before closed deal"
"34233598086","Synopsys","SDR / Omitted OPP","2025-03-04 23:20","Record Merge","","SDR / Omitted OPP","2025-03-04 23:19","Record Merge","","SDR / Omitted OPP","2025-03-04 23:19","Record Merge","","SDR / Omitted OPP","2025-03-04 23:19","Record Merge","","SDR / Omitted OPP","2025-03-04 20:45","Workflow","Update deal stage before closed deal","SDR / Omitted OPP","2025-03-04 20:44","Workflow","Update deal stage before closed deal","SDR / Omitted OPP","2025-03-04 20:44","Workflow","Update deal stage before closed deal","SDR / Omitted OPP","2025-03-04 20:44","Workflow","Update deal stage before closed deal","SDR / Omitted OPP","2025-03-04 20:44","Workflow","Update deal stage before closed deal"
"35461925020","QTS","Demo / Presentation","2025-05-01 16:08","Workflow","Update deal stage before closed deal","SDR / Omitted OPP","2025-04-04 00:12","Workflow","Update deal stage before closed deal"
"36818341431","The Chamberlain Group","SDR / Omitted OPP","2025-05-06 18:59","Workflow","Update deal stage before closed deal"
"51756561224","Booking.com","SDR / Omitted OPP","2025-12-15 18:21","Workflow","Update deal stage before closed deal"
"33397392146","HighLevel","SDR / Omitted OPP","2025-02-12 18:49","Workflow","Update deal stage before closed deal"
"13867853479","PwC","SDR / Omitted OPP","2023-12-11 11:09","Import","Deal stage and pre stage  by Gal Tarrab Levi"
"35355405147","Yieldgoal","SDR / Omitted OPP","2025-04-02 20:20","Workflow","Update deal stage before closed deal"
"30288437390","Virgin Money","SDR / Omitted OPP","2024-12-13 10:57","Workflow","Update deal stage before closed deal"
"51441389068","Texas A&M University","Demo / Presentation","2025-12-16 20:03","Workflow","Update deal stage before closed deal","SDR / Omitted OPP","2025-12-09 18:57","Workflow","Update deal stage before closed deal"
"17653857131","Workleap","Pilot Prep","2024-04-02 19:02","Workflow","Update deal stage before closed deal","Demo / Presentation","2024-03-07 17:41","Workflow","Update deal stage before closed deal","Formal Pilot","2024-03-06 22:29","Workflow","Update deal stage before closed deal","Demo / Presentation","2024-02-22 17:14","Workflow","Update deal stage before closed deal","SDR / Omitted OPP","2024-02-21 18:46","Workflow","Update deal stage before closed deal"
"18919277568","Generac Holdings Inc.","SDR / Omitted OPP","2024-04-26 19:49","Workflow","Update deal stage before closed deal"
"11804378126","Red Hat","Formal Pilot","2023-12-11 11:09","Import","Deal stage and pre stage  by Gal Tarrab Levi"
"43604247159","PZU","Demo / Presentation","2025-09-26 16:46","Workflow","Update deal stage before closed deal","SDR / Omitted OPP","2025-09-11 10:39","Workflow","Update deal stage before closed deal"
"28887373581","Hilti ","Negotiation / Legal","2025-03-19 12:27","Workflow","Update deal stage before closed deal","Business case confirmation","2025-03-19 12:27","Workflow","Update deal stage before closed deal","Formal Pilot","2025-03-19 12:26","Workflow","Update deal stage before closed deal","Pilot Prep","2025-01-28 11:20","Workflow","Update deal stage before closed deal","Demo / Presentation","2024-12-23 15:19","Workflow","Update deal stage before closed deal","SDR / Omitted OPP","2024-11-11 10:07","Record Merge","","SDR / Omitted OPP","2024-11-11 09:31","Workflow","Update deal stage before closed deal","SDR / Omitted OPP","2024-11-06 14:30","Workflow","Update deal stage before closed deal"
"12253034561","Justt","SDR / Omitted OPP","2024-01-02 14:40","CRM UI Bulk Action","Gal Tarrab Levi"
"61593235822","American Express - New Deal","SDR / Omitted OPP","2026-06-25 00:44","Workflow","Update deal stage before closed deal"
"59370049454","KLA Corporation USA","SDR / Omitted OPP","2026-04-21 16:56","Workflow","Update deal stage before closed deal"
"52031562547","Radiology Partners","Business case confirmation","2026-02-12 16:44","Workflow","Update deal stage before closed deal","Formal Pilot","2026-02-12 16:44","Workflow","Update deal stage before closed deal","Pilot Prep","2026-02-09 17:38","Workflow","Update deal stage before closed deal","SDR / Omitted OPP","2025-12-17 18:29","Workflow","Update deal stage before closed deal"
"53886976006","Ahead (Hartford Healthcare)","SDR / Omitted OPP","2026-01-15 01:08","Workflow","Update deal stage before closed deal"
"20792126574","Spryker Systems GmbH","Demo / Presentation","2024-07-22 17:05","Workflow","Update deal stage before closed deal","SDR / Omitted OPP","2024-07-16 11:13","Record Merge","","SDR / Omitted OPP","2024-07-16 11:05","Workflow","Update deal stage before closed deal","SDR / Omitted OPP","2024-07-04 18:55","Workflow","Update deal stage before closed deal"
"61030132241","Rakuten Group, Inc.","SDR / Omitted OPP","2026-06-11 19:18","Workflow","Update deal stage before closed deal"
"14602888754","Credit Suisse","Demo / Presentation","2023-12-11 11:09","Import","Deal stage and pre stage  by Gal Tarrab Levi"
"18167805225","Mercadonq - KubeCon ","SDR / Omitted OPP","2024-03-22 14:38","Workflow","Update deal stage before closed deal"
"49445992877","Microsoft KubeCon ATL25","SDR / Omitted OPP","2025-11-17 23:26","Workflow","Update deal stage before closed deal"
"34032539508","Optum Inc","Demo / Presentation","2025-02-28 20:02","Workflow","Update deal stage before closed deal","SDR / Omitted OPP","2025-02-27 20:08","Workflow","Update deal stage before closed deal"
"10208049938","payfit basic","SDR / Omitted OPP","2024-01-02 14:40","CRM UI Bulk Action","Gal Tarrab Levi"
"29766326134","Global-e","Demo / Presentation","2024-12-13 14:11","Workflow","Update deal stage before closed deal","SDR / Omitted OPP","2024-12-02 16:17","Workflow","Update deal stage before closed deal"
"40603561902","Guideline.ai","Demo / Presentation","2025-09-30 23:28","Workflow","Update deal stage before closed deal","Pilot Prep","2025-09-24 16:39","Workflow","Update deal stage before closed deal","Business case confirmation","2025-09-09 18:57","Workflow","Update deal stage before closed deal","Formal Pilot","2025-09-09 18:57","Workflow","Update deal stage before closed deal","Pilot Prep","2025-08-21 18:26","Workflow","Update deal stage before closed deal","Demo / Presentation","2025-08-07 23:11","Workflow","Update deal stage before closed deal","SDR / Omitted OPP","2025-07-21 20:53","Workflow","Update deal stage before closed deal"
"22863714380","Mollie","SDR / Omitted OPP","2024-10-02 17:26","Workflow","Update deal stage before closed deal"
"20652704657","Signifyd","Demo / Presentation","2024-08-15 17:08","Workflow","Update deal stage before closed deal","SDR / Omitted OPP","2024-07-10 13:53","Workflow","Update deal stage before closed deal"
"19436408599","Redcare-pharmacy","Demo / Presentation","2024-05-17 16:23","Workflow","Update deal stage before closed deal"
"20219668224","Salt Security","SDR / Omitted OPP","2024-06-20 18:08","Workflow","Update deal stage before closed deal"
"15990589187","Kimberly-Clark","Demo / Presentation","2024-03-03 15:21","CRM UI","Gal Tarrab Levi","SDR / Omitted OPP","2023-12-11 11:09","Import","Deal stage and pre stage  by Gal Tarrab Levi"
"11776163388","AMCS","Negotiation / Legal","2023-12-11 11:09","Import","Deal stage and pre stage  by Gal Tarrab Levi"
"13415032926","Resolve Systems","SDR / Omitted OPP","2023-12-11 11:09","Import","Deal stage and pre stage  by Gal Tarrab Levi"
"35862278718","RIMAC Seguros","Pilot Prep","2025-09-25 19:14","Workflow","Update deal stage before closed deal","Formal Pilot","2025-06-18 15:28","Workflow","Update deal stage before closed deal","Pilot Prep","2025-04-17 18:19","Workflow","Update deal stage before closed deal","SDR / Omitted OPP","2025-04-17 01:31","Workflow","Update deal stage before closed deal"
"58447153004","KubeCon EU 2026 - Alerant","SDR / Omitted OPP","2026-03-26 23:26","Workflow","Update deal stage before closed deal"
"40317735473","ROiORO Capital Investments (BNY?)","SDR / Omitted OPP","2025-07-16 16:17","Workflow","Update deal stage before closed deal"
"35841944614","RACV","Demo / Presentation","2025-04-28 02:55","Workflow","Update deal stage before closed deal","SDR / Omitted OPP","2025-04-17 01:41","Workflow","Update deal stage before closed deal"
"61030129822","Hallmark","SDR / Omitted OPP","2026-06-11 19:18","Workflow","Update deal stage before closed deal"
"13082621101","UIpath - reschedule","Demo / Presentation","2023-12-11 11:09","Import","Deal stage and pre stage  by Gal Tarrab Levi"
"20299244883","Conta Azul","Pilot Prep","2024-07-03 18:36","Workflow","Update deal stage before closed deal","Demo / Presentation","2024-07-03 14:45","Workflow","Update deal stage before closed deal","SDR / Omitted OPP","2024-06-24 17:06","Workflow","Update deal stage before closed deal"
"16355000075","WellSky","Demo / Presentation","2024-06-24 10:40","CRM UI","Gal Tarrab Levi","SDR / Omitted OPP","2023-12-11 11:09","Import","Deal stage and pre stage  by Gal Tarrab Levi"
"29871730350","Coconut Software","SDR / Omitted OPP","2024-12-04 22:29","Workflow","Update deal stage before closed deal"
"16158844762","Pleo","Negotiation / Legal","2024-09-10 13:53","Workflow","Update deal stage before closed deal","Business case confirmation","2024-08-05 12:49","Workflow","Update deal stage before closed deal","Formal Pilot","2024-07-03 19:36","Workflow","Update deal stage before closed deal","Pilot Prep","2024-01-09 13:51","Workflow","Update deal stage before closed deal","SDR / Omitted OPP","2023-12-11 11:09","Import","Deal stage and pre stage  by Gal Tarrab Levi"
"32683226807","Rimac","Pilot Prep","2025-04-17 15:55","Workflow","Update deal stage before closed deal","Demo / Presentation","2025-01-28 23:49","Workflow","Update deal stage before closed deal"
"14556510269","G'day Group - Discovery Parks","Negotiation / Legal","2023-12-11 11:09","Import","Deal stage and pre stage  by Gal Tarrab Levi"
"50575487499","Minsait (Indra Group)","SDR / Omitted OPP","2025-11-28 15:20","Workflow","Update deal stage before closed deal"
"58241701383","KubeCon EU 2026 - E.ON","SDR / Omitted OPP","2026-03-23 11:38","Workflow","Update deal stage before closed deal"
"17769823760","Arrival","SDR / Omitted OPP","2024-02-28 16:07","Workflow","Update deal stage before closed deal"
"29803478821","Heartland","SDR / Omitted OPP","2024-12-03 22:46","Workflow","Update deal stage before closed deal"
"58439955994","KubeCon EU 2026 - Intralot","SDR / Omitted OPP","2026-03-26 23:26","Workflow","Update deal stage before closed deal"
"18169379927","Allianz Technology - KubeCon","SDR / Omitted OPP","2024-03-22 14:41","Workflow","Update deal stage before closed deal"
"15842849435","Torq","SDR / Omitted OPP","2024-01-02 14:40","CRM UI Bulk Action","Gal Tarrab Levi"
"31009204781","Fiverr International LTD","SDR / Omitted OPP","2024-12-26 16:17","Record Merge","","SDR / Omitted OPP","2024-12-26 14:18","Workflow","Update deal stage before closed deal","SDR / Omitted OPP","2024-12-26 14:17","Workflow","Update deal stage before closed deal"
"12747953064","AMN Healthcare","SDR / Omitted OPP","2024-01-02 14:40","CRM UI Bulk Action","Gal Tarrab Levi"
"35347843932","Turbo Energy ","SDR / Omitted OPP","2025-04-02 14:55","Workflow","Update deal stage before closed deal"
"54267209504","Perion","SDR / Omitted OPP","2026-01-20 20:52","Workflow","Update deal stage before closed deal"
"15354279191","Atom Bank","Pilot Prep","2023-12-11 11:09","Import","Deal stage and pre stage  by Gal Tarrab Levi"
"38547949432","Richemont - 2,025","Formal Pilot","2025-06-05 16:00","Record Merge","","Formal Pilot","2025-06-05 15:59","Workflow","Update deal stage before closed deal","Pilot Prep","2024-11-07 15:33","Workflow","Update deal stage before closed deal","Demo / Presentation","2024-07-04 08:46","Workflow","Update deal stage before closed deal","SDR / Omitted OPP","2024-07-02 17:26","Workflow","Update deal stage before closed deal"
"14655874075","Pimco","Demo / Presentation","2024-02-13 17:39","Workflow","Update deal stage before closed deal","Formal Pilot","2023-12-11 11:09","Import","Deal stage and pre stage  by Gal Tarrab Levi"
"58441814434","KubeCon EU 2026 - JPMorgan","SDR / Omitted OPP","2026-03-26 23:26","Workflow","Update deal stage before closed deal"
"52475017734","Mibanco - IDP Seats","Pilot Prep","2025-12-29 18:44","Workflow","Update deal stage before closed deal","Demo / Presentation","2025-12-29 18:44","Workflow","Update deal stage before closed deal","SDR / Omitted OPP","2025-12-23 19:53","Workflow","Update deal stage before closed deal"
"59084718916","Edgewater Markets","SDR / Omitted OPP","2026-04-10 22:07","Workflow","Update deal stage before closed deal"
"36510348116","Cognism","Negotiation / Legal","2025-06-27 13:35","Workflow","Update deal stage before closed deal","Business case confirmation","2025-06-25 12:11","Workflow","Update deal stage before closed deal","Formal Pilot","2025-05-27 13:42","Workflow","Update deal stage before closed deal","Pilot Prep","2025-05-19 19:29","Workflow","Update deal stage before closed deal","Demo / Presentation","2025-05-09 18:54","Workflow","Update deal stage before closed deal","SDR / Omitted OPP","2025-04-29 14:29","Workflow","Update deal stage before closed deal"
"60852951361","WTW ","SDR / Omitted OPP","2026-06-04 11:59","Workflow","Update deal stage before closed deal"
"35406811469","Honeybook","SDR / Omitted OPP","2025-04-03 14:47","Workflow","Update deal stage before closed deal"
"35651202974","Close","SDR / Omitted OPP","2025-04-28 23:19","Workflow","Update deal stage before closed deal","Demo / Presentation","2025-04-28 23:19","Workflow","Update deal stage before closed deal","SDR / Omitted OPP","2025-04-10 17:06","Workflow","Update deal stage before closed deal"
"35427810473","Bizzkit","SDR / Omitted OPP","2025-04-03 13:18","Workflow","Update deal stage before closed deal"
"18131352392","Statistics Netherlands - KubeCon","SDR / Omitted OPP","2024-03-20 20:26","Workflow","Update deal stage before closed deal"
"29115892146","Mercari, Inc.","SDR / Omitted OPP","2024-11-15 00:14","Workflow","Update deal stage before closed deal"
"21783444289","LandSure Systems","Business case confirmation","2024-11-06 18:40","Workflow","Update deal stage before closed deal","Formal Pilot","2024-10-08 16:52","Workflow","Update deal stage before closed deal","Pilot Prep","2024-09-09 19:19","Workflow","Update deal stage before closed deal","Demo / Presentation","2024-08-28 20:47","Workflow","Update deal stage before closed deal","SDR / Omitted OPP","2024-08-28 20:40","Workflow","Update deal stage before closed deal"
"15159921257","Pay Point","Formal Pilot","2023-12-11 11:09","Import","Deal stage and pre stage  by Gal Tarrab Levi"
"39382942788","Petrobras","SDR / Omitted OPP","2025-06-27 20:09","Workflow","Update deal stage before closed deal"
"15957694769","MavenCode","SDR / Omitted OPP","2023-12-11 11:09","Import","Deal stage and pre stage  by Gal Tarrab Levi"
"59418916701","Happening ","Demo / Presentation","2026-05-28 11:26","Workflow","Update deal stage before closed deal","SDR / Omitted OPP","2026-04-22 17:51","Workflow","Update deal stage before closed deal"
"56928113431","Bosch","Pilot Prep","2026-06-11 12:22","Workflow","Update deal stage before closed deal","Demo / Presentation","2026-02-27 17:33","Workflow","Update deal stage before closed deal","SDR / Omitted OPP","2026-02-25 12:58","Workflow","Update deal stage before closed deal"
"44586589489","RBC","SDR / Omitted OPP","2025-11-03 17:06","Workflow","Update deal stage before closed deal"
"12818741177","Maya PH","Business case confirmation","2023-12-11 11:09","Import","Deal stage and pre stage  by Gal Tarrab Levi"
"51985642659","Abbott","SDR / Omitted OPP","2025-12-17 18:57","Workflow","Update deal stage before closed deal"
"60797215370","Silverfort ","SDR / Omitted OPP","2026-06-02 15:27","Workflow","Update deal stage before closed deal"
"17479924532","Amdocs IL","SDR / Omitted OPP","2024-02-12 10:42","Workflow","Update deal stage before closed deal"
"12760526683","HousingAnywhere","SDR / Omitted OPP","2023-12-11 11:09","Import","Deal stage and pre stage  by Gal Tarrab Levi"
"34457750289","eToro ltd","Negotiation / Legal","2025-06-30 12:48","Workflow","Update deal stage before closed deal","Business case confirmation","2025-06-12 11:56","Workflow","Update deal stage before closed deal","Formal Pilot","2025-05-06 15:14","Workflow","Update deal stage before closed deal","Pilot Prep","2025-04-10 12:26","Workflow","Update deal stage before closed deal","Demo / Presentation","2025-04-07 09:54","Workflow","Update deal stage before closed deal","SDR / Omitted OPP","2025-03-10 16:49","Record Merge","","SDR / Omitted OPP","2025-03-10 16:47","Workflow","Update deal stage before closed deal","SDR / Omitted OPP","2025-03-10 16:47","Workflow","Update deal stage before closed deal"
"29787833372","Block","Demo / Presentation","2025-01-09 16:26","Workflow","Update deal stage before closed deal","SDR / Omitted OPP","2024-12-03 22:05","Workflow","Update deal stage before closed deal"
"61017351307","WHOOP","SDR / Omitted OPP","2026-06-11 19:18","Workflow","Update deal stage before closed deal"
"34511403281","Roku","SDR / Omitted OPP","2025-03-10 22:54","Workflow","Update deal stage before closed deal"
"32512125097","United Wholesale Mortgage","Negotiation / Legal","2025-01-27 16:43","Record Merge","","SDR / Omitted OPP","2025-01-27 15:39","Workflow","Update deal stage before closed deal","Negotiation / Legal","2024-04-18 18:16","Workflow","Update deal stage before closed deal","Business case confirmation","2024-04-18 17:29","Workflow","Update deal stage before closed deal","Formal Pilot","2024-03-07 19:47","Workflow","Update deal stage before closed deal","Pilot Prep","2024-02-01 02:20","Workflow","Update deal stage before closed deal","Demo / Presentation","2024-01-23 19:57","Workflow","Update deal stage before closed deal","SDR / Omitted OPP","2024-01-02 14:37","CRM UI Bulk Action","Gal Tarrab Levi"
"54800648352","Exclaimer","SDR / Omitted OPP","2026-01-28 11:15","Workflow","Update deal stage before closed deal"
"51181060118","Flex","Demo / Presentation","2026-01-15 20:46","Workflow","Update deal stage before closed deal","SDR / Omitted OPP","2025-12-04 18:51","Workflow","Update deal stage before closed deal"
"55396489247","MagMutual - Expansion","Negotiation / Legal","2026-02-02 20:50","Workflow","Update deal stage before closed deal"
"12923617696","NTT Limited","SDR / Omitted OPP","2023-12-11 11:09","Import","Deal stage and pre stage  by Gal Tarrab Levi"
"58446996040","KubeCon EU 2026 - Azerion","SDR / Omitted OPP","2026-03-26 23:26","Workflow","Update deal stage before closed deal"
"34482452602","Compare the Market ","SDR / Omitted OPP","2025-03-10 18:17","Workflow","Update deal stage before closed deal"
"41605764630","Fetch","Negotiation / Legal","2025-11-17 21:26","Workflow","Update deal stage before closed deal","Business case confirmation","2025-11-14 01:01","Workflow","Update deal stage before closed deal","Formal Pilot","2025-10-27 01:22","Workflow","Update deal stage before closed deal","Pilot Prep","2025-09-18 16:48","Workflow","Update deal stage before closed deal","Demo / Presentation","2025-08-22 23:09","Workflow","Update deal stage before closed deal","SDR / Omitted OPP","2025-08-08 21:44","Workflow","Update deal stage before closed deal"
"17974156473","Redcare Pharmacy","SDR / Omitted OPP","2024-03-11 17:12","Workflow","Update deal stage before closed deal"
"60124995138","Itau","Demo / Presentation","2026-05-20 19:23","Workflow","Update deal stage before closed deal","SDR / Omitted OPP","2026-05-08 18:09","Workflow","Update deal stage before closed deal"
"39150613166","Concirrus","SDR / Omitted OPP","2025-06-23 12:21","Workflow","Update deal stage before closed deal"
"30951850121","Stigg Inc","SDR / Omitted OPP","2024-12-24 17:51","Workflow","Update deal stage before closed deal"
"18291902864","Compass Digital - old","SDR / Omitted OPP","2024-03-28 19:44","Workflow","Update deal stage before closed deal"
"29824346776","OneTrust ","Demo / Presentation","2024-12-04 11:17","Record Merge","","SDR / Omitted OPP","2024-12-04 11:14","Workflow","Update deal stage before closed deal","Demo / Presentation","2024-11-26 00:35","Workflow","Update deal stage before closed deal","SDR / Omitted OPP","2024-11-18 08:36","Workflow","Update deal stage before closed deal"
"12611407161","Moonactive 2024","Business case confirmation","2023-12-11 11:09","Import","Deal stage and pre stage  by Gal Tarrab Levi"
"34882590026","BMG Money","SDR / Omitted OPP","2025-03-20 21:05","Workflow","Update deal stage before closed deal"
"43524627815","Zillow","SDR / Omitted OPP","2025-09-09 20:19","Workflow","Update deal stage before closed deal"
"55312450398","DSV - Greenfield IDP & AEP - New Business","Business case confirmation","2026-07-02 14:24","Workflow","Update deal stage before closed deal","Negotiation / Legal","2026-06-08 15:55","Workflow","Update deal stage before closed deal","Business case confirmation","2026-05-18 15:31","Workflow","Update deal stage before closed deal","Formal Pilot","2026-03-31 17:38","Workflow","Update deal stage before closed deal","Pilot Prep","2026-02-18 13:49","Workflow","Update deal stage before closed deal","Demo / Presentation","2026-02-18 13:19","Workflow","Update deal stage before closed deal","SDR / Omitted OPP","2026-02-03 11:22","Workflow","Update deal stage before closed deal"
"45317820221","AMN Healthcare","Pilot Prep","2025-10-23 17:06","Workflow","Update deal stage before closed deal","Demo / Presentation","2025-10-10 23:17","Workflow","Update deal stage before closed deal","SDR / Omitted OPP","2025-10-06 23:49","Workflow","Update deal stage before closed deal"
"61030104905","Disney","SDR / Omitted OPP","2026-06-11 19:18","Workflow","Update deal stage before closed deal"
"34496112521","netwealth","Pilot Prep","2025-03-21 12:13","Workflow","Update deal stage before closed deal","Demo / Presentation","2025-03-21 12:12","Workflow","Update deal stage before closed deal","SDR / Omitted OPP","2025-03-11 11:27","Workflow","Update deal stage before closed deal"
"32425586194","Fedex Dataworks","Demo / Presentation","2025-01-26 16:29","Record Merge","","SDR / Omitted OPP","2025-01-26 09:40","Workflow","Update deal stage before closed deal","Demo / Presentation","2024-09-17 19:05","Workflow","Update deal stage before closed deal","SDR / Omitted OPP","2024-08-13 21:05","Workflow","Update deal stage before closed deal"
"21785200525","Magna International","SDR / Omitted OPP","2024-08-29 00:10","Workflow","Update deal stage before closed deal"
"46650637433","Fullbay","Negotiation / Legal","2025-10-27 17:31","Workflow","Update deal stage before closed deal","Formal Pilot","2025-10-27 17:30","Workflow","Update deal stage before closed deal","Pilot Prep","2025-10-27 17:29","Workflow","Update deal stage before closed deal","Demo / Presentation","2025-10-22 20:08","Workflow","Update deal stage before closed deal","SDR / Omitted OPP","2025-10-22 00:24","Workflow","Update deal stage before closed deal"
"33841661302","OpsGuru","SDR / Omitted OPP","2025-02-21 23:20","Workflow","Update deal stage before closed deal"
"13266451725","ZeroNorth","SDR / Omitted OPP","2023-12-11 11:09","Import","Deal stage and pre stage  by Gal Tarrab Levi"
"62024771409","Jeffereies - New Deal","SDR / Omitted OPP","2026-07-01 20:50","Workflow","Update deal stage before closed deal"
"15319978937","Edward Jones","SDR / Omitted OPP","2023-12-11 11:09","Import","Deal stage and pre stage  by Gal Tarrab Levi"
"21890266037","Bizongo","SDR / Omitted OPP","2024-09-03 11:48","Workflow","Update deal stage before closed deal"
"35354139442","DUO","SDR / Omitted OPP","2025-04-02 14:03","Workflow","Update deal stage before closed deal"
"60525083265","Sun Life","SDR / Omitted OPP","2026-05-22 23:10","Workflow","Update deal stage before closed deal"
"29847893069","RoadRunner Recycling ","Demo / Presentation","2024-12-11 21:41","Workflow","Update deal stage before closed deal","SDR / Omitted OPP","2024-12-04 20:44","Workflow","Update deal stage before closed deal"
"58208344181","ASN Bank","Negotiation / Legal","2026-06-01 14:45","Workflow","Update deal stage before closed deal","Business case confirmation","2026-03-23 10:40","Record Merge","","SDR / Omitted OPP","2026-03-03 18:37","Workflow","Update deal stage before closed deal","Business case confirmation","2026-02-20 11:31","Workflow","Update deal stage before closed deal","Formal Pilot","2026-02-20 11:30","Workflow","Update deal stage before closed deal","Pilot Prep","2026-01-30 14:49","Workflow","Update deal stage before closed deal","Demo / Presentation","2025-08-14 12:23","Workflow","Update deal stage before closed deal","SDR / Omitted OPP","2025-08-07 14:59","Workflow","Update deal stage before closed deal"
"48862142901","Google KubeCon ATL 25","SDR / Omitted OPP","2025-11-11 23:44","Workflow","Update deal stage before closed deal"
"13118432846","EY ","SDR / Omitted OPP","2023-12-11 11:09","Import","Deal stage and pre stage  by Gal Tarrab Levi"
"59092509278","Accenture","SDR / Omitted OPP","2026-04-10 22:07","Workflow","Update deal stage before closed deal"
"23370816585","Enterprise Products","Demo / Presentation","2024-10-23 00:48","Workflow","Update deal stage before closed deal","SDR / Omitted OPP","2024-10-18 16:10","Workflow","Update deal stage before closed deal"
"28761454723","Welltech","Demo / Presentation","2024-11-18 14:45","Workflow","Update deal stage before closed deal","SDR / Omitted OPP","2024-11-05 18:36","Workflow","Update deal stage before closed deal"
"28548002616","Smithy Security","SDR / Omitted OPP","2024-10-31 13:10","Workflow","Update deal stage before closed deal"
"60486841776","Shell","SDR / Omitted OPP","2026-05-22 10:35","Record Merge","","SDR / Omitted OPP","2026-05-22 10:33","Workflow","Update deal stage before closed deal","SDR / Omitted OPP","2026-05-22 10:32","Workflow","Update deal stage before closed deal"
"15328583352","OfficeRnD","Negotiation / Legal","2024-03-12 14:32","Workflow","Update deal stage before closed deal","Demo / Presentation","2023-12-11 11:09","Import","Deal stage and pre stage  by Gal Tarrab Levi"
"47665329840","Instride","Demo / Presentation","2025-11-05 22:56","Workflow","Update deal stage before closed deal","SDR / Omitted OPP","2025-10-29 22:34","Workflow","Update deal stage before closed deal"
"10127534135","Lemonade initial","SDR / Omitted OPP","2024-01-02 14:40","CRM UI Bulk Action","Gal Tarrab Levi"
"60635844628","Navina ","SDR / Omitted OPP","2026-05-26 11:48","Workflow","Update deal stage before closed deal"
"60696757594","Etsy","Demo / Presentation","2026-06-08 18:04","Workflow","Update deal stage before closed deal","SDR / Omitted OPP","2026-05-29 00:30","Workflow","Update deal stage before closed deal"
"13541220173","Samsung Ads - reschedule","SDR / Omitted OPP","2023-12-11 11:09","Import","Deal stage and pre stage  by Gal Tarrab Levi"
"33934963066","Blend360","SDR / Omitted OPP","2025-02-26 00:03","Record Merge","","SDR / Omitted OPP","2025-02-25 22:58","Workflow","Update deal stage before closed deal","SDR / Omitted OPP","2025-02-25 22:52","Workflow","Update deal stage before closed deal"
"35396169071","Schibsted ","SDR / Omitted OPP","2025-04-03 19:13","Workflow","Update deal stage before closed deal"
"58135331152","Grupo Credito SA","SDR / Omitted OPP","2026-03-18 17:40","Workflow","Update deal stage before closed deal"
"14910135301","Adobe","Demo / Presentation","2023-12-11 11:09","Import","Deal stage and pre stage  by Gal Tarrab Levi"
"17404361568","NTT","Business case confirmation","2024-04-16 15:33","Workflow","Update deal stage before closed deal","Formal Pilot","2024-02-20 09:47","Workflow","Update deal stage before closed deal","Pilot Prep","2024-02-14 13:49","Workflow","Update deal stage before closed deal","SDR / Omitted OPP","2024-02-07 10:05","Workflow","Update deal stage before closed deal"
"18449537849","Kering","Business case confirmation","2024-08-29 17:35","Workflow","Update deal stage before closed deal","Formal Pilot","2024-06-25 15:47","Workflow","Update deal stage before closed deal","Pilot Prep","2024-06-06 12:56","Workflow","Update deal stage before closed deal","Demo / Presentation","2024-05-23 13:36","Workflow","Update deal stage before closed deal","SDR / Omitted OPP","2024-04-05 15:02","Workflow","Update deal stage before closed deal"
"46997407753","Indiana Office of Technology","Demo / Presentation","2025-10-28 20:55","Workflow","Update deal stage before closed deal","SDR / Omitted OPP","2025-10-28 20:54","Workflow","Update deal stage before closed deal"
"12912454805","D-EDGE","SDR / Omitted OPP","2023-12-11 11:09","Import","Deal stage and pre stage  by Gal Tarrab Levi"
"36766623416","Naviteq LTD","SDR / Omitted OPP","2025-05-06 08:28","Workflow","Update deal stage before closed deal"
"60324983359","netdocuments - Seat Upgrade ","Negotiation / Legal","2026-06-29 21:43","Workflow","Update deal stage before closed deal","Business case confirmation","2026-06-29 21:43","Workflow","Update deal stage before closed deal","Formal Pilot","2026-06-29 21:43","Workflow","Update deal stage before closed deal","Pilot Prep","2026-06-29 21:41","Workflow","Update deal stage before closed deal","Demo / Presentation","2026-06-29 21:41","Workflow","Update deal stage before closed deal","SDR / Omitted OPP","2026-06-12 16:36","Workflow","Update deal stage before closed deal"
"53352745749","blankfactor (Globant)","SDR / Omitted OPP","2026-01-06 19:25","Workflow","Update deal stage before closed deal"
"15106673460","SAFE health","Negotiation / Legal","2023-12-11 11:09","Import","Deal stage and pre stage  by Gal Tarrab Levi"
"33777236618","State of California","SDR / Omitted OPP","2025-02-21 00:13","Workflow","Update deal stage before closed deal"
"41883739320","Fannie Mae","Demo / Presentation","2025-08-15 22:38","Workflow","Update deal stage before closed deal","SDR / Omitted OPP","2025-08-12 21:37","Workflow","Update deal stage before closed deal"
"59107826993","iProov","SDR / Omitted OPP","2026-04-10 22:07","Workflow","Update deal stage before closed deal"
"59091573409","BT Group","SDR / Omitted OPP","2026-04-10 22:07","Workflow","Update deal stage before closed deal"
"41559235200","Navitus","Demo / Presentation","2025-08-11 23:34","Workflow","Update deal stage before closed deal","SDR / Omitted OPP","2025-08-07 20:09","Workflow","Update deal stage before closed deal"
"58434768954","KubeCon EU 2026 - kirk-pedersen","SDR / Omitted OPP","2026-03-26 23:26","Workflow","Update deal stage before closed deal"
"19733298789","Dave","SDR / Omitted OPP","2024-05-30 20:50","Workflow","Update deal stage before closed deal"
"32790548062","Selective Insurance","SDR / Omitted OPP","2025-02-06 18:05","Workflow","Update deal stage before closed deal"
"61651170077","Port - New Deal","SDR / Omitted OPP","2026-06-25 19:04","Workflow","Update deal stage before closed deal"
"52072473655","8am","Demo / Presentation","2026-01-20 19:04","Workflow","Update deal stage before closed deal","SDR / Omitted OPP","2025-12-18 18:24","Workflow","Update deal stage before closed deal"
"54352722779","Jifiti","SDR / Omitted OPP","2026-01-22 20:16","Workflow","Update deal stage before closed deal"
"58434459240","KubeCon EU 2026 - DataWalk","SDR / Omitted OPP","2026-03-26 23:26","Workflow","Update deal stage before closed deal"
"17727906154","Amplience","Demo / Presentation","2024-03-01 14:16","Workflow","Update deal stage before closed deal","SDR / Omitted OPP","2024-02-26 12:39","Workflow","Update deal stage before closed deal"
"58443902312","KubeCon EU 2026 - delaware International","SDR / Omitted OPP","2026-03-26 23:26","Workflow","Update deal stage before closed deal"
"15794551620","MTN","SDR / Omitted OPP","2023-12-11 11:09","Import","Deal stage and pre stage  by Gal Tarrab Levi"
"46586979766","ADIA - PS","Negotiation / Legal","2025-10-21 16:40","Workflow","Update deal stage before closed deal"
"61031145986","PwC","SDR / Omitted OPP","2026-06-11 19:18","Workflow","Update deal stage before closed deal"
"62160248969"," - New Deal","SDR / Omitted OPP","2026-07-03 11:23","Workflow","Update deal stage before closed deal"
"36038782272","Clari","SDR / Omitted OPP","2025-04-22 13:30","Workflow","Update deal stage before closed deal"
"29122249319","Jack Henry & Associates","Demo / Presentation","2025-02-06 16:30","Workflow","Update deal stage before closed deal","SDR / Omitted OPP","2024-11-15 01:00","Workflow","Update deal stage before closed deal"
"21799017630","Selective Insurance","SDR / Omitted OPP","2024-08-29 18:35","Workflow","Update deal stage before closed deal"
"22406774178","Kyndryl Holdings, Inc. ","SDR / Omitted OPP","2024-09-19 10:06","Workflow","Update deal stage before closed deal"
"36139706246","Shawbrook Bank","SDR / Omitted OPP","2025-04-24 18:06","Workflow","Update deal stage before closed deal"
"22395430454","Banco Pichincha ","Demo / Presentation","2024-09-25 19:21","Workflow","Update deal stage before closed deal","SDR / Omitted OPP","2024-09-18 23:51","Workflow","Update deal stage before closed deal"
"58437401371","KubeCon EU 2026 - Mastercard","SDR / Omitted OPP","2026-03-26 23:26","Workflow","Update deal stage before closed deal"
"13204185231","Sprinter","SDR / Omitted OPP","2023-12-11 11:09","Import","Deal stage and pre stage  by Gal Tarrab Levi"
"33674902017","YouLend","SDR / Omitted OPP","2025-02-19 09:02","Workflow","Update deal stage before closed deal"
"32463116213","Forge ","Demo / Presentation","2025-01-26 16:10","Record Merge","","SDR / Omitted OPP","2025-01-26 09:40","Workflow","Update deal stage before closed deal","Demo / Presentation","2024-09-30 19:20","Workflow","Update deal stage before closed deal","SDR / Omitted OPP","2024-09-25 20:38","Workflow","Update deal stage before closed deal"
"35460968274","XM ","SDR / Omitted OPP","2025-04-04 13:25","Workflow","Update deal stage before closed deal"
"59099618901","Astuto","SDR / Omitted OPP","2026-04-10 22:07","Workflow","Update deal stage before closed deal"
"40245004093","Standard Life (ex-Phoenix Group)","Pilot Prep","2025-10-16 10:56","Workflow","Update deal stage before closed deal","Demo / Presentation","2025-07-15 15:42","Workflow","Update deal stage before closed deal","SDR / Omitted OPP","2025-07-14 19:04","Workflow","Update deal stage before closed deal"
"37726267561","Wipro Technologies","SDR / Omitted OPP","2025-05-23 08:53","Workflow","Update deal stage before closed deal"
"29156476028","CBRE Group, Inc. ","SDR / Omitted OPP","2024-11-15 21:59","Workflow","Update deal stage before closed deal"
"33004354606","Cover Whale","Demo / Presentation","2025-02-04 15:57","Record Merge","","Demo / Presentation","2025-02-04 15:57","Record Merge","","Demo / Presentation","2025-02-04 15:57","Record Merge","","Demo / Presentation","2025-02-04 15:57","Record Merge","","Demo / Presentation","2025-02-04 15:57","Record Merge","","Demo / Presentation","2025-02-04 15:57","Record Merge","","Demo / Presentation","2025-02-04 15:57","Record Merge","","Demo / Presentation","2025-02-04 15:56","Record Merge","","SDR / Omitted OPP","2025-02-03 17:48","Workflow","Update deal stage before closed deal","SDR / Omitted OPP","2025-02-03 17:48","Workflow","Update deal stage before closed deal","SDR / Omitted OPP","2025-02-03 17:48","Workflow","Update deal stage before closed deal","SDR / Omitted OPP","2025-02-03 17:48","Workflow","Update deal stage before closed deal","SDR / Omitted OPP","2025-02-03 17:48","Workflow","Update deal stage before closed deal","SDR / Omitted OPP","2025-02-03 17:48","Workflow","Update deal stage before closed deal","SDR / Omitted OPP","2025-02-03 17:47","Workflow","Update deal stage before closed deal","SDR / Omitted OPP","2025-02-03 17:47","Workflow","Update deal stage before closed deal","Demo / Presentation","2024-06-03 16:31","Workflow","Update deal stage before closed deal","SDR / Omitted OPP","2024-05-30 13:25","Workflow","Update deal stage before closed deal"
"60691176466","test by guy","SDR / Omitted OPP","2026-06-30 10:01","Workflow","Update deal stage before closed deal"
"58634216857","Experian","SDR / Omitted OPP","2026-03-31 19:25","Workflow","Update deal stage before closed deal"
"16500136109","Regeneron","Demo / Presentation","2024-03-03 15:26","CRM UI","Gal Tarrab Levi","SDR / Omitted OPP","2023-12-24 13:52","Import","STAGE BEFORE - Sheet1.csv by Gal Tarrab Levi"
"59085042072","Centology","SDR / Omitted OPP","2026-04-10 22:07","Workflow","Update deal stage before closed deal"
"60637292674","Omnisend","SDR / Omitted OPP","2026-05-26 12:19","Workflow","Update deal stage before closed deal"
"61852739253","CYE ","SDR / Omitted OPP","2026-06-30 10:38","Workflow","Update deal stage before closed deal"
"21006205292","Raiffeisen Bank Albania","SDR / Omitted OPP","2024-07-27 00:01","Workflow","Update deal stage before closed deal"
"14781789844","Paypal","SDR / Omitted OPP","2023-12-11 11:09","Import","Deal stage and pre stage  by Gal Tarrab Levi"
"23252143465","Venturus ","Demo / Presentation","2024-10-17 23:01","Workflow","Update deal stage before closed deal","SDR / Omitted OPP","2024-10-15 22:00","Workflow","Update deal stage before closed deal"
"16588556865","RECUP","SDR / Omitted OPP","2023-12-24 13:52","Import","STAGE BEFORE - Sheet1.csv by Gal Tarrab Levi"
"12760787235","Purple Technology","SDR / Omitted OPP","2023-12-11 11:09","Import","Deal stage and pre stage  by Gal Tarrab Levi"
"30440505520","Visma ","Business case confirmation","2025-08-06 14:41","Workflow","Update deal stage before closed deal","Formal Pilot","2025-08-06 14:40","Workflow","Update deal stage before closed deal","Pilot Prep","2025-01-16 16:54","Workflow","Update deal stage before closed deal","Demo / Presentation","2024-12-30 18:34","Workflow","Update deal stage before closed deal","SDR / Omitted OPP","2024-12-16 13:23","Workflow","Update deal stage before closed deal"
"23249201934","FloQast","Pilot Prep","2025-02-18 23:49","Workflow","Update deal stage before closed deal","Business case confirmation","2025-02-14 21:37","Workflow","Update deal stage before closed deal","Formal Pilot","2025-01-23 20:50","Workflow","Update deal stage before closed deal","Pilot Prep","2024-12-20 18:40","Workflow","Update deal stage before closed deal","Formal Pilot","2024-12-17 20:53","Workflow","Update deal stage before closed deal","Pilot Prep","2024-10-29 16:58","Workflow","Update deal stage before closed deal","Demo / Presentation","2024-10-23 16:54","Workflow","Update deal stage before closed deal","SDR / Omitted OPP","2024-10-16 17:51","Workflow","Update deal stage before closed deal"
"17289076617","Mobicom Corporation","Business case confirmation","2024-03-20 15:15","Workflow","Update deal stage before closed deal","Formal Pilot","2024-03-01 10:25","Workflow","Update deal stage before closed deal","Pilot Prep","2024-02-07 14:37","Workflow","Update deal stage before closed deal","Demo / Presentation","2024-02-06 14:34","Workflow","Update deal stage before closed deal","SDR / Omitted OPP","2024-02-01 08:55","Workflow","Update deal stage before closed deal"
"55645652781","Clarín Comercial  - 50 seats","SDR / Omitted OPP","2026-02-06 03:10","Workflow","Update deal stage before closed deal"
"40322063514","Factset","SDR / Omitted OPP","2025-07-16 16:26","Workflow","Update deal stage before closed deal"
"29877309199","Formidium Corp","SDR / Omitted OPP","2024-12-04 23:58","Workflow","Update deal stage before closed deal"
"39275276602","VivaOps","SDR / Omitted OPP","2025-06-25 20:27","Workflow","Update deal stage before closed deal"
"15423280298","B.well - old","Formal Pilot","2023-12-11 11:09","Import","Deal stage and pre stage  by Gal Tarrab Levi"
"61031757573","Grupo DPSP","SDR / Omitted OPP","2026-06-11 19:18","Workflow","Update deal stage before closed deal"
"32425585989","Onoff ","Negotiation / Legal","2025-01-26 16:11","Record Merge","","SDR / Omitted OPP","2025-01-26 09:41","Workflow","Update deal stage before closed deal","Negotiation / Legal","2024-06-03 10:11","Workflow","Update deal stage before closed deal","Formal Pilot","2024-05-08 16:13","Workflow","Update deal stage before closed deal","Pilot Prep","2024-05-07 16:11","Workflow","Update deal stage before closed deal","SDR / Omitted OPP","2024-04-30 13:21","Workflow","Update deal stage before closed deal"
"35346909601","NatWest","SDR / Omitted OPP","2025-04-02 21:25","Workflow","Update deal stage before closed deal"
"56946969889","Tata Consultancy Services Ltd ","SDR / Omitted OPP","2026-02-24 15:54","Workflow","Update deal stage before closed deal"
"15843431194","StratusGrid","SDR / Omitted OPP","2024-01-02 14:40","CRM UI Bulk Action","Gal Tarrab Levi"
"37875499034","Tram Case","SDR / Omitted OPP","2025-05-29 21:40","Workflow","Update deal stage before closed deal"
"60669444926","AFP HABITAT","SDR / Omitted OPP","2026-05-27 18:38","Workflow","Update deal stage before closed deal"
"58686319032","Planview","SDR / Omitted OPP","2026-04-03 01:53","Workflow","Update deal stage before closed deal"
"58432292933","KubeCon EU 2026 - Millennium bcp","SDR / Omitted OPP","2026-03-26 23:26","Workflow","Update deal stage before closed deal"
"21823103528","Sherwin-Williams","Pilot Prep","2025-03-13 17:33","Workflow","Update deal stage before closed deal","Formal Pilot","2025-03-03 22:27","Workflow","Update deal stage before closed deal","Pilot Prep","2024-12-11 21:43","Workflow","Update deal stage before closed deal","Demo / Presentation","2024-09-17 15:35","Workflow","Update deal stage before closed deal","SDR / Omitted OPP","2024-08-30 21:39","Workflow","Update deal stage before closed deal"
"20039784766","AAA - ACSC (Auto Club of Southern California)","Negotiation / Legal","2025-08-06 22:13","Workflow","Update deal stage before closed deal","Business case confirmation","2025-06-27 19:32","Workflow","Update deal stage before closed deal","Formal Pilot","2025-04-29 22:25","Workflow","Update deal stage before closed deal","Pilot Prep","2025-02-13 17:21","Workflow","Update deal stage before closed deal","Formal Pilot","2025-02-06 19:32","Workflow","Update deal stage before closed deal","Pilot Prep","2024-08-28 16:17","Workflow","Update deal stage before closed deal","Demo / Presentation","2024-06-19 20:48","Workflow","Update deal stage before closed deal","SDR / Omitted OPP","2024-06-13 00:16","Workflow","Update deal stage before closed deal"
"61873082199","Holland & Barrett","SDR / Omitted OPP","2026-07-01 13:25","Workflow","Update deal stage before closed deal"
"29895258644","Powwr","SDR / Omitted OPP","2024-12-05 15:51","Workflow","Update deal stage before closed deal"
"61810634361","Salt Security ","SDR / Omitted OPP","2026-06-30 00:07","Workflow","Update deal stage before closed deal"
"35419521065","SAP","SDR / Omitted OPP","2025-04-04 13:28","Workflow","Update deal stage before closed deal"
"35318028392","Instech ","SDR / Omitted OPP","2025-04-01 14:48","Workflow","Update deal stage before closed deal"
"35315998902","EDF Trading ","SDR / Omitted OPP","2025-04-01 12:39","Workflow","Update deal stage before closed deal"
"31998104483","Credit Acceptance Corporation","Negotiation / Legal","2025-04-23 23:53","Workflow","Update deal stage before closed deal","Business case confirmation","2025-04-09 21:26","Workflow","Update deal stage before closed deal","Formal Pilot","2025-03-14 17:31","Workflow","Update deal stage before closed deal","Pilot Prep","2025-03-06 16:50","Workflow","Update deal stage before closed deal","Demo / Presentation","2025-02-27 16:21","Workflow","Update deal stage before closed deal","SDR / Omitted OPP","2025-01-14 17:53","Workflow","Update deal stage before closed deal"
"39983075400","Engine","SDR / Omitted OPP","2025-07-11 00:00","Workflow","Update deal stage before closed deal"
"28523705760","ING","SDR / Omitted OPP","2024-10-30 12:57","Workflow","Update deal stage before closed deal"
"21946615888","Sports Interactive ","SDR / Omitted OPP","2024-09-05 13:35","Workflow","Update deal stage before closed deal"
"15418660619","ODDS","SDR / Omitted OPP","2023-12-11 11:09","Import","Deal stage and pre stage  by Gal Tarrab Levi"
"56214714179","Life360","SDR / Omitted OPP","2026-02-13 22:36","Workflow","Update deal stage before closed deal"
"15419518097","Thanh De Nguyen","SDR / Omitted OPP","2023-12-11 11:09","Import","Deal stage and pre stage  by Gal Tarrab Levi"
"51932107665","BastionX - New Deal","SDR / Omitted OPP","2025-12-15 20:11","Workflow","Update deal stage before closed deal"
"55475181167","Jisr | Bridge HR","Demo / Presentation","2026-02-12 13:18","Workflow","Update deal stage before closed deal","SDR / Omitted OPP","2026-02-04 16:03","Workflow","Update deal stage before closed deal"
"16604309171","EPAM Systems","SDR / Omitted OPP","2024-01-02 14:37","CRM UI Bulk Action","Gal Tarrab Levi"
"59610149010","Mark Anthony Success Package ","Negotiation / Legal","2026-04-27 21:25","Workflow","Update deal stage before closed deal"
"42832719641","Labcorp","SDR / Omitted OPP","2025-08-25 21:29","Workflow","Update deal stage before closed deal"
"58063400060","Rezolve","SDR / Omitted OPP","2026-03-17 12:11","Workflow","Update deal stage before closed deal"
"17689061201","Elvia (Computas)","Business case confirmation","2024-04-17 16:10","Workflow","Update deal stage before closed deal","Formal Pilot","2024-03-07 16:22","Workflow","Update deal stage before closed deal","Pilot Prep","2024-03-01 15:57","Workflow","Update deal stage before closed deal","Demo / Presentation","2024-02-28 15:24","Workflow","Update deal stage before closed deal","SDR / Omitted OPP","2024-02-23 15:06","Workflow","Update deal stage before closed deal"
"49445931557","RBC KubeCon ATL25","SDR / Omitted OPP","2025-11-17 23:40","Workflow","Update deal stage before closed deal"
"39241678486","Nykredit - 300 Dev's","Negotiation / Legal","2026-02-20 11:29","Workflow","Update deal stage before closed deal","Business case confirmation","2026-01-08 09:26","Workflow","Update deal stage before closed deal","Formal Pilot","2025-11-27 13:53","Workflow","Update deal stage before closed deal","Pilot Prep","2025-10-29 20:17","Workflow","Update deal stage before closed deal","Demo / Presentation","2025-09-19 15:22","Workflow","Update deal stage before closed deal","SDR / Omitted OPP","2025-06-24 15:07","Workflow","Update deal stage before closed deal"
"13068241557","Namecheap - reschedule","SDR / Omitted OPP","2023-12-11 11:09","Import","Deal stage and pre stage  by Gal Tarrab Levi"
"17767981749","CloudZenix Pvt Ltd ","SDR / Omitted OPP","2024-02-28 11:44","Workflow","Update deal stage before closed deal"
"17114256652","Nets Group ","SDR / Omitted OPP","2024-01-23 10:50","Workflow","Update deal stage before closed deal"
"17468986684","Shell UK","Demo / Presentation","2024-02-15 18:04","Workflow","Update deal stage before closed deal","SDR / Omitted OPP","2024-02-11 14:55","Workflow","Update deal stage before closed deal"
"13944794950","Frontegg","SDR / Omitted OPP","2023-12-11 11:09","Import","Deal stage and pre stage  by Gal Tarrab Levi"
"16093852173","Numerix","Demo / Presentation","2024-03-03 15:26","CRM UI","Gal Tarrab Levi","SDR / Omitted OPP","2023-12-11 11:09","Import","Deal stage and pre stage  by Gal Tarrab Levi"
"61453451831","ista ","SDR / Omitted OPP","2026-06-23 13:15","Workflow","Update deal stage before closed deal"
"56841004596","Cynet ","SDR / Omitted OPP","2026-02-23 15:02","Workflow","Update deal stage before closed deal"
"43289373292","MLB (MVP Expansion)","Pilot Prep","2025-09-03 20:46","Workflow","Update deal stage before closed deal"
"22238920365","Quarks ","Demo / Presentation","2024-09-18 14:44","Workflow","Update deal stage before closed deal","SDR / Omitted OPP","2024-09-13 12:48","Workflow","Update deal stage before closed deal"
"43823947376","Lululemon","Demo / Presentation","2025-09-19 17:05","Workflow","Update deal stage before closed deal","SDR / Omitted OPP","2025-09-17 08:28","Workflow","Update deal stage before closed deal"
"13367256647","MaxAB - reshchedule","SDR / Omitted OPP","2023-12-11 11:09","Import","Deal stage and pre stage  by Gal Tarrab Levi"
"12747750510","PepsiCo","Pilot Prep","2023-12-31 09:59","CRM UI","Gal Tarrab Levi"
"16789593993","Conta Azul","Demo / Presentation","2024-01-08 17:35","Workflow","Update deal stage before closed deal","SDR / Omitted OPP","2024-01-03 19:36","Workflow","Update deal stage before closed deal"
"18147513003","Grammarly - KubeCon","SDR / Omitted OPP","2024-03-21 13:24","Workflow","Update deal stage before closed deal"
"35354138417","Deliveryhero","SDR / Omitted OPP","2025-04-02 13:42","Workflow","Update deal stage before closed deal"
"11733314428","Orca","SDR / Omitted OPP","2024-01-02 14:40","CRM UI Bulk Action","Gal Tarrab Levi"
"58247704735","Regeneron","SDR / Omitted OPP","2026-03-23 17:29","Workflow","Update deal stage before closed deal"
"35118946477","Asurion","SDR / Omitted OPP","2025-03-27 03:03","Workflow","Update deal stage before closed deal"
"58446844979","KubeCon EU 2026 - Mirantis","SDR / Omitted OPP","2026-03-26 23:26","Workflow","Update deal stage before closed deal"
"21109556814","Tempo NZ","SDR / Omitted OPP","2024-08-01 12:49","Workflow","Update deal stage before closed deal"
"58247238926","Kubex - New Deal","SDR / Omitted OPP","2026-03-23 15:43","Workflow","Update deal stage before closed deal"
"58135989394","FTMO ","SDR / Omitted OPP","2026-03-19 16:50","Workflow","Update deal stage before closed deal"
"35356000933","BforBank ","SDR / Omitted OPP","2025-04-02 15:44","Workflow","Update deal stage before closed deal"
"35351939928","Orsted ","SDR / Omitted OPP","2025-04-02 13:48","Workflow","Update deal stage before closed deal"
"49531064404","Leidos Holdings Inc AI DevCon 25","SDR / Omitted OPP","2025-11-19 17:41","Workflow","Update deal stage before closed deal"
"35123694356","NTT DATA Corporation","SDR / Omitted OPP","2025-03-27 10:37","Record Merge","","SDR / Omitted OPP","2025-03-26 20:53","Workflow","Update deal stage before closed deal","SDR / Omitted OPP","2025-03-26 16:10","Workflow","Update deal stage before closed deal"
"35730914446","OakNorth","SDR / Omitted OPP","2025-04-14 09:54","Record Merge","","SDR / Omitted OPP","2025-04-11 16:34","Workflow","Update deal stage before closed deal","SDR / Omitted OPP","2025-04-11 12:31","Workflow","Update deal stage before closed deal"
"53305014186","HCL Technologies Limited - New Deal","SDR / Omitted OPP","2026-01-06 11:33","Workflow","Update deal stage before closed deal"
"18573250058","Zoro Tools Inc","Pilot Prep","2024-05-15 00:42","Workflow","Update deal stage before closed deal","Demo / Presentation","2024-04-16 17:07","Workflow","Update deal stage before closed deal","SDR / Omitted OPP","2024-04-11 16:37","Workflow","Update deal stage before closed deal"
"32767075704","Tokio Marine Kiln","Negotiation / Legal","2025-03-10 13:09","Workflow","Update deal stage before closed deal","Formal Pilot","2025-02-24 12:39","Workflow","Update deal stage before closed deal","Pilot Prep","2025-02-04 22:41","Workflow","Update deal stage before closed deal","Demo / Presentation","2025-01-30 13:55","Record Merge","","Demo / Presentation","2025-01-30 11:15","Workflow","Update deal stage before closed deal","SDR / Omitted OPP","2025-01-29 11:41","Record Merge","","SDR / Omitted OPP","2025-01-29 11:20","Workflow","Update deal stage before closed deal","SDR / Omitted OPP","2025-01-29 11:03","Workflow","Update deal stage before closed deal","SDR / Omitted OPP","2025-01-22 18:58","Record Merge","","SDR / Omitted OPP","2025-01-22 15:45","Workflow","Update deal stage before closed deal","SDR / Omitted OPP","2025-01-22 15:38","Workflow","Update deal stage before closed deal"
"58440416869","KubeCon EU 2026 - Deutsche Telekom","SDR / Omitted OPP","2026-03-26 23:26","Workflow","Update deal stage before closed deal"
"42920504439","Vanguard","SDR / Omitted OPP","2025-11-03 16:47","Workflow","Update deal stage before closed deal"
"33398107438","World Bank","Negotiation / Legal","2025-04-03 18:11","Workflow","Update deal stage before closed deal","Pilot Prep","2025-03-13 21:30","Workflow","Update deal stage before closed deal","Demo / Presentation","2025-02-20 16:41","Workflow","Update deal stage before closed deal","SDR / Omitted OPP","2025-02-12 22:40","Workflow","Update deal stage before closed deal"
"58453670057","KubeCon EU 2026 - Strava","SDR / Omitted OPP","2026-03-26 23:26","Workflow","Update deal stage before closed deal"
"42840647953","Paradigm","Negotiation / Legal","2025-09-19 19:09","Workflow","Update deal stage before closed deal","Business case confirmation","2025-09-18 19:39","Workflow","Update deal stage before closed deal","Formal Pilot","2025-09-04 17:07","Workflow","Update deal stage before closed deal","Pilot Prep","2025-08-28 16:24","Workflow","Update deal stage before closed deal","Demo / Presentation","2025-08-27 16:19","Workflow","Update deal stage before closed deal","SDR / Omitted OPP","2025-08-26 00:02","Workflow","Update deal stage before closed deal"
"37165929514","NewDay","Demo / Presentation","2025-05-19 19:57","Workflow","Update deal stage before closed deal","SDR / Omitted OPP","2025-05-14 14:59","Workflow","Update deal stage before closed deal"
"13772083829","Unity 3D US","SDR / Omitted OPP","2023-12-31 09:54","CRM UI","Gal Tarrab Levi"
"18145277037","Liquid Reply - KubeCon","SDR / Omitted OPP","2024-03-21 12:40","Workflow","Update deal stage before closed deal"
"18128414881","Hellenic Bank - KubeCon","SDR / Omitted OPP","2024-03-20 17:32","Workflow","Update deal stage before closed deal"
"12760731140","JPMorgan","SDR / Omitted OPP","2023-12-11 11:09","Import","Deal stage and pre stage  by Gal Tarrab Levi"
"38567294727","Brit Insurance - New Deal - Demo","SDR / Omitted OPP","2025-06-11 05:22","Workflow","Update deal stage before closed deal"
"20657970754","Patterson Companies","SDR / Omitted OPP","2024-07-10 18:39","Workflow","Update deal stage before closed deal"
"35425163904","TKP Pensioen ","SDR / Omitted OPP","2025-04-03 14:06","Workflow","Update deal stage before closed deal"
"18242103218","Broadcom","SDR / Omitted OPP","2024-03-26 15:06","Workflow","Update deal stage before closed deal"
"58560206935","EMBURSE - New Deal","SDR / Omitted OPP","2026-03-30 18:38","Workflow","Update deal stage before closed deal"
"33934953248","Earnest","Negotiation / Legal","2025-06-04 23:41","Workflow","Update deal stage before closed deal","Business case confirmation","2025-06-04 23:37","Workflow","Update deal stage before closed deal","Formal Pilot","2025-05-06 15:53","Workflow","Update deal stage before closed deal","Pilot Prep","2025-04-11 20:00","Workflow","Update deal stage before closed deal","Demo / Presentation","2025-04-09 20:33","Workflow","Update deal stage before closed deal","SDR / Omitted OPP","2025-02-25 23:02","Workflow","Update deal stage before closed deal"
"34527249547","Amplitude","SDR / Omitted OPP","2025-03-11 22:28","Workflow","Update deal stage before closed deal"
"39970758158","Yale University","Demo / Presentation","2025-08-15 20:49","Workflow","Update deal stage before closed deal","SDR / Omitted OPP","2025-07-10 18:24","Workflow","Update deal stage before closed deal"
"58248075678","Sainsburys Supermarkets","SDR / Omitted OPP","2026-03-23 17:47","Workflow","Update deal stage before closed deal"
"41193104195","Constant Contact","Demo / Presentation","2025-08-20 19:50","Workflow","Update deal stage before closed deal","SDR / Omitted OPP","2025-08-01 22:36","Workflow","Update deal stage before closed deal"
"61685562469","CoreWeave - New Deal","SDR / Omitted OPP","2026-06-26 22:37","Workflow","Update deal stage before closed deal"
"33297358370","Cummins Inc","Demo / Presentation","2025-02-20 16:41","Workflow","Update deal stage before closed deal","SDR / Omitted OPP","2025-02-11 00:15","Workflow","Update deal stage before closed deal"
"57487605362","Kaseya","Negotiation / Legal","2026-05-28 17:53","Workflow","Update deal stage before closed deal","Business case confirmation","2026-05-28 17:52","Workflow","Update deal stage before closed deal","Formal Pilot","2026-05-13 22:23","Workflow","Update deal stage before closed deal","Pilot Prep","2026-05-07 16:50","Workflow","Update deal stage before closed deal","Demo / Presentation","2026-04-01 03:20","Workflow","Update deal stage before closed deal","SDR / Omitted OPP","2026-03-04 15:29","Workflow","Update deal stage before closed deal"
"28969937970","Torq","Demo / Presentation","2024-11-14 09:46","Workflow","Update deal stage before closed deal","SDR / Omitted OPP","2024-11-12 14:38","Workflow","Update deal stage before closed deal"
"39040287331","Ascentis (UKG)","SDR / Omitted OPP","2025-07-11 20:49","Workflow","Update deal stage before closed deal"
"29151314854","Salesforce","SDR / Omitted OPP","2024-11-15 22:28","Workflow","Update deal stage before closed deal"
"58999876220","Globokas","SDR / Omitted OPP","2026-04-08 23:23","Workflow","Update deal stage before closed deal"
"59099324197","Citipost Mail","SDR / Omitted OPP","2026-04-10 22:07","Workflow","Update deal stage before closed deal"
"61030303641","Calendly","SDR / Omitted OPP","2026-06-11 19:18","Workflow","Update deal stage before closed deal"
"46614312021","Ørsted","SDR / Omitted OPP","2025-10-21 15:50","Workflow","Update deal stage before closed deal"
"16456790297","IAG","Demo / Presentation","2024-01-18 18:52","Workflow","Update deal stage before closed deal","SDR / Omitted OPP","2024-01-02 14:37","CRM UI Bulk Action","Gal Tarrab Levi"
"35358843573","MyHeritage ","SDR / Omitted OPP","2025-04-02 15:29","Workflow","Update deal stage before closed deal"
"29807286660","Betsson Group","Demo / Presentation","2025-01-08 19:32","Workflow","Update deal stage before closed deal","SDR / Omitted OPP","2024-12-04 02:53","Workflow","Update deal stage before closed deal"
"35300710521","Norwegian Digitalisation Agency","SDR / Omitted OPP","2025-04-01 12:52","Workflow","Update deal stage before closed deal"
"28560665376","RecargaPay","Demo / Presentation","2024-11-05 21:24","Workflow","Update deal stage before closed deal","SDR / Omitted OPP","2024-10-31 19:30","Workflow","Update deal stage before closed deal"
"48867223149","NextEra KubeCon ATL25","SDR / Omitted OPP","2025-11-11 18:20","Workflow","Update deal stage before closed deal"
"43514214406","Deutsche Bank","Negotiation / Legal","2026-05-14 15:57","Workflow","Update deal stage before closed deal","Business case confirmation","2026-01-30 15:59","Workflow","Update deal stage before closed deal","Formal Pilot","2025-11-13 13:33","Workflow","Update deal stage before closed deal","Pilot Prep","2025-10-07 11:51","Workflow","Update deal stage before closed deal","Demo / Presentation","2025-09-10 13:48","Workflow","Update deal stage before closed deal"
"58430946480","KubeCon EU 2026 - Tceu","SDR / Omitted OPP","2026-03-26 23:26","Workflow","Update deal stage before closed deal"
"22675420681","Payoneer","SDR / Omitted OPP","2024-09-26 16:34","Workflow","Update deal stage before closed deal"
"39809627495","Torq","SDR / Omitted OPP","2025-07-07 13:35","Workflow","Update deal stage before closed deal"
"15769152160","Dropbox","Negotiation / Legal","2024-04-18 18:19","Workflow","Update deal stage before closed deal","Business case confirmation","2024-03-26 22:43","Workflow","Update deal stage before closed deal","Pilot Prep","2023-12-11 11:09","Import","Deal stage and pre stage  by Gal Tarrab Levi"
"49416202105","RBC KubeCon ATL25","SDR / Omitted OPP","2025-11-17 23:24","Workflow","Update deal stage before closed deal"
"33657713483","Homesite Insurance","SDR / Omitted OPP","2025-02-18 22:25","Workflow","Update deal stage before closed deal"
"59184851054","Tokio Marine HCC","SDR / Omitted OPP","2026-04-15 16:42","Record Merge","","SDR / Omitted OPP","2026-04-10 22:07","Workflow","Update deal stage before closed deal","SDR / Omitted OPP","2026-04-10 22:07","Workflow","Update deal stage before closed deal"
"22066860066","Loqate (GBG)","Negotiation / Legal","2024-12-23 18:09","Workflow","Update deal stage before closed deal","Formal Pilot","2024-11-06 15:27","Workflow","Update deal stage before closed deal","Pilot Prep","2024-10-16 17:56","Workflow","Update deal stage before closed deal","Demo / Presentation","2024-09-17 14:18","Workflow","Update deal stage before closed deal","SDR / Omitted OPP","2024-09-09 14:38","Workflow","Update deal stage before closed deal"
"58435073558","KubeCon EU 2026 - TomTom","SDR / Omitted OPP","2026-03-26 23:26","Workflow","Update deal stage before closed deal"
"60353144235","Staples ","SDR / Omitted OPP","2026-05-20 00:54","Workflow","Update deal stage before closed deal"
"60419918721","MediaMarktSaturn | IDP Project | DACH + SEMEA","Pilot Prep","2026-06-10 12:59","Workflow","Update deal stage before closed deal","Demo / Presentation","2026-06-01 17:10","Workflow","Update deal stage before closed deal","SDR / Omitted OPP","2026-05-21 11:40","Workflow","Update deal stage before closed deal"
"62045500473","Air Space Intelligence ","SDR / Omitted OPP","2026-07-02 14:32","Workflow","Update deal stage before closed deal"
"35419270963","Genius Sports","SDR / Omitted OPP","2025-04-03 13:38","Workflow","Update deal stage before closed deal"
"39079792023","Finastra ","SDR / Omitted OPP","2025-06-20 12:27","Workflow","Update deal stage before closed deal"
"60066719277","Red Bull","SDR / Omitted OPP","2026-05-07 12:15","Workflow","Update deal stage before closed deal"
"41554317874","MathWorks - Upsell","Pilot Prep","2025-12-18 17:36","Workflow","Update deal stage before closed deal","Demo / Presentation","2025-08-07 17:08","Workflow","Update deal stage before closed deal","SDR / Omitted OPP","2025-08-07 17:03","Workflow","Update deal stage before closed deal"
"61030278543","TextNow","SDR / Omitted OPP","2026-06-11 19:18","Workflow","Update deal stage before closed deal"
"59184762490","Close Brothers","Formal Pilot","2026-06-24 13:35","Workflow","Update deal stage before closed deal","Pilot Prep","2026-06-04 14:31","Workflow","Update deal stage before closed deal","Demo / Presentation","2026-04-15 16:37","Record Merge","","SDR / Omitted OPP","2026-04-10 22:07","Workflow","Update deal stage before closed deal","Demo / Presentation","2026-04-10 12:36","Workflow","Update deal stage before closed deal","SDR / Omitted OPP","2026-03-10 18:34","Workflow","Update deal stage before closed deal"
"53409202176","Xebia","SDR / Omitted OPP","2026-01-07 20:12","Workflow","Update deal stage before closed deal"
"15843406738","Mend","SDR / Omitted OPP","2024-01-02 14:40","CRM UI Bulk Action","Gal Tarrab Levi"
"59103415220","Bank of England","SDR / Omitted OPP","2026-04-10 22:07","Workflow","Update deal stage before closed deal"
"58450259241","KubeCon EU 2026 - Mpiric Software","SDR / Omitted OPP","2026-03-26 23:26","Workflow","Update deal stage before closed deal"
"15666351410","Goldbeck","Demo / Presentation","2024-03-03 15:19","CRM UI","Gal Tarrab Levi","SDR / Omitted OPP","2023-12-11 11:09","Import","Deal stage and pre stage  by Gal Tarrab Levi"
"41654815646","Rituals","SDR / Omitted OPP","2025-08-11 02:42","Workflow","Update deal stage before closed deal"
"50513175135","Hilti Group","Negotiation / Legal","2025-11-27 11:07","Workflow","Update deal stage before closed deal","Formal Pilot","2025-11-27 11:07","Workflow","Update deal stage before closed deal","Pilot Prep","2025-11-27 11:04","Workflow","Update deal stage before closed deal","Demo / Presentation","2025-11-27 11:03","Workflow","Update deal stage before closed deal","SDR / Omitted OPP","2025-11-27 11:02","Workflow","Update deal stage before closed deal"
"57669124146","Life360","SDR / Omitted OPP","2026-03-06 21:31","Workflow","Update deal stage before closed deal"
"18073306789","Amdocs - Cyprus","SDR / Omitted OPP","2024-03-17 10:21","Workflow","Update deal stage before closed deal"
"43341827098","Macquarie Group","SDR / Omitted OPP","2025-09-04 10:06","Workflow","Update deal stage before closed deal"
"57350939216","Capital One","SDR / Omitted OPP","2026-03-12 05:10","Workflow","Update deal stage before closed deal"
"17525448876","Central 1 CU - RFP","SDR / Omitted OPP","2024-02-14 21:40","Workflow","Update deal stage before closed deal"
"31388914817","Open Lending","SDR / Omitted OPP","2025-01-03 15:46","Workflow","Update deal stage before closed deal"
"35315863050","Vinted","SDR / Omitted OPP","2025-04-01 16:24","Workflow","Update deal stage before closed deal"
"12749186394","UBS","SDR / Omitted OPP","2024-01-02 14:40","CRM UI Bulk Action","Gal Tarrab Levi"
"32463116170","RBC","SDR / Omitted OPP","2025-01-26 16:04","Record Merge","","SDR / Omitted OPP","2025-01-26 09:41","Workflow","Update deal stage before closed deal","SDR / Omitted OPP","2024-04-18 11:36","Workflow","Update deal stage before closed deal"
"15842739558","AllCloud","SDR / Omitted OPP","2024-01-02 14:40","CRM UI Bulk Action","Gal Tarrab Levi"
"15842664077","SingleStone","SDR / Omitted OPP","2024-01-02 14:40","CRM UI Bulk Action","Gal Tarrab Levi"
"57789726474","Körber","SDR / Omitted OPP","2026-03-09 11:29","Workflow","Update deal stage before closed deal"
"33379398010","Zooplus AG","Negotiation / Legal","2025-02-12 16:05","Record Merge","","SDR / Omitted OPP","2025-02-12 15:29","Workflow","Update deal stage before closed deal","Negotiation / Legal","2025-02-04 18:22","Workflow","Update deal stage before closed deal","Business case confirmation","2024-12-16 18:57","Workflow","Update deal stage before closed deal","Formal Pilot","2024-11-27 17:17","Workflow","Update deal stage before closed deal","Pilot Prep","2024-11-27 17:17","Workflow","Update deal stage before closed deal","Demo / Presentation","2024-11-08 15:07","Workflow","Update deal stage before closed deal","SDR / Omitted OPP","2024-09-26 17:23","Workflow","Update deal stage before closed deal"
"38149669266","Ambev Tech","SDR / Omitted OPP","2025-05-29 21:53","Workflow","Update deal stage before closed deal"
"50900069483","Zepto","Demo / Presentation","2025-12-08 01:11","Workflow","Update deal stage before closed deal","SDR / Omitted OPP","2025-12-02 13:19","Workflow","Update deal stage before closed deal"
"61625201199","Mr D","Negotiation / Legal","2026-06-29 15:53","Workflow","Update deal stage before closed deal","Business case confirmation","2026-06-29 15:53","Workflow","Update deal stage before closed deal","Formal Pilot","2026-06-29 15:52","Workflow","Update deal stage before closed deal","Pilot Prep","2026-06-29 13:26","Workflow","Update deal stage before closed deal","Demo / Presentation","2026-06-29 13:25","Workflow","Update deal stage before closed deal","SDR / Omitted OPP","2026-06-26 14:43","Workflow","Update deal stage before closed deal"
"50524497530","Prex","SDR / Omitted OPP","2025-11-27 22:13","Workflow","Update deal stage before closed deal"
"22930792768","Adira Finance","Demo / Presentation","2024-10-10 16:30","Workflow","Update deal stage before closed deal","SDR / Omitted OPP","2024-10-04 13:38","Workflow","Update deal stage before closed deal"
"29935082617","JSR North America Holdings","SDR / Omitted OPP","2024-12-07 07:12","Workflow","Update deal stage before closed deal"
"17506062115","Very","SDR / Omitted OPP","2024-02-14 00:00","Workflow","Update deal stage before closed deal"
"39280159622","Cyera","SDR / Omitted OPP","2025-06-27 17:34","Workflow","Update deal stage before closed deal"
"42929816915","Fiserv","Demo / Presentation","2025-09-25 21:45","Workflow","Update deal stage before closed deal","SDR / Omitted OPP","2025-08-26 23:53","Workflow","Update deal stage before closed deal"
"30642075998","Kintetsu World Express ","SDR / Omitted OPP","2024-12-17 17:51","Record Merge","","SDR / Omitted OPP","2024-12-17 17:51","Record Merge","","SDR / Omitted OPP","2024-12-17 17:50","Record Merge","","SDR / Omitted OPP","2024-12-17 17:50","Record Merge","","SDR / Omitted OPP","2024-12-17 17:50","Workflow","Update deal stage before closed deal","SDR / Omitted OPP","2024-12-17 17:49","Workflow","Update deal stage before closed deal","SDR / Omitted OPP","2024-12-17 17:49","Workflow","Update deal stage before closed deal","SDR / Omitted OPP","2024-12-17 17:49","Workflow","Update deal stage before closed deal","SDR / Omitted OPP","2024-03-11 06:54","Workflow","Update deal stage before closed deal"
"41519639992","Disrupt","SDR / Omitted OPP","2025-08-07 15:33","Workflow","Update deal stage before closed deal"
"35419279423","BITMARCK ","SDR / Omitted OPP","2025-04-03 15:40","Workflow","Update deal stage before closed deal"
"29813125529","JPMorgan Chase & Co. ","SDR / Omitted OPP","2024-12-04 00:00","Workflow","Update deal stage before closed deal"
"47469016900","Dropbox","SDR / Omitted OPP","2025-10-28 20:04","Workflow","Update deal stage before closed deal"
"49025637720","Hootsuite","SDR / Omitted OPP","2025-11-14 09:38","Workflow","Update deal stage before closed deal"
"43479840334","Nedbank","SDR / Omitted OPP","2025-09-08 16:08","Workflow","Update deal stage before closed deal"
"20138307440","Cal","SDR / Omitted OPP","2024-06-17 16:04","Workflow","Update deal stage before closed deal"
"16041298222","Forcepoint","SDR / Omitted OPP","2023-12-11 11:09","Import","Deal stage and pre stage  by Gal Tarrab Levi"
"19731593130","Everest Insurance","Pilot Prep","2024-07-12 15:57","Workflow","Update deal stage before closed deal","Demo / Presentation","2024-06-03 23:13","Workflow","Update deal stage before closed deal","SDR / Omitted OPP","2024-05-30 19:09","Workflow","Update deal stage before closed deal"
"35837552683","Hinge Health","Demo / Presentation","2025-05-01 17:29","Workflow","Update deal stage before closed deal","SDR / Omitted OPP","2025-04-17 08:56","Workflow","Update deal stage before closed deal"
"35825108755","Koch Industries (Central Plat Eng w/ Kamau)","Demo / Presentation","2025-06-04 20:28","Workflow","Update deal stage before closed deal","SDR / Omitted OPP","2025-04-18 18:04","Workflow","Update deal stage before closed deal"
"35184538135","Barings","SDR / Omitted OPP","2025-03-28 19:16","Workflow","Update deal stage before closed deal"
"50443104423","Nomi Health","Pilot Prep","2025-12-19 16:30","Workflow","Update deal stage before closed deal","Demo / Presentation","2025-11-25 17:26","Record Merge","","Demo / Presentation","2025-11-25 16:13","Workflow","Update deal stage before closed deal","SDR / Omitted OPP","2025-11-24 23:03","Workflow","Update deal stage before closed deal","SDR / Omitted OPP","2025-11-24 21:25","Workflow","Update deal stage before closed deal"
"61030417475","Apple","SDR / Omitted OPP","2026-06-11 19:18","Workflow","Update deal stage before closed deal"
"17884479613","HCL Technologies","SDR / Omitted OPP","2024-03-06 15:17","Workflow","Update deal stage before closed deal"
"61030321058","Conde Nast","SDR / Omitted OPP","2026-06-11 19:18","Workflow","Update deal stage before closed deal"
"13959412392","Viavi Solutions - old ","SDR / Omitted OPP","2023-12-11 11:09","Import","Deal stage and pre stage  by Gal Tarrab Levi"
"55556229997","Crowe","Negotiation / Legal","2026-05-13 19:48","Workflow","Update deal stage before closed deal","Business case confirmation","2026-05-07 16:41","Workflow","Update deal stage before closed deal","Formal Pilot","2026-04-23 18:53","Workflow","Update deal stage before closed deal","Pilot Prep","2026-02-19 17:38","Workflow","Update deal stage before closed deal","Demo / Presentation","2026-02-10 16:26","Workflow","Update deal stage before closed deal","SDR / Omitted OPP","2026-02-04 22:18","Workflow","Update deal stage before closed deal"
"58878538555","Flatiron Health","Negotiation / Legal","2026-05-18 19:00","Workflow","Update deal stage before closed deal","Business case confirmation","2026-05-07 19:03","Workflow","Update deal stage before closed deal","Formal Pilot","2026-05-07 19:03","Workflow","Update deal stage before closed deal","Pilot Prep","2026-05-07 19:00","Workflow","Update deal stage before closed deal","Demo / Presentation","2026-04-17 20:10","Workflow","Update deal stage before closed deal","SDR / Omitted OPP","2026-04-06 19:23","Workflow","Update deal stage before closed deal"
"21203716194","SimilarWeb","Pilot Prep","2024-09-05 12:10","Workflow","Update deal stage before closed deal","Demo / Presentation","2024-08-23 12:07","Workflow","Update deal stage before closed deal","SDR / Omitted OPP","2024-08-07 10:59","Workflow","Update deal stage before closed deal"
"15990867054","CVS Health","SDR / Omitted OPP","2023-12-11 11:09","Import","Deal stage and pre stage  by Gal Tarrab Levi"
"37179865160","MoEngage","Negotiation / Legal","2025-07-25 01:26","Workflow","Update deal stage before closed deal","Business case confirmation","2025-07-17 06:55","Workflow","Update deal stage before closed deal","Formal Pilot","2025-06-17 02:09","Workflow","Update deal stage before closed deal","Pilot Prep","2025-06-10 08:23","Workflow","Update deal stage before closed deal","Demo / Presentation","2025-06-10 08:23","Workflow","Update deal stage before closed deal","SDR / Omitted OPP","2025-05-14 14:10","Workflow","Update deal stage before closed deal"
"16057293678","Favor Delivery","Negotiation / Legal","2023-12-13 23:13","Workflow","Update deal stage before closed deal","Pilot Prep","2023-12-11 11:09","Import","Deal stage and pre stage  by Gal Tarrab Levi"
"34376708137","Cargill","SDR / Omitted OPP","2025-03-25 17:56","Workflow","Update deal stage before closed deal"
"18169952290","Julius Baer Group - KubeCon","SDR / Omitted OPP","2024-03-22 15:40","Workflow","Update deal stage before closed deal"
"36532889144","Proofpoint","SDR / Omitted OPP","2025-04-30 14:13","Workflow","Update deal stage before closed deal"
"30133969827","PSL Group ","SDR / Omitted OPP","2024-12-10 23:19","Workflow","Update deal stage before closed deal"
"22183492648","Viasat Inc ","Business case confirmation","2025-03-13 17:21","Workflow","Update deal stage before closed deal","Negotiation / Legal","2024-10-29 19:16","Workflow","Update deal stage before closed deal","Business case confirmation","2024-10-29 15:49","Workflow","Update deal stage before closed deal","Formal Pilot","2024-10-29 15:49","Workflow","Update deal stage before closed deal","Pilot Prep","2024-10-22 00:55","Workflow","Update deal stage before closed deal","Demo / Presentation","2024-10-17 00:19","Workflow","Update deal stage before closed deal","SDR / Omitted OPP","2024-09-12 01:37","Workflow","Update deal stage before closed deal"
"33051501192","Dezerv","SDR / Omitted OPP","2025-02-05 12:12","Workflow","Update deal stage before closed deal"
"29690561154","Gumtree","Pilot Prep","2024-12-16 19:00","Workflow","Update deal stage before closed deal","Demo / Presentation","2024-12-02 15:50","Workflow","Update deal stage before closed deal","SDR / Omitted OPP","2024-11-28 23:46","Workflow","Update deal stage before closed deal"
"38706695807","Fortis","SDR / Omitted OPP","2025-06-10 00:33","Workflow","Update deal stage before closed deal"
"17674400007","Synechron Inc.","SDR / Omitted OPP","2024-02-22 15:41","Workflow","Update deal stage before closed deal"
"28271890070","Lexmark International, Inc.","Demo / Presentation","2024-10-24 16:05","Workflow","Update deal stage before closed deal","SDR / Omitted OPP","2024-10-22 21:36","Workflow","Update deal stage before closed deal"
"37601460992","Teamworks","Pilot Prep","2025-08-07 17:21","Workflow","Update deal stage before closed deal","Demo / Presentation","2025-06-02 20:10","Workflow","Update deal stage before closed deal","SDR / Omitted OPP","2025-05-22 15:50","Workflow","Update deal stage before closed deal"
"49416387213","S&P Global","SDR / Omitted OPP","2025-11-19 21:37","Workflow","Update deal stage before closed deal"
"15843408144","Georgia-Pacific","SDR / Omitted OPP","2024-01-02 14:40","CRM UI Bulk Action","Gal Tarrab Levi"
"61030154622","WalkMe LTD.","SDR / Omitted OPP","2026-06-11 19:18","Workflow","Update deal stage before closed deal"
"57941152534","Elsevier","SDR / Omitted OPP","2026-03-12 16:36","Workflow","Update deal stage before closed deal"
"35347103671","BCP Bank","SDR / Omitted OPP","2025-04-01 21:29","Workflow","Update deal stage before closed deal"
"43365443469","Consorcio","Negotiation / Legal","2026-04-09 21:28","Workflow","Update deal stage before closed deal","Business case confirmation","2025-12-02 00:42","Workflow","Update deal stage before closed deal","Formal Pilot","2025-10-16 19:09","Workflow","Update deal stage before closed deal","Pilot Prep","2025-10-16 17:37","Workflow","Update deal stage before closed deal","Demo / Presentation","2025-10-09 19:14","Workflow","Update deal stage before closed deal","SDR / Omitted OPP","2025-10-09 16:09","Workflow","Update deal stage before closed deal"
"43595398170","Grupo Fierro - CS Package","SDR / Omitted OPP","2025-11-19 21:36","Workflow","Update deal stage before closed deal"
"18125003175","Red Hat - KubeCon","SDR / Omitted OPP","2024-03-20 13:13","Workflow","Update deal stage before closed deal"
"19330168674","CreditNinja/ Ninja Holdings","Negotiation / Legal","2024-09-25 17:44","Workflow","Update deal stage before closed deal","Business case confirmation","2024-08-26 21:42","Workflow","Update deal stage before closed deal","Formal Pilot","2024-05-22 15:36","Workflow","Update deal stage before closed deal","Demo / Presentation","2024-05-13 21:24","Workflow","Update deal stage before closed deal"
"29611066895","Telefonica","SDR / Omitted OPP","2024-11-27 15:49","Workflow","Update deal stage before closed deal"
"59082818225","Westcoast Cloud","SDR / Omitted OPP","2026-04-10 22:07","Workflow","Update deal stage before closed deal"
"59097942302","Skipton Building Society","SDR / Omitted OPP","2026-04-10 22:07","Workflow","Update deal stage before closed deal"
"46599498514","Sun Life Financial Inc","SDR / Omitted OPP","2025-11-03 16:42","Workflow","Update deal stage before closed deal"
"18128889629","Nmbrs  - KubeCon","SDR / Omitted OPP","2024-03-20 17:58","Workflow","Update deal stage before closed deal"
"12749100330","Ito World","Pilot Prep","2023-12-31 09:58","CRM UI","Gal Tarrab Levi"
"29803722753","BMV","SDR / Omitted OPP","2024-12-03 22:33","Workflow","Update deal stage before closed deal"
"34335980420","Fractal Analytics Private Limited","Demo / Presentation","2025-03-11 16:02","Workflow","Update deal stage before closed deal","SDR / Omitted OPP","2025-03-06 19:22","Workflow","Update deal stage before closed deal"
"21449849889","Eversource","SDR / Omitted OPP","2024-08-14 17:53","Workflow","Update deal stage before closed deal"
"61113535821","Metlife","Demo / Presentation","2026-06-30 22:45","Workflow","Update deal stage before closed deal","SDR / Omitted OPP","2026-06-15 23:17","Workflow","Update deal stage before closed deal"
"21173717025","Bloomerang","SDR / Omitted OPP","2024-08-05 17:52","Workflow","Update deal stage before closed deal"
"58158685341","Alteryx Inc ","Demo / Presentation","2026-03-26 17:21","Workflow","Update deal stage before closed deal","SDR / Omitted OPP","2026-03-18 16:20","Workflow","Update deal stage before closed deal"
"59097292611","King's College London","SDR / Omitted OPP","2026-04-10 22:07","Workflow","Update deal stage before closed deal"
"28783890496","ON Semiconductor","SDR / Omitted OPP","2024-11-06 18:40","Workflow","Update deal stage before closed deal"
"12747950149","Pinnacle","Pilot Prep","2023-12-11 11:09","Import","Deal stage and pre stage  by Gal Tarrab Levi"
"34882716001","Farmers Insurance","SDR / Omitted OPP","2025-03-25 17:56","Workflow","Update deal stage before closed deal"
"33935016112","Freshworks","SDR / Omitted OPP","2025-02-26 02:10","Workflow","Update deal stage before closed deal"
"38978618512","Abbott","SDR / Omitted OPP","2025-06-23 21:47","Workflow","Update deal stage before closed deal"
"41126031372","Wiz","Negotiation / Legal","2025-09-25 12:52","Workflow","Update deal stage before closed deal","Demo / Presentation","2025-07-31 12:33","Workflow","Update deal stage before closed deal"
"53357972609","Upwind ","SDR / Omitted OPP","2026-01-07 13:59","Workflow","Update deal stage before closed deal"
"48889518916","Visa - KubeCon ATL25","SDR / Omitted OPP","2025-11-11 18:40","Workflow","Update deal stage before closed deal"
"34609594018","Fiibo ","SDR / Omitted OPP","2025-03-13 18:07","Workflow","Update deal stage before closed deal"
"13650420601","Shutterfly","SDR / Omitted OPP","2023-12-11 11:09","Import","Deal stage and pre stage  by Gal Tarrab Levi"
"21125857552","PepperGRP","Demo / Presentation","2024-08-06 16:23","Workflow","Update deal stage before closed deal","SDR / Omitted OPP","2024-08-02 05:16","Workflow","Update deal stage before closed deal"
"40256478880","Sumitomo Mitsui Banking Corporation","Pilot Prep","2025-11-10 13:04","Workflow","Update deal stage before closed deal","Business case confirmation","2025-10-29 16:13","Workflow","Update deal stage before closed deal","Formal Pilot","2025-10-29 16:13","Workflow","Update deal stage before closed deal","Pilot Prep","2025-10-24 11:05","Workflow","Update deal stage before closed deal","Demo / Presentation","2025-10-23 18:36","Workflow","Update deal stage before closed deal","SDR / Omitted OPP","2025-07-15 11:23","Workflow","Update deal stage before closed deal"
"56200270644","Principal Financial - New Deal","Demo / Presentation","2026-03-03 20:33","Workflow","Update deal stage before closed deal","SDR / Omitted OPP","2026-03-03 20:32","Workflow","Update deal stage before closed deal"
"29036242038","Lenovo","Demo / Presentation","2024-12-09 15:51","Workflow","Update deal stage before closed deal","SDR / Omitted OPP","2024-11-14 00:24","Workflow","Update deal stage before closed deal"
"60842283400","DTE Energy","Demo / Presentation","2026-06-29 14:05","Workflow","Update deal stage before closed deal","SDR / Omitted OPP","2026-06-03 18:26","Workflow","Update deal stage before closed deal"
"47720315227","RBC","SDR / Omitted OPP","2025-10-30 18:57","Workflow","Update deal stage before closed deal"
"14468168509","Mathworks","SDR / Omitted OPP","2023-12-11 11:09","Import","Deal stage and pre stage  by Gal Tarrab Levi"
"14239837348","Jetstar Airways","SDR / Omitted OPP","2023-12-11 11:09","Import","Deal stage and pre stage  by Gal Tarrab Levi"
"33335895371","AGL","Demo / Presentation","2025-02-13 00:36","Workflow","Update deal stage before closed deal","SDR / Omitted OPP","2025-02-11 12:24","Workflow","Update deal stage before closed deal"
"36601417055","Ocean Technologies Group ","SDR / Omitted OPP","2025-04-30 18:48","Workflow","Update deal stage before closed deal"
"43269560467","Tata Consultancy Services Ltd","SDR / Omitted OPP","2025-09-02 18:44","Workflow","Update deal stage before closed deal"
"35591798398","REA Group","SDR / Omitted OPP","2025-04-09 11:26","Workflow","Update deal stage before closed deal"
"20351151535","Guidepoint","Demo / Presentation","2024-07-03 15:56","Workflow","Update deal stage before closed deal","SDR / Omitted OPP","2024-06-26 15:30","Workflow","Update deal stage before closed deal"
"35322575888","TCS","SDR / Omitted OPP","2025-04-01 16:52","Workflow","Update deal stage before closed deal"
"60668491367","Servicio Agricola Ganadero","SDR / Omitted OPP","2026-05-27 18:40","Workflow","Update deal stage before closed deal"
"40326215461","Amazon","SDR / Omitted OPP","2025-07-16 18:29","Workflow","Update deal stage before closed deal"
"13990697987","eToro","SDR / Omitted OPP","2023-12-11 11:09","Import","Deal stage and pre stage  by Gal Tarrab Levi"
"34317534630","Run.ai","SDR / Omitted OPP","2025-03-06 10:19","Record Merge","","SDR / Omitted OPP","2025-03-05 18:19","Workflow","Update deal stage before closed deal","SDR / Omitted OPP","2025-03-05 18:10","Workflow","Update deal stage before closed deal"
"43908066995","Early Warning Services (Zelle)","Formal Pilot","2026-05-07 00:13","Workflow","Update deal stage before closed deal","Pilot Prep","2026-01-21 20:47","Workflow","Update deal stage before closed deal","Demo / Presentation","2025-09-29 16:34","Workflow","Update deal stage before closed deal","SDR / Omitted OPP","2025-09-18 22:54","Workflow","Update deal stage before closed deal"
"36536031070","Publicis Media","SDR / Omitted OPP","2025-04-30 16:15","Workflow","Update deal stage before closed deal"
"38859960630","Dot Foods","Negotiation / Legal","2025-10-30 15:04","Workflow","Update deal stage before closed deal","Business case confirmation","2025-10-27 15:41","Workflow","Update deal stage before closed deal","Formal Pilot","2025-10-16 16:42","Workflow","Update deal stage before closed deal","Pilot Prep","2025-09-10 19:50","Workflow","Update deal stage before closed deal","Demo / Presentation","2025-07-07 15:40","Workflow","Update deal stage before closed deal","SDR / Omitted OPP","2025-06-13 22:28","Workflow","Update deal stage before closed deal"
"42446241575","Yum Connect, LLC d/b/a Byte by Yum!","SDR / Omitted OPP","2025-08-19 17:44","Workflow","Update deal stage before closed deal"
"18167851147","Verbit - KubeCon","SDR / Omitted OPP","2024-03-22 14:44","Workflow","Update deal stage before closed deal"
"15416787784","Activix - AutoSync","Demo / Presentation","2023-12-11 11:09","Import","Deal stage and pre stage  by Gal Tarrab Levi"
"57442758192","TGS - Expansion","SDR / Omitted OPP","2026-03-12 05:10","Workflow","Update deal stage before closed deal"
"35608088677","Lendlease","SDR / Omitted OPP","2025-04-10 19:06","Workflow","Update deal stage before closed deal"
"41147607839","EQ Bank","Business case confirmation","2025-09-09 21:41","Workflow","Update deal stage before closed deal","Formal Pilot","2025-08-20 17:40","Workflow","Update deal stage before closed deal","Pilot Prep","2025-08-20 17:39","Workflow","Update deal stage before closed deal","Demo / Presentation","2025-08-01 20:02","Workflow","Update deal stage before closed deal","SDR / Omitted OPP","2025-07-31 20:25","Workflow","Update deal stage before closed deal"
"17515601685","DBS","SDR / Omitted OPP","2024-02-14 08:41","Workflow","Update deal stage before closed deal"
"53887211294","PayPal ","Pilot Prep","2026-05-19 15:57","Workflow","Update deal stage before closed deal","Formal Pilot","2026-02-09 16:08","Workflow","Update deal stage before closed deal","Pilot Prep","2026-01-20 21:02","Workflow","Update deal stage before closed deal","Demo / Presentation","2026-01-20 21:01","Workflow","Update deal stage before closed deal","SDR / Omitted OPP","2026-01-14 20:21","Workflow","Update deal stage before closed deal"
"54347296353","OP Financial Group","SDR / Omitted OPP","2026-01-23 15:34","Record Merge","","SDR / Omitted OPP","2026-01-23 15:31","Workflow","Update deal stage before closed deal","SDR / Omitted OPP","2026-01-23 15:26","Workflow","Update deal stage before closed deal"
"52454985832","Justt","Pilot Prep","2026-02-11 17:24","Workflow","Update deal stage before closed deal","Demo / Presentation","2026-01-21 17:04","Workflow","Update deal stage before closed deal","SDR / Omitted OPP","2025-12-23 15:51","Workflow","Update deal stage before closed deal"
"18127237725","Computacentet - KubeCon","SDR / Omitted OPP","2024-03-20 17:31","Workflow","Update deal stage before closed deal"
"12228796024","Shift","Business case confirmation","2023-12-11 11:09","Import","Deal stage and pre stage  by Gal Tarrab Levi"
"39280160376","Mastercard Inc.","SDR / Omitted OPP","2025-06-25 18:12","Workflow","Update deal stage before closed deal"
"35425315341","ATIX ","SDR / Omitted OPP","2025-04-03 13:37","Workflow","Update deal stage before closed deal"
"34255186487","Citigroup Inc","Demo / Presentation","2025-03-07 17:37","Workflow","Update deal stage before closed deal","SDR / Omitted OPP","2025-03-05 14:05","Workflow","Update deal stage before closed deal"
"20628816452","Nando's","Negotiation / Legal","2024-11-19 19:16","Workflow","Update deal stage before closed deal","Business case confirmation","2024-11-19 19:16","Workflow","Update deal stage before closed deal","Formal Pilot","2024-07-24 11:22","Workflow","Update deal stage before closed deal","Pilot Prep","2024-07-24 11:22","Workflow","Update deal stage before closed deal","Demo / Presentation","2024-07-24 11:22","Workflow","Update deal stage before closed deal","SDR / Omitted OPP","2024-07-09 14:18","Workflow","Update deal stage before closed deal"
"15090741906","Maya PH 2024","","2024-01-01 13:37","CRM UI","Gal Tarrab Levi","SDR / Omitted OPP","2023-12-11 11:09","Import","Deal stage and pre stage  by Gal Tarrab Levi"
"29118137741","Keyfactor","SDR / Omitted OPP","2024-11-14 20:43","Workflow","Update deal stage before closed deal"
"19543335967","Compass Digital","Demo / Presentation","2024-05-30 00:10","Workflow","Update deal stage before closed deal","SDR / Omitted OPP","2024-05-22 20:19","Workflow","Update deal stage before closed deal"
"29777314092","NOV","SDR / Omitted OPP","2024-12-02 17:59","Workflow","Update deal stage before closed deal"
"28563604597","Medtronic - Surgical Unit (50 devs)","Demo / Presentation","2024-10-31 18:46","Workflow","Update deal stage before closed deal","SDR / Omitted OPP","2024-10-31 18:46","Workflow","Update deal stage before closed deal"
"21098787907","Southern Glazer's Wine & Spirits","SDR / Omitted OPP","2024-08-01 00:51","Workflow","Update deal stage before closed deal"
"15699744572","Nuvei","Formal Pilot","2023-12-24 13:52","Import","STAGE BEFORE - Sheet1.csv by Gal Tarrab Levi","Business case confirmation","2023-12-13 12:52","Workflow","Update deal stage before closed deal","Pilot Prep","2023-12-11 11:09","Import","Deal stage and pre stage  by Gal Tarrab Levi"
"57139260277","Accurate","SDR / Omitted OPP","2026-02-27 03:30","Workflow","Update deal stage before closed deal"
"37720082098","Sportradar","Negotiation / Legal","2025-12-16 11:22","Workflow","Update deal stage before closed deal","Business case confirmation","2025-12-09 11:29","Workflow","Update deal stage before closed deal","Formal Pilot","2025-08-18 11:12","Workflow","Update deal stage before closed deal","Pilot Prep","2025-07-16 12:11","Workflow","Update deal stage before closed deal","Demo / Presentation","2025-06-18 13:49","Workflow","Update deal stage before closed deal","SDR / Omitted OPP","2025-05-23 11:27","Workflow","Update deal stage before closed deal"
"61030019686","Bayer","SDR / Omitted OPP","2026-06-11 19:18","Workflow","Update deal stage before closed deal"
"35344827932","Mercari","SDR / Omitted OPP","2025-04-02 14:23","Workflow","Update deal stage before closed deal"
"30912933225","Sicredi","Demo / Presentation","2025-01-23 23:36","Workflow","Update deal stage before closed deal","SDR / Omitted OPP","2024-12-23 14:24","Workflow","Update deal stage before closed deal"
"28242150916","Amplience Inc","Negotiation / Legal","2024-12-23 18:09","Workflow","Update deal stage before closed deal","Business case confirmation","2024-12-16 19:01","Workflow","Update deal stage before closed deal","Formal Pilot","2024-11-05 16:44","Workflow","Update deal stage before closed deal","Pilot Prep","2024-11-05 16:44","Workflow","Update deal stage before closed deal","Demo / Presentation","2024-10-23 13:29","Workflow","Update deal stage before closed deal","SDR / Omitted OPP","2024-10-22 16:27","Workflow","Update deal stage before closed deal"
"48172099701","Wildlife Studios","SDR / Omitted OPP","2025-11-04 16:51","Workflow","Update deal stage before closed deal"
"18674497438","Cosmos Innovation","SDR / Omitted OPP","2024-04-16 14:03","Workflow","Update deal stage before closed deal"
"48473786975","Lytx ","Pilot Prep","2026-03-04 16:38","Workflow","Update deal stage before closed deal","Demo / Presentation","2026-02-18 23:59","Workflow","Update deal stage before closed deal","SDR / Omitted OPP","2025-11-07 00:37","Workflow","Update deal stage before closed deal"
"15960494166","Casaideas","SDR / Omitted OPP","2023-12-11 11:09","Import","Deal stage and pre stage  by Gal Tarrab Levi"
"12800598819","SSE","SDR / Omitted OPP","2023-12-11 11:09","Import","Deal stage and pre stage  by Gal Tarrab Levi"
"15957601875","C Hoare & Co","SDR / Omitted OPP","2023-12-11 11:09","Import","Deal stage and pre stage  by Gal Tarrab Levi"
"29152544911","workstand.com ","SDR / Omitted OPP","2024-11-15 21:03","Workflow","Update deal stage before closed deal"
"29386094872","Checkmarx - Add on 150","Negotiation / Legal","2024-12-05 14:12","Workflow","Update deal stage before closed deal","Business case confirmation","2024-11-20 17:40","Workflow","Update deal stage before closed deal"
"58439798455","KubeCon EU 2026 - Open Systems","SDR / Omitted OPP","2026-03-26 23:26","Workflow","Update deal stage before closed deal"
"19002272439","TownSq","Negotiation / Legal","2024-06-05 01:33","Workflow","Update deal stage before closed deal","Business case confirmation","2024-06-03 16:43","Workflow","Update deal stage before closed deal","Demo / Presentation","2024-05-23 16:31","Workflow","Update deal stage before closed deal","SDR / Omitted OPP","2024-04-30 13:58","Workflow","Update deal stage before closed deal"
"51689845008","AutoNation","SDR / Omitted OPP","2025-12-12 15:43","Workflow","Update deal stage before closed deal"
"58430175514","Chainalysis - KubeCon EU 2026","SDR / Omitted OPP","2026-03-26 23:26","Workflow","Update deal stage before closed deal"
"12750463557","OneTrust - cancelled","SDR / Omitted OPP","2023-12-11 11:09","Import","Deal stage and pre stage  by Gal Tarrab Levi"
"18014122248","PayU","Demo / Presentation","2024-03-21 12:50","Workflow","Update deal stage before closed deal","SDR / Omitted OPP","2024-03-13 16:33","Workflow","Update deal stage before closed deal"
"56136030288","Grammarly","SDR / Omitted OPP","2026-02-12 17:16","Workflow","Update deal stage before closed deal"
"35516600644","Paggo AI","SDR / Omitted OPP","2025-04-07 03:42","Workflow","Update deal stage before closed deal"
"35759455004","C4 Technical Services","SDR / Omitted OPP","2025-04-15 18:17","Workflow","Update deal stage before closed deal"
"61451526512","Hyundai Motor Europe","SDR / Omitted OPP","2026-06-23 10:24","Workflow","Update deal stage before closed deal"
"56611952900","Smarsh - additional seats ","Negotiation / Legal","2026-02-19 17:59","Workflow","Update deal stage before closed deal"
"23237556286","LexisNexis","Demo / Presentation","2024-10-21 18:57","Workflow","Update deal stage before closed deal","SDR / Omitted OPP","2024-10-15 11:44","Workflow","Update deal stage before closed deal"
"48813307530","DKV Mobility","Business case confirmation","2026-05-04 10:49","Workflow","Update deal stage before closed deal","Formal Pilot","2026-03-04 13:00","Workflow","Update deal stage before closed deal","Pilot Prep","2026-02-20 11:44","Workflow","Update deal stage before closed deal","Demo / Presentation","2026-01-28 16:58","Workflow","Update deal stage before closed deal","SDR / Omitted OPP","2025-11-10 17:06","Workflow","Update deal stage before closed deal"
"61030084485","Progressive","SDR / Omitted OPP","2026-06-11 19:18","Workflow","Update deal stage before closed deal"
"13068492458","Decathlon","SDR / Omitted OPP","2023-12-11 11:09","Import","Deal stage and pre stage  by Gal Tarrab Levi"
"35196203569","Thales","SDR / Omitted OPP","2025-03-30 11:31","Record Merge","","SDR / Omitted OPP","2025-03-30 11:30","Record Merge","","SDR / Omitted OPP","2025-03-30 11:30","Record Merge","","SDR / Omitted OPP","2025-03-30 11:27","Record Merge","","SDR / Omitted OPP","2025-03-30 11:26","Record Merge","","SDR / Omitted OPP","2025-03-29 17:22","Workflow","Update deal stage before closed deal","SDR / Omitted OPP","2025-03-29 17:22","Workflow","Update deal stage before closed deal","SDR / Omitted OPP","2025-03-29 17:21","Workflow","Update deal stage before closed deal","SDR / Omitted OPP","2025-03-29 17:21","Workflow","Update deal stage before closed deal","SDR / Omitted OPP","2025-03-29 17:21","Workflow","Update deal stage before closed deal","SDR / Omitted OPP","2023-12-24 13:52","Import","STAGE BEFORE - Sheet1.csv by Gal Tarrab Levi"
"12520212003","TIAA","Pilot Prep","2023-12-11 11:09","Import","Deal stage and pre stage  by Gal Tarrab Levi"
"18124074328","Tietoevry Corporation - KubeCon","SDR / Omitted OPP","2024-03-20 12:10","Workflow","Update deal stage before closed deal"
"49170248809","Visa KubeCon ATL 25","SDR / Omitted OPP","2025-11-14 23:35","Workflow","Update deal stage before closed deal"
"52036285540","thomson reuters - Upsell","Business case confirmation","2025-12-18 17:48","Workflow","Update deal stage before closed deal"
"33182929177","Select Sires / World Wide Sires","Pilot Prep","2025-04-01 20:40","Workflow","Update deal stage before closed deal","Demo / Presentation","2025-02-18 14:21","Workflow","Update deal stage before closed deal","Pilot Prep","2025-02-11 19:24","Workflow","Update deal stage before closed deal","Demo / Presentation","2025-02-09 09:37","Record Merge","","Demo / Presentation","2025-02-07 22:39","Workflow","Update deal stage before closed deal","SDR / Omitted OPP","2025-02-07 22:22","Workflow","Update deal stage before closed deal","SDR / Omitted OPP","2025-02-05 11:01","Record Merge","","SDR / Omitted OPP","2025-02-05 11:01","Record Merge","","SDR / Omitted OPP","2025-02-05 11:01","Record Merge","","SDR / Omitted OPP","2025-02-05 11:01","Record Merge","","SDR / Omitted OPP","2025-02-04 19:10","Workflow","Update deal stage before closed deal","SDR / Omitted OPP","2025-02-04 19:10","Workflow","Update deal stage before closed deal","SDR / Omitted OPP","2025-02-04 19:10","Workflow","Update deal stage before closed deal","SDR / Omitted OPP","2025-02-04 19:10","Workflow","Update deal stage before closed deal","SDR / Omitted OPP","2025-02-04 19:10","Workflow","Update deal stage before closed deal"
"29879086411","The Church of Jesus Christ of Latter-day Saints ","SDR / Omitted OPP","2024-12-05 03:28","Workflow","Update deal stage before closed deal"
"29883560967","J.P. Morgan & Co","SDR / Omitted OPP","2024-12-05 03:31","Workflow","Update deal stage before closed deal"
"47618018433","GE Aerospace","SDR / Omitted OPP","2025-10-29 19:24","Workflow","Update deal stage before closed deal"
"19135013183","McDonald's","SDR / Omitted OPP","2024-05-15 18:30","Workflow","Update deal stage before closed deal","Demo / Presentation","2024-05-10 21:18","Workflow","Update deal stage before closed deal","SDR / Omitted OPP","2024-05-05 13:14","Workflow","Update deal stage before closed deal"
"43713273374","Absa Group","SDR / Omitted OPP","2025-09-16 12:40","Workflow","Update deal stage before closed deal"
"40670307408","S&P Global","Demo / Presentation","2025-08-22 01:25","Workflow","Update deal stage before closed deal","SDR / Omitted OPP","2025-07-28 19:22","Workflow","Update deal stage before closed deal"
"18124426900","DNB - KubeCon","Demo / Presentation","2024-03-28 16:34","Workflow","Update deal stage before closed deal","SDR / Omitted OPP","2024-03-20 13:05","Workflow","Update deal stage before closed deal"
"60524923975","Lightcast","SDR / Omitted OPP","2026-05-21 21:21","Record Merge","","SDR / Omitted OPP","2026-05-21 21:05","Workflow","Update deal stage before closed deal"
"61004656387","Palo Alto - New Deal","SDR / Omitted OPP","2026-06-10 22:44","Workflow","Update deal stage before closed deal"
"35300246624","DSB ","SDR / Omitted OPP","2025-07-15 16:27","Workflow","Update deal stage before closed deal","Demo / Presentation","2025-05-01 17:46","Workflow","Update deal stage before closed deal","SDR / Omitted OPP","2025-04-01 14:10","Workflow","Update deal stage before closed deal"
"18595964581","Xsolla LLC ","Negotiation / Legal","2024-07-05 13:37","Workflow","Update deal stage before closed deal","Business case confirmation","2024-07-02 17:36","Workflow","Update deal stage before closed deal","Formal Pilot","2024-06-10 17:26","Workflow","Update deal stage before closed deal","Pilot Prep","2024-04-24 14:23","Workflow","Update deal stage before closed deal","Demo / Presentation","2024-04-19 11:06","Workflow","Update deal stage before closed deal","SDR / Omitted OPP","2024-04-12 15:39","Workflow","Update deal stage before closed deal"
"51435564562","Cigna - Evernorth","Demo / Presentation","2025-12-15 23:22","Workflow","Update deal stage before closed deal","SDR / Omitted OPP","2025-12-08 17:17","Workflow","Update deal stage before closed deal"
"48541558704","INVEX ","Negotiation / Legal","2026-03-04 17:21","Workflow","Update deal stage before closed deal","Business case confirmation","2025-12-31 16:17","Workflow","Update deal stage before closed deal","Formal Pilot","2025-12-31 16:17","Workflow","Update deal stage before closed deal","Pilot Prep","2025-12-03 15:59","Workflow","Update deal stage before closed deal","Demo / Presentation","2025-11-21 23:52","Workflow","Update deal stage before closed deal","SDR / Omitted OPP","2025-11-07 23:35","Workflow","Update deal stage before closed deal"
"29778851962","Engineering.it","Demo / Presentation","2024-12-04 11:29","Workflow","Update deal stage before closed deal","SDR / Omitted OPP","2024-12-03 13:17","Workflow","Update deal stage before closed deal"
"58430020452","KubeCon EU 2026 - Lloyds Banking Group","SDR / Omitted OPP","2026-03-26 23:26","Workflow","Update deal stage before closed deal"
"57443126368","EY GDS","SDR / Omitted OPP","2026-03-03 13:45","Workflow","Update deal stage before closed deal"
"55031444139","BlackRock","SDR / Omitted OPP","2026-01-30 18:10","Record Merge","","Demo / Presentation","2025-08-08 20:43","Workflow","Update deal stage before closed deal","SDR / Omitted OPP","2025-07-16 19:58","Workflow","Update deal stage before closed deal","SDR / Omitted OPP","2025-07-08 19:05","Workflow","Update deal stage before closed deal"
"29714304565","Galenica","SDR / Omitted OPP","2024-12-01 16:55","Workflow","Update deal stage before closed deal"
"13290080023","DroneUp","SDR / Omitted OPP","2023-12-11 11:09","Import","Deal stage and pre stage  by Gal Tarrab Levi"
"61031641671","Wesco Anxiter","SDR / Omitted OPP","2026-06-11 19:18","Workflow","Update deal stage before closed deal"
"29037008216","NMI","SDR / Omitted OPP","2024-11-14 00:01","Workflow","Update deal stage before closed deal"
"29155720289","NCARNational Center for Atmospheric Research ","SDR / Omitted OPP","2024-11-15 22:01","Workflow","Update deal stage before closed deal"
"13373946269","CyberSixGill","Negotiation / Legal","2023-12-11 11:09","Import","Deal stage and pre stage  by Gal Tarrab Levi"
"58135851009","Questrade","Demo / Presentation","2026-03-25 15:29","Workflow","Update deal stage before closed deal","SDR / Omitted OPP","2026-03-18 19:04","Workflow","Update deal stage before closed deal"
"18226428735","Toast","SDR / Omitted OPP","2024-03-25 22:09","Workflow","Update deal stage before closed deal"
"50388094509","104人力銀行(Job Bank)","SDR / Omitted OPP","2025-11-25 12:33","Workflow","Update deal stage before closed deal"
"38278799210","Signifyd","Business case confirmation","2025-09-24 22:00","Workflow","Update deal stage before closed deal","Formal Pilot","2025-07-10 21:47","Workflow","Update deal stage before closed deal","Pilot Prep","2025-07-03 17:38","Workflow","Update deal stage before closed deal","Demo / Presentation","2025-06-04 20:26","Workflow","Update deal stage before closed deal","SDR / Omitted OPP","2025-06-02 17:13","Record Merge","","SDR / Omitted OPP","2025-05-31 00:27","Workflow","Update deal stage before closed deal","SDR / Omitted OPP","2025-05-31 00:27","Workflow","Update deal stage before closed deal"
"42228330764","Mayo Clinic College of Medicine and Science","Pilot Prep","2026-06-24 23:20","Workflow","Update deal stage before closed deal","Demo / Presentation","2026-05-20 22:12","Workflow","Update deal stage before closed deal","Pilot Prep","2026-02-23 18:53","Workflow","Update deal stage before closed deal","Formal Pilot","2025-10-30 18:33","Workflow","Update deal stage before closed deal","Pilot Prep","2025-09-30 18:28","Workflow","Update deal stage before closed deal","Demo / Presentation","2025-08-22 05:18","Workflow","Update deal stage before closed deal","SDR / Omitted OPP","2025-08-15 22:09","Workflow","Update deal stage before closed deal"
"17671736761","Nokia","SDR / Omitted OPP","2024-02-22 14:25","Workflow","Update deal stage before closed deal"
"35318786875","Booking.com ","SDR / Omitted OPP","2025-04-01 12:37","Workflow","Update deal stage before closed deal"
"56935802284","doTERRA","SDR / Omitted OPP","2026-02-25 16:34","Workflow","Update deal stage before closed deal"
"44675727677","Big Mimo","SDR / Omitted OPP","2025-09-28 14:38","Workflow","Update deal stage before closed deal"
"51260241934","Safaricom","SDR / Omitted OPP","2025-12-04 14:42","Record Merge","","SDR / Omitted OPP","2025-12-04 14:36","Workflow","Update deal stage before closed deal","SDR / Omitted OPP","2025-12-04 14:21","Workflow","Update deal stage before closed deal"
"15842871874","VyStar Credit Union","SDR / Omitted OPP","2024-01-02 14:40","CRM UI Bulk Action","Gal Tarrab Levi"
"61030104906","Attentive","SDR / Omitted OPP","2026-06-11 19:18","Workflow","Update deal stage before closed deal"
"48473708709","NetScout Systems, Inc.","SDR / Omitted OPP","2025-11-06 16:42","Workflow","Update deal stage before closed deal"
"35352252576","ClickHouse Inc ","SDR / Omitted OPP","2025-04-02 13:40","Workflow","Update deal stage before closed deal"
"42420000130","The University of Melbourne - expand","Pilot Prep","2025-08-19 07:23","Workflow","Update deal stage before closed deal","Demo / Presentation","2025-08-19 07:22","Workflow","Update deal stage before closed deal","SDR / Omitted OPP","2025-08-19 07:22","Workflow","Update deal stage before closed deal"
"12744637456","Eventbrite","SDR / Omitted OPP","2024-01-02 14:40","CRM UI Bulk Action","Gal Tarrab Levi"
"29669492647","Augury","Demo / Presentation","2024-12-04 11:04","Workflow","Update deal stage before closed deal","SDR / Omitted OPP","2024-11-28 12:22","Record Merge","","SDR / Omitted OPP","2024-11-28 12:04","Workflow","Update deal stage before closed deal","SDR / Omitted OPP","2024-11-21 15:16","Workflow","Update deal stage before closed deal"
"52843125407","PwC Australia","SDR / Omitted OPP","2025-12-29 22:39","Workflow","Update deal stage before closed deal"
"35303349888","Liveperson ","SDR / Omitted OPP","2025-04-01 14:39","Workflow","Update deal stage before closed deal"
"35846315312","NRG Energy, Inc.","Demo / Presentation","2025-08-07 17:24","Workflow","Update deal stage before closed deal","SDR / Omitted OPP","2025-04-17 01:21","Workflow","Update deal stage before closed deal"
"15465000784","ASEE","SDR / Omitted OPP","2023-12-11 11:09","Import","Deal stage and pre stage  by Gal Tarrab Levi"
"59079594564","Knight Optical","SDR / Omitted OPP","2026-04-10 22:07","Workflow","Update deal stage before closed deal"
"61173757983","Mercedes-Benz","SDR / Omitted OPP","2026-06-17 13:53","Workflow","Update deal stage before closed deal"
"14894155876","Superbet","Demo / Presentation","2023-12-11 11:09","Import","Deal stage and pre stage  by Gal Tarrab Levi"
"29132751024","Barracuda","SDR / Omitted OPP","2024-11-15 19:51","Workflow","Update deal stage before closed deal"
"18148122458","Bank for international settlements - KubeCon","SDR / Omitted OPP","2024-03-21 14:56","Workflow","Update deal stage before closed deal"
"33055121445","BrainRocket","Negotiation / Legal","2025-12-04 11:12","Workflow","Update deal stage before closed deal","Business case confirmation","2025-11-20 16:20","Workflow","Update deal stage before closed deal","Formal Pilot","2025-11-06 10:49","Workflow","Update deal stage before closed deal","Business case confirmation","2025-10-16 10:48","Workflow","Update deal stage before closed deal","Formal Pilot","2025-09-10 15:29","Workflow","Update deal stage before closed deal","Pilot Prep","2025-07-17 10:55","Workflow","Update deal stage before closed deal","Demo / Presentation","2025-03-05 16:27","Workflow","Update deal stage before closed deal","SDR / Omitted OPP","2025-02-05 09:51","Workflow","Update deal stage before closed deal"
"58437244981","KubeCon EU 2026 - Yoco","SDR / Omitted OPP","2026-03-26 23:26","Workflow","Update deal stage before closed deal"
"19496074093","City National Bank","SDR / Omitted OPP","2024-05-20 21:15","Workflow","Update deal stage before closed deal"
"15793278290","DocuSign","Demo / Presentation","2023-12-11 11:09","Import","Deal stage and pre stage  by Gal Tarrab Levi"
"37213672195","QUT","SDR / Omitted OPP","2025-05-15 06:04","Workflow","Update deal stage before closed deal"
"55341866420","capital one","SDR / Omitted OPP","2026-02-02 08:46","Record Merge","","SDR / Omitted OPP","2026-01-26 21:04","Workflow","Update deal stage before closed deal"
"40800536739","Efi","Demo / Presentation","2025-09-04 17:34","Workflow","Update deal stage before closed deal","SDR / Omitted OPP","2025-07-24 23:05","Workflow","Update deal stage before closed deal"
"38745772035","Serko Ltd - Expansion","Negotiation / Legal","2025-09-25 09:04","Workflow","Update deal stage before closed deal","Formal Pilot","2025-09-25 09:04","Workflow","Update deal stage before closed deal","Pilot Prep","2025-06-11 02:57","Workflow","Update deal stage before closed deal"
"40425253982","AMBOSS MD Inc","SDR / Omitted OPP","2025-07-18 11:37","Workflow","Update deal stage before closed deal"
"13185312790","Earnix ","Pilot Prep","2023-12-28 18:40","CRM UI","Gal Tarrab Levi"
"47096576342","Equiniti","SDR / Omitted OPP","2025-10-25 20:35","Workflow","Update deal stage before closed deal"
"35396649286","Wells Fargo","Pilot Prep","2025-04-03 16:27","Workflow","Update deal stage before closed deal","Demo / Presentation","2025-04-02 22:30","Record Merge","","Demo / Presentation","2025-04-02 22:28","Record Merge","","SDR / Omitted OPP","2025-03-28 21:25","Workflow","Update deal stage before closed deal","Demo / Presentation","2025-01-09 16:46","Workflow","Update deal stage before closed deal","SDR / Omitted OPP","2024-12-22 11:13","Record Merge","","SDR / Omitted OPP","2024-12-22 11:13","Record Merge","","SDR / Omitted OPP","2024-12-20 18:35","Workflow","Update deal stage before closed deal","SDR / Omitted OPP","2024-12-20 18:35","Workflow","Update deal stage before closed deal","SDR / Omitted OPP","2024-12-15 13:38","Workflow","Update deal stage before closed deal","Demo / Presentation","2024-10-24 16:27","Workflow","Update deal stage before closed deal","SDR / Omitted OPP","2024-10-17 01:40","Workflow","Update deal stage before closed deal"
"29815237173","Volvo Group","SDR / Omitted OPP","2024-12-04 01:03","Workflow","Update deal stage before closed deal"
"28979755808","Cuemby","SDR / Omitted OPP","2024-11-12 19:01","Workflow","Update deal stage before closed deal"
"21110274182","GitLab Inc.","SDR / Omitted OPP","2024-08-01 13:58","Workflow","Update deal stage before closed deal"
"29378793800","Sanoma","Demo / Presentation","2024-12-02 12:00","Workflow","Update deal stage before closed deal","SDR / Omitted OPP","2024-11-20 16:14","Workflow","Update deal stage before closed deal"
"12881863534","Flipsidecrypto","Negotiation / Legal","2023-12-11 11:09","Import","Deal stage and pre stage  by Gal Tarrab Levi"
"35415144286","Ten Twenty One ","SDR / Omitted OPP","2025-04-03 19:02","Workflow","Update deal stage before closed deal"
"14260048171","ICEO","SDR / Omitted OPP","2023-12-11 11:09","Import","Deal stage and pre stage  by Gal Tarrab Levi"
"58445138791","KubeCon EU 2026 - ICEYE","SDR / Omitted OPP","2026-03-26 23:26","Workflow","Update deal stage before closed deal"
"19522131763","Hurb","Pilot Prep","2024-07-16 16:33","Workflow","Update deal stage before closed deal","Formal Pilot","2024-07-03 18:34","Workflow","Update deal stage before closed deal","Pilot Prep","2024-06-05 18:43","Workflow","Update deal stage before closed deal","Demo / Presentation","2024-05-29 21:35","Workflow","Update deal stage before closed deal","SDR / Omitted OPP","2024-05-22 00:55","Workflow","Update deal stage before closed deal"
"58414337024","Phreesia ","SDR / Omitted OPP","2026-03-26 19:48","Workflow","Update deal stage before closed deal"
"16367310440","CRIF","Negotiation / Legal","2024-07-12 16:16","Workflow","Update deal stage before closed deal","Business case confirmation","2024-05-01 12:39","Workflow","Update deal stage before closed deal","Formal Pilot","2024-02-13 17:37","Workflow","Update deal stage before closed deal","Demo / Presentation","2023-12-24 13:52","Import","STAGE BEFORE - Sheet1.csv by Gal Tarrab Levi","Pilot Prep","2023-12-21 16:21","Workflow","Update deal stage before closed deal"
"13796504713","7-Eleven","Formal Pilot","2023-12-11 11:09","Import","Deal stage and pre stage  by Gal Tarrab Levi"
"58241598784","Zscaler","SDR / Omitted OPP","2026-03-23 11:14","Workflow","Update deal stage before closed deal"
"29110240829","Blockgraph","SDR / Omitted OPP","2024-11-14 01:01","Workflow","Update deal stage before closed deal"
"30462224684","GenCat - Expansion","Demo / Presentation","2024-12-16 17:28","Workflow","Update deal stage before closed deal"
"46762513234","Ki Insurance","SDR / Omitted OPP","2025-10-23 16:28","Workflow","Update deal stage before closed deal"
"17171487297","Marriott International","Demo / Presentation","2024-02-20 22:00","Workflow","Update deal stage before closed deal","SDR / Omitted OPP","2024-01-26 19:13","Workflow","Update deal stage before closed deal"
"37568183138","Youse","Business case confirmation","2025-07-03 18:32","Workflow","Update deal stage before closed deal","Pilot Prep","2025-06-18 18:31","Workflow","Update deal stage before closed deal","Demo / Presentation","2025-05-30 17:16","Workflow","Update deal stage before closed deal","SDR / Omitted OPP","2025-05-22 00:07","Workflow","Update deal stage before closed deal"
"16954701092","Waystar","Demo / Presentation","2024-01-25 16:39","Workflow","Update deal stage before closed deal","SDR / Omitted OPP","2024-01-15 18:09","Workflow","Update deal stage before closed deal"
"22680826516","S&P Global","SDR / Omitted OPP","2024-09-27 00:36","Workflow","Update deal stage before closed deal"
"12748381610","Cargill","SDR / Omitted OPP","2024-01-02 14:40","CRM UI Bulk Action","Gal Tarrab Levi"
"60371652702","West Coast University","SDR / Omitted OPP","2026-05-20 00:31","Workflow","Update deal stage before closed deal"
"62092779858","Cribl ","SDR / Omitted OPP","2026-07-02 06:33","Workflow","Update deal stage before closed deal"
"59081588649","Central Bank of Ireland","SDR / Omitted OPP","2026-04-10 22:07","Workflow","Update deal stage before closed deal"
"60182252458","Guidepoint v2","Pilot Prep","2026-06-04 06:24","Workflow","Update deal stage before closed deal","Demo / Presentation","2026-05-22 21:34","Workflow","Update deal stage before closed deal","SDR / Omitted OPP","2026-05-11 21:58","Workflow","Update deal stage before closed deal"
"15418669486","Duolingo","Demo / Presentation","2024-03-03 15:18","CRM UI","Gal Tarrab Levi","SDR / Omitted OPP","2023-12-11 11:09","Import","Deal stage and pre stage  by Gal Tarrab Levi"
"20608413749","Henkel","SDR / Omitted OPP","2024-07-08 16:41","Workflow","Update deal stage before closed deal"
"14041472650","Unifonic","Formal Pilot","2023-12-11 11:09","Import","Deal stage and pre stage  by Gal Tarrab Levi"
"38741769399","Semperis Technologies Inc","SDR / Omitted OPP","2025-06-10 23:11","Workflow","Update deal stage before closed deal"
"15412804745","Genentech","SDR / Omitted OPP","2023-12-11 11:09","Import","Deal stage and pre stage  by Gal Tarrab Levi"
"35392942676","Future  ","SDR / Omitted OPP","2025-04-02 20:16","Workflow","Update deal stage before closed deal"
"57200705453","Air New Zealand - Expansion","Pilot Prep","2026-03-01 23:58","Workflow","Update deal stage before closed deal"
"61685247793","Duolingo - New Deal","SDR / Omitted OPP","2026-06-26 22:37","Workflow","Update deal stage before closed deal"
"35113386335","Transbank","Demo / Presentation","2025-03-26 20:48","Workflow","Update deal stage before closed deal"
"35063164811","KeHE","SDR / Omitted OPP","2025-03-25 18:52","Workflow","Update deal stage before closed deal"
"31712069474","ING","SDR / Omitted OPP","2025-01-09 10:57","Record Merge","","SDR / Omitted OPP","2025-01-09 09:30","Workflow","Update deal stage before closed deal","SDR / Omitted OPP","2024-12-19 12:37","Workflow","Update deal stage before closed deal"
"21822516582","MiQ","SDR / Omitted OPP","2024-08-30 19:41","Workflow","Update deal stage before closed deal"
"16073190832","MAXIMUS","SDR / Omitted OPP","2024-01-02 14:37","CRM UI Bulk Action","Gal Tarrab Levi"
"59369610065","EA Games","Demo / Presentation","2026-06-01 22:38","Workflow","Update deal stage before closed deal","SDR / Omitted OPP","2026-04-21 08:31","Record Merge","","SDR / Omitted OPP","2026-03-12 05:10","Workflow","Update deal stage before closed deal","Demo / Presentation","2025-01-14 22:56","Workflow","Update deal stage before closed deal","SDR / Omitted OPP","2024-12-05 23:53","Workflow","Update deal stage before closed deal"
"15843150472","Trace3","SDR / Omitted OPP","2024-01-02 14:40","CRM UI Bulk Action","Gal Tarrab Levi"
"62121770768","Western University","SDR / Omitted OPP","2026-07-06 15:46","Workflow","Update deal stage before closed deal"
"60635087248","Skai","SDR / Omitted OPP","2026-05-26 09:17","Workflow","Update deal stage before closed deal"
"41553529723","Infosys","SDR / Omitted OPP","2025-08-07 15:39","Workflow","Update deal stage before closed deal"
"35518091588","TPConnects ","SDR / Omitted OPP","2025-04-07 07:43","Workflow","Update deal stage before closed deal"
"45457413810","DKSH","SDR / Omitted OPP","2025-10-08 12:42","Workflow","Update deal stage before closed deal"
"42826753304","Interbank","Demo / Presentation","2025-09-23 23:26","Workflow","Update deal stage before closed deal","SDR / Omitted OPP","2025-08-25 17:48","Workflow","Update deal stage before closed deal"
"29881052769","VOSKER","SDR / Omitted OPP","2024-12-05 21:03","Workflow","Update deal stage before closed deal"
"15960070012","Victoria's Secret","SDR / Omitted OPP","2024-01-02 14:37","CRM UI Bulk Action","Gal Tarrab Levi"
"29040857867","GitLab Inc. ","SDR / Omitted OPP","2024-11-13 21:03","Workflow","Update deal stage before closed deal"
"29041780275","Inter","SDR / Omitted OPP","2024-11-14 00:29","Workflow","Update deal stage before closed deal"
"43989657448","HTX","SDR / Omitted OPP","2025-09-20 09:35","Workflow","Update deal stage before closed deal"
"34631444061","Hostinger","Negotiation / Legal","2025-05-27 21:06","Workflow","Update deal stage before closed deal","Formal Pilot","2025-04-28 18:39","Workflow","Update deal stage before closed deal","Pilot Prep","2025-04-08 18:09","Workflow","Update deal stage before closed deal","SDR / Omitted OPP","2025-03-13 17:31","Record Merge","","SDR / Omitted OPP","2025-03-13 17:31","Record Merge","","SDR / Omitted OPP","2025-03-13 16:47","Workflow","Update deal stage before closed deal","SDR / Omitted OPP","2025-03-13 16:47","Workflow","Update deal stage before closed deal","SDR / Omitted OPP","2025-03-06 08:50","Workflow","Update deal stage before closed deal"
"42657066380","LHV UK","SDR / Omitted OPP","2025-08-22 13:08","Workflow","Update deal stage before closed deal"
"58440265326","KubeCon EU 2026 - Swedbank AB","SDR / Omitted OPP","2026-03-26 23:26","Workflow","Update deal stage before closed deal"
"19513327664","Shaype","SDR / Omitted OPP","2024-05-21 17:40","Workflow","Update deal stage before closed deal"
"38161117263","Yum Brands - 2026 Expansion (eComm)","Pilot Prep","2025-08-07 16:41","Workflow","Update deal stage before closed deal","Demo / Presentation","2025-06-18 19:40","Workflow","Update deal stage before closed deal","SDR / Omitted OPP","2025-06-04 16:31","Workflow","Update deal stage before closed deal"
"32081188684","Vaus LTD - Xenit","SDR / Omitted OPP","2025-01-15 18:48","Workflow","Update deal stage before closed deal"
"15653360515","MLB","Business case confirmation","2024-06-06 17:03","Workflow","Update deal stage before closed deal","Formal Pilot","2024-02-22 05:06","Workflow","Update deal stage before closed deal","Pilot Prep","2024-02-09 20:40","Workflow","Update deal stage before closed deal","Demo / Presentation","2023-12-11 11:09","Import","Deal stage and pre stage  by Gal Tarrab Levi"
"60637004883","Aqua Security Software","SDR / Omitted OPP","2026-05-26 11:35","Workflow","Update deal stage before closed deal"
"16799184694","Youi 2024","Negotiation / Legal","2024-01-04 09:48","Workflow","Update deal stage before closed deal"
"21115170085","SPS Commerce - Q4 Upsell","Negotiation / Legal","2024-12-10 23:39","Workflow","Update deal stage before closed deal","Pilot Prep","2024-08-15 17:21","Workflow","Update deal stage before closed deal","Demo / Presentation","2024-08-01 18:35","Workflow","Update deal stage before closed deal","SDR / Omitted OPP","2024-08-01 18:34","Workflow","Update deal stage before closed deal"
"35303644972","Eviden","SDR / Omitted OPP","2025-04-01 12:18","Workflow","Update deal stage before closed deal"
"52033584252","Develeap","SDR / Omitted OPP","2025-12-17 17:42","Workflow","Update deal stage before closed deal"
"45329092878","Modernizing Medicine","Negotiation / Legal","2026-05-20 23:22","Workflow","Update deal stage before closed deal","Business case confirmation","2026-04-02 16:15","Workflow","Update deal stage before closed deal","Formal Pilot","2026-02-11 18:56","Workflow","Update deal stage before closed deal","Pilot Prep","2026-01-07 17:52","Workflow","Update deal stage before closed deal","Demo / Presentation","2025-10-15 22:48","Workflow","Update deal stage before closed deal","SDR / Omitted OPP","2025-10-06 21:16","Workflow","Update deal stage before closed deal"
"20510066206","Auto & General Australia","Pilot Prep","2024-08-15 17:21","Workflow","Update deal stage before closed deal","Demo / Presentation","2024-07-03 19:18","Workflow","Update deal stage before closed deal","SDR / Omitted OPP","2024-07-03 16:36","Workflow","Update deal stage before closed deal"
"13909669707","Hargreaves Lansdown","SDR / Omitted OPP","2023-12-11 11:09","Import","Deal stage and pre stage  by Gal Tarrab Levi"
"39286797610","Positive Solutions","SDR / Omitted OPP","2025-06-25 23:11","Workflow","Update deal stage before closed deal"
"40471774340","Mastercard Inc.","SDR / Omitted OPP","2025-07-18 22:10","Workflow","Update deal stage before closed deal"
"34943525467","UPS","SDR / Omitted OPP","2025-03-24 15:23","Workflow","Update deal stage before closed deal"
"35395522114","Orange","SDR / Omitted OPP","2025-04-03 14:01","Workflow","Update deal stage before closed deal"
"59103260548","Softcodix","SDR / Omitted OPP","2026-04-10 22:07","Workflow","Update deal stage before closed deal"
"17675592863","Amr Tech Solutions ","SDR / Omitted OPP","2024-02-22 18:36","Workflow","Update deal stage before closed deal"
"32354970426","Tyler Technologies, Inc.","Demo / Presentation","2025-01-31 23:04","Workflow","Update deal stage before closed deal","SDR / Omitted OPP","2025-01-23 15:19","Workflow","Update deal stage before closed deal"
"13117561267","Cateina","Pilot Prep","2023-12-11 11:09","Import","Deal stage and pre stage  by Gal Tarrab Levi"
"17118287378","Kanton Basel-Stadt","Demo / Presentation","2024-02-01 13:29","Workflow","Update deal stage before closed deal","SDR / Omitted OPP","2024-01-23 18:24","Workflow","Update deal stage before closed deal"
"29044047625","Lean Tree","SDR / Omitted OPP","2024-11-14 19:08","Workflow","Update deal stage before closed deal"
"34179808584","tiket.com","SDR / Omitted OPP","2025-03-03 16:56","Workflow","Update deal stage before closed deal"
"29123243319","Sylogic","SDR / Omitted OPP","2024-11-15 01:16","Workflow","Update deal stage before closed deal"
"50330965051","Dollar General","SDR / Omitted OPP","2025-12-01 18:57","Workflow","Update deal stage before closed deal"
"55358177448","CGI","SDR / Omitted OPP","2026-02-03 21:54","Workflow","Update deal stage before closed deal"
"58025125985","TTEC Holdings Inc ","SDR / Omitted OPP","2026-03-17 18:12","Workflow","Update deal stage before closed deal"
"17096106075","LSports","Negotiation / Legal","2024-04-14 16:16","Workflow","Update deal stage before closed deal","Formal Pilot","2024-02-19 15:17","Workflow","Update deal stage before closed deal","Pilot Prep","2024-02-07 13:18","Workflow","Update deal stage before closed deal","Demo / Presentation","2024-01-30 10:24","Workflow","Update deal stage before closed deal","SDR / Omitted OPP","2024-01-22 11:49","Workflow","Update deal stage before closed deal"
"18421396661","HCL Technologies","SDR / Omitted OPP","2024-04-04 10:44","Workflow","Update deal stage before closed deal"
"53451540096","Aviva - Land Deal","Demo / Presentation","2026-01-22 19:07","Workflow","Update deal stage before closed deal","SDR / Omitted OPP","2026-01-22 19:07","Workflow","Update deal stage before closed deal"
"58439646298","KubeCon EU 2026 - ABB","SDR / Omitted OPP","2026-03-26 23:26","Workflow","Update deal stage before closed deal"
"59777791777","Falabella","SDR / Omitted OPP","2026-04-28 22:05","Workflow","Update deal stage before closed deal"
"17886003290","Sympower","SDR / Omitted OPP","2024-03-06 16:55","Workflow","Update deal stage before closed deal"
"38813581701","Asseco Business Solutions","SDR / Omitted OPP","2025-06-12 15:46","Workflow","Update deal stage before closed deal"
"18126093864","Agile lab - KubeCon","SDR / Omitted OPP","2024-03-20 15:02","Workflow","Update deal stage before closed deal"
"29819935673","Serko Ltd","Negotiation / Legal","2025-05-02 13:12","Workflow","Update deal stage before closed deal","Business case confirmation","2025-03-10 06:12","Workflow","Update deal stage before closed deal","Pilot Prep","2025-02-13 07:18","Workflow","Update deal stage before closed deal","Demo / Presentation","2025-01-22 00:03","Workflow","Update deal stage before closed deal","SDR / Omitted OPP","2024-12-04 01:31","Workflow","Update deal stage before closed deal"
"12912316986","Wolters Kluwer","SDR / Omitted OPP","2023-12-11 11:09","Import","Deal stage and pre stage  by Gal Tarrab Levi"
"35376676705","SVA System Vertrieb Alexander","SDR / Omitted OPP","2025-04-02 19:35","Workflow","Update deal stage before closed deal"
"35743951011","Schreiber Foods","Negotiation / Legal","2025-08-15 19:33","Workflow","Update deal stage before closed deal","Business case confirmation","2025-08-06 22:14","Workflow","Update deal stage before closed deal","Formal Pilot","2025-07-10 19:33","Workflow","Update deal stage before closed deal","Business case confirmation","2025-06-13 22:25","Workflow","Update deal stage before closed deal","Formal Pilot","2025-05-22 17:12","Workflow","Update deal stage before closed deal","Pilot Prep","2025-05-07 14:27","Workflow","Update deal stage before closed deal","Demo / Presentation","2025-04-21 18:24","Workflow","Update deal stage before closed deal","SDR / Omitted OPP","2025-04-17 13:43","Workflow","Update deal stage before closed deal"
"14288123179","SentinelOne","SDR / Omitted OPP","2023-12-11 11:09","Import","Deal stage and pre stage  by Gal Tarrab Levi"
"34810690562","Vhive ","SDR / Omitted OPP","2025-03-19 10:17","Record Merge","","SDR / Omitted OPP","2025-03-19 10:16","Workflow","Update deal stage before closed deal","SDR / Omitted OPP","2025-03-13 13:03","Workflow","Update deal stage before closed deal"
"29105350745","Baseten","SDR / Omitted OPP","2024-11-14 19:51","Workflow","Update deal stage before closed deal"
"17390827945","Elevata","SDR / Omitted OPP","2024-02-06 15:51","Workflow","Update deal stage before closed deal"
"32941690637","Veygo","Demo / Presentation","2025-02-10 18:10","Workflow","Update deal stage before closed deal","SDR / Omitted OPP","2025-02-03 16:32","Record Merge","","SDR / Omitted OPP","2025-02-03 16:32","Record Merge","","SDR / Omitted OPP","2025-02-03 16:32","Record Merge","","SDR / Omitted OPP","2025-02-03 16:23","Workflow","Update deal stage before closed deal","SDR / Omitted OPP","2025-02-03 16:23","Workflow","Update deal stage before closed deal","SDR / Omitted OPP","2025-02-03 16:23","Workflow","Update deal stage before closed deal","SDR / Omitted OPP","2025-02-03 16:16","Workflow","Update deal stage before closed deal"
"46736685218","Oracle ","SDR / Omitted OPP","2025-11-03 17:06","Workflow","Update deal stage before closed deal"
"39441178291","Bally's","Formal Pilot","2025-11-13 13:32","Workflow","Update deal stage before closed deal","Pilot Prep","2025-10-01 10:37","Workflow","Update deal stage before closed deal","Demo / Presentation","2025-07-09 11:31","Workflow","Update deal stage before closed deal","SDR / Omitted OPP","2025-06-30 11:43","Workflow","Update deal stage before closed deal"
"17354298014","Cynet","Demo / Presentation","2024-04-05 16:47","Workflow","Update deal stage before closed deal","Formal Pilot","2024-03-07 18:55","Workflow","Update deal stage before closed deal","Demo / Presentation","2024-02-07 14:17","Workflow","Update deal stage before closed deal","SDR / Omitted OPP","2024-02-04 18:23","Workflow","Update deal stage before closed deal"
"58437401372","KubeCon EU 2026 - Onepoint","SDR / Omitted OPP","2026-03-26 23:26","Workflow","Update deal stage before closed deal"
"50306643342","Oxxo - Kyndryl Partner -50 Seats","Demo / Presentation","2025-12-22 23:47","Workflow","Update deal stage before closed deal","SDR / Omitted OPP","2025-11-24 21:38","Workflow","Update deal stage before closed deal"
"35313723463","Mercedes-Benz - KubeCon 2025","SDR / Omitted OPP","2025-04-01 13:58","Workflow","Update deal stage before closed deal"
"61031624600","Tishman Speyer","SDR / Omitted OPP","2026-06-11 19:22","Workflow","Update deal stage before closed deal"
"15842693474","OCC","SDR / Omitted OPP","2024-01-02 14:40","CRM UI Bulk Action","Gal Tarrab Levi"
"42229027491","Blue Shield of California","SDR / Omitted OPP","2025-09-02 18:56","Workflow","Update deal stage before closed deal"
"43880090756","PWC Major Expansion Target","Pilot Prep","2025-09-17 23:53","Workflow","Update deal stage before closed deal"
"58432292932","KubeCon EU 2026 - Siemens","SDR / Omitted OPP","2026-03-26 23:26","Workflow","Update deal stage before closed deal"
"31582554677","AFS","SDR / Omitted OPP","2025-01-06 18:43","Workflow","Update deal stage before closed deal"
"32651540403","IBM (Chile)","SDR / Omitted OPP","2025-01-28 15:44","Workflow","Update deal stage before closed deal"
"38741774740","SentinelOne","SDR / Omitted OPP","2025-06-11 20:21","Workflow","Update deal stage before closed deal"
"35412163700","SecureW2 ","SDR / Omitted OPP","2025-04-03 15:14","Workflow","Update deal stage before closed deal"
"29118059152","Ohio University","SDR / Omitted OPP","2024-11-14 21:17","Workflow","Update deal stage before closed deal"
"20383031663","Pan American Energy  (Craftech)","Negotiation / Legal","2024-09-26 17:21","Workflow","Update deal stage before closed deal","Demo / Presentation","2024-07-12 15:43","Workflow","Update deal stage before closed deal","Pilot Prep","2024-07-03 15:55","Workflow","Update deal stage before closed deal","Business case confirmation","2024-06-28 18:01","Workflow","Update deal stage before closed deal","Demo / Presentation","2024-06-27 18:34","Workflow","Update deal stage before closed deal","SDR / Omitted OPP","2024-06-27 18:34","Workflow","Update deal stage before closed deal"
"30912237393","Gloat","Business case confirmation","2025-03-13 15:29","Workflow","Update deal stage before closed deal","Formal Pilot","2025-03-03 11:28","Workflow","Update deal stage before closed deal","Pilot Prep","2024-12-30 11:48","Workflow","Update deal stage before closed deal","Formal Pilot","2024-12-24 14:54","Workflow","Update deal stage before closed deal","Pilot Prep","2024-12-23 12:48","Record Merge","","SDR / Omitted OPP","2024-12-23 12:15","Workflow","Update deal stage before closed deal","Pilot Prep","2024-12-05 16:50","Workflow","Update deal stage before closed deal","Demo / Presentation","2024-11-13 13:35","Record Merge","","SDR / Omitted OPP","2024-11-13 13:14","Workflow","Update deal stage before closed deal","Demo / Presentation","2024-11-13 13:03","Workflow","Update deal stage before closed deal","SDR / Omitted OPP","2024-10-29 15:47","Workflow","Update deal stage before closed deal"
"35441337722","Devoteam","SDR / Omitted OPP","2025-04-04 12:49","Workflow","Update deal stage before closed deal"
"61460362866","easyJet | IDP Project | UK","Pilot Prep","2026-07-02 11:33","Workflow","Update deal stage before closed deal","Demo / Presentation","2026-06-30 15:49","Workflow","Update deal stage before closed deal","SDR / Omitted OPP","2026-06-23 15:15","Workflow","Update deal stage before closed deal"
"35305201211","Aramco ","SDR / Omitted OPP","2025-04-01 13:44","Workflow","Update deal stage before closed deal"
"14190251611","BT Business (2024 Expansion)","Negotiation / Legal","2024-06-14 15:08","Workflow","Update deal stage before closed deal","Formal Pilot","2023-12-11 11:09","Import","Deal stage and pre stage  by Gal Tarrab Levi"
"55396682529","Capital One","SDR / Omitted OPP","2026-03-12 05:10","Workflow","Update deal stage before closed deal"
"55941721168","Vontobel ","SDR / Omitted OPP","2026-02-10 17:54","Workflow","Update deal stage before closed deal"
"38465367868","HCA // Pipeline // Q4 2026","Demo / Presentation","2025-06-04 20:32","Workflow","Update deal stage before closed deal","SDR / Omitted OPP","2025-06-04 20:30","Record Merge","","SDR / Omitted OPP","2025-05-19 19:53","Workflow","Update deal stage before closed deal","SDR / Omitted OPP","2025-05-19 18:08","Workflow","Update deal stage before closed deal"
"15090566148","Melio 2024","","2024-01-01 13:37","CRM UI","Gal Tarrab Levi","SDR / Omitted OPP","2023-12-11 11:09","Import","Deal stage and pre stage  by Gal Tarrab Levi"
"36689162627","Aware Super ","Demo / Presentation","2025-05-13 05:45","Workflow","Update deal stage before closed deal","SDR / Omitted OPP","2025-05-05 07:08","Workflow","Update deal stage before closed deal"
"60448464416","Stand Together","Formal Pilot","2026-06-29 23:54","Workflow","Update deal stage before closed deal","Pilot Prep","2026-06-02 23:23","Workflow","Update deal stage before closed deal","Demo / Presentation","2026-05-29 21:59","Workflow","Update deal stage before closed deal","SDR / Omitted OPP","2026-05-20 20:13","Workflow","Update deal stage before closed deal"
"39824042117","Alma","Negotiation / Legal","2025-12-15 23:30","Workflow","Update deal stage before closed deal","Business case confirmation","2025-11-19 19:26","Workflow","Update deal stage before closed deal","Formal Pilot","2025-11-19 19:25","Workflow","Update deal stage before closed deal","Pilot Prep","2025-07-30 15:32","Workflow","Update deal stage before closed deal","Demo / Presentation","2025-07-11 19:03","Workflow","Update deal stage before closed deal","SDR / Omitted OPP","2025-07-07 19:55","Workflow","Update deal stage before closed deal"
"23120664615","OutSystems","SDR / Omitted OPP","2024-10-09 21:59","Workflow","Update deal stage before closed deal"
"29117035134","Qualcomm","Demo / Presentation","2024-12-05 18:36","Workflow","Update deal stage before closed deal","SDR / Omitted OPP","2024-11-14 22:49","Workflow","Update deal stage before closed deal"
"17689358488","AE Studio","SDR / Omitted OPP","2024-02-23 16:18","Workflow","Update deal stage before closed deal"
"38311303459","RightNow Media","SDR / Omitted OPP","2025-06-02 23:22","Workflow","Update deal stage before closed deal"
"59267533731","Aramex","SDR / Omitted OPP","2026-04-17 05:34","Workflow","Update deal stage before closed deal"
"55927580542","Equinix","SDR / Omitted OPP","2026-03-12 05:10","Workflow","Update deal stage before closed deal"
"29718127436","Molex ","Negotiation / Legal","2025-05-22 18:52","Workflow","Update deal stage before closed deal","Formal Pilot","2025-04-17 16:40","Workflow","Update deal stage before closed deal","Pilot Prep","2024-12-19 21:34","Workflow","Update deal stage before closed deal","Demo / Presentation","2024-12-01 22:12","Workflow","Update deal stage before closed deal"
"14921605651","Synopsys","SDR / Omitted OPP","2023-12-28 18:40","CRM UI","Gal Tarrab Levi"
"29807284001","eCloudvalley","SDR / Omitted OPP","2024-12-04 02:26","Workflow","Update deal stage before closed deal"
"59186350238","UZ Leuven | Enterprise Digital | Platform Team","Pilot Prep","2026-07-02 11:31","Workflow","Update deal stage before closed deal","Demo / Presentation","2026-05-07 14:14","Workflow","Update deal stage before closed deal","SDR / Omitted OPP","2026-04-17 12:41","Record Merge","","SDR / Omitted OPP","2026-04-14 12:26","Workflow","Update deal stage before closed deal","SDR / Omitted OPP","2026-03-26 23:26","Workflow","Update deal stage before closed deal"
"54626750366","Henkel","Business case confirmation","2026-04-14 12:20","Workflow","Update deal stage before closed deal","Formal Pilot","2026-03-16 12:11","Workflow","Update deal stage before closed deal","Pilot Prep","2026-03-16 12:10","Workflow","Update deal stage before closed deal","Demo / Presentation","2026-02-11 12:29","Workflow","Update deal stage before closed deal","SDR / Omitted OPP","2026-01-27 13:15","Workflow","Update deal stage before closed deal"
"36457450052","Live Nation","SDR / Omitted OPP","2025-04-29 10:58","Record Merge","","SDR / Omitted OPP","2025-04-24 22:25","Workflow","Update deal stage before closed deal","SDR / Omitted OPP","2025-04-24 21:42","Workflow","Update deal stage before closed deal"
"35467842459","Centric Software ","SDR / Omitted OPP","2025-04-04 15:24","Workflow","Update deal stage before closed deal"
"34113222479","AT&T - not main","SDR / Omitted OPP","2025-03-02 10:49","Record Merge","","SDR / Omitted OPP","2025-03-01 00:04","Workflow","Update deal stage before closed deal","SDR / Omitted OPP","2025-02-26 17:10","Record Merge","","SDR / Omitted OPP","2025-02-26 17:10","Record Merge","","SDR / Omitted OPP","2025-02-25 21:13","Workflow","Update deal stage before closed deal","SDR / Omitted OPP","2025-02-25 21:12","Workflow","Update deal stage before closed deal","SDR / Omitted OPP","2025-02-08 00:04","Workflow","Update deal stage before closed deal"
"35438341300","BBD Software","SDR / Omitted OPP","2025-04-03 14:21","Record Merge","","SDR / Omitted OPP","2025-04-03 13:41","Workflow","Update deal stage before closed deal","SDR / Omitted OPP","2025-04-03 13:41","Workflow","Update deal stage before closed deal"
"18654396745","Wallbox","Business case confirmation","2024-06-24 10:30","Workflow","Update deal stage before closed deal","Formal Pilot","2024-06-03 09:21","Workflow","Update deal stage before closed deal","Pilot Prep","2024-05-22 15:24","Workflow","Update deal stage before closed deal","Demo / Presentation","2024-04-30 17:00","Workflow","Update deal stage before closed deal","SDR / Omitted OPP","2024-04-15 18:20","Workflow","Update deal stage before closed deal"
"45144519967","Reward Gateway","SDR / Omitted OPP","2025-10-02 19:25","Workflow","Update deal stage before closed deal"
"13055752245","Visma","SDR / Omitted OPP","2023-12-11 11:09","Import","Deal stage and pre stage  by Gal Tarrab Levi"
"42555026830","HoneyBook","Negotiation / Legal","2025-09-25 12:51","Workflow","Update deal stage before closed deal","Business case confirmation","2025-09-25 12:51","Workflow","Update deal stage before closed deal","Formal Pilot","2025-09-04 13:10","Workflow","Update deal stage before closed deal","Pilot Prep","2025-08-28 09:42","Workflow","Update deal stage before closed deal","Demo / Presentation","2025-08-27 13:32","Workflow","Update deal stage before closed deal","SDR / Omitted OPP","2025-08-20 12:59","Workflow","Update deal stage before closed deal"
"35733041154","Trainline","SDR / Omitted OPP","2025-04-14 13:53","Record Merge","","SDR / Omitted OPP","2025-04-08 19:17","Workflow","Update deal stage before closed deal","SDR / Omitted OPP","2025-04-08 19:03","Workflow","Update deal stage before closed deal"
"35412718627","Eika","SDR / Omitted OPP","2025-04-04 13:36","Workflow","Update deal stage before closed deal"
"11317248058","Viz","SDR / Omitted OPP","2023-12-11 11:09","Import","Deal stage and pre stage  by Gal Tarrab Levi"
"13061017428","BT Cables Management","Business case confirmation","2023-12-11 11:09","Import","Deal stage and pre stage  by Gal Tarrab Levi"
"29864810018","Wipro","SDR / Omitted OPP","2024-12-04 22:01","Workflow","Update deal stage before closed deal"
"28329402954","Peoples Trust Company","SDR / Omitted OPP","2024-10-24 20:31","Workflow","Update deal stage before closed deal"
"41184731690","Kraken Technologies","Demo / Presentation","2025-08-07 12:54","Workflow","Update deal stage before closed deal","SDR / Omitted OPP","2025-08-01 18:22","Workflow","Update deal stage before closed deal"
"35124817574","Florence ","Demo / Presentation","2025-04-01 18:55","Workflow","Update deal stage before closed deal","SDR / Omitted OPP","2025-03-27 13:33","Record Merge","","SDR / Omitted OPP","2025-03-27 13:33","Record Merge","","SDR / Omitted OPP","2025-03-27 12:03","Workflow","Update deal stage before closed deal","SDR / Omitted OPP","2025-03-27 12:03","Workflow","Update deal stage before closed deal","SDR / Omitted OPP","2025-03-23 13:08","Record Merge","","SDR / Omitted OPP","2025-03-20 19:42","Workflow","Update deal stage before closed deal","SDR / Omitted OPP","2025-03-16 20:38","Workflow","Update deal stage before closed deal"
"52884728219","Banco Bice","SDR / Omitted OPP","2025-12-30 10:37","Workflow","Update deal stage before closed deal"
"23155975452","OverIT","SDR / Omitted OPP","2024-10-11 13:47","Workflow","Update deal stage before closed deal"
"50533048870","UnderwriteMe","Negotiation / Legal","2025-12-18 15:06","Workflow","Update deal stage before closed deal","Business case confirmation","2025-12-12 17:05","Workflow","Update deal stage before closed deal","Pilot Prep","2025-12-12 17:04","Workflow","Update deal stage before closed deal","Demo / Presentation","2025-12-02 18:37","Workflow","Update deal stage before closed deal","SDR / Omitted OPP","2025-11-27 14:24","Workflow","Update deal stage before closed deal"
"17581245300","Accenture ","SDR / Omitted OPP","2024-02-16 20:25","Workflow","Update deal stage before closed deal"
"18039258185","JD.com","SDR / Omitted OPP","2024-03-15 04:27","Workflow","Update deal stage before closed deal"
"32466892057","Coupang","SDR / Omitted OPP","2025-01-26 16:38","Record Merge","","SDR / Omitted OPP","2025-01-26 09:41","Workflow","Update deal stage before closed deal","SDR / Omitted OPP","2024-10-23 05:01","Workflow","Update deal stage before closed deal"
"20490463294","Mak-System","SDR / Omitted OPP","2024-07-02 22:23","Workflow","Update deal stage before closed deal"
"17650933782","Legit Security Ltd ","SDR / Omitted OPP","2024-02-21 13:47","Workflow","Update deal stage before closed deal"
"10127446142","Jfrog","Negotiation / Legal","2023-12-11 11:09","Import","Deal stage and pre stage  by Gal Tarrab Levi"
"37313938834","zepz.io ","Demo / Presentation","2025-05-29 11:41","Workflow","Update deal stage before closed deal","SDR / Omitted OPP","2025-05-28 16:52","Workflow","Update deal stage before closed deal"
"17996920882","Mend","SDR / Omitted OPP","2024-03-12 16:19","Workflow","Update deal stage before closed deal"
"59104515160","DevOps Live London 2026 - Florian Piquemal","SDR / Omitted OPP","2026-04-10 22:07","Workflow","Update deal stage before closed deal"
"41089124949","Numia","Pilot Prep","2025-08-26 17:43","Workflow","Update deal stage before closed deal","Demo / Presentation","2025-08-05 20:09","Workflow","Update deal stage before closed deal","SDR / Omitted OPP","2025-08-05 20:09","Workflow","Update deal stage before closed deal"
"61030248302","PayPal","SDR / Omitted OPP","2026-06-11 19:18","Workflow","Update deal stage before closed deal"
"36061682722","Trust Wallet","Negotiation / Legal","2025-08-28 10:40","Workflow","Update deal stage before closed deal","Business case confirmation","2025-08-27 18:26","Workflow","Update deal stage before closed deal","Formal Pilot","2025-08-11 15:14","Workflow","Update deal stage before closed deal","Pilot Prep","2025-08-04 13:38","Workflow","Update deal stage before closed deal","Demo / Presentation","2025-04-25 16:40","Workflow","Update deal stage before closed deal","SDR / Omitted OPP","2025-04-22 14:51","Record Merge","","SDR / Omitted OPP","2025-04-22 14:08","Workflow","Update deal stage before closed deal","SDR / Omitted OPP","2025-04-22 14:08","Workflow","Update deal stage before closed deal"
"58447153005","KubeCon EU 2026 - Virtual7","SDR / Omitted OPP","2026-03-26 23:26","Workflow","Update deal stage before closed deal"
"28235287835","Bumble","Demo / Presentation","2024-10-24 20:05","Workflow","Update deal stage before closed deal","SDR / Omitted OPP","2024-10-22 13:16","Workflow","Update deal stage before closed deal"
"15843430724","THIQAH","SDR / Omitted OPP","2024-01-02 14:40","CRM UI Bulk Action","Gal Tarrab Levi"
"42969581396","Eurofins","SDR / Omitted OPP","2025-08-28 11:06","Workflow","Update deal stage before closed deal"
"59119895971","Testhouse Ltd","SDR / Omitted OPP","2026-04-10 22:07","Workflow","Update deal stage before closed deal"
"36677837113","Sinqia","Demo / Presentation","2025-05-05 23:07","Workflow","Update deal stage before closed deal","SDR / Omitted OPP","2025-05-04 11:47","Workflow","Update deal stage before closed deal"
"38837033745","Halter","Pilot Prep","2025-06-24 08:38","Workflow","Update deal stage before closed deal","Demo / Presentation","2025-06-24 08:35","Workflow","Update deal stage before closed deal","SDR / Omitted OPP","2025-06-13 12:49","Workflow","Update deal stage before closed deal"
"18145229573","Booksy - KubeCon","Demo / Presentation","2024-04-03 16:46","Workflow","Update deal stage before closed deal","SDR / Omitted OPP","2024-03-21 12:23","Workflow","Update deal stage before closed deal"
"36789954652","Ninety","SDR / Omitted OPP","2025-05-06 16:01","Record Merge","","SDR / Omitted OPP","2025-05-06 12:59","Workflow","Update deal stage before closed deal","SDR / Omitted OPP","2025-01-24 23:55","Workflow","Update deal stage before closed deal"
"35356519783","Genius Sports","SDR / Omitted OPP","2025-04-01 18:17","Workflow","Update deal stage before closed deal"
"57909138305","Betsson Group ","Demo / Presentation","2026-04-14 10:28","Workflow","Update deal stage before closed deal","SDR / Omitted OPP","2026-03-12 05:10","Workflow","Update deal stage before closed deal"
"15823888909","Alegeus Technologies ","SDR / Omitted OPP","2024-01-02 14:37","CRM UI Bulk Action","Gal Tarrab Levi"
"60844048443","Distyl AI","SDR / Omitted OPP","2026-06-12 16:36","Workflow","Update deal stage before closed deal"
"34603552603","Airline Tariff Publishing Company ","Negotiation / Legal","2025-06-05 15:46","Workflow","Update deal stage before closed deal","Business case confirmation","2025-06-05 15:38","Workflow","Update deal stage before closed deal","Formal Pilot","2025-03-18 14:27","Workflow","Update deal stage before closed deal","Pilot Prep","2025-03-14 23:54","Workflow","Update deal stage before closed deal","SDR / Omitted OPP","2025-03-13 11:35","Record Merge","","SDR / Omitted OPP","2025-03-12 22:22","Workflow","Update deal stage before closed deal","SDR / Omitted OPP","2025-03-10 14:21","Workflow","Update deal stage before closed deal"
"29870453005","Engine by Starling ","SDR / Omitted OPP","2024-12-04 21:49","Workflow","Update deal stage before closed deal"
"58404196937","KubeCon EU 2026 - Enercity","SDR / Omitted OPP","2026-03-27 14:08","Workflow","Update deal stage before closed deal"
"35121402689","Air New Zealand","Negotiation / Legal","2025-05-02 13:13","Workflow","Update deal stage before closed deal","Business case confirmation","2025-05-01 01:04","Workflow","Update deal stage before closed deal","Formal Pilot","2025-03-27 10:42","Record Merge","","SDR / Omitted OPP","2025-03-27 10:19","Workflow","Update deal stage before closed deal","Formal Pilot","2025-03-26 22:57","Workflow","Update deal stage before closed deal","Pilot Prep","2025-02-14 04:25","Workflow","Update deal stage before closed deal","Demo / Presentation","2025-01-22 06:06","Workflow","Update deal stage before closed deal","SDR / Omitted OPP","2025-01-13 04:31","Workflow","Update deal stage before closed deal"
"56709395208","Bank of New York Mellon","SDR / Omitted OPP","2026-02-20 22:58","Workflow","Update deal stage before closed deal"
"50503776125","Kyndryl","SDR / Omitted OPP","2025-11-26 03:53","Workflow","Update deal stage before closed deal"
"48851960730","Onebrief KubeCon ATL25","SDR / Omitted OPP","2025-11-11 18:04","Workflow","Update deal stage before closed deal"
"48944676464","Crusoe AI","Negotiation / Legal","2026-01-21 23:08","Workflow","Update deal stage before closed deal","Business case confirmation","2026-01-16 16:19","Workflow","Update deal stage before closed deal","Formal Pilot","2025-12-19 16:11","Workflow","Update deal stage before closed deal","Pilot Prep","2025-12-19 16:08","Workflow","Update deal stage before closed deal","Demo / Presentation","2025-11-21 23:50","Workflow","Update deal stage before closed deal","SDR / Omitted OPP","2025-11-12 23:28","Workflow","Update deal stage before closed deal"
"16082525459","Prodigal Technologies","SDR / Omitted OPP","2023-12-28 12:46","CRM UI","Gal Tarrab Levi"
"15090741937","Autofi - Renewal 2024","","2024-01-01 13:37","CRM UI","Gal Tarrab Levi","SDR / Omitted OPP","2023-12-11 11:09","Import","Deal stage and pre stage  by Gal Tarrab Levi"
"34827148072","Roche","SDR / Omitted OPP","2025-03-20 11:15","Workflow","Update deal stage before closed deal"
"29748754761","TVS Motor Company","SDR / Omitted OPP","2024-12-01 23:09","Workflow","Update deal stage before closed deal"
"13074189673","Ab Inbev ","Demo / Presentation","2023-12-11 11:09","Import","Deal stage and pre stage  by Gal Tarrab Levi"
"19380680584","Greenwheels","SDR / Omitted OPP","2024-05-15 14:08","Workflow","Update deal stage before closed deal"
"21278986655","GitHub","Negotiation / Legal","2024-09-26 23:25","Workflow","Update deal stage before closed deal","Business case confirmation","2024-08-11 14:41","Record Merge","","SDR / Omitted OPP","2024-08-11 14:35","Workflow","Update deal stage before closed deal","Business case confirmation","2024-07-18 15:48","Workflow","Update deal stage before closed deal","Formal Pilot","2024-06-25 21:09","Workflow","Update deal stage before closed deal","Pilot Prep","2024-06-25 21:09","Workflow","Update deal stage before closed deal","Demo / Presentation","2024-05-23 16:32","Workflow","Update deal stage before closed deal","SDR / Omitted OPP","2024-05-06 14:21","Workflow","Update deal stage before closed deal"
"29714303297","Riskified ","SDR / Omitted OPP","2024-12-01 14:56","Record Merge","","SDR / Omitted OPP","2024-12-01 14:56","Record Merge","","SDR / Omitted OPP","2024-12-01 14:55","Record Merge","","SDR / Omitted OPP","2024-12-01 14:55","Record Merge","","SDR / Omitted OPP","2024-11-28 16:27","Workflow","Update deal stage before closed deal","SDR / Omitted OPP","2024-11-28 16:26","Workflow","Update deal stage before closed deal","SDR / Omitted OPP","2024-11-28 16:26","Workflow","Update deal stage before closed deal","SDR / Omitted OPP","2024-11-28 16:26","Workflow","Update deal stage before closed deal","SDR / Omitted OPP","2024-11-11 15:51","Record Merge","","SDR / Omitted OPP","2024-11-11 11:26","Workflow","Update deal stage before closed deal","SDR / Omitted OPP","2024-11-11 11:17","Workflow","Update deal stage before closed deal"
"13216936486","CurrencyCloud","Formal Pilot","2023-12-11 11:09","Import","Deal stage and pre stage  by Gal Tarrab Levi"
"29867511928","Pacific Gas & Electric ","SDR / Omitted OPP","2024-12-04 22:01","Workflow","Update deal stage before closed deal"
"34337204357","Niantic","SDR / Omitted OPP","2025-03-06 17:37","Workflow","Update deal stage before closed deal"
"60844021360","Helsana ","Demo / Presentation","2026-06-11 00:00","Workflow","Update deal stage before closed deal","SDR / Omitted OPP","2026-06-03 18:22","Workflow","Update deal stage before closed deal"
"16086981641","Kitopi","Demo / Presentation","2023-12-11 11:09","Import","Deal stage and pre stage  by Gal Tarrab Levi"
"28217524845","Hudl ","SDR / Omitted OPP","2024-10-21 18:21","Workflow","Update deal stage before closed deal"
"14529192357","Citi","Demo / Presentation","2024-03-03 15:16","CRM UI","Gal Tarrab Levi","SDR / Omitted OPP","2023-12-11 11:09","Import","Deal stage and pre stage  by Gal Tarrab Levi"
"16354805139","Ceridian","Business case confirmation","2024-02-14 20:50","Workflow","Update deal stage before closed deal","Formal Pilot","2024-01-25 17:27","Workflow","Update deal stage before closed deal","SDR / Omitted OPP","2023-12-24 13:52","Import","STAGE BEFORE - Sheet1.csv by Gal Tarrab Levi"
"17996369587","OK Benzin","SDR / Omitted OPP","2024-03-12 15:18","Workflow","Update deal stage before closed deal"
"61030129823","Uber Freight","SDR / Omitted OPP","2026-06-11 19:18","Workflow","Update deal stage before closed deal"
"20510169417","REWE digital","Demo / Presentation","2024-08-08 13:56","Workflow","Update deal stage before closed deal","SDR / Omitted OPP","2024-07-03 17:05","Workflow","Update deal stage before closed deal"
"19670336836","Granicus","Demo / Presentation","2024-05-30 22:23","Workflow","Update deal stage before closed deal","SDR / Omitted OPP","2024-05-28 14:33","Workflow","Update deal stage before closed deal"
"29076892782","Inkafarma","SDR / Omitted OPP","2024-11-14 02:15","Workflow","Update deal stage before closed deal"
"60962173028","Nvidia","SDR / Omitted OPP","2026-06-08 19:41","Workflow","Update deal stage before closed deal"
"39949106949","Wissen Infotech","SDR / Omitted OPP","2025-07-10 10:09","Workflow","Update deal stage before closed deal"
"39040347557","Pismo/Visa","Demo / Presentation","2025-06-27 23:11","Workflow","Update deal stage before closed deal","SDR / Omitted OPP","2025-06-19 04:44","Workflow","Update deal stage before closed deal"
"29118156925","Tyler Technologies, Inc.","SDR / Omitted OPP","2024-11-14 20:56","Workflow","Update deal stage before closed deal"
"53264568207","Arrow International","SDR / Omitted OPP","2026-01-05 21:37","Workflow","Update deal stage before closed deal"
"61022547342","Experian","SDR / Omitted OPP","2026-06-11 19:22","Workflow","Update deal stage before closed deal"
"60033483862","Tailored Brands","Demo / Presentation","2026-05-14 16:49","Workflow","Update deal stage before closed deal","SDR / Omitted OPP","2026-05-05 18:42","Workflow","Update deal stage before closed deal"
"28456783509","K-health","Demo / Presentation","2024-11-14 17:55","Workflow","Update deal stage before closed deal","SDR / Omitted OPP","2024-10-29 13:36","Workflow","Update deal stage before closed deal"
"15843679373","eBay","SDR / Omitted OPP","2024-01-02 14:40","CRM UI Bulk Action","Gal Tarrab Levi"
"61630922551","Ares Management Corporation ","SDR / Omitted OPP","2026-06-26 17:16","Workflow","Update deal stage before closed deal"
"58365889617","Opacity","SDR / Omitted OPP","2026-03-26 16:55","Workflow","Update deal stage before closed deal"
"53244091271","Demant","SDR / Omitted OPP","2026-01-05 14:01","Workflow","Update deal stage before closed deal"
"21125905018","Fifth Third Bank","Demo / Presentation","2024-08-15 16:46","Workflow","Update deal stage before closed deal","SDR / Omitted OPP","2024-08-02 06:23","Workflow","Update deal stage before closed deal"
"35348911505","Vestas ","Demo / Presentation","2025-04-10 16:39","Workflow","Update deal stage before closed deal","SDR / Omitted OPP","2025-04-02 09:53","Workflow","Update deal stage before closed deal"
"37430892421","Cywarden ","SDR / Omitted OPP","2025-05-19 18:28","Workflow","Update deal stage before closed deal"
"43874797218","LaunchDarkly","SDR / Omitted OPP","2025-09-18 15:11","Workflow","Update deal stage before closed deal"
"15783427682","Auction.com","Demo / Presentation","2023-12-24 13:52","Import","STAGE BEFORE - Sheet1.csv by Gal Tarrab Levi","SDR / Omitted OPP","2023-12-11 11:09","Import","Deal stage and pre stage  by Gal Tarrab Levi"
"37430905266","EGain ","SDR / Omitted OPP","2025-05-19 20:55","Workflow","Update deal stage before closed deal"
"35413878276","Metafinanz Informationssysteme ","SDR / Omitted OPP","2025-04-03 14:55","Workflow","Update deal stage before closed deal"
"18240644021","Roham","Business case confirmation","2024-06-06 09:47","Workflow","Update deal stage before closed deal","Formal Pilot","2024-04-18 13:30","Workflow","Update deal stage before closed deal","SDR / Omitted OPP","2024-03-26 15:38","Workflow","Update deal stage before closed deal"
"35361315929","Glovo ","SDR / Omitted OPP","2025-04-02 15:42","Workflow","Update deal stage before closed deal"
"15339670564","Danfoss","SDR / Omitted OPP","2024-01-02 14:37","CRM UI Bulk Action","Gal Tarrab Levi"
"18127515927","Wolters Kluwer - KubeCon","Pilot Prep","2024-08-08 16:49","Workflow","Update deal stage before closed deal","Business case confirmation","2024-03-28 16:33","Workflow","Update deal stage before closed deal","SDR / Omitted OPP","2024-03-20 17:39","Workflow","Update deal stage before closed deal"
"14309376540","Fresha","Demo / Presentation","2023-12-11 11:09","Import","Deal stage and pre stage  by Gal Tarrab Levi"
"14860427279","Sympower","SDR / Omitted OPP","2023-12-11 11:09","Import","Deal stage and pre stage  by Gal Tarrab Levi"
"58440884110","KubeCon EU 2026 - UDI","SDR / Omitted OPP","2026-03-26 23:26","Workflow","Update deal stage before closed deal"
"18403763383","GameTime","Demo / Presentation","2024-04-18 15:32","Workflow","Update deal stage before closed deal","SDR / Omitted OPP","2024-04-03 18:06","Workflow","Update deal stage before closed deal"
"32462302803","Greenstone Financial Services ","SDR / Omitted OPP","2025-01-26 15:48","Record Merge","","SDR / Omitted OPP","2025-01-26 09:41","Workflow","Update deal stage before closed deal","SDR / Omitted OPP","2024-09-19 10:49","Record Merge","","SDR / Omitted OPP","2024-09-19 10:20","Workflow","Update deal stage before closed deal","SDR / Omitted OPP","2024-09-19 08:12","Workflow","Update deal stage before closed deal"
"15091229774","Moonactive 2025","","2024-01-01 13:37","CRM UI","Gal Tarrab Levi","SDR / Omitted OPP","2023-12-11 11:09","Import","Deal stage and pre stage  by Gal Tarrab Levi"
"35526448797","Mews","Negotiation / Legal","2025-06-18 12:22","Workflow","Update deal stage before closed deal","Business case confirmation","2025-06-05 11:44","Workflow","Update deal stage before closed deal","Formal Pilot","2025-04-29 15:41","Workflow","Update deal stage before closed deal","Pilot Prep","2025-04-14 21:49","Workflow","Update deal stage before closed deal","Demo / Presentation","2025-04-08 20:52","Workflow","Update deal stage before closed deal","SDR / Omitted OPP","2025-04-07 15:58","Workflow","Update deal stage before closed deal"
"59087561369","AGITO","SDR / Omitted OPP","2026-04-10 22:07","Workflow","Update deal stage before closed deal"
"53696871741","Deutsche Telekom","SDR / Omitted OPP","2026-01-13 18:49","Workflow","Update deal stage before closed deal"
"17632140469","SonarSource","Negotiation / Legal","2024-05-30 22:46","Workflow","Update deal stage before closed deal","Business case confirmation","2024-05-30 13:16","Workflow","Update deal stage before closed deal","Formal Pilot","2024-05-01 13:25","Workflow","Update deal stage before closed deal","Pilot Prep","2024-03-21 16:49","Workflow","Update deal stage before closed deal","Demo / Presentation","2024-02-26 19:34","Workflow","Update deal stage before closed deal","SDR / Omitted OPP","2024-02-20 12:59","Workflow","Update deal stage before closed deal"
"53014767140","Bullish","Formal Pilot","2026-03-10 18:34","Workflow","Update deal stage before closed deal","Pilot Prep","2026-02-10 21:13","Workflow","Update deal stage before closed deal","Demo / Presentation","2026-01-12 15:59","Workflow","Update deal stage before closed deal","SDR / Omitted OPP","2026-01-06 18:33","Workflow","Update deal stage before closed deal"
"15957732976","Stevens Institute of Technology / Sit","SDR / Omitted OPP","2023-12-11 11:09","Import","Deal stage and pre stage  by Gal Tarrab Levi"
"29880745655","Hexagon AB","SDR / Omitted OPP","2024-12-05 23:53","Workflow","Update deal stage before closed deal"
