"Record ID","Deal Name","Deal owner Current Value","Change Date (Asia/Jerusalem)","Previous Value (1)","Change Date (1) (Asia/Jerusalem)","Previous Value (2)","Change Date (2) (Asia/Jerusalem)","..."
"51893925020","Aetna Inc.","Travis Dadoly (Deactivated User)","2026-01-28 11:44","Sam Neill (Deactivated User)","2025-12-17 19:03","Charity Lee","2025-12-15 20:05"
"43896947263","Medtronic","Tom Skarzynski (Deactivated User)","2025-09-18 18:33","Logan Loisel","2025-09-18 18:32"
"33723423052","AT&T","Tom Skarzynski (Deactivated User)","2025-02-20 12:12","Tom Skarzynski (Deactivated User)","2025-02-20 12:12","Netta Borowitsh","2025-02-19 16:56","Netta Borowitsh","2025-02-19 16:56","Tom Skarzynski (Deactivated User)","2025-02-16 14:26","Sam Neill (Deactivated User)","2025-02-14 18:30","Netta Borowitsh","2025-02-14 18:15"
"59364904202","Singlife","Scott Dunion","2026-04-20 13:44","Adrian Sandu","2026-04-20 13:25"
"18167337913","Cloud Castles - KubeCon","Shlomi Cohen","2024-03-25 11:00"
"20508643613","EP","Cillian Golden (Deactivated User)","2024-07-03 14:33"
"50909631812","Kinective","EJ Rauseo","2025-12-03 17:25","Logan Loisel","2025-12-02 18:56"
"51139327348","Barton Malow - AWS LV 25","Logan Loisel","2025-12-07 10:47"
"59446102632","Zenity ","Sharon Peretz","2026-04-23 11:18","William Nagle","2026-04-23 10:48"
"45064475914","Aurigo Software","Daniel Alper","2025-10-04 10:29","Scott Dunion","2025-10-01 14:48","Adrian Sandu","2025-10-01 13:21"
"16250253687","Evolent","Chris Newsome","2023-11-28 15:03","Ella Furman (Deactivated User)","2023-11-27 19:34"
"38106359332","Scotiabank Chile","Jeff Graham","2025-06-01 09:56","Amit Zonenfeld (Deactivated User)","2025-05-28 18:04"
"14336107687","Deutsche Post","Ella Furman (Deactivated User)","2023-08-16 11:02","Aviv Lavie (Deactivated User)","2023-07-26 11:01"
"18241165209","ENGINEERING","Benjamin Duckworth","2024-03-26 13:06"
"15978100591","American Family Insurance","Ella Furman (Deactivated User)","2023-12-20 17:38","Sam Neill (Deactivated User)","2023-11-09 09:57","Ella Furman (Deactivated User)","2023-11-08 23:24"
"13946384021","Medline","Sam Neill (Deactivated User)","2023-09-24 18:36","Shlomi Cohen","2023-08-13 18:40","Aviv Lavie (Deactivated User)","2023-07-02 15:22"
"53105348631","Data Axle","John Romano","2026-01-02 16:03"
"22369894531","One Medical","John Romano","2024-09-17 22:38"
"32114260276","CloudWerx","Logan Loisel","2025-01-16 20:53"
"55389460902","Arbor ","Matt Bilsland","2026-02-03 13:53"
"13143557523","Unit","Ella Furman (Deactivated User)","2023-04-26 09:46"
"54605040704","Vhi Healthcare","Matt Bilsland","2026-01-26 16:45","Adrian Sandu","2026-01-26 16:30"
"22072064772","AMCS - 2025","Omri Gilad","2025-01-15 16:32","Cillian Golden (Deactivated User)","2024-09-09 15:35"
"18435029273","IXL","Adrian Sandu","2025-06-10 15:00","Netta Borowitsh","2024-05-02 16:43","Tom Skarzynski (Deactivated User)","2024-04-08 15:58","Netta Borowitsh","2024-04-05 00:16"
"56935782418","dunnhumby","Matt Bilsland","2026-02-24 16:34"
"28998377548","Medtronic - Nov 2025 Flat Renewal","Tom Skarzynski (Deactivated User)","2024-11-13 03:17"
"32022642840","CentralSquare","Joe Leland (Deactivated User)","2025-09-30 12:06","joe@getpor.io (Deactivated User)","2025-09-30 12:00","Joe Leland (Deactivated User)","2025-01-15 00:13"
"29593794866","AE Studio","John Romano","2025-01-10 16:28","Chris Newsome","2024-11-26 23:40"
"17390361655","LendBuzz, Inc","Sharon Peretz","2024-04-17 17:09","Chris Newsome","2024-02-22 16:55","Shlomi Cohen","2024-02-06 15:23","Matar Peles","2024-02-06 15:13"
"48820620900","Zebra Technologies","Travis Dadoly (Deactivated User)","2025-11-10 19:37","Logan Loisel","2025-11-10 18:36"
"19926323081","Ryval-X","Sharon Peretz","2024-06-07 16:28","Ella Furman (Deactivated User)","2024-06-07 16:24"
"18128342554","TECNALIA - KubeCon ","Cillian Golden (Deactivated User)","2024-03-21 18:54","Benjamin Duckworth","2024-03-21 12:30"
"61119660156","SonarSource - 2,027","Omri Gilad","2026-06-16 09:46"
"35348470904","Dynatrace ","Daniel Alper","2025-05-18 14:09","Netta Borowitsh","2025-04-02 16:17"
"58446996038","KubeCon EU 2026 - shiv y","Adrian Sandu","2026-03-26 23:26"
"29386081114","Intuit","Sam Neill (Deactivated User)","2024-11-20 11:17","Netta Borowitsh","2024-11-20 00:04","Sam Neill (Deactivated User)","2024-11-14 10:54","Netta Borowitsh","2024-11-13 20:25"
"33182929955","Indra","Ross Geall (Deactivated User)","2025-02-09 11:23","Ross Geall (Deactivated User)","2025-02-09 11:17","Netta Borowitsh","2025-02-09 11:17","Netta Borowitsh","2025-02-06 18:46","Netta Borowitsh","2025-02-06 18:41"
"61624660231","SharkNinja","John Romano","2026-06-26 21:33","Aaron Marans","2026-06-26 21:32","Aaron Marans","2026-06-12 22:56","Wren Huston","2026-06-12 16:38","Aaron Marans","2026-06-11 22:24"
"61024916650","M&T Bank","Tali Cohen","2026-06-10 23:25","Dylan Leija","2026-06-10 23:25"
"29149163783","SECURA Insurance - 2,027","Andrew Johnston","2026-05-10 08:59","Omri Gilad","2025-12-31 21:01","Adrian Wong (Deactivated User)","2025-08-03 11:01","John Romano","2024-11-15 23:52"
"60238524488","ABASTIBLE","Ignacio De Loera","2026-05-13 23:51","Gal Tarrab Levi","2026-05-13 22:46"
"15090497845","Libertex group 2024","Cillian Golden (Deactivated User)","2024-01-28 09:11","Shlomi Cohen","2023-09-10 12:48"
"20718093847","Hudson Insurance - 2,025","Adrian Wong (Deactivated User)","2025-04-14 15:35","Omri Gilad","2025-01-15 16:44","Chris Newsome","2024-07-12 22:58"
"59184044935","AstraZeneca","John Barnes","2026-04-15 15:49","Adrian Sandu","2026-04-15 15:49"
"48485962311","SmartEquip","Logan Loisel","2025-11-06 21:11"
"61951815052","One NZ ","Scott Dunion","2026-07-01 10:00","Adrian Sandu","2026-07-01 09:41"
"28783892747","Liatrio LLC","Chris Newsome","2024-11-06 18:53","Logan Loisel","2024-11-06 18:52"
"30849338743","BCP  - 2,027","Ignacio De Loera","2026-01-18 10:35","Sam Neill (Deactivated User)","2024-12-20 23:10"
"59102966281","Grupo Elektra, S.A.B. de C.V.","Ignacio De Loera","2026-04-10 21:00","Gal Tarrab Levi","2026-04-10 20:53"
"22148397622","BorgWarner","Sam Neill (Deactivated User)","2024-09-12 10:35","Ella Furman (Deactivated User)","2024-09-11 16:30"
"29881537631","JumpCloud","John Romano","2024-12-12 13:22","Dylan Leija","2024-12-06 00:40"
"35351628551","Sony Music ","Jeff Graham","2025-04-02 14:33","Netta Borowitsh","2025-04-02 13:30"
"16048452423","CCO - Renewal 2024","Chris Newsome","2024-01-28 09:28","Sam Neill (Deactivated User)","2024-01-28 09:10","Chris Newsome","2023-11-14 02:45"
"58211070822","Boostlingo","Daniel Alper","2026-03-23 16:11","Aaron Marans","2026-03-20 18:45"
"15837508099","Ruffin Galactic","Shlomi Cohen","2023-10-30 09:58","Ella Furman (Deactivated User)","2023-10-29 20:26"
"14793340848","Anduril Industries ","Ella Furman (Deactivated User)","2023-08-23 18:42"
"59764618837","Chemist4U","William Nagle","2026-05-28 11:23","James Butcher","2026-04-28 19:06","Gal Tarrab Levi","2026-04-28 16:13"
"15955867703","UiPath","Ella Furman (Deactivated User)","2024-01-25 16:40","Chris Newsome","2023-11-08 16:26","Ella Furman (Deactivated User)","2023-11-07 19:06"
"31684563802","Ally Financial","Tom Skarzynski (Deactivated User)","2025-01-08 16:29","John Romano","2025-01-07 23:26","Chase Depperschmidt (Deactivated User)","2025-01-07 23:15"
"37170768934","Legal & General (OneTech)","Benjamin Duckworth","2026-01-15 13:23","Ross Geall (Deactivated User)","2025-05-14 13:15"
"13129008988","Open Government Products","Ella Furman (Deactivated User)","2023-04-25 06:22"
"31997328162","Brightcove, Inc. ","Joe Leland (Deactivated User)","2025-09-30 12:06","joe@getpor.io (Deactivated User)","2025-09-30 11:59","Joe Leland (Deactivated User)","2025-01-14 17:27","Joe Leland (Deactivated User)","2025-01-14 17:27","Netta Borowitsh","2025-01-14 16:55","Netta Borowitsh","2024-12-17 01:18","Chris Newsome","2024-12-08 10:36","Amit Zonenfeld (Deactivated User)","2024-12-05 20:29"
"30221567131","Primion Technology ","Sharon Peretz","2024-12-12 15:59"
"22531178313","CarGurus","Joe Leland (Deactivated User)","2025-09-30 12:06","joe@getpor.io (Deactivated User)","2025-09-30 12:00","Joe Leland (Deactivated User)","2024-09-23 19:13"
"32425584923","XM Cyber","Sharon Peretz","2025-01-26 14:26","Sharon Peretz","2025-01-26 14:26","Netta Borowitsh","2025-01-26 09:42","Netta Borowitsh","2025-01-26 09:41","Sharon Peretz","2024-05-15 14:56"
"49690287160","AutoScout24","Sharon Peretz","2025-11-20 12:08","Adrian Sandu","2025-11-20 11:57"
"21944680110","TAG - The Aspen Group","Tom Skarzynski (Deactivated User)","2024-09-05 11:07","Tom Skarzynski (Deactivated User)","2024-09-05 11:07","Tom Skarzynski (Deactivated User)","2024-09-03 17:30","Tom Skarzynski (Deactivated User)","2024-09-01 11:29","Netta Borowitsh","2024-08-31 01:43"
"58543171454","Onepoint","Benjamin Duckworth","2026-03-30 11:09","Sharon Peretz","2026-03-30 10:49"
"19563735984","Royal London","Cillian Golden (Deactivated User)","2024-05-23 17:56"
"44481245038","Compass Digital - 2,026","Andrew Johnston","2026-05-10 09:01","Omri Gilad","2025-12-31 21:01","Adrian Wong (Deactivated User)","2025-09-25 15:59"
"50459969374","ADEO","James Pritchard","2025-11-26 11:37","Adrian Sandu","2025-11-26 11:07"
"34627684968","BCP","Sam Neill (Deactivated User)","2025-03-13 14:23","Sam Neill (Deactivated User)","2024-04-14 10:43","Amit Zonenfeld (Deactivated User)","2024-04-11 20:19"
"13402659476","Glintt","Ella Furman (Deactivated User)","2023-05-21 14:23"
"39282897670","ezCater","John Romano","2025-06-25 19:10","Chase Depperschmidt (Deactivated User)","2025-06-25 19:10"
"37632900432","Intact Financial","Travis Dadoly (Deactivated User)","2025-05-22 21:36"
"52034056054","AutoScout24 - AWS LV 25","Logan Loisel","2025-12-19 14:24","Sharon Peretz","2025-12-17 18:39","Kevin Tarbell","2025-12-17 18:39"
"40638036584","Happn","Cillian Golden (Deactivated User)","2025-07-22 22:11","Adrian Sandu","2025-07-22 13:14"
"22648676917","DBiz.ai","Sharon Peretz","2024-09-26 18:41","Grant Dienaar (Deactivated User)","2024-09-26 07:35"
"17653949536","NetJets","Sam Neill (Deactivated User)","2024-02-22 11:53","Netta Borowitsh","2024-02-21 18:35"
"41908989765","Old Mutual","James Pritchard","2025-08-13 11:58"
"19090052136","Checkatrade","Cillian Golden (Deactivated User)","2024-05-03 13:26","Cillian Golden (Deactivated User)","2024-05-02 19:11","Cillian Golden (Deactivated User)","2024-04-30 12:51"
"20459593849","Guardio","Sharon Peretz","2024-07-01 13:29","Ella Furman (Deactivated User)","2024-07-01 13:02"
"29759170168","Cielo","Sam Neill (Deactivated User)","2024-12-02 18:51","Grant Dienaar (Deactivated User)","2024-12-02 16:20"
"60398560117","Zup - Partner","Johana Ochoa","2026-06-22 20:09","Logan Loisel","2026-05-19 21:34"
"13954412359","Knab","Ella Furman (Deactivated User)","2023-09-07 19:03","Shlomi Cohen","2023-08-13 18:40","Aviv Lavie (Deactivated User)","2023-07-03 13:37"
"59184758601","The Pensions Regulator","William Nagle","2026-05-28 11:21","James Butcher","2026-04-15 16:38","James Butcher","2026-04-10 22:07","James Butcher","2026-03-18 13:19","William Nagle","2026-03-18 13:19"
"35414031148","Thomann.io","William Nagle","2025-04-17 21:09","Roni Amar (Deactivated User)","2025-04-11 17:03","Cillian Golden (Deactivated User)","2025-04-03 14:59","Roni Amar (Deactivated User)","2025-04-03 14:43"
"52002993218","Snowflake","Tom Skarzynski (Deactivated User)","2025-12-17 00:05"
"18124106368","symmetrical.ai - KubeCon","Cillian Golden (Deactivated User)","2024-03-20 13:17"
"35090521209","Continental","Ella Furman (Deactivated User)","2025-03-26 09:59","Netta Borowitsh","2025-03-25 20:31","Ella Furman (Deactivated User)","2023-08-31 15:41"
"58430946481","KubeCon EU 2026 - SRC d.o.o.","Matt Bilsland","2026-03-26 23:26"
"29915961896","Outpost24","Cillian Golden (Deactivated User)","2024-12-08 15:42"
"15842892108","Earn Alliance","Ella Furman (Deactivated User)","2023-10-30 11:55"
"28956161666","GLS Group - 2,025","Omri Gilad","2025-01-15 16:47","Benjamin Duckworth","2024-11-12 17:06"
"39221223171","First American","Tali Cohen","2025-06-24 01:42","Logan Loisel","2025-06-24 01:10"
"39486276884","Telesom","Adrian Sandu","2025-07-04 14:14","Sharon Peretz","2025-06-30 11:05"
"39902358653","Grupo Boticário","Sam Neill (Deactivated User)","2025-07-09 18:45","Logan Loisel","2025-07-09 18:43"
"60457998701","Dewan Staff Finders Pvt","Sharon Peretz","2026-05-21 10:41"
"18443127392","FundApps","Cillian Golden (Deactivated User)","2024-04-07 13:38","Ella Furman (Deactivated User)","2024-04-05 12:15"
"39513749384","Gucci - 2,026","Benjamin Duckworth","2026-01-18 10:33","Ross Geall (Deactivated User)","2025-06-30 20:17"
"29551158101","MyVest","Chris Newsome","2024-11-26 09:55","Logan Loisel","2024-11-25 22:22"
"58432755339","KubeCon EU 2026 - 6WIND","William Nagle","2026-03-27 17:12","Adrian Sandu","2026-03-26 23:26"
"55670208842","Delfia","Logan Loisel","2026-02-06 15:26","Adrian Sandu","2026-02-06 15:18"
"38841263363","Ripley","Tali Cohen","2025-06-13 18:21","Amit Zonenfeld (Deactivated User)","2025-06-13 12:57"
"29146699936","Arion banki","Sharon Peretz","2024-11-15 20:04"
"30800605591","Mitsubishi UFJ Financial Group (MUFG Americas)","Tom Skarzynski (Deactivated User)","2024-12-23 11:27","Amit Zonenfeld (Deactivated User)","2024-12-19 20:35"
"22104466471","SADA Systems","Chris Newsome","2024-09-10 11:06"
"62146240643","Bread Financial - New Deal","Charity Lee","2026-07-02 22:14"
"60790970261","Pandora","James Pritchard","2026-06-02 17:04","Adrian Sandu","2026-06-02 16:47"
"46291803772","Airbus","James Pritchard","2025-10-17 11:34"
"35447020431","Erply","William Nagle","2025-04-11 13:43","Sharon Peretz","2025-04-07 12:17","Netta Borowitsh","2025-04-04 12:53"
"48361862474","Schroders","Subby Makinde","2025-11-13 13:34","Ross Geall (Deactivated User)","2025-11-05 18:49","Adrian Sandu","2025-11-05 18:45"
"44462256461","URBN (Nuuly)","Travis Dadoly (Deactivated User)","2025-09-26 19:43","Daniel Alper","2025-09-25 23:45","Logan Loisel","2025-09-25 23:44"
"17290645418","LG Electronics","Benjamin Duckworth","2024-02-01 12:59","Ella Furman (Deactivated User)","2024-02-01 11:20"
"23137228094","ICL","Sharon Peretz","2024-10-10 14:17"
"33041711474","Nomi Health","Logan Loisel","2025-02-06 20:17","Jill Countey","2025-02-04 20:00","Logan Loisel","2025-02-04 19:53"
"29118303604","Options Clearing Corporation ","Joe Leland (Deactivated User)","2025-09-30 12:06","joe@getpor.io (Deactivated User)","2025-09-30 12:00","Joe Leland (Deactivated User)","2024-11-16 17:54","Netta Borowitsh","2024-11-14 21:52"
"12063818499","Kramp","Ella Furman (Deactivated User)","2023-08-16 11:02","Zohar Einy","2023-02-08 08:33"
"20434076946","Qlik","Chris Newsome","2024-06-30 10:59"
"61128589171","Randstad Digital","Jamie Summers","2026-06-16 17:45","Subby Makinde","2026-06-16 17:35","Paula Schaefer","2026-06-16 17:33"
"12723955072","Autofi","Zohar Einy","2025-10-01 09:38","Maria Lepp (Deactivated User)","2023-11-29 09:54","Ella Furman (Deactivated User)","2023-08-16 11:01","Yonatan Boguslavski","2023-04-17 18:39","Zohar Einy","2023-03-26 09:46"
"60843590429","Personify Health","Wren Huston","2026-06-12 16:35","Daniel Alper","2026-06-03 19:28","Jill Countey","2026-06-03 19:22","John Romano","2026-06-03 19:08"
"59838211987","bolttech","Scott Dunion","2026-04-30 11:49","Adrian Sandu","2026-04-30 07:51"
"29873272955","Sun Life Financial Inc ","Tom Skarzynski (Deactivated User)","2024-12-05 15:49","Amit Zonenfeld (Deactivated User)","2024-12-04 23:28"
"52076520043","Tower Semiconductor","Sharon Peretz","2025-12-18 17:57"
"38130862422","Fidelity","Tom Skarzynski (Deactivated User)","2025-05-29 00:03","Charity Lee","2025-05-29 00:03"
"9930428835","Foresters","Zohar Einy","2025-11-16 17:15","Maria Lepp (Deactivated User)","2023-11-29 09:53","Ella Furman (Deactivated User)","2023-08-16 11:01","Zohar Einy","2022-08-25 14:24"
"60715105079","ICE (Intercontinental Exchange)","Tali Cohen","2026-05-29 22:46","Dylan Leija","2026-05-29 22:46"
"59728215661","Direct Supply","John Romano","2026-04-28 11:04","John Romano","2026-04-28 11:04","John Romano","2026-04-28 11:04","Aaron Marans","2026-04-13 13:46","Adrian Sandu","2026-04-11 05:14","Charity Lee","2026-04-11 05:14","John Romano","2026-02-24 16:58","Logan Loisel","2026-02-24 10:41","Adrian Sandu","2026-02-23 22:35"
"58208250137","Geotab Inc. - New Deal","EJ Rauseo","2026-03-20 18:38"
"60108241768","KubeCon EU 2026 - DNB ASA","Jamie Summers","2026-05-11 16:06","Jamie Summers","2026-05-07 19:26","Logan Loisel","2026-04-20 11:18","Jamie Summers","2026-03-26 23:26"
"33059574913","ZOOP.ONE ","Scott Dunion","2025-02-05 10:28","Roni Amar (Deactivated User)","2025-02-05 09:26"
"40328179831","CDW","Johana Ochoa","2025-07-16 21:43","Logan Loisel","2025-07-16 21:42"
"33182929959","Zilch","Sharon Peretz","2025-02-09 11:25","Sharon Peretz","2025-02-09 11:24","Sharon Peretz","2025-02-09 11:24","Netta Borowitsh","2025-02-05 17:03","Netta Borowitsh","2025-02-05 17:03","Netta Borowitsh","2025-02-05 17:02","Sharon Peretz","2024-07-10 11:46","Ella Furman (Deactivated User)","2024-07-10 11:30"
"57134041863","Nationwide Mutual Insurance Company - New Deal","Charity Lee","2026-03-31 23:43","Logan Loisel","2026-02-27 23:19"
"28336480147","OTTO","Ross Geall (Deactivated User)","2024-10-25 11:44","Netta Borowitsh","2024-10-25 11:38"
"18148405505","Payoneer Inc.","Sharon Peretz","2024-04-12 10:19","Shlomi Cohen","2024-03-21 15:25","Netta Borowitsh","2024-03-21 15:19"
"39510650947","Mews - 2,027","Omri Gilad","2026-02-09 14:14","Edouard Carakehian","2026-02-08 13:21","Omri Gilad","2025-06-30 17:08"
"15671270534","Motorola Solutions","Sam Neill (Deactivated User)","2023-10-31 16:28","Shlomi Cohen","2023-10-18 09:33","Ella Furman (Deactivated User)","2023-10-17 22:03"
"39301072543","Nuix","Scott Dunion","2025-06-26 11:02","Adrian Sandu","2025-06-26 10:27"
"31693405072","FirstBank ","Sam Neill (Deactivated User)","2025-01-08 10:22","Netta Borowitsh","2025-01-08 00:08"
"19753699408","Jack in The Box","Sam Neill (Deactivated User)","2024-06-02 10:00"
"56828996001","Mews - partner portal ","Omri Gilad","2026-02-23 14:57"
"60838814869","NOBA Bank Group ","James Butcher","2026-06-08 17:44","William Nagle","2026-06-08 17:41","Wren Huston","2026-06-03 13:35","William Nagle","2026-06-03 13:30"
"58442663046","KubeCon EU 2026 - Ericsson","Benjamin Duckworth","2026-03-27 19:23","John Barnes","2026-03-26 23:26"
"30232624968","Talkdesk","Joe Leland (Deactivated User)","2025-09-30 12:06","joe@getpor.io (Deactivated User)","2025-09-30 12:00","Joe Leland (Deactivated User)","2024-12-12 19:03"
"44675727683","Sainsburys supermarkets","Adrian Sandu","2025-10-01 10:36","Ross Geall (Deactivated User)","2025-09-30 16:10","Adrian Sandu","2025-09-28 14:44"
"58029797809","Lowes","Jeff Graham","2026-03-17 18:26","Logan Loisel","2026-03-17 18:25"
"59727968397","World Bank 2026","Chris Sweeney","2026-04-28 11:03","Chris Sweeney","2026-04-27 20:36","Jenny Lucas (Deactivated User)","2026-02-05 10:07","Jenny Lucas (Deactivated User)","2026-01-28 11:34","Sam Neill (Deactivated User)","2025-08-13 22:04","Sam Neill (Deactivated User)","2025-06-18 17:14"
"19726782897","Foresters - Renewal 2024","Chris Newsome","2024-05-30 12:49"
"29593820085","Qorvo","Jeff Graham","2024-11-26 22:58","Dylan Leija","2024-11-26 22:58"
"56405911059","Bajaj Finserv Limited","Scott Dunion","2026-02-16 10:55","Adrian Sandu","2026-02-16 09:35"
"59680154632","Walmart","Rick Walker","2026-04-27 23:10","Logan Loisel","2026-04-27 23:10"
"61127710366","Abu Dhabi Investment Authority (ADIA) - 2,027","Omri Gilad","2026-06-16 16:45"
"40988932962","Guardant Health","EJ Rauseo","2026-01-05 16:33","Jason Chiu (Deactivated User)","2025-07-29 01:15"
"60012747019","HTC Global Services","Johana Ochoa","2026-05-05 16:12","Logan Loisel","2026-05-04 21:32"
"20839195035","Galenica ","Benjamin Duckworth","2024-07-20 20:43"
"31827022443","CityFibre","Cillian Golden (Deactivated User)","2025-01-12 11:19","Cillian Golden (Deactivated User)","2025-01-12 11:19","Cillian Golden (Deactivated User)","2025-01-12 11:19","Cillian Golden (Deactivated User)","2025-01-12 11:19","Cillian Golden (Deactivated User)","2025-01-12 11:19","Cillian Golden (Deactivated User)","2025-01-12 11:19","Netta Borowitsh","2025-01-09 23:31","Netta Borowitsh","2025-01-09 23:31","Netta Borowitsh","2025-01-09 23:31","Netta Borowitsh","2025-01-09 23:31","Netta Borowitsh","2025-01-09 23:31","Netta Borowitsh","2025-01-09 23:30","Cillian Golden (Deactivated User)","2025-01-03 15:52","Netta Borowitsh","2025-01-03 11:37"
"15842693914","Platinum Cargo Logistic","Ella Furman (Deactivated User)","2023-10-30 10:59"
"59079594563","Resmed","Scott Dunion","2026-04-10 22:07"
"57206155319","JBS","Ignacio De Loera","2026-03-02 19:06","Logan Loisel","2026-03-01 00:25"
"18996394621","TUI","Benjamin Duckworth","2024-04-30 10:02","Amit Zonenfeld (Deactivated User)","2024-04-30 09:59"
"31360164523","Softura","John Romano","2025-01-02 23:32","Chase Depperschmidt (Deactivated User)","2025-01-02 23:19"
"57019218691","Capital One","Tali Cohen","2026-04-05 12:13","Travis Dadoly (Deactivated User)","2026-02-25 22:28"
"57898910089","Bosch Brazil","Ignacio De Loera","2026-03-17 21:14","Logan Loisel","2026-03-11 10:23","Gal Tarrab Levi","2026-03-11 02:41"
"12760731529","Visions FCU - reschedule","Ella Furman (Deactivated User)","2023-03-29 11:02"
"50376890218","Viz Pro - 2,027","Omri Gilad","2025-11-25 13:10"
"61848804641","SoSafe ","Sharon Peretz","2026-06-30 16:53","William Nagle","2026-06-30 16:50"
"61605620499","Aize - New Deal","William Nagle","2026-07-03 18:14","Sharon Peretz","2026-06-25 06:38"
"35420660403","Ubisoft ","Sam Neill (Deactivated User)","2025-04-03 14:06","Netta Borowitsh","2025-04-03 14:01"
"61129836194","Booking.com - AEP","John Barnes","2026-06-16 17:47","Gal Tarrab Levi","2026-06-16 17:46"
"31155366288","SolarEdge - 2028","Omri Gilad","2025-01-15 16:36","Sharon Peretz","2024-12-29 13:43"
"15961235614","MongoDB","Sam Neill (Deactivated User)","2023-11-08 18:09","Ella Furman (Deactivated User)","2023-11-08 03:14"
"48862278779","Zup / Itau KubeCon ATL25","Ignacio De Loera","2026-01-28 11:45","Sam Neill (Deactivated User)","2025-11-17 23:44","Logan Loisel","2025-11-11 18:09"
"57830091286","iProov","Matt Bilsland","2026-03-10 13:05","Subby Makinde","2026-03-10 13:05"
"33182931108","Handelsbanken","Ross Geall (Deactivated User)","2025-02-13 11:18","Benjamin Duckworth","2025-02-09 14:01","Benjamin Duckworth","2025-02-09 14:01","Benjamin Duckworth","2025-02-09 14:01","Benjamin Duckworth","2025-02-09 14:00","Benjamin Duckworth","2025-02-09 14:00","Benjamin Duckworth","2025-02-09 14:00","Ross Geall (Deactivated User)","2025-02-06 17:17","Netta Borowitsh","2025-02-04 18:31","Netta Borowitsh","2025-02-04 18:31","Netta Borowitsh","2025-02-04 18:31","Netta Borowitsh","2025-02-04 18:31","Netta Borowitsh","2025-02-04 18:31","Benjamin Duckworth","2025-01-29 12:06","Netta Borowitsh","2025-01-29 12:03","Benjamin Duckworth","2025-01-08 16:09","Netta Borowitsh","2025-01-08 15:05"
"14514030770","Check Point","Shlomi Cohen","2023-08-27 19:26","Ella Furman (Deactivated User)","2023-08-13 18:41","Aviv Lavie (Deactivated User)","2023-08-07 11:13"
"17507575300","CitiusTech","Sam Neill (Deactivated User)","2024-02-22 10:01","Benjamin Duckworth","2024-02-14 11:53","Ella Furman (Deactivated User)","2024-02-14 02:14"
"60072627485","HID Global","Daniel Alper","2026-05-07 17:23","Charity Lee","2026-05-07 17:20","Logan Loisel","2026-05-07 17:19"
"49649657776","Pleo - 2,027","Edouard Carakehian","2026-02-08 13:12","Omri Gilad","2026-01-18 10:31","Cillian Golden (Deactivated User)","2025-11-20 15:26"
"32511039125","Tecan ","Sharon Peretz","2025-01-27 16:48"
"32276298423","PEXA","Scott Dunion","2025-01-21 11:19","Netta Borowitsh","2025-01-21 11:17"
"29817619289","UKHO","Cillian Golden (Deactivated User)","2024-12-04 12:38","Amit Zonenfeld (Deactivated User)","2024-12-04 10:54"
"39899182239","Cox Auto","Tom Skarzynski (Deactivated User)","2025-07-17 21:24","Daniel Alper","2025-07-09 18:11"
"59079134102","Aqovia","Subby Makinde","2026-04-10 22:07"
"29881408264","Liberty Mutual","Tom Skarzynski (Deactivated User)","2024-12-05 17:50","Netta Borowitsh","2024-12-05 03:25"
"35407426834","Odido Nederland","Sharon Peretz","2025-04-03 14:39","Netta Borowitsh","2025-04-03 12:51"
"41190889510","Kyndryl Holdings, Inc","Johana Ochoa","2025-08-01 20:56","Logan Loisel","2025-08-01 20:55"
"16974259725","Warner Pacific Insurance Services","Ella Furman (Deactivated User)","2024-01-25 16:33","Chris Newsome","2024-01-17 11:54","Netta Borowitsh","2024-01-16 19:12"
"15742225254","OK Benzin","Shlomi Cohen","2023-10-22 20:08"
"21757564942","CyberSixGill- 2,026","Omri Gilad","2025-01-15 16:32","Sharon Peretz","2024-08-27 17:02"
"13238813081","Audi DE","Ella Furman (Deactivated User)","2023-05-05 09:40"
"57941030509","Bankdata ","Matt Bilsland","2026-03-13 13:14","Sharon Peretz","2026-03-12 16:59","William Nagle","2026-03-12 16:59"
"13686733207","N Brown Group","Shlomi Cohen","2023-08-13 18:40","Aviv Lavie (Deactivated User)","2023-06-13 11:46"
"22098531379","KUBRA","Chris Newsome","2024-09-10 17:23","Netta Borowitsh","2024-09-10 17:20"
"43472328848","Delfi Meedia - 2,027","Edouard Carakehian","2026-02-08 13:08","Omri Gilad","2025-09-08 11:13"
"16947419451","ANZ","Benjamin Duckworth","2024-01-15 10:24","Ella Furman (Deactivated User)","2024-01-15 10:14"
"21955917401","Starbucks","Sam Neill (Deactivated User)","2024-09-05 20:56","Logan Loisel","2024-09-05 20:50"
"39542152877","Apartment List","Logan Loisel","2025-07-08 19:18","Jill Countey","2025-07-01 17:58"
"56941773568","Sky","James Pritchard","2026-02-24 17:42","Adrian Sandu","2026-02-24 17:36"
"19663733663","Jetstar Airways","Benjamin Duckworth","2024-05-28 08:58"
"23011573576","JLL - New (API Portal - Internal/External)","Tom Skarzynski (Deactivated User)","2024-10-09 12:42","Amit Zonenfeld (Deactivated User)","2024-10-08 04:31"
"61575764888"," - New Deal","Logan Loisel","2026-06-24 22:54"
"15152886939","AHEAD","Ella Furman (Deactivated User)","2023-09-14 16:27"
"23214094516","Wall Street English","Cillian Golden (Deactivated User)","2024-10-21 13:22","Grant Dienaar (Deactivated User)","2024-10-14 16:56","Amit Zonenfeld (Deactivated User)","2024-10-14 07:44"
"30720850756","Smarsh - 2,026","Omri Gilad","2025-12-31 21:01","Adrian Wong (Deactivated User)","2025-04-14 15:35","Omri Gilad","2025-01-15 16:34","Chris Newsome","2024-12-18 16:18"
"55827456417","Laerdal Medical","Matt Bilsland","2026-02-09 22:54","Logan Loisel","2026-02-09 22:49"
"61110097312","Versa Networks","Jill Countey","2026-06-15 18:19","Wren Huston","2026-06-15 17:59","Aaron Marans","2026-06-15 17:45","Logan Loisel","2026-06-15 17:40"
"23122323317","NSoft","Cillian Golden (Deactivated User)","2024-10-13 12:33","Amit Zonenfeld (Deactivated User)","2024-10-10 11:44"
"52070679064","Sportradar - 2,029","Edouard Carakehian","2026-02-08 13:13","Omri Gilad","2026-01-18 11:38","Ross Geall (Deactivated User)","2025-12-18 15:32"
"18130614431","Storebrand  - KubeCon","Cillian Golden (Deactivated User)","2024-03-21 13:32"
"58441996083","Netease","Scott Dunion","2026-03-27 12:26"
"60999834634","Kambi ","James Butcher","2026-06-10 18:08","William Nagle","2026-06-10 14:49"
"37633479445","Cambridge University Press","James Pritchard","2025-05-22 19:23"
"48287746129","Kuda","Sharon Peretz","2025-11-05 17:50","Adrian Sandu","2025-11-05 17:14"
"58244068389","KubeCon EU 2026 - Freedom Cloud","Scott Dunion","2026-03-23 11:17"
"57576687105","Hubtel Limited ","Matt Bilsland","2026-03-09 14:03","William Nagle","2026-03-05 18:10","Adrian Sandu","2026-03-05 18:07"
"61690290523","Marriott International - New Deal","Logan Loisel","2026-06-26 22:58"
"35317280310","Bestseller","Adrian Sandu","2025-06-10 14:57","Netta Borowitsh","2025-04-07 14:35","Ross Geall (Deactivated User)","2025-04-01 13:51","Netta Borowitsh","2025-04-01 12:27"
"35311969594","Poletti Technologies","William Nagle","2025-04-01 15:14","Netta Borowitsh","2025-04-01 14:56"
"13366138271","Amdocs","Ella Furman (Deactivated User)","2023-08-16 11:01","Zohar Einy","2023-05-17 15:30"
"30131991886","AW Rostamani Group","Cillian Golden (Deactivated User)","2024-12-11 14:14"
"30866041194","McKinsey & Company","Sam Neill (Deactivated User)","2024-12-22 11:02","Netta Borowitsh","2024-12-19 18:08","Sam Neill (Deactivated User)","2024-11-17 00:33","Netta Borowitsh","2024-11-15 01:33"
"58303862656","Liberty Mutual","Tali Cohen","2026-03-25 21:34","Travis Dadoly (Deactivated User)","2026-03-24 18:15","Logan Loisel","2026-03-24 18:11"
"42713329317","GlobalLogic UK&I","Charity Lee","2026-01-06 19:16","Jeff Graham","2025-08-22 19:29"
"29882893343","Nike","Sam Neill (Deactivated User)","2024-12-08 10:46","Amit Zonenfeld (Deactivated User)","2024-12-05 20:53"
"61683037613","Cardworks - New Deal","Logan Loisel","2026-06-26 23:04"
"51176846479","Jombay - AWS LV 25","Adrian Sandu","2025-12-17 18:02","Logan Loisel","2025-12-07 10:47"
"33866104106","Silverfort","Sharon Peretz","2025-02-23 17:29","Sharon Peretz","2025-02-23 17:29","Netta Borowitsh","2025-02-23 16:58","Netta Borowitsh","2025-02-23 16:57","Sharon Peretz","2024-08-01 17:45"
"39524081157","MathWorks  - 2,028","Jeff Graham","2025-06-30 21:36"
"18112496782","Sorenson Communications","Sam Neill (Deactivated User)","2024-03-20 11:36"
"60458920530","Comarch","Benjamin Duckworth","2026-05-21 15:05","Adrian Sandu","2026-05-21 14:04"
"51160215140","Kyndryl/Naturgy MVP","James Pritchard","2025-12-11 18:05","Benjamin Duckworth","2025-12-05 11:39","Adrian Sandu","2025-12-04 19:16","Logan Loisel","2025-12-04 19:14","Gal Tarrab Levi","2025-12-04 18:58"
"29583927709","HDI Seguros Colombia","Jason Chiu (Deactivated User)","2025-03-28 18:22","Joe Leland (Deactivated User)","2025-03-28 18:21","Daniel Alper","2025-03-28 18:21","Joe Leland (Deactivated User)","2025-02-13 23:32","Benjamin Duckworth","2024-11-26 18:16"
"35352111763","Celfocus","Adrian Sandu","2025-06-10 14:56","Netta Borowitsh","2025-05-07 13:30","Cillian Golden (Deactivated User)","2025-04-03 11:43","Netta Borowitsh","2025-04-02 17:41"
"35346264484","Simplify9","William Nagle","2025-04-02 17:13","Roni Amar (Deactivated User)","2025-04-02 16:18"
"59812453930","Adobe","Rick Walker","2026-04-30 17:58","Charity Lee","2026-04-30 17:57"
"36457450015","National Bank of Canada","Tali Cohen","2025-04-29 10:57","Netta Borowitsh","2025-04-25 20:44","Tali Cohen","2025-04-14 11:05","Netta Borowitsh","2025-04-10 16:16"
"43495872081","Marshmallow","Cillian Golden (Deactivated User)","2025-09-09 19:44","Adrian Sandu","2025-09-09 12:23"
"23118663843","Anheuser-Busch","Benjamin Duckworth","2024-10-14 11:59","Grant Dienaar (Deactivated User)","2024-10-10 09:15"
"58440884111","KubeCon EU 2026 - Mastercard Inc.","Logan Loisel","2026-03-27 16:52","Adrian Sandu","2026-03-26 23:26"
"35307611975","Ista","James Bennett (Deactivated User)","2025-04-01 17:30","Netta Borowitsh","2025-04-01 16:48"
"23374924431","ShopBack","Scott Dunion","2025-01-07 16:53","Cillian Golden (Deactivated User)","2024-10-21 15:48","Logan Loisel","2024-10-18 17:15"
"43827241090","Philip Morris International ","James Pritchard","2025-09-16 18:35","Adrian Sandu","2025-09-16 18:35"
"60790528374","Amwins - 2,029","Tali Cohen","2026-06-02 19:35"
"60846305970","Mastercard Inc.","Evan Smith","2026-06-03 22:18","Logan Loisel","2026-06-03 22:18"
"59273867795","PSL Group","Jill Countey","2026-04-18 02:03","Aaron Marans","2026-04-17 18:30","Jill Countey","2026-04-17 18:27","Logan Loisel","2026-04-17 18:26"
"15960849043","CareFirst","Chris Newsome","2023-11-08 18:18","Shlomi Cohen","2023-11-08 18:15","Ella Furman (Deactivated User)","2023-11-08 02:28"
"19382913349","Sopra Steria","Benjamin Duckworth","2024-05-15 17:04","Netta Borowitsh","2024-05-15 16:40"
"58436624011","KubeCon EU 2026 - Kharon","Logan Loisel","2026-03-27 16:31","Daniel Alper","2026-03-27 16:27","Benjamin Duckworth","2026-03-26 23:26"
"18145137838","Hexagon - KubeCon","Benjamin Duckworth","2024-03-22 16:10","Cillian Golden (Deactivated User)","2024-03-21 18:55","Benjamin Duckworth","2024-03-21 17:02"
"39009554273","CCU","Ignacio De Loera","2026-02-18 18:51","Travis Dadoly (Deactivated User)","2025-06-18 18:12","Amit Zonenfeld (Deactivated User)","2025-06-18 11:23"
"51953658258","Medtronic - Renewal 2026","Rick Walker","2026-04-27 20:36","Tom Skarzynski (Deactivated User)","2025-12-16 17:49"
"23134333476","TAL","Scott Dunion","2024-12-12 11:55","Sharon Peretz","2024-10-10 10:44","Ella Furman (Deactivated User)","2024-10-10 06:48"
"13059231774","UpSider - reschedule","Ella Furman (Deactivated User)","2023-08-16 11:01","Yonatan Boguslavski","2023-04-19 20:15"
"32646042186","Bank of New York Mellon - 2025","Tom Skarzynski (Deactivated User)","2025-01-28 14:17","Tom Skarzynski (Deactivated User)","2025-01-09 22:36"
"11266603095","Omnicell","Zohar Einy","2025-10-01 09:30","Maria Lepp (Deactivated User)","2023-11-29 09:54","Ella Furman (Deactivated User)","2022-12-08 13:03"
"18126028957","Getlink - KubeCon","Benjamin Duckworth","2024-03-31 14:47","Cillian Golden (Deactivated User)","2024-03-20 15:09"
"21245585232","Jackson","John Romano","2024-08-11 10:08","Amit Zonenfeld (Deactivated User)","2024-08-09 14:52"
"18131031047","Blacklane gmbh - KubeCon","Cillian Golden (Deactivated User)","2024-03-21 13:37"
"61460063865","EMIS - New Deal","Dylan Leija","2026-06-30 11:44","Adrian Sandu","2026-06-23 15:11"
"61179073030","Hollard Insurance Australia","Scott Dunion","2026-06-17 10:32","Adrian Sandu","2026-06-17 04:58"
"21075052382","Simpson Strong-Tie","Joe Leland (Deactivated User)","2025-09-30 12:06","joe@getpor.io (Deactivated User)","2025-09-30 12:00","Joe Leland (Deactivated User)","2024-07-31 11:42","Grant Dienaar (Deactivated User)","2024-07-30 22:48"
"58441970703","KubeCon EU 2026 - DB Systel GmbH","Benjamin Duckworth","2026-03-26 23:26"
"60170835606","KubeCon EU 2026 - vinci energies","James Pritchard","2026-05-11 17:15","James Pritchard","2026-04-09 12:46","Wren Huston","2026-04-09 12:45","James Pritchard","2026-04-08 16:11","James Butcher","2026-04-08 15:45","Wren Huston","2026-04-08 15:45","James Pritchard","2026-03-27 19:36","James Butcher","2026-03-26 23:26"
"37313391134","vector informatik ","Cillian Golden (Deactivated User)","2025-05-21 17:54","William Nagle","2025-05-18 13:47","Netta Borowitsh","2025-05-16 10:31"
"60612100778","Cellebrite ","Sharon Peretz","2026-05-26 12:07","William Nagle","2026-05-26 09:24"
"15268528403","IU Group","Chris Newsome","2023-09-30 09:38","Shlomi Cohen","2023-09-28 11:22","Ella Furman (Deactivated User)","2023-09-21 15:01"
"41126027082","Woolworths","Scott Dunion","2025-07-31 11:36"
"31360166729","Beazley","Cillian Golden (Deactivated User)","2025-01-02 23:39"
"13151881055","SmithRX","Ella Furman (Deactivated User)","2023-04-27 00:43"
"55922554486","Take-Two Interactive","Tali Cohen","2026-02-10 20:46"
"35768783130","WGU","Tali Cohen","2025-04-15 18:10","Netta Borowitsh","2025-04-15 17:02"
"57700573023","Davivienda Bank SA","Ignacio De Loera","2026-04-01 00:03","Logan Loisel","2026-03-08 09:46","Gal Tarrab Levi","2026-03-06 18:40"
"58492419222","BT Renewal - 2,027","James Pritchard","2026-03-27 18:43"
"23227822125","Permutive","Cillian Golden (Deactivated User)","2024-10-15 18:22","Amit Zonenfeld (Deactivated User)","2024-10-14 19:25"
"49324601461","Banco Interamericano de Finanzas “Banbif” - 2,028","Mariela Moreno","2025-12-31 21:02","Omri Gilad","2025-12-31 21:01","Adrian Wong (Deactivated User)","2025-11-17 21:26"
"30462150232","Axpo - Expansion","Benjamin Duckworth","2024-12-16 17:30"
"29112872215","Axon Enterprise Inc","Tom Skarzynski (Deactivated User)","2024-11-16 06:00","Grant Dienaar (Deactivated User)","2024-11-14 21:11"
"34531977555","Hatch","Jason Chiu (Deactivated User)","2025-03-17 20:28","Chase Depperschmidt (Deactivated User)","2025-03-12 11:14","Roni Amar (Deactivated User)","2025-03-11 20:43"
"14313002514","Pennywise Solutions","Ella Furman (Deactivated User)","2023-08-16 11:01","Aviv Lavie (Deactivated User)","2023-07-25 19:32"
"15127372886","Veeva Systems","Sam Neill (Deactivated User)","2023-10-02 14:58","Ella Furman (Deactivated User)","2023-09-12 22:28"
"59086426894","Visa - Cloud & Infra Team","Jeff Graham","2026-04-10 17:52"
"29261567750","Curriculum Associates","John Romano","2024-11-18 19:42"
"29037152359","DNV","Ross Geall (Deactivated User)","2024-11-14 11:11","Netta Borowitsh","2024-11-13 22:45"
"17838626318","Change Healthcare","Tom Skarzynski (Deactivated User)","2024-03-14 15:54","Sam Neill (Deactivated User)","2024-03-03 14:07","Amit Zonenfeld (Deactivated User)","2024-03-03 12:13"
"36595552845","Tangerine Bank","Dylan Leija","2025-05-20 21:18","Jason Chiu (Deactivated User)","2025-05-04 13:29","Netta Borowitsh","2025-04-30 21:45"
"35315252648","Nestle ","James Pritchard","2025-04-23 13:57","Benjamin Duckworth","2025-04-01 13:26","Roni Amar (Deactivated User)","2025-04-01 12:24"
"62045325129","RBC","Jeff Graham","2026-07-02 18:34","Rachel Jean","2026-07-02 18:34"
"29883928923","Cyera","Sharon Peretz","2024-12-05 14:51","Netta Borowitsh","2024-12-05 14:42"
"17960436146","Mphasis Limited","Chris Newsome","2024-03-18 17:15","Benjamin Duckworth","2024-03-10 16:44","Amit Zonenfeld (Deactivated User)","2024-03-10 16:42"
"59080646420","MENA Cloud Alliance","Johana Ochoa","2026-04-10 22:07"
"36108588209","Banco Interamericano de Finanzas “Banbif”","Jill Countey","2025-04-23 09:23","Amit Zonenfeld (Deactivated User)","2025-04-23 05:18"
"58246665997","United Health Group","Rick Walker","2026-03-23 16:48"
"22790688820","Crédit Agricole","Benjamin Duckworth","2024-09-30 15:35"
"17716952175","Drivvn - 2,025","Omri Gilad","2025-01-15 16:36","Cillian Golden (Deactivated User)","2024-02-25 23:57"
"38841989305","If Insurance","James Pritchard","2025-06-13 13:08"
"16560058121","Varonis","Shlomi Cohen","2023-12-17 15:56"
"29146888767","SWICA ","Sharon Peretz","2024-11-18 11:09","Cillian Golden (Deactivated User)","2024-11-18 10:48","Sharon Peretz","2024-11-16 23:54","Cillian Golden (Deactivated User)","2024-11-15 20:21"
"36313431890","Scotia Bank","Jeff Graham","2025-04-25 22:10"
"15977465750","Somos","Ella Furman (Deactivated User)","2023-11-26 12:09","Chris Newsome","2023-11-09 09:51","Ella Furman (Deactivated User)","2023-11-08 23:33"
"15843150610","Uber","Ella Furman (Deactivated User)","2023-10-30 12:01"
"33733533984","Aptos","Jill Countey","2025-03-31 19:42","Joe Leland (Deactivated User)","2025-02-19 23:17"
"52383008775","Grupo Credito - 40 seats","Ignacio De Loera","2026-01-28 11:28","Sam Neill (Deactivated User)","2025-12-24 11:52","Gal Tarrab Levi","2025-12-23 19:52"
"18722204213","Unisys Corporation","Tom Skarzynski (Deactivated User)","2024-04-18 14:53"
"15843407118","JetPatch","Ella Furman (Deactivated User)","2023-10-30 13:11"
"58430946479","KubeCon EU 2026 - Belfius","John Barnes","2026-03-26 23:26"
"56726801182","Foot Locker","Rick Walker","2026-03-26 17:28","Travis Dadoly (Deactivated User)","2026-02-24 18:08","Logan Loisel","2026-02-20 19:59"
"60711409045","miro - New Deal","EJ Rauseo","2026-05-29 17:35","Adrian Sandu","2026-05-29 17:31"
"18167444750","Ignite Insurance Systems  - KubeCon","Cillian Golden (Deactivated User)","2024-03-25 10:53"
"58479536241","Starbucks","Rick Walker","2026-03-27 23:02","Charity Lee","2026-03-27 23:02"
"36179236404","Labcorp","Jeff Graham","2025-04-28 17:29","Chris Newsome","2025-04-28 17:25","Netta Borowitsh","2025-04-24 18:15"
"60643783241","Payroc","Jill Countey","2026-05-26 18:55","Wren Huston","2026-05-26 18:10"
"18129062915","Onmyown - KubeCon","Benjamin Duckworth","2024-04-04 19:26","Cillian Golden (Deactivated User)","2024-03-20 18:09"
"53381466163","Luminor","Sharon Peretz","2026-01-07 16:09"
"15960748081","Arctiq","Shlomi Cohen","2023-11-09 16:30","Sam Neill (Deactivated User)","2023-11-09 16:30","Shlomi Cohen","2023-11-08 17:17","Ella Furman (Deactivated User)","2023-11-08 01:41"
"57397578332","Hilti Group - Expansion","Edouard Carakehian","2026-03-03 14:59"
"18131230866","Adore Me - KubeCon","Cillian Golden (Deactivated User)","2024-04-11 16:50","Chris Newsome","2024-03-21 12:07"
"15843430432","SBS","Ella Furman (Deactivated User)","2023-10-30 13:10"
"42839588104","SGNL.ai","John Romano","2025-08-26 18:37","Logan Loisel","2025-08-26 18:25"
"31812549668","IBM","Jeff Graham","2025-01-12 11:36","Netta Borowitsh","2025-01-10 20:20"
"15090741917","PGS-2025","Omri Gilad","2025-01-15 16:31","Cillian Golden (Deactivated User)","2024-01-28 09:10","Shlomi Cohen","2023-09-10 13:45","Ella Furman (Deactivated User)","2023-09-10 13:33"
"16366849353","Tata Consultancy Services / TCS","Benjamin Duckworth","2023-12-12 10:13","Shlomi Cohen","2023-12-05 14:32","Ella Furman (Deactivated User)","2023-12-05 10:55"
"47669516724","Optum Inc/UHG","Rick Walker","2026-01-28 11:30","Sam Neill (Deactivated User)","2025-11-03 23:07","Logan Loisel","2025-10-30 00:15"
"13202943271","Semrush","Ella Furman (Deactivated User)","2023-05-02 10:54"
"31609895483","Brubank","Chris Newsome","2025-03-28 18:21","Joe Leland (Deactivated User)","2025-01-06 20:59"
"12760730388","Verizon","Ella Furman (Deactivated User)","2023-03-29 10:48"
"30737328985","Insider","Joe Leland (Deactivated User)","2025-09-30 12:06","joe@getpor.io (Deactivated User)","2025-09-30 12:00","Joe Leland (Deactivated User)","2025-01-28 19:53","Tom Skarzynski (Deactivated User)","2025-01-23 16:02","Joe Leland (Deactivated User)","2024-12-18 18:36","Tom Skarzynski (Deactivated User)","2024-12-18 17:08"
"39560700525","Abu Dhabi Investment Authority (ADIA) - 2,026","Omri Gilad","2025-07-01 20:13"
"59079594565","Virtusa","Johana Ochoa","2026-04-10 22:07"
"44789400615","Critical Software","James Pritchard","2025-10-03 11:23","Cillian Golden (Deactivated User)","2025-09-29 13:24","Adrian Sandu","2025-09-29 13:00"
"52203202124","Elementor Ltd","Sharon Peretz","2025-12-29 16:50","William Nagle","2025-12-19 18:48","Adrian Sandu","2025-12-19 18:42"
"61580227899","NIBC Bank ","William Nagle","2026-06-25 06:26"
"39953145385","Autodistribution","Ross Geall (Deactivated User)","2025-07-10 18:30","Adrian Sandu","2025-07-10 13:29"
"60636844039","Cato Networks","Sharon Peretz","2026-05-26 12:13","William Nagle","2026-05-26 11:10"
"13214905773","Great American Insurance Group","Sam Neill (Deactivated User)","2023-09-22 12:38","Shlomi Cohen","2023-08-08 00:29","Ella Furman (Deactivated User)","2023-05-03 16:37"
"38340583320","Länsförsäkringar","Ross Geall (Deactivated User)","2025-06-03 11:22","Adrian Sandu","2025-06-03 10:20"
"61685715852","Nomura International plc - New Deal","Aaron Marans","2026-06-30 11:43","Adrian Sandu","2026-06-26 22:59"
"58450570048","KubeCon EU 2026 - SimCorp","William Nagle","2026-03-27 17:50","Adrian Sandu","2026-03-26 23:26"
"40326189145","UCBOS","Logan Loisel","2025-07-16 18:29"
"14977513117","SolarEdge","Shlomi Cohen","2023-09-20 17:26","Ella Furman (Deactivated User)","2023-09-04 11:08"
"58592288036","VTEX - New Deal","Matt Bilsland","2026-05-12 12:23","James Pritchard","2026-03-31 13:47"
"35445564962","Statens vegvesen ","Adrian Sandu","2025-06-10 14:55","Netta Borowitsh","2025-05-08 14:04","Ross Geall (Deactivated User)","2025-04-07 13:08","Netta Borowitsh","2025-04-03 17:46"
"32755952926","Intelerad Inc ","Jill Countey","2025-01-30 21:20","Roni Amar (Deactivated User)","2025-01-30 20:26"
"38692696398","Mastercard Inc.","Tom Skarzynski (Deactivated User)","2025-06-09 23:41","Logan Loisel","2025-06-09 23:39"
"36909608453","Multi Media - 2,026","Edouard Carakehian","2026-06-16 13:54","Andrew Johnston","2026-06-16 13:54","Edouard Carakehian","2026-06-15 23:51","Andrew Johnston","2026-06-09 16:37","Edouard Carakehian","2026-02-08 13:11","Omri Gilad","2025-12-31 21:01","Adrian Wong (Deactivated User)","2025-05-08 00:12"
"18167800688","LSEG - KubeCon","Benjamin Duckworth","2024-03-25 11:20"
"15993201844","Epic Games","Sam Neill (Deactivated User)","2023-11-10 18:33","Ella Furman (Deactivated User)","2023-11-09 22:08"
"35463760766","Vigil ","Johana Ochoa","2025-04-07 16:32","John Romano","2025-04-07 11:35","Sharon Peretz","2025-04-07 11:30","Roni Amar (Deactivated User)","2025-04-04 15:47"
"31660169612","Mastercard","Tom Skarzynski (Deactivated User)","2025-01-08 00:04"
"56127355786","x15 Ventures","Scott Dunion","2026-02-12 10:54","Adrian Sandu","2026-02-12 10:54"
"15133148850","Software AG","Sam Neill (Deactivated User)","2023-09-30 09:34","Shlomi Cohen","2023-09-20 17:27","Ella Furman (Deactivated User)","2023-09-13 12:04"
"15143485474","Frontier Communications","Sam Neill (Deactivated User)","2023-10-11 18:03","Ella Furman (Deactivated User)","2023-09-14 02:13"
"61085526439","Booking.com - Backstage Replacement - 6k Users","John Barnes","2026-06-14 09:49","John Barnes","2026-06-05 12:29","Adrian Sandu","2026-06-05 12:27","John Barnes","2026-02-24 16:31"
"59103904819","Kyndryl","Johana Ochoa","2026-04-10 22:07"
"17603174913","JFrog 2024","Sharon Peretz","2024-04-05 13:14","Shlomi Cohen","2024-02-18 14:59"
"15336750897","Flywire","Chris Newsome","2023-10-15 17:44","Ella Furman (Deactivated User)","2023-09-27 10:11"
"38281922631","Garmin","Rick Walker","2026-04-13 12:47","Travis Dadoly (Deactivated User)","2025-05-30 22:28","Chase Depperschmidt (Deactivated User)","2025-05-30 22:24"
"39966528513","Harman International","James Pritchard","2025-07-10 15:02"
"19859872796","Arch Capital Group - 2,025","Omri Gilad","2025-01-15 16:41","Sam Neill (Deactivated User)","2024-06-05 00:40"
"32326157655","Lockheed Martin","Jeff Graham","2025-01-27 21:26","Sam Neill (Deactivated User)","2025-01-22 23:42"
"12609398928","ViaPlay ","Ella Furman (Deactivated User)","2023-08-16 11:02","Yonatan Boguslavski","2023-04-17 18:42","Ella Furman (Deactivated User)","2023-03-19 11:08"
"51150373920","Edward Jones - 2,027","Rick Walker","2026-02-05 11:52","Sam Neill (Deactivated User)","2025-12-04 23:03"
"31699664516","Arctic Wolf","John Romano","2025-01-08 18:04","Chase Depperschmidt (Deactivated User)","2025-01-08 17:14"
"59099324198","RDT Limited","William Nagle","2026-04-10 22:07"
"28982302030","SnapLogic","John Romano","2024-11-13 13:13","Amit Zonenfeld (Deactivated User)","2024-11-12 19:29"
"35334579994","ITK Engineering","Sharon Peretz","2025-12-09 20:27","Cillian Golden (Deactivated User)","2025-04-01 14:30","Netta Borowitsh","2025-04-01 13:31"
"30866041152","O.C. Tanner ","John Romano","2024-12-22 10:49","John Romano","2024-12-22 10:49","John Romano","2024-12-22 10:49","Netta Borowitsh","2024-12-21 00:51","Netta Borowitsh","2024-12-20 21:06","Netta Borowitsh","2024-12-19 22:38","John Romano","2024-12-10 14:19","Netta Borowitsh","2024-12-09 23:25","John Romano","2024-12-08 09:00","Netta Borowitsh","2024-12-06 18:53","John Romano","2024-11-28 17:37","Netta Borowitsh","2024-11-27 17:58","John Romano","2024-11-15 20:09"
"58437401370","KubeCon EU 2026 - TOPdesk","William Nagle","2026-03-26 23:26"
"60178496781","NationsBenefits","Daniel Alper","2026-05-12 23:15","Logan Loisel","2026-05-11 20:00"
"17114334338","Milestone Systems","Cillian Golden (Deactivated User)","2024-02-08 10:39","Netta Borowitsh","2024-01-25 16:52","Cillian Golden (Deactivated User)","2024-01-23 11:02","Netta Borowitsh","2024-01-23 10:31"
"41456233272","EFG","Adrian Sandu","2025-11-19 17:13","Christos Lemos (Deactivated User)","2025-08-06 11:23","Adrian Sandu","2025-08-06 11:22"
"20220309088","Coalition Inc - 2,026","Edouard Carakehian","2026-02-08 13:07","Omri Gilad","2025-12-31 21:01","Adrian Wong (Deactivated User)","2025-04-14 15:35","Omri Gilad","2025-01-15 16:42","Chris Newsome","2024-06-20 19:19"
"48894030157","Cast AI Group Inc","Logan Loisel","2025-11-12 00:07"
"37629711421","Cribl","John Romano","2025-05-23 01:26","Jill Countey","2025-05-22 22:52","Logan Loisel","2025-05-22 22:22"
"39054444808","OneMainFinancial ","Rick Walker","2026-01-28 11:39","Sam Neill (Deactivated User)","2025-06-18 23:27","Logan Loisel","2025-06-18 23:14"
"49156990287","Paybilt ","Chris Newsome","2026-04-13 23:20","Logan Loisel","2025-11-14 23:35"
"35353509215","Turo ","Dylan Leija","2025-05-06 04:02","Daniel Alper","2025-05-06 04:02","Dylan Leija","2025-04-28 21:59","Daniel Alper","2025-04-03 11:50","Netta Borowitsh","2025-04-02 18:06"
"36313450848","JPMorganChase - ICB","Tali Cohen","2026-01-28 11:28","Sam Neill (Deactivated User)","2025-04-26 00:40"
"48359248428","Discovery Ltd","James Pritchard","2025-11-06 12:46","Subby Makinde","2025-11-06 12:46"
"17923706445","Truckstop","Chris Newsome","2024-03-10 11:53","Netta Borowitsh","2024-03-08 17:17"
"18126373528","Easypark - KubeCon","Cillian Golden (Deactivated User)","2024-03-21 18:52","Benjamin Duckworth","2024-03-20 15:17"
"12761031258","Youi","Shlomi Cohen","2023-08-13 18:40","Ella Furman (Deactivated User)","2023-03-29 11:37"
"17905517088","AxiosHQ","Chris Newsome","2024-03-10 10:29","Ella Furman (Deactivated User)","2024-03-07 18:39"
"43542892632","JumpCloud ","John Romano","2025-09-10 20:30"
"31753645885","First Citizens Bank","Jeff Graham","2025-01-09 22:35","Roni Amar (Deactivated User)","2025-01-09 22:32"
"18262823520","GRID esports ","Cillian Golden (Deactivated User)","2024-03-27 16:11","Amit Zonenfeld (Deactivated User)","2024-03-27 15:03"
"58441347079","KubeCon EU 2026 - DrAnsay AU-Schein GmbH","William Nagle","2026-04-10 18:51","James Butcher","2026-03-26 23:26"
"13185655298","Ynap - might return","Ella Furman (Deactivated User)","2023-04-30 10:53"
"21065262695","Cymbio","Sharon Peretz","2024-08-01 09:44","Amit Zonenfeld (Deactivated User)","2024-07-30 15:02"
"36474354201","Formbay","William Nagle","2025-04-29 11:53","Netta Borowitsh","2025-04-29 11:52"
"61030014897","Sandbox Wealth","Wren Huston","2026-06-11 22:24"
"34327162205","Fireblocks","Sharon Peretz","2025-03-06 16:07","Sharon Peretz","2024-11-19 16:43","Grant Dienaar (Deactivated User)","2024-11-19 16:42"
"17760306580","Bupa Health Services","Benjamin Duckworth","2024-02-28 10:56","Ella Furman (Deactivated User)","2024-02-28 02:23"
"48141468321","Benefit Systems SA","Sharon Peretz","2025-11-03 16:04","Adrian Sandu","2025-11-03 15:46"
"62068369433","UltraGroup - New Deal","Ignacio De Loera","2026-07-02 17:51","luism@port.io","2026-07-02 17:17"
"35017405571","TAL ","Scott Dunion","2025-03-24 12:39","Scott Dunion","2025-03-24 12:39","Scott Dunion","2025-03-24 12:38","Netta Borowitsh","2025-03-24 07:01","Netta Borowitsh","2025-03-24 07:01","Netta Borowitsh","2025-03-24 07:00","Scott Dunion","2025-03-13 09:48","Scott Dunion","2025-03-13 09:08","Scott Dunion","2025-02-12 07:05"
"21257675585","Neovest","Sam Neill (Deactivated User)","2024-10-02 17:28","Jeff Graham","2024-10-02 17:22","Sam Neill (Deactivated User)","2024-08-12 18:22","Joe Leland (Deactivated User)","2024-08-11 12:11"
"58435073559","KubeCon EU 2026 - Motorola Solutions","Dylan Leija","2026-04-23 17:32","Jenny Lucas (Deactivated User)","2026-03-27 15:25","James Pritchard","2026-03-26 23:26"
"17365571870","Artlist","Shlomi Cohen","2024-02-05 12:03"
"60917166087","Getnet.net ","Sharon Peretz","2026-06-06 23:57"
"42898436011","Canadian National Railway Company","Travis Dadoly (Deactivated User)","2025-08-27 01:19","Logan Loisel","2025-08-26 20:03"
"61604108816","IMP Software - New Deal","William Nagle","2026-07-03 18:14","Sharon Peretz","2026-06-25 06:38"
"33917251665","Maib - 2,027","Omri Gilad","2025-02-25 15:30"
"57973458182","Janus Henderson Investors","James Butcher","2026-03-13 11:45"
"39867012662","Affirm","Dylan Leija","2025-08-05 22:24","Daniel Alper","2025-07-08 18:17"
"35570351191","Mobysoft - 2,026","Omri Gilad","2026-02-10 13:35","Edouard Carakehian","2026-02-08 13:10","Omri Gilad","2025-04-09 19:58"
"59087692647","Virgin Money","Benjamin Duckworth","2026-04-10 22:07"
"29878770704","Cisco Systems","Tom Skarzynski (Deactivated User)","2024-12-05 17:43","Netta Borowitsh","2024-12-05 02:23"
"61625324312","Takealot","James Pritchard","2026-06-26 14:38","Subby Makinde","2026-06-26 14:38"
"36854365199","Minted","John Romano","2025-05-07 10:28","Netta Borowitsh","2025-05-07 00:27","John Romano","2025-01-30 08:20","John Romano","2025-01-30 08:20","John Romano","2025-01-30 08:19","John Romano","2025-01-30 08:19","Netta Borowitsh","2025-01-29 22:59","Netta Borowitsh","2025-01-29 22:59","Netta Borowitsh","2025-01-29 22:59","Netta Borowitsh","2025-01-29 22:59","John Romano","2025-01-22 09:57","John Romano","2025-01-22 09:56","Netta Borowitsh","2025-01-21 20:35","Netta Borowitsh","2025-01-21 20:01","John Romano","2025-01-14 14:14"
"22105764868","CloudTalk","Cillian Golden (Deactivated User)","2024-09-12 12:07","Amit Zonenfeld (Deactivated User)","2024-09-10 14:35"
"61436670056","Exxon Mobil Corporation","Evan Smith","2026-06-22 22:18","Logan Loisel","2026-06-22 22:08"
"20051224931","Zscaler, Inc.","Tom Skarzynski (Deactivated User)","2024-06-13 11:53","Grant Dienaar (Deactivated User)","2024-06-13 11:32"
"59120973706","Ford Motor Company","Tom Skarzynski (Deactivated User)","2026-04-10 22:07"
"36153379357","JPMorgan Chase & Co (GBP Harish)","Tali Cohen","2026-01-28 11:39","Sam Neill (Deactivated User)","2025-04-23 21:23"
"58132524819","Dept. of Corrections, State of Wisconsin","Tali Cohen","2026-03-18 18:49","Dylan Leija","2026-03-18 18:20","Adrian Sandu","2026-03-18 18:18"
"58427781890","KubeCon EU 2026 - Nitin Kasana","Adrian Sandu","2026-03-26 23:26"
"15959846222","Activision","Ella Furman (Deactivated User)","2023-12-06 17:43","Sam Neill (Deactivated User)","2023-11-28 17:10","Chris Newsome","2023-11-08 17:15","Ella Furman (Deactivated User)","2023-11-07 23:37"
"43055969464","Gentrack","Scott Dunion","2025-08-29 11:24","Logan Loisel","2025-08-29 02:22"
"18406234163","Centegix - 2,025","Omri Gilad","2025-01-15 16:38","Chris Newsome","2024-04-03 19:48"
"16652222330","Smarsh - 2024","Chris Newsome","2023-12-23 03:13"
"42657105567","Sony Music","Jeff Graham","2025-08-22 19:03","Logan Loisel","2025-08-22 19:01"
"49448083227","Walmart","Rick Walker","2026-01-28 11:28","Sam Neill (Deactivated User)","2025-11-18 19:55","Logan Loisel","2025-11-18 19:54"
"20008648525","WOW! Internet","Chris Newsome","2024-06-11 19:14"
"29112021851","WillowTree","John Romano","2024-11-14 10:38","John Romano","2024-11-14 10:35","John Romano","2024-11-14 10:35","Amit Zonenfeld (Deactivated User)","2024-11-13 16:37","Amit Zonenfeld (Deactivated User)","2024-11-13 16:37","Amit Zonenfeld (Deactivated User)","2024-11-13 16:37","John Romano","2024-11-06 18:16"
"61030333764","Maximus Inc","Jeff Graham","2026-06-23 18:41","Rachel Jean","2026-06-11 22:21"
"48476663868","Regal Entertainment Group","Tali Cohen","2025-11-06 20:29","Logan Loisel","2025-11-06 20:28"
"58320191337","checkout.com - New Deal","Matt Bilsland","2026-03-25 14:35","Adrian Sandu","2026-03-25 12:33"
"51515223143","Connectbase","Daniel Alper","2026-01-06 19:26","Jason Chiu (Deactivated User)","2025-12-10 22:26","Logan Loisel","2025-12-10 22:23"
"22394819648","Neo Technology","Cillian Golden (Deactivated User)","2024-09-22 11:22","Ella Furman (Deactivated User)","2024-09-19 18:25"
"60988932669","Dept. of Corrections, State of Wisconsin - 2,027","Andrew Johnston","2026-06-10 16:56"
"35465436516","REWE digital ","Benjamin Duckworth","2025-04-07 12:36","James Bennett (Deactivated User)","2025-04-07 12:36","Roni Amar (Deactivated User)","2025-04-04 13:52"
"35334898209","Unicredit","Adrian Sandu","2025-06-11 05:33","James Bennett (Deactivated User)","2025-04-01 17:24","Netta Borowitsh","2025-04-01 16:52"
"31732291352","Abu Dhabi Investment Authority (ADIA)","Cillian Golden (Deactivated User)","2025-01-09 13:24","Cillian Golden (Deactivated User)","2025-01-09 13:24","Cillian Golden (Deactivated User)","2025-01-09 13:24","Netta Borowitsh","2025-01-09 13:13","Netta Borowitsh","2025-01-09 13:12","Netta Borowitsh","2025-01-09 13:12","Cillian Golden (Deactivated User)","2024-08-18 12:20","Ella Furman (Deactivated User)","2024-08-16 10:07"
"61245034105","Boku ","James Butcher","2026-06-22 16:28","William Nagle","2026-06-18 18:10","Aaron Marans","2026-06-18 17:50","James Butcher","2026-06-18 17:46","William Nagle","2026-06-18 17:46"
"35310861724","Natwest Boxed","Adrian Sandu","2025-06-10 14:58","Roni Amar (Deactivated User)","2025-04-28 11:21","Ross Geall (Deactivated User)","2025-04-01 11:35","Roni Amar (Deactivated User)","2025-04-01 11:21"
"61600622769","Hunter Engineering - New Deal","EJ Rauseo","2026-06-25 17:31","Wren Huston","2026-06-25 17:15"
"41794836141","Amadeus","Benjamin Duckworth","2026-01-15 13:34","Ross Geall (Deactivated User)","2025-08-12 12:32","Logan Loisel","2025-08-12 12:20"
"38525628190","Rio Tinto","Scott Dunion","2025-06-05 11:05","Adrian Sandu","2025-06-05 05:58"
"30038432780","Ness Digital Engineering","Johana Ochoa","2025-01-08 17:53","","2024-12-09 17:03","Netta Borowitsh","2024-12-09 17:01","Netta Borowitsh","2024-12-05 11:54","Netta Borowitsh","2024-12-05 11:54"
"58542987917","Token Security LTD - 2,027","Omri Gilad","2026-07-01 10:10","Gal Tarrab Levi","2026-03-30 09:47"
"20640298653","State Farm","Tom Skarzynski (Deactivated User)","2024-07-17 11:22","Ella Furman (Deactivated User)","2024-07-10 11:45"
"59100547876","Airplane Solutions","William Nagle","2026-04-10 22:07"
"35721559908","Warner Bros. Discovery","Tom Skarzynski (Deactivated User)","2025-04-14 11:17","Tali Cohen","2025-04-14 11:16","Netta Borowitsh","2025-04-14 00:54"
"35395675722","Atheo","William Nagle","2025-04-23 14:32","Sharon Peretz","2025-04-03 17:58","Roni Amar (Deactivated User)","2025-04-03 13:07"
"46580608550","Sorenson","Rick Walker","2026-01-28 11:45","Sam Neill (Deactivated User)","2025-10-21 21:07","Logan Loisel","2025-10-21 01:31"
"29113926505","Magnite","Logan Loisel","2025-06-11 19:24","Adrian Sandu","2025-06-10 14:59","Roni Amar (Deactivated User)","2025-01-09 16:28","Joe Leland (Deactivated User)","2024-11-14 23:47"
"36972129650","Hilti  - 2,026","Edouard Carakehian","2026-02-08 13:05","Benjamin Duckworth","2026-01-18 10:33","Ross Geall (Deactivated User)","2025-05-08 18:43"
"53283305220","Cresta","EJ Rauseo","2026-01-07 21:32","Logan Loisel","2026-01-06 19:46"
"18218088543","Bosch","Benjamin Duckworth","2024-03-25 15:59","Netta Borowitsh","2024-03-25 12:30"
"59170284983","BDO","Jamie Summers","2026-04-15 11:27","Subby Makinde","2026-04-15 11:23","William Nagle","2026-04-14 19:10","Subby Makinde","2026-04-14 19:09"
"60781333422","Intelerad Inc  - 2,028","Edouard Carakehian","2026-06-01 18:02"
"16074212492","MagMutual - Renewal 2024","Chris Newsome","2023-11-15 20:26"
"14718321002","OK Benzin","Ella Furman (Deactivated User)","2023-08-18 11:45"
"19405627192","Fortescue (land deal)","Benjamin Duckworth","2024-05-16 10:19"
"49648940602","Fetch - 2,027","John Romano","2025-12-31 20:59","johnc@port.io","2025-12-31 20:59","Adrian Wong (Deactivated User)","2025-11-19 21:31"
"51930866090","Wallester","Sharon Peretz","2025-12-16 10:59"
"32081798773","Microsoft","Sam Neill (Deactivated User)","2025-01-15 16:09"
"20918533810","Armis","Sharon Peretz","2024-07-23 11:00"
"40009433860","StoneX Group Inc","Tali Cohen","2025-07-12 00:00","Logan Loisel","2025-07-11 23:58"
"55773843832","Oviva - 2,027","Edouard Carakehian","2026-02-09 17:56","Omri Gilad","2026-02-09 16:14"
"42662101080","Solita","Adrian Sandu","2025-11-19 17:11","Christos Lemos (Deactivated User)","2025-08-22 11:29","Adrian Sandu","2025-08-22 09:51"
"38437088601","Quadrature Capital ","William Nagle","2025-11-19 17:13","Christos Lemos (Deactivated User)","2025-06-04 17:34","Adrian Sandu","2025-06-04 14:42"
"61052856233","Staples","Jeff Graham","2026-06-12 21:52","Rachel Jean","2026-06-12 21:52"
"60642931760","Vision Service Plan","Jill Countey","2026-05-26 23:05","Logan Loisel","2026-05-26 18:10"
"61031716472","TherapyNotes","Wren Huston","2026-06-11 22:24"
"12747952915","CSAA","Ella Furman (Deactivated User)","2023-03-28 14:46"
"15842873228","Zen Internet","Ella Furman (Deactivated User)","2023-10-30 11:56"
"21192004112","TownSq - 2,026","Omri Gilad","2025-12-31 21:01","Adrian Wong (Deactivated User)","2025-05-02 17:17","Joe Leland (Deactivated User)","2024-08-06 18:17"
"15843150361","MEGVII","Ella Furman (Deactivated User)","2023-10-30 11:59"
"52529343758","Prolific Academic LTD. -2,027","Omri Gilad","2025-12-25 10:30"
"15412424627","MagMutual","Chris Newsome","2023-10-11 18:23","Ella Furman (Deactivated User)","2023-10-02 16:26"
"15978193475","BCBSAZ / Blue Cross Blue Shield of Arizona","Jill Countey","2025-03-17 20:50","Chris Newsome","2023-11-09 09:47","Ella Furman (Deactivated User)","2023-11-08 23:34"
"47415970728","Monday.com ","Sharon Peretz","2025-10-28 17:25"
"13681035443","Merck","Sharon Peretz","2024-04-05 13:14","Shlomi Cohen","2023-10-17 23:55","Sam Neill (Deactivated User)","2023-10-16 19:46","Ella Furman (Deactivated User)","2023-08-15 10:46","Aviv Lavie (Deactivated User)","2023-06-12 22:03"
"41045980449","World Bank Group - CS Package","Sam Neill (Deactivated User)","2025-07-29 23:26"
"55593676362","Manulife - Upsell","Jeff Graham","2026-02-05 20:43"
"17789443511","Nebius","Cillian Golden (Deactivated User)","2024-02-29 17:18"
"38889973861","Porter","Adrian Sandu","2025-06-23 02:22","Scott Dunion","2025-06-16 11:17"
"59078823428","J.P. Morgan","Tali Cohen","2026-04-10 22:07"
"33439738781","CoBank","Jill Countey","2025-02-13 10:28","Netta Borowitsh","2025-02-13 10:27"
"59634067067","St. Jude Children's Research Hospital ","John Romano","2026-04-28 18:09","Aaron Marans","2026-04-24 22:10","Logan Loisel","2026-04-24 21:42","Charity Lee","2026-04-24 21:25","Logan Loisel","2026-04-24 21:23"
"15025022734","DoubleVerify","Chris Newsome","2023-10-12 19:11","Shlomi Cohen","2023-09-18 12:23","Ella Furman (Deactivated User)","2023-09-06 18:56"
"35470720599","Openairlines ","William Nagle","2025-05-07 13:52","Cillian Golden (Deactivated User)","2025-04-07 12:01","Roni Amar (Deactivated User)","2025-04-04 15:21"
"19536039215","DocuSign #2","Sam Neill (Deactivated User)","2024-05-22 11:14","Sam Neill (Deactivated User)","2024-05-21 17:39","Ella Furman (Deactivated User)","2024-05-21 15:37","Sam Neill (Deactivated User)","2024-05-02 15:01","Netta Borowitsh","2024-05-02 14:50"
"22069485136","MuniBilling ","Joe Leland (Deactivated User)","2025-09-30 12:06","joe@getpor.io (Deactivated User)","2025-09-30 11:59","Joe Leland (Deactivated User)","2024-09-09 16:23","Amit Zonenfeld (Deactivated User)","2024-09-09 16:16"
"39505970602","Valeo","James Pritchard","2025-06-30 17:13","Adrian Sandu","2025-06-30 16:44"
"59021411082","KubeCon EU 2026 - Commerzbank 2","James Pritchard","2026-04-09 17:17","Subby Makinde","2026-04-09 17:16"
"22184750722","QlikTech International","Chris Newsome","2024-09-12 13:32","Netta Borowitsh","2024-09-12 10:15"
"39353603158","Formidium","Chris Newsome","2025-07-01 17:53"
"13447054991","East West Bank","Ella Furman (Deactivated User)","2023-08-16 11:01","Zohar Einy","2023-05-25 19:48"
"14806282120","CDW","Shlomi Cohen","2023-09-20 17:26","Ella Furman (Deactivated User)","2023-08-24 16:08"
"11488941459","Project Agora","Ella Furman (Deactivated User)","2023-08-16 11:02","zohar einy (Deactivated User)","2022-12-27 14:31"
"35425031024","Leaseweb ","Cillian Golden (Deactivated User)","2025-04-07 12:57","Netta Borowitsh","2025-04-03 18:22"
"54321175220","Mobileye Vision Technologies","Sharon Peretz","2026-01-22 11:17","Adrian Sandu","2026-01-22 07:59"
"60967547173","Gencat ","James Pritchard","2026-06-09 09:00","James Pritchard","2026-05-26 12:10","James Pritchard","2025-07-17 18:53","James Bennett (Deactivated User)","2025-05-20 16:10","Benjamin Duckworth","2024-07-23 16:54"
"61453844995","Climate X","William Nagle","2026-06-23 12:43"
"38485472517","Intelex","Dylan Leija","2025-06-10 17:56","Jason Chiu (Deactivated User)","2025-06-06 00:15"
"37631329806","InterBanco Digital","Jill Countey","2025-05-25 10:41","Amit Zonenfeld (Deactivated User)","2025-05-22 18:23"
"34906243452","LHV UK","Cillian Golden (Deactivated User)","2025-03-21 12:58"
"58431672224","KubeCon EU 2026 - Ericsson","Benjamin Duckworth","2026-03-27 20:48","Sharon Peretz","2026-03-26 23:26"
"36555966528","Hellios Information","William Nagle","2025-05-04 11:32","Christos Lemos (Deactivated User)","2025-05-04 11:30","Netta Borowitsh","2025-04-30 11:22"
"61031712390","Resy","Aaron Marans","2026-06-11 22:23"
"29801877616","Hubtel","Cillian Golden (Deactivated User)","2024-12-04 11:41","Netta Borowitsh","2024-12-03 22:47"
"35465147560","DNV","Subby Makinde","2025-04-17 20:45","Netta Borowitsh","2025-04-16 16:11","Ross Geall (Deactivated User)","2025-04-07 12:42","Netta Borowitsh","2025-04-04 13:18"
"46676906035","Prime Therapeutics","Logan Loisel","2025-10-31 19:29","Tali Cohen","2025-10-23 17:21","Logan Loisel","2025-10-23 17:04"
"60242508168","BHP - New Deal","Scott Dunion","2026-05-14 07:37"
"53852816952","The Sage Group plc","John Barnes","2026-01-19 15:28","James Pritchard","2026-01-16 10:57","Adrian Sandu","2026-01-15 23:12"
"15978205502","AHEAD","Shlomi Cohen","2023-11-09 16:34","Ella Furman (Deactivated User)","2023-11-08 23:28"
"59168630082","SilverFort expansion ","Omri Gilad","2026-04-14 16:33"
"47649116561","Amplifire","Logan Loisel","2025-10-31 18:32"
"55411791115","Nationwide Building Society","Benjamin Duckworth","2026-02-03 14:52","Adrian Sandu","2026-02-03 14:48"
"23263200911","Own Company","Sharon Peretz","2024-10-20 16:10","Netta Borowitsh","2024-10-16 05:42"
"53696570701","BASF","James Pritchard","2026-01-13 17:54"
"60716125241","Flatiron Health - 2,027","Andrew Johnston","2026-06-04 08:54","EJ Rauseo","2026-05-30 01:09"
"52087827751","Boeing","Jeff Graham","2025-12-19 17:52","Charity Lee","2025-12-18 23:41"
"16195561841","Delivery Hero","Benjamin Duckworth","2023-11-28 14:47","Shlomi Cohen","2023-11-23 17:08","Ella Furman (Deactivated User)","2023-11-23 17:05"
"17803130146","Nowcom","Chris Newsome","2024-03-03 16:47","Amit Zonenfeld (Deactivated User)","2024-03-01 08:27"
"18129010435","Accenture - KubeCon","Benjamin Duckworth","2024-03-21 13:25"
"41359615554","Redpin","Matt Bilsland","2026-01-16 09:22","Benjamin Duckworth","2025-10-16 16:26","Christos Lemos (Deactivated User)","2025-08-06 16:50","Logan Loisel","2025-08-05 20:48"
"15221848124","Interbank","Sam Neill (Deactivated User)","2023-09-28 17:04","Ella Furman (Deactivated User)","2023-09-18 19:55"
"56709484473","Cynet ","Sharon Peretz","2026-02-23 15:45"
"55927357232","Société Générale","John Barnes","2026-02-11 11:30"
"41136236179","Swisscom","James Pritchard","2025-07-31 15:49","Adrian Sandu","2025-07-31 15:36"
"36723884290","Synax","Logan Loisel","2025-05-05 20:27"
"61030132242","Qualcomm","Logan Loisel","2026-06-11 22:23"
"41104593729","Amwins - 2,026","Tali Cohen","2025-08-01 01:30"
"58165118895","Uber","Jeff Graham","2026-03-19 17:39","Logan Loisel","2026-03-19 14:30"
"60401994567","Fulcrum Technology ","EJ Rauseo","2026-05-22 16:52","Wren Huston","2026-05-20 01:40"
"43654408090","Deutsche Bahn","Ross Geall (Deactivated User)","2025-11-17 17:14","Subby Makinde","2025-10-14 17:21","Ross Geall (Deactivated User)","2025-09-12 16:27","Adrian Sandu","2025-09-12 16:26"
"13146836536","Pedidos Ya","Ella Furman (Deactivated User)","2023-04-26 15:10"
"48350292334","Abbott","Tom Skarzynski (Deactivated User)","2025-11-05 19:10","Charity Lee","2025-11-05 19:10"
"21094928925","Mosaic","Joe Leland (Deactivated User)","2025-09-30 12:06","joe@getpor.io (Deactivated User)","2025-09-30 11:59","Joe Leland (Deactivated User)","2024-08-01 11:19","Ella Furman (Deactivated User)","2024-07-31 22:20"
"29903991084","BTG Pactual","Jeff Graham","2024-12-08 10:50","Amit Zonenfeld (Deactivated User)","2024-12-05 21:04"
"61031728569","Hearst","Logan Loisel","2026-06-11 22:21"
"16475779758","Knowde","Chris Newsome","2023-12-12 18:43"
"15425272892","Grainger","Ella Furman (Deactivated User)","2023-11-26 12:06","Sam Neill (Deactivated User)","2023-10-03 16:45"
"29117541045","G-Research","Cillian Golden (Deactivated User)","2024-11-16 23:50","Joe Leland (Deactivated User)","2024-11-14 21:53"
"60321306909","Yoco","William Nagle","2026-06-17 10:24","James Butcher","2026-05-18 11:33"
"49249015712","CGI - New Deal","Travis Dadoly (Deactivated User)","2025-11-19 19:21","Sam Neill (Deactivated User)","2025-11-17 18:41"
"22487455650","Intact Financial","Jeff Graham","2024-09-21 03:20","Logan Loisel","2024-09-21 03:12"
"29109909820","Weave ","John Romano","2024-11-16 05:24","Amit Zonenfeld (Deactivated User)","2024-11-14 20:15"
"34649830789","Nine30","Chris Newsome","2025-03-16 17:01"
"40986203683","Infoblox","Dylan Leija","2025-07-28 20:59"
"50359153529","Q2","Jill Countey","2025-11-25 16:31","Logan Loisel","2025-11-25 15:46"
"60644183217","Maersk ","James Pritchard","2026-05-26 17:39","Subby Makinde","2026-05-26 17:39"
"29039828901","Spreetail ","John Romano","2024-11-14 12:37","Amit Zonenfeld (Deactivated User)","2024-11-14 05:46"
"35346733100","RBC","Jeff Graham","2025-04-02 17:20","Roni Amar (Deactivated User)","2025-04-02 17:14"
"40279345471","Texas Mutual","John Romano","2025-07-15 20:02","Logan Loisel","2025-07-15 20:01"
"35422226768","Saurabh Chopra ","William Nagle","2025-04-03 16:54","Netta Borowitsh","2025-04-03 14:31"
"19187156402","Hilo","Joe Leland (Deactivated User)","2025-09-30 12:06","joe@getpor.io (Deactivated User)","2025-09-30 12:00","Joe Leland (Deactivated User)","2024-05-08 12:09","Ella Furman (Deactivated User)","2024-05-07 16:58"
"29888168711","Infor ","Tom Skarzynski (Deactivated User)","2024-12-05 17:38","Netta Borowitsh","2024-12-05 04:01"
"51938205708","Selective Insurance","John Romano","2025-12-16 16:09","Logan Loisel","2025-12-16 15:29"
"35317056151","Universal Destinations & Experiences (UDX)","Tom Skarzynski (Deactivated User)","2025-04-01 11:42","Netta Borowitsh","2025-03-31 22:25","Tom Skarzynski (Deactivated User)","2025-03-31 11:29","Tom Skarzynski (Deactivated User)","2025-03-31 11:29","Netta Borowitsh","2025-03-30 15:29","Netta Borowitsh","2025-03-30 15:28","Tom Skarzynski (Deactivated User)","2025-03-30 15:04","Netta Borowitsh","2025-03-28 19:09","Tom Skarzynski (Deactivated User)","2024-08-27 14:32","Amit Zonenfeld (Deactivated User)","2024-08-26 20:11"
"50762909071","Bell Canada - 2,028","Andrew Johnston","2026-04-27 20:38","Travis Dadoly (Deactivated User)","2026-01-18 11:39","Sam Neill (Deactivated User)","2025-12-01 20:01"
"35305214208","Liatrio LLC ","Johana Ochoa","2025-04-01 19:36","John Romano","2025-04-01 18:06","Netta Borowitsh","2025-04-01 16:14"
"39262274994","SPS Commerce - 2,027","Andrew Johnston","2026-05-10 09:04","Omri Gilad","2025-12-31 21:01","Adrian Wong (Deactivated User)","2025-09-10 18:41","Chris Newsome","2025-06-25 01:28"
"43131407642","Sensirion","Sharon Peretz","2025-08-29 13:23"
"51162482994","Mitratech Holdings - AWS LV 25","Daniel Alper","2026-01-15 00:13","Logan Loisel","2025-12-04 03:20"
"47669699249","Fullbay - 2,027","Andrew Johnston","2026-05-10 08:58","Chris Newsome","2025-12-31 20:58","Adrian Wong (Deactivated User)","2025-10-30 09:50"
"30737338437","Finout","Sharon Peretz","2024-12-18 18:03"
"53377659718","Novo Nordisk","James Pritchard","2026-01-07 17:20","Adrian Sandu","2026-01-07 14:02"
"29630577487","American Express","Logan Loisel","2025-06-11 05:23","Sam Neill (Deactivated User)","2024-11-27 19:02","Logan Loisel","2024-11-27 18:53"
"29862355281","Technip","Benjamin Duckworth","2024-12-05 17:11","Amit Zonenfeld (Deactivated User)","2024-12-04 21:52"
"42658479405","OGD","Cillian Golden (Deactivated User)","2025-08-22 12:31"
"15425281975","Markel","Sam Neill (Deactivated User)","2023-10-24 17:49","Chris Newsome","2023-10-15 16:53","Ella Furman (Deactivated User)","2023-10-03 16:42"
"39966020362","Norges Bank Investment Management","Adrian Sandu","2025-11-19 17:13","Christos Lemos (Deactivated User)","2025-07-10 16:26","Adrian Sandu","2025-07-10 16:20"
"61214803466","Coalition Inc - 2,027","Edouard Carakehian","2026-06-18 11:51"
"58676845059","KubeCon EU 2026 - Nedap","William Nagle","2026-04-21 16:35","James Butcher","2026-04-02 15:43","James Butcher","2026-03-30 17:44","Matt Bilsland","2026-03-26 23:26","James Butcher","2026-03-26 23:26"
"29881243793","John Deere ","Tom Skarzynski (Deactivated User)","2024-12-05 15:43","Dylan Leija","2024-12-05 01:30"
"23264989035","Airwallex","Sharon Peretz","2024-10-16 10:18","Amit Zonenfeld (Deactivated User)","2024-10-16 10:13"
"29396832906","Autodesk","Tom Skarzynski (Deactivated User)","2024-11-24 16:49","Chris Newsome","2024-11-21 02:09"
"44925916180","Pacific Life - 2,027","Andrew Johnston","2026-05-10 08:59","Omri Gilad","2025-12-31 21:01","Adrian Wong (Deactivated User)","2025-09-30 06:32"
"59100700842","TSB Bank","John Barnes","2026-04-15 15:46","Benjamin Duckworth","2026-04-15 15:44","John Barnes","2026-04-10 22:07"
"60635787538","SecuriThings ","Sharon Peretz","2026-05-26 12:18","William Nagle","2026-05-26 12:03","Adrian Sandu","2026-05-26 11:58"
"57040752427","Air New Zealand - 2,027","Scott Dunion","2026-02-26 07:06"
"35631385687","Booz Allen Hamilton Inc.","Tali Cohen","2025-04-17 22:19","Tom Skarzynski (Deactivated User)","2025-04-14 11:52","Netta Borowitsh","2025-04-10 18:06"
"29023082258","Charles Schwab","Rick Walker","2026-04-23 17:21","Tom Skarzynski (Deactivated User)","2024-11-13 15:21","Amit Zonenfeld (Deactivated User)","2024-11-12 17:37","Tom Skarzynski (Deactivated User)","2024-05-23 17:37","Ella Furman (Deactivated User)","2024-05-23 17:24","Amit Zonenfeld (Deactivated User)","2024-05-23 17:01"
"39538670605","SES S.A.","Sharon Peretz","2025-07-01 10:12"
"60013098397","National Indemnity Company ","John Romano","2026-05-05 00:27","Aaron Marans","2026-05-04 22:50","Logan Loisel","2026-05-04 22:47"
"56545062962","Asurion - 1200 User - Q2","Tali Cohen","2026-04-23 17:18","Jenny Lucas (Deactivated User)","2026-02-18 15:42"
"61031754004","Liberty Mutual","Dylan Leija","2026-06-11 22:21"
"53754351161","nutanix","Jeff Graham","2026-01-14 00:46"
"59079896760","Citi","Evan Smith","2026-04-10 22:07"
"58500514346","LucidLink Ltd.","EJ Rauseo","2026-03-27 20:43"
"13995013677","AstraZeneca","Sam Neill (Deactivated User)","2023-09-30 09:31","Shlomi Cohen","2023-08-13 18:40","Aviv Lavie (Deactivated User)","2023-07-06 17:44"
"40663470934","Curative Inc ","Logan Loisel","2025-07-22 17:19"
"60857702658","SoftwareONE US ","Logan Loisel","2026-06-04 17:12"
"29884590748","GRAN ","Logan Loisel","2025-02-03 09:58","Roni Amar (Deactivated User)","2025-01-09 16:29","Joe Leland (Deactivated User)","2024-12-05 20:23"
"29107931217","Nintex Pty","Joe Leland (Deactivated User)","2025-09-30 12:06","joe@getpor.io (Deactivated User)","2025-09-30 12:00","Joe Leland (Deactivated User)","2024-11-14 12:32","Netta Borowitsh","2024-11-13 16:10","Joe Leland (Deactivated User)","2024-05-01 17:37"
"45977637756","PenLink","Daniel Alper","2025-10-15 20:03","Logan Loisel","2025-10-15 10:44"
"10127533836","CyberArk","Zohar Einy","2025-10-01 09:31","Maria Lepp (Deactivated User)","2023-11-29 09:53","Ella Furman (Deactivated User)","2023-08-16 11:01","Zohar Einy","2022-09-09 16:07"
"32754617707","Hansen Technologies ","Scott Dunion","2025-01-30 08:16","Netta Borowitsh","2025-01-30 01:22"
"56896649241","Innowise","Matt Bilsland","2026-02-24 19:38"
"19189799223","World Bank","Sam Neill (Deactivated User)","2024-05-08 10:48"
"18093609527","Coder Technologies","Chris Newsome","2024-03-20 12:05","Amit Zonenfeld (Deactivated User)","2024-03-18 17:56"
"57830124658","Fanduel","Jill Countey","2026-03-09 17:52"
"53451541544","LinkedIn ","Charity Lee","2026-01-08 18:12"
"58450570049","KubeCon EU 2026 - JFROG","Omri Gilad","2026-03-30 18:57","Sharon Peretz","2026-03-27 19:14","Jamie Summers","2026-03-26 23:26"
"44853786383","Imprivata - 2,026","Andrew Johnston","2026-05-10 09:02","Omri Gilad","2025-12-31 21:01","Adrian Wong (Deactivated User)","2025-09-29 19:12"
"12748904114","Miro","Ella Furman (Deactivated User)","2023-03-28 15:50"
"53999235887","HPE","Travis Dadoly (Deactivated User)","2026-01-15 23:32","Logan Loisel","2026-01-15 23:31"
"40264907866","The University of Melbourne","Scott Dunion","2026-05-17 15:08","Uday Korlimarla (Deactivated User)","2026-04-29 10:15","Scott Dunion","2025-07-15 12:09","Adrian Sandu","2025-07-15 11:58"
"13457590143","BOL","Shlomi Cohen","2023-08-15 10:48","Zohar Einy","2023-05-26 14:18"
"34513028479","RTB house","Sharon Peretz","2025-03-11 13:42","Sharon Peretz","2025-03-11 12:59","Sharon Peretz","2025-01-15 11:11","Amit Zonenfeld (Deactivated User)","2025-01-15 09:37"
"39371614583","TGS- 2,028","Edouard Carakehian","2026-02-08 13:14","Omri Gilad","2025-06-27 15:31"
"16877705482","Ivy Mobility","Cillian Golden (Deactivated User)","2024-01-10 15:41","Shlomi Cohen","2024-01-10 13:35","Amit Zonenfeld (Deactivated User)","2024-01-10 13:05"
"60036388465","HireVue","EJ Rauseo","2026-05-05 23:31","Wren Huston","2026-05-05 22:30","Logan Loisel","2026-05-05 22:27"
"34407355253","Fullbay","Chris Newsome","2025-03-09 10:25","Chris Newsome","2025-03-09 10:25","Netta Borowitsh","2025-03-07 16:45","Netta Borowitsh","2025-03-07 16:45","Chris Newsome","2024-12-10 19:49"
"55404713274","Markel - 2027","Andrew Johnston","2026-05-07 09:03","Chris Sweeney","2026-04-27 20:37","Travis Dadoly (Deactivated User)","2026-02-03 22:47"
"39372439301","Molex - 2026 Renewal","Rick Walker","2026-02-05 10:07","Sam Neill (Deactivated User)","2025-06-27 17:25"
"44023792949","Financial Conduct Authority","James Pritchard","2025-09-22 18:20"
"28987667378","Altamira","Joe Leland (Deactivated User)","2025-09-30 12:06","joe@getpor.io (Deactivated User)","2025-09-30 12:00","Joe Leland (Deactivated User)","2024-11-13 14:38","Amit Zonenfeld (Deactivated User)","2024-11-13 01:44"
"16568791066","NOS","Benjamin Duckworth","2023-12-27 18:22","Shlomi Cohen","2023-12-19 15:56","Ella Furman (Deactivated User)","2023-12-18 12:04"
"17269723277","Arab National Bank","Ella Furman (Deactivated User)","2024-02-08 11:10","Cillian Golden (Deactivated User)","2024-01-31 16:30"
"38259577528","Index Exchange - 2,027","John Romano","2026-02-08 13:17","Omri Gilad","2026-01-18 10:52","John Romano","2025-05-30 23:55"
"19852201812","Pacifico Seguros (50/50 split w/ Sam/Tom","Sam Neill (Deactivated User)","2025-02-06 16:08","Tom Skarzynski (Deactivated User)","2024-06-09 12:34","Ella Furman (Deactivated User)","2024-06-04 17:53"
"37235991564","Latam Airlines - 2,026","Ignacio De Loera","2026-01-18 10:35","Omri Gilad","2025-12-31 21:01","Adrian Wong (Deactivated User)","2025-05-18 12:37","Omri Gilad","2025-05-15 08:21"
"37224613195","Kyndryl Holdings, Inc.","Tom Skarzynski (Deactivated User)","2025-05-15 14:32","Netta Borowitsh","2025-05-15 12:13"
"16158419728","DexCare","Ella Furman (Deactivated User)","2023-12-06 22:55","Chris Newsome","2023-11-21 12:19","Chris Newsome","2023-11-09 11:41","Chris Newsome","2023-11-09 11:39","Ella Furman (Deactivated User)","2023-11-08 20:53","Ella Furman (Deactivated User)","2023-11-08 20:23"
"20801630093","Coverys","John Romano","2024-07-17 09:44"
"29514041510","Bastian Solutions- Toyota Advanced Logistics","Jeff Graham","2024-11-25 22:45","Logan Loisel","2024-11-23 00:58"
"16594792806","Mercedes Benz","Benjamin Duckworth","2023-12-20 11:54","Ella Furman (Deactivated User)","2023-12-20 01:09"
"49151858537","Johnson and Johnson KubeCon ATL 25","Evan Smith","2026-01-28 11:29","Sam Neill (Deactivated User)","2025-11-15 00:07","Logan Loisel","2025-11-14 23:35"
"30093070752","Entain plc","Benjamin Duckworth","2026-01-15 13:31","Ross Geall (Deactivated User)","2024-12-11 10:10","Netta Borowitsh","2024-12-09 23:20"
"60636739657","Noma Security","Sharon Peretz","2026-05-26 12:11","William Nagle","2026-05-26 11:14"
"12780964411","EA games","Ella Furman (Deactivated User)","2023-03-30 22:57"
"32466891936","Banco BICE","Joe Leland (Deactivated User)","2025-09-30 12:06","joe@getpor.io (Deactivated User)","2025-09-30 11:59","Joe Leland (Deactivated User)","2025-01-26 16:33","Netta Borowitsh","2025-01-26 09:41","Joe Leland (Deactivated User)","2024-09-06 18:50","Chris Newsome","2024-09-06 18:24","Grant Dienaar (Deactivated User)","2024-09-06 18:03"
"19719617458","Ryval-X","Sharon Peretz","2024-05-30 11:23"
"60236801205","Procter & Gamble","Jeff Graham","2026-05-13 22:01","James Butcher","2026-05-13 22:01","Rachel Jean","2026-05-13 22:01"
"61031708748","Adaptavist","William Nagle","2026-06-11 21:11"
"15408076931","Expleo Group","Sam Neill (Deactivated User)","2023-12-19 15:37","Ella Furman (Deactivated User)","2023-11-26 12:05","Sam Neill (Deactivated User)","2023-10-04 17:33","Chris Newsome","2023-10-04 17:29","Ella Furman (Deactivated User)","2023-10-02 07:59"
"33541046082","Ocado","Ross Geall (Deactivated User)","2025-02-16 10:07","Netta Borowitsh","2025-02-13 19:57","Ross Geall (Deactivated User)","2025-02-11 13:37","Cillian Golden (Deactivated User)","2025-02-11 13:31","Netta Borowitsh","2025-02-11 13:17"
"31653456000","MUFG Investor services","Tom Skarzynski (Deactivated User)","2025-01-07 16:56","Netta Borowitsh","2025-01-07 16:52","Tom Skarzynski (Deactivated User)","2025-01-07 16:40","Tom Skarzynski (Deactivated User)","2025-01-07 16:40","Netta Borowitsh","2025-01-06 23:17","Netta Borowitsh","2025-01-06 23:17","Tom Skarzynski (Deactivated User)","2024-04-01 23:51","Chris Newsome","2024-03-31 10:34","Amit Zonenfeld (Deactivated User)","2024-03-28 20:54"
"35026835235","Voi Technology","Sharon Peretz","2025-03-24 15:29","Netta Borowitsh","2025-03-24 15:23","Sharon Peretz","2025-03-24 14:11","Netta Borowitsh","2025-03-24 12:48","Sharon Peretz","2025-03-05 16:13","Netta Borowitsh","2025-03-05 16:09"
"60635313924","DoorLoop","Sharon Peretz","2026-05-26 10:25"
"17133661339","AI21 Labs","Shlomi Cohen","2024-01-30 15:32","Jonathan Gruber","2024-01-24 11:34"
"51559614334","Claroty - 2,026","Omri Gilad","2025-12-10 17:58"
"39103022124","Xceptor - 2,028","Omri Gilad","2025-06-20 20:46"
"28456784040","Appsflyer","Sharon Peretz","2024-10-29 13:47","Amit Zonenfeld (Deactivated User)","2024-10-29 13:42"
"60550480564","Capgemini","Logan Loisel","2026-05-21 21:53","Subby Makinde","2026-05-21 21:35","Logan Loisel","2026-05-21 21:33"
"35354450487","Quickwork","William Nagle","2025-04-02 14:09","Roni Amar (Deactivated User)","2025-04-02 13:37"
"19830722961","The Hartford","Sam Neill (Deactivated User)","2024-06-04 09:34","Ella Furman (Deactivated User)","2024-06-03 22:36"
"42923783030","FNB DevOps","James Pritchard","2025-08-27 12:32","Logan Loisel","2025-08-27 12:21"
"41953753182","Shipt","Rick Walker","2026-04-23 17:18","Tom Skarzynski (Deactivated User)","2025-08-14 00:15","Logan Loisel","2025-08-14 00:12"
"54311017053","GlassDollar (KSB)","John Barnes","2026-01-21 22:36","James Pritchard","2026-01-21 20:42"
"22619273319","Parker Hannifin","Rick Walker","2026-01-28 11:40","Sam Neill (Deactivated User)","2024-09-25 16:49"
"20480968848","ISS STOXX","Joe Leland (Deactivated User)","2025-09-30 12:06","joe@getpor.io (Deactivated User)","2025-09-30 11:59","Joe Leland (Deactivated User)","2024-07-02 12:36","Netta Borowitsh","2024-07-02 12:28"
"42899100233","Marex ","Cillian Golden (Deactivated User)","2025-08-26 19:28","Adrian Sandu","2025-08-26 19:27"
"58451655971","KubeCon EU 2026 - ista SE","Matt Bilsland","2026-03-26 23:26"
"19718019413","Eagers Automative Ltd","Cillian Golden (Deactivated User)","2024-05-30 10:51","Amit Zonenfeld (Deactivated User)","2024-05-30 07:19"
"58435697298","KubeCon EU 2026 - Mercedes-Benz.io","William Nagle","2026-03-26 23:26"
"19724644425","PagerDuty","Joe Leland (Deactivated User)","2025-09-30 12:06","joe@getpor.io (Deactivated User)","2025-09-30 12:00","Joe Leland (Deactivated User)","2024-05-30 11:44"
"29273195359","NASDAQ","Tom Skarzynski (Deactivated User)","2024-11-19 13:39","Netta Borowitsh","2024-11-18 21:31"
"50870372871","Cegid","Benjamin Duckworth","2026-01-15 13:36","Ross Geall (Deactivated User)","2025-12-18 12:07","Benjamin Duckworth","2025-12-02 18:08","Adrian Sandu","2025-12-02 18:08"
"16500766049","Allianzgi","Benjamin Duckworth","2023-12-14 10:48","Ella Furman (Deactivated User)","2023-12-14 10:44"
"56443887264","L'Oreal","Benjamin Duckworth","2026-02-16 18:52","Logan Loisel","2026-02-16 18:06"
"15959918407","Red Hat","Ella Furman (Deactivated User)","2023-12-06 17:44","Shlomi Cohen","2023-11-08 17:23","Ella Furman (Deactivated User)","2023-11-08 00:12"
"52087702826","Meta Platforms, Inc.","Charity Lee","2025-12-18 23:03"
"58134916897","Adobe","Rick Walker","2026-03-19 17:01","Charity Lee","2026-03-19 17:00"
"34603553135","PwC","Sam Neill (Deactivated User)","2025-03-13 11:40","Sam Neill (Deactivated User)","2025-03-13 11:40","Netta Borowitsh","2025-03-13 10:19","Netta Borowitsh","2025-03-13 10:19","Sam Neill (Deactivated User)","2025-01-26 15:50","Sam Neill (Deactivated User)","2025-01-26 15:50","Sam Neill (Deactivated User)","2025-01-26 15:50","Sam Neill (Deactivated User)","2025-01-26 15:50","Sam Neill (Deactivated User)","2025-01-26 15:50","Sam Neill (Deactivated User)","2025-01-26 15:50","Sam Neill (Deactivated User)","2025-01-26 15:49","Netta Borowitsh","2025-01-26 15:42","Netta Borowitsh","2025-01-26 15:42","Netta Borowitsh","2025-01-26 15:42","Netta Borowitsh","2025-01-26 15:42","Netta Borowitsh","2025-01-26 15:42","Netta Borowitsh","2025-01-26 15:42","Netta Borowitsh","2025-01-26 15:41","Sam Neill (Deactivated User)","2025-01-26 15:32","Netta Borowitsh","2025-01-26 09:41"
"22655222016","CreditNinja/ Ninja Holdings - 2,026","Andrew Johnston","2026-05-10 09:00","Omri Gilad","2025-12-31 21:01","Adrian Wong (Deactivated User)","2025-04-14 15:35","Omri Gilad","2025-01-15 16:46","Chris Newsome","2024-09-26 22:34"
"60203619489","HRDF ","William Nagle","2026-05-19 10:10","Sharon Peretz","2026-05-12 12:59","William Nagle","2026-05-12 12:00","Logan Loisel","2026-05-12 11:58"
"58327252511","Compartamos Banco","Ignacio De Loera","2026-03-25 15:35","Logan Loisel","2026-03-25 10:53","Gal Tarrab Levi","2026-03-24 23:40"
"32779023012","HashiCorp","John Romano","2025-01-30 15:42","Netta Borowitsh","2025-01-30 15:36"
"15842872689","TripleLift","Ella Furman (Deactivated User)","2023-10-30 11:51"
"36746205218","GCI Communication","Jason Chiu (Deactivated User)","2025-05-06 10:20","Netta Borowitsh","2025-05-05 21:46"
"49448235866","Synchrony","Tali Cohen","2025-11-19 18:36"
"14345696630","ADEO","Sam Neill (Deactivated User)","2023-09-24 18:39","Shlomi Cohen","2023-08-13 15:28","Aviv Lavie (Deactivated User)","2023-07-26 22:20"
"35441558301","IBM","Jeff Graham","2025-04-03 14:18","Roni Amar (Deactivated User)","2025-04-03 13:56"
"50464330049","Curative Inc - 2,026","Andrew Johnston","2026-05-10 09:01","Jill Countey","2025-12-31 20:59","Adrian Wong (Deactivated User)","2025-11-26 21:09"
"22406548762","Own","Sharon Peretz","2024-09-19 10:28","Shlomi Cohen","2024-09-19 10:04","Amit Zonenfeld (Deactivated User)","2024-09-19 10:01"
"41048573553","DRW","Dylan Leija","2025-07-30 00:06"
"20900117105","Cloudzone","Sharon Peretz","2024-07-22 16:23","Netta Borowitsh","2024-07-22 12:33"
"37630581176","Bango","William Nagle","2025-11-03 16:23","Christos Lemos (Deactivated User)","2025-05-22 19:09","William Nagle","2025-05-22 19:09"
"43823227226","CitiusTech","Logan Loisel","2025-09-17 15:24"
"38813508748","ICEYE","Sharon Peretz","2025-06-12 14:43","William Nagle","2025-06-12 14:43","Sharon Peretz","2025-04-29 11:07","Netta Borowitsh","2025-04-23 17:18","Sharon Peretz","2025-04-23 14:30","William Nagle","2025-04-17 21:00","Aaron Taylor","2025-04-17 21:00","Netta Borowitsh","2025-04-11 11:37","William Nagle","2025-04-10 17:52","Sharon Peretz","2025-04-02 14:50","Netta Borowitsh","2025-04-02 14:46","Cillian Golden (Deactivated User)","2025-04-01 14:21","Netta Borowitsh","2025-04-01 13:19"
"21049319529","Dezerv","Cillian Golden (Deactivated User)","2024-07-29 17:20","Cillian Golden (Deactivated User)","2024-07-29 17:20","Netta Borowitsh","2024-07-29 17:08","Netta Borowitsh","2024-07-29 17:08","Cillian Golden (Deactivated User)","2024-06-30 08:46","Netta Borowitsh","2024-06-28 06:12"
"13723285314","Beazley","Chris Newsome","2023-09-29 12:56","Shlomi Cohen","2023-08-13 18:40","Aviv Lavie (Deactivated User)","2023-06-15 17:55"
"39000507702","United Wholesale Mortgage - expansion 2025","Sam Neill (Deactivated User)","2025-06-18 09:48"
"18291394843","Moonfare Asia Ltd ","Cillian Golden (Deactivated User)","2024-03-28 19:45","Netta Borowitsh","2024-03-28 19:00"
"35438413430","Volkswagen","Subby Makinde","2025-04-17 20:44","James Bennett (Deactivated User)","2025-04-03 17:21","Roni Amar (Deactivated User)","2025-04-03 17:08"
"13442049302","Ripple","Ella Furman (Deactivated User)","2023-05-25 11:19"
"59718756018","Y Tree ","Matt Bilsland","2026-05-13 11:34","William Nagle","2026-04-27 15:32"
"35121379129","FloQast","John Romano","2025-03-31 10:57","Dylan Leija","2025-03-27 10:49"
"35362759487","Esure","Cillian Golden (Deactivated User)","2025-06-11 16:57","William Nagle","2025-06-11 05:24","Cillian Golden (Deactivated User)","2025-04-02 16:11","Jill Countey","2025-04-02 14:29","Roni Amar (Deactivated User)","2025-04-02 13:25"
"35347438098","Newcastle University","William Nagle","2025-04-01 18:56","Netta Borowitsh","2025-04-01 18:28"
"37524667147","Apple","Jeff Graham","2025-05-21 19:49","Logan Loisel","2025-05-21 02:52"
"30658270016","The AES Corporation","Tom Skarzynski (Deactivated User)","2024-12-18 10:53","Logan Loisel","2024-12-17 19:33"
"42069006440","Kaiser Permanente","Jeff Graham","2025-08-14 18:12","Amit Zonenfeld (Deactivated User)","2025-08-14 18:10"
"52036396837","EPAM systems","Travis Dadoly (Deactivated User)","2025-12-18 19:03"
"58243979947","Kaizengaming ","William Nagle","2026-03-23 11:34","Adrian Sandu","2026-03-23 10:57"
"17857927275","Advance Auto Parts","Tom Skarzynski (Deactivated User)","2024-03-05 13:45","Sam Neill (Deactivated User)","2024-03-05 09:30","Amit Zonenfeld (Deactivated User)","2024-03-04 20:59"
"21211800952","OM Bank ","Benjamin Duckworth","2024-08-08 12:07","Cillian Golden (Deactivated User)","2024-08-08 10:03","Amit Zonenfeld (Deactivated User)","2024-08-07 21:16"
"55511165781","Airbnb","Rick Walker","2026-02-04 21:58","Logan Loisel","2026-02-04 21:01"
"55716750184","Achs","Ignacio De Loera","2026-02-06 22:49","Logan Loisel","2026-02-06 22:46"
"30227064718","DHL","Benjamin Duckworth","2024-12-12 19:30","Amit Zonenfeld (Deactivated User)","2024-12-12 18:48"
"15794209848","Prolific Academic LTD.","Cillian Golden (Deactivated User)","2024-01-11 18:39","Shlomi Cohen","2023-11-15 15:58","Chris Newsome","2023-10-26 15:18","Ella Furman (Deactivated User)","2023-10-26 14:14"
"18124914273","CompuGroup Medical - KubeCon","Benjamin Duckworth","2024-03-28 13:50","Cillian Golden (Deactivated User)","2024-03-21 18:51","Benjamin Duckworth","2024-03-20 13:39"
"58427627610","KubeCon EU 2026 - Plumery","William Nagle","2026-04-10 18:55","James Butcher","2026-03-26 23:26"
"57715035678","Xometry - 2,028","Edouard Carakehian","2026-03-09 10:55"
"23204967716","Sapiens International","Sharon Peretz","2024-10-13 17:56","Netta Borowitsh","2024-10-13 12:23"
"41049894405","Dollarama","Travis Dadoly (Deactivated User)","2025-07-30 17:56","Logan Loisel","2025-07-30 17:54"
"43191622228","MGM Resorts International","Rick Walker","2026-04-23 17:19","Tom Skarzynski (Deactivated User)","2025-09-01 11:34"
"40723955604","NinjaOne","John Romano","2025-07-23 20:56"
"61507400260","Jefferies ","Jeff Graham","2026-06-23 23:36","Rachel Jean","2026-06-23 23:36"
"13520625847","Games24x7","Shlomi Cohen","2023-08-13 18:40","Aviv Lavie (Deactivated User)","2023-05-31 13:02"
"17471751473","Chain Reaction - 2,025","Sharon Peretz","2024-05-16 12:06","Shlomi Cohen","2024-02-11 18:25"
"22395282251","Input Output","Chris Newsome","2024-09-18 23:12","Logan Loisel","2024-09-18 23:10"
"58686882206","Nuvei","William Nagle","2026-05-28 11:22","James Butcher","2026-04-08 13:01","Jill Countey","2026-04-08 00:15","","2026-04-08 00:14","Jill Countey","2026-04-03 18:17","Wren Huston","2026-04-03 18:13"
"51153589863","KUBRA - 2,028","Andrew Johnston","2026-05-10 08:59","Omri Gilad","2025-12-31 21:01","Adrian Wong (Deactivated User)","2025-12-04 16:25"
"46557887769","Publicis Groupe","James Pritchard","2025-10-20 17:30","Adrian Sandu","2025-10-20 17:29"
"16989972759","Shell","Benjamin Duckworth","2024-01-17 09:53","Amit Zonenfeld (Deactivated User)","2024-01-17 09:52"
"15957919539","Input Output / IOHK","Chris Newsome","2023-11-08 19:05","Shlomi Cohen","2023-11-08 16:59","Ella Furman (Deactivated User)","2023-11-07 21:49"
"36567766621","Cognizant","Benjamin Duckworth","2025-05-04 12:12","James Bennett (Deactivated User)","2025-05-04 12:12","Netta Borowitsh","2025-04-30 17:20"
"61673609864","Adaptavist - New Deal","Aaron Marans","2026-06-30 11:43","William Nagle","2026-06-26 23:03"
"15890508547","Workleap - old","Chris Newsome","2023-11-02 11:33","Ella Furman (Deactivated User)","2023-11-02 11:29"
"38463850140","AFP Modelo","John Romano","2025-06-05 13:16","Amit Zonenfeld (Deactivated User)","2025-06-04 18:29"
"43413060432","Stellantis","James Pritchard","2025-09-05 19:13","Adrian Sandu","2025-09-05 19:10"
"15939054178","Lexmark ","Sam Neill (Deactivated User)","2023-11-06 15:39","Ella Furman (Deactivated User)","2023-11-06 15:20"
"61594161821","CYAN BLUE ODDS ","William Nagle","2026-06-25 15:18","Adrian Sandu","2026-06-25 06:34"
"61958391132","BannerHealth - 2,029","Rick Walker","2026-07-01 07:19"
"57938986310","Pernambucanas","Ignacio De Loera","2026-07-01 19:55","Johana Ochoa","2026-07-01 19:54","Gal Tarrab Levi","2026-07-01 19:54","Roy Waxman","2026-07-01 19:54","Gal Tarrab Levi","2026-03-12 16:14"
"17661503649","Dell ISG","Sam Neill (Deactivated User)","2024-02-22 04:41"
"32321728157","London Stock Exchange Group","Ross Geall (Deactivated User)","2025-01-22 09:58","Ross Geall (Deactivated User)","2025-01-22 09:58","Netta Borowitsh","2025-01-21 22:33","Netta Borowitsh","2025-01-21 22:33","Ross Geall (Deactivated User)","2025-01-15 17:21","Ross Geall (Deactivated User)","2025-01-15 17:21","Netta Borowitsh","2025-01-15 17:19","Netta Borowitsh","2025-01-15 17:07"
"13791298325","PTC","Ella Furman (Deactivated User)","2023-08-13 18:41","Aviv Lavie (Deactivated User)","2023-06-20 12:33"
"62045124881","Doxo","Chris Newsome","2026-07-01 20:13","Aaron Marans","2026-07-01 20:12"
"61437647452","Amazon - New Deal","Logan Loisel","2026-06-23 12:01"
"18555968135","Checkmarx - (Additional 50 Users)","Sharon Peretz","2024-04-10 19:50"
"21761660051","TTEC","Jeff Graham","2024-08-27 23:45"
"55067978546","Banco Davivienda -12 mths","Ignacio De Loera","2026-01-30 17:43","Logan Loisel","2026-01-30 11:18","Adrian Sandu","2026-01-29 23:29"
"16716273703","Movable Ink","Chris Newsome","2023-12-31 12:41","Ella Furman (Deactivated User)","2023-12-28 20:32"
"40398163235","Westpac","Scott Dunion","2025-07-17 17:33","Adrian Sandu","2025-07-17 17:26"
"52248171013","FIS","Travis Dadoly (Deactivated User)","2025-12-20 09:57","Logan Loisel","2025-12-20 00:59"
"45498255949","Lantern","John Romano","2025-10-08 22:03"
"47660359547","Eneco ","James Butcher","2026-03-17 17:20","Benjamin Duckworth","2025-12-19 16:17","Cillian Golden (Deactivated User)","2025-10-30 17:03"
"22000739414","Liantis - 2,027","Edouard Carakehian","2026-02-08 13:10","Omri Gilad","2025-01-15 16:45","Cillian Golden (Deactivated User)","2024-09-06 12:12"
"60711930519","TMHCC - New Deal","James Butcher","2026-06-22 20:03","James Pritchard","2026-06-22 20:03","Adrian Sandu","2026-06-22 20:03","Logan Loisel","2026-05-29 19:11"
"16195101982","Unity 3D","Sam Neill (Deactivated User)","2023-11-23 15:16"
"35428507812","Tracr ","James Bennett (Deactivated User)","2025-04-03 17:46","Roni Amar (Deactivated User)","2025-04-03 15:26"
"56182473019","Principal Financial","Charity Lee","2026-03-31 23:45","Logan Loisel","2026-02-13 17:09"
"57610385003","SilverFort - expansion - 30 seats","Omri Gilad","2026-03-05 14:34"
"50460161377","Headway","EJ Rauseo","2025-11-26 21:06","Logan Loisel","2025-11-26 21:00"
"61031632386","DoubleVerify","Aaron Marans","2026-06-11 22:20"
"57959314857","Mastercard - AI Focused","Evan Smith","2026-04-01 17:11","Charity Lee","2026-03-11 23:32"
"58309831982","Kubecon EU 2026 - Shell","James Pritchard","2026-03-24 17:36","Adrian Sandu","2026-03-24 17:33"
"34022761996","Maib","Sharon Peretz","2025-02-27 12:23","Netta Borowitsh","2025-02-27 12:10","Sharon Peretz","2024-11-13 13:35","Netta Borowitsh","2024-11-13 11:11","Sharon Peretz","2024-11-06 11:08","Netta Borowitsh","2024-11-06 09:31"
"49594525105","MagicSchool AI","EJ Rauseo","2025-11-18 18:45"
"38741682526","nTop","Daniel Alper","2025-06-10 22:10","Logan Loisel","2025-06-10 22:07"
"61031619728","RiotGames","Evan Smith","2026-06-22 20:22","Logan Loisel","2026-06-11 22:23"
"50502411782","Costa Crociere ","James Pritchard","2025-12-12 16:52","Benjamin Duckworth","2025-11-26 09:46"
"15958731659","WI Digital","Chris Newsome","2023-11-08 17:21","Ella Furman (Deactivated User)","2023-11-08 00:52"
"47668159375","Lightricks - 2,027","Omri Gilad","2025-10-30 11:36"
"59004969889","Arauco","Ignacio De Loera","2026-04-09 00:46","Gal Tarrab Levi","2026-04-09 00:44"
"35023861531","Louis Vuitton","Ross Geall (Deactivated User)","2025-03-24 15:02","Netta Borowitsh","2025-03-24 14:53","Ross Geall (Deactivated User)","2025-03-03 14:19","Netta Borowitsh","2025-03-03 14:17"
"20326119242","Tribute Technology","Joe Leland (Deactivated User)","2025-09-30 12:06","joe@getpor.io (Deactivated User)","2025-09-30 12:00","Joe Leland (Deactivated User)","2024-06-26 10:26","Amit Zonenfeld (Deactivated User)","2024-06-25 18:12"
"39514725915","Transbank - 2,026","Ignacio De Loera","2026-01-18 10:35","John Romano","2025-06-30 18:16"
"38218769440","Legal & General - (Asset Management)","Ross Geall (Deactivated User)","2025-05-30 11:01"
"38077754543","Pearson","James Pritchard","2025-05-28 11:19","Adrian Sandu","2025-05-28 10:02"
"53265152309","Veolia","James Pritchard","2026-01-06 12:52"
"19150412078","MFT Energy","Sharon Peretz","2024-05-06 11:00"
"58444830360","KubeCon EU 2026 - Relex Solutions","Sharon Peretz","2026-03-30 11:50","James Pritchard","2026-03-26 23:26"
"33402442381","Tufin","Sharon Peretz","2025-02-13 10:23","Netta Borowitsh","2025-02-13 10:13"
"17906445997","WOW! - old","Chris Newsome","2024-03-26 13:57","Ella Furman (Deactivated User)","2024-03-11 23:23","Chris Newsome","2024-03-10 10:47","Ella Furman (Deactivated User)","2024-03-07 21:00"
"17270063463","Forseven-Ev","Cillian Golden (Deactivated User)","2024-02-01 14:41","Ella Furman (Deactivated User)","2024-01-31 17:04"
"22793057184","Motability","Cillian Golden (Deactivated User)","2024-09-30 18:19"
"55494925144","Crusoe AI - 2,027","Jill Countey","2026-02-04 15:28"
"35470937461","JetBrains","Cillian Golden (Deactivated User)","2025-04-07 11:11","Netta Borowitsh","2025-04-04 16:15"
"35808885796","Imagine Learning","John Romano","2025-04-15 21:05","Chase Depperschmidt (Deactivated User)","2025-04-15 21:04"
"29007000627","CurrencyCloud - 2,027","Edouard Carakehian","2026-02-08 13:19","Omri Gilad","2025-01-15 16:52","Aaron Taylor","2025-01-15 16:35","Benjamin Duckworth","2024-11-13 13:39"
"16073201233","Grammarly - old","Ella Furman (Deactivated User)","2024-01-25 16:39","Chris Newsome","2023-11-15 19:43","Ella Furman (Deactivated User)","2023-11-15 18:50"
"21526902648","GIC Private Limited","Scott Dunion","2025-02-20 13:36","Cillian Golden (Deactivated User)","2024-08-16 17:53","Amit Zonenfeld (Deactivated User)","2024-08-16 17:21","Cillian Golden (Deactivated User)","2024-06-16 10:17","Amit Zonenfeld (Deactivated User)","2024-06-14 18:54"
"59081264642","Cognizant","Johana Ochoa","2026-04-10 22:07"
"51317343307","McKinsey & Company","Charity Lee","2025-12-17 18:53","Travis Dadoly (Deactivated User)","2025-12-09 18:34","Charity Lee","2025-12-09 18:34"
"35090521506","Amwins","Tali Cohen","2025-03-26 10:04","Netta Borowitsh","2025-03-26 03:52","Tali Cohen","2025-03-25 11:03","Netta Borowitsh","2025-03-25 04:51"
"17926207243","Cadent","Chris Newsome","2024-03-10 11:44","Ella Furman (Deactivated User)","2024-03-08 19:37"
"18385258506","Tata Elxsi ","Benjamin Duckworth","2024-04-03 11:44","Amit Zonenfeld (Deactivated User)","2024-04-02 22:22"
"42956421784","Capgemini","Johana Ochoa","2025-08-27 17:29","Logan Loisel","2025-08-27 17:19"
"51033768252","The Weather Channel - AWS LV 25","John Romano","2025-12-02 22:54","Adrian Sandu","2025-12-02 22:12"
"61694251318","IntraFi - New Deal","Aaron Marans","2026-06-26 23:01"
"17114514097","SITA","Benjamin Duckworth","2024-01-23 10:45","Ella Furman (Deactivated User)","2024-01-23 10:33"
"57894295872","Keyloop - New Deal","William Nagle","2026-05-28 11:19","James Butcher","2026-05-12 23:13","Charity Lee","2026-03-11 11:15"
"23016186711","Teladoc Health","Sam Neill (Deactivated User)","2024-10-08 14:40"
"16358931791","DataRails","Shlomi Cohen","2023-12-05 11:14","Ella Furman (Deactivated User)","2023-12-04 21:03"
"16448113978","HPE","Sam Neill (Deactivated User)","2023-12-11 15:48","Ella Furman (Deactivated User)","2023-12-11 15:44"
"21225981717","Mr. Cooper Group Inc.","Jeff Graham","2024-08-08 15:32","Amit Zonenfeld (Deactivated User)","2024-08-08 15:11"
"34549413035","Endalia ","Cillian Golden (Deactivated User)","2025-03-12 14:23","Roni Amar (Deactivated User)","2025-03-12 14:13"
"54394287468","Appcharge","Sharon Peretz","2026-01-27 16:53","Adrian Sandu","2026-01-23 16:27"
"19490199871","Optimizely","Joe Leland (Deactivated User)","2025-09-30 12:06","joe@getpor.io (Deactivated User)","2025-09-30 12:00","Joe Leland (Deactivated User)","2024-05-20 16:38","Ella Furman (Deactivated User)","2024-05-20 16:17"
"49447998055","JPMC KubeCon ATL25","Tali Cohen","2026-01-28 11:45","Sam Neill (Deactivated User)","2025-11-17 23:48"
"41016928154","Willis Towers Watson","James Pritchard","2025-07-29 13:44","Subby Makinde","2025-07-29 13:38"
"61129589249","BCI Seguros","Ignacio De Loera","2026-06-17 16:43","Logan Loisel","2026-06-17 16:42"
"41875453012","The New York Times","John Romano","2025-08-12 15:38"
"35455294786","Zurich NA Insurance","Tali Cohen","2025-04-08 16:54","Benjamin Duckworth","2025-04-06 15:28","Roni Amar (Deactivated User)","2025-04-04 18:26"
"36356991267","Greenwheels - 2,028","Omri Gilad","2025-04-27 22:47"
"61028116607","NTT DATA - New Deal","Johana Ochoa","2026-06-22 19:54","Logan Loisel","2026-06-12 17:00","Adrian Sandu","2026-06-11 18:08"
"12967766407","Raiffeisen UA","Shlomi Cohen","2023-08-15 10:30","Ella Furman (Deactivated User)","2023-04-13 12:29"
"15873543193","Dell ","Sam Neill (Deactivated User)","2023-11-07 19:16","Shlomi Cohen","2023-11-01 10:48","Ella Furman (Deactivated User)","2023-11-01 10:06"
"18047932006","Cyient","Benjamin Duckworth","2024-03-18 13:21","Netta Borowitsh","2024-03-15 14:29"
"35668958492","Experian","Tali Cohen","2025-06-02 18:31","Ross Geall (Deactivated User)","2025-04-16 11:24","Amit Zonenfeld (Deactivated User)","2025-04-16 10:22","Ross Geall (Deactivated User)","2025-04-16 10:22","Amit Zonenfeld (Deactivated User)","2025-04-11 03:32"
"57060469513","Telesat","Jill Countey","2026-02-26 21:26","Logan Loisel","2026-02-26 18:45"
"15999043640","Space","Shlomi Cohen","2023-11-10 18:59","Ella Furman (Deactivated User)","2023-11-10 09:46"
"34609767188","Axle ","Logan Loisel","2025-06-11 19:16","Adrian Sandu","2025-06-10 14:58","Roni Amar (Deactivated User)","2025-04-17 16:21","Jason Chiu (Deactivated User)","2025-03-16 10:35"
"36604766845","Kroger","Tom Skarzynski (Deactivated User)","2025-05-01 23:12","Charity Lee","2025-05-01 23:12"
"29076899931","Vail Systems Inc","Amit Zonenfeld (Deactivated User)","2024-12-17 01:13","Chris Newsome","2024-11-14 16:25","Amit Zonenfeld (Deactivated User)","2024-11-14 03:21"
"58450879096","KubeCon EU 2026 - Antonios Angelakia","Sharon Peretz","2026-03-26 23:26"
"22604798790","OpenAI","Joe Leland (Deactivated User)","2025-09-30 12:06","joe@getpor.io (Deactivated User)","2025-09-30 12:00","Joe Leland (Deactivated User)","2024-10-22 16:31","Logan Loisel","2024-09-25 04:27"
"15957913366","Openly","Jill Countey","2025-03-17 20:47","Chris Newsome","2023-11-08 16:58","Ella Furman (Deactivated User)","2023-11-07 21:49"
"40832595293","Claroty","Sharon Peretz","2025-07-25 19:10","Logan Loisel","2025-07-25 19:10","Logan Loisel","2025-07-18 17:25","Sharon Peretz","2025-07-17 19:10"
"15585794842","Iterable","Chris Newsome","2023-10-12 18:27","Ella Furman (Deactivated User)","2023-10-12 16:56"
"54248329583","1Password","Daniel Alper","2026-01-22 15:37","Logan Loisel","2026-01-21 22:07"
"58519103130","Qodo - 2,027","Omri Gilad","2026-03-29 17:45"
"33028927667","Cambia Health Solutions, Inc.","Dylan Leija","2025-07-22 16:15","Chase Depperschmidt (Deactivated User)","2025-06-13 20:44","Jeff Graham","2025-02-04 18:28","John Romano","2025-02-04 18:21","Chase Depperschmidt (Deactivated User)","2025-02-04 18:19"
"22538158254","Bigabid","Sharon Peretz","2024-09-23 13:19"
"30555486986","Cryptomathic","Cillian Golden (Deactivated User)","2024-12-17 16:05","Netta Borowitsh","2024-12-17 15:54"
"34181229722","Awaze ","Cillian Golden (Deactivated User)","2025-03-03 12:22","Netta Borowitsh","2025-03-03 12:20"
"61130689340"," FDJ United","James Pritchard","2026-06-17 11:42","Jamie Summers","2026-06-17 11:42","Logan Loisel","2026-06-16 18:14"
"15963313432","SAFE health - Renewal 2024","Chris Newsome","2023-11-08 05:23"
"33115064742","illumin ","Jill Countey","2025-02-05 21:02"
"51240659055","SignalPET - AWS LV 25","Adrian Sandu","2025-12-17 18:19","Logan Loisel","2025-12-04 01:10"
"18895566438","Callibrity","Chris Newsome","2024-04-25 16:28","Netta Borowitsh","2024-04-25 16:27"
"35344532570","ERON international","Logan Loisel","2025-06-11 18:47","Adrian Sandu","2025-06-10 14:56","Netta Borowitsh","2025-04-23 16:34","Chris Newsome","2025-04-03 11:38","Roni Amar (Deactivated User)","2025-04-02 18:24"
"38321177607","Lumen","Travis Dadoly (Deactivated User)","2025-06-02 19:44","Logan Loisel","2025-06-02 18:53"
"59100086327","BAE Systems","Jamie Summers","2026-04-10 22:07"
"38331776052","BAC International Bank","Logan Loisel","2025-06-11 05:29","Tali Cohen","2025-06-03 00:42","Logan Loisel","2025-06-03 00:36"
"40471773875","ICE (Intercontinental Exchange)","Tom Skarzynski (Deactivated User)","2025-08-01 06:54","Charity Lee","2025-07-18 22:06"
"32736391094","APNIC","Scott Dunion","2025-01-30 00:45"
"18130777178","Metro Markets - KubeCon","Cillian Golden (Deactivated User)","2024-04-08 14:34","Benjamin Duckworth","2024-03-21 13:35"
"31915270803","pdfFiller","Adrian Sandu","2025-06-10 15:00","Roni Amar (Deactivated User)","2025-05-14 12:33","Cillian Golden (Deactivated User)","2025-01-13 10:48"
"55475388454","Mastercard","Tom Skarzynski (Deactivated User)","2026-02-05 00:00"
"35102149764","iO - 2,027","Ignacio De Loera","2026-01-18 10:36","Sam Neill (Deactivated User)","2025-03-26 21:31"
"13028762114","Lazard - cancelled","Ella Furman (Deactivated User)","2023-04-17 16:50"
"33350272555","Cloudinary ","Sharon Peretz","2025-02-11 17:08","Netta Borowitsh","2025-02-11 17:05"
"40683201384","Cisco Systems","Tali Cohen","2025-07-23 17:07"
"20552101505","Real Geeks","John Romano","2024-07-05 17:36"
"53886938723","Flashbots","John Romano","2026-02-10 06:19","Adrian Sandu","2026-01-15 19:38"
"35407734924","Delivery Hero","Ross Geall (Deactivated User)","2025-04-03 14:32","Netta Borowitsh","2025-04-03 13:00"
"52391663445","Priceline.com - 2,028","Daniel Alper","2025-12-31 20:58","Adrian Wong (Deactivated User)","2025-12-22 23:50"
"32309143975","PNC","Evan Smith","2026-04-23 17:20","Tom Skarzynski (Deactivated User)","2025-01-21 18:48","Tom Skarzynski (Deactivated User)","2025-01-21 18:48","Tom Skarzynski (Deactivated User)","2025-01-21 18:48","Tom Skarzynski (Deactivated User)","2025-01-21 18:48","Tom Skarzynski (Deactivated User)","2025-01-21 18:47","Tom Skarzynski (Deactivated User)","2025-01-21 18:45","Tom Skarzynski (Deactivated User)","2025-01-21 18:45","Tom Skarzynski (Deactivated User)","2025-01-21 18:45","Tom Skarzynski (Deactivated User)","2025-01-21 18:45","Netta Borowitsh","2025-01-21 18:41","Netta Borowitsh","2025-01-21 18:41","Netta Borowitsh","2025-01-21 18:41","Netta Borowitsh","2025-01-21 18:41","Netta Borowitsh","2025-01-21 18:41","Netta Borowitsh","2025-01-21 18:41","Netta Borowitsh","2025-01-21 18:41","Netta Borowitsh","2025-01-21 18:41","Netta Borowitsh","2025-01-21 18:40","Tom Skarzynski (Deactivated User)","2024-06-30 10:43"
"35411692127","NN Group ","Adrian Sandu","2025-06-11 05:33","James Bennett (Deactivated User)","2025-04-03 14:13","Netta Borowitsh","2025-04-03 13:55"
"56829011383","Wayve","Matt Bilsland","2026-02-23 20:09"
"16667515976","Getnet","Chris Newsome","2023-12-24 14:51","Ella Furman (Deactivated User)","2023-12-24 14:32"
"43739701802","Kaltura","Sharon Peretz","2025-09-16 18:11"
"20298930433","OBI Group","Benjamin Duckworth","2024-06-24 17:19","Amit Zonenfeld (Deactivated User)","2024-06-24 17:03"
"58434300697","KubeCon EU 2026 - Neon free","Matt Bilsland","2026-03-26 23:26"
"55581050502","FM - OpsLevel Rip/Replace","Rick Walker","2026-02-05 18:53"
"58898639960","Omnicell - 2,027","Andrew Johnston","2026-05-10 09:01","Omri Gilad","2026-04-07 18:52"
"29898067775","Pokemon","Logan Loisel","2025-06-11 19:24","Adrian Sandu","2025-06-10 14:59","Netta Borowitsh","2024-12-17 01:19","Chris Newsome","2024-12-08 11:15","Netta Borowitsh","2024-12-05 21:13"
"61724292266","Varonis System Ltd ","Sharon Peretz","2026-06-30 11:40","William Nagle","2026-06-29 12:12"
"20902371599","Cloudandthings","Cillian Golden (Deactivated User)","2024-07-22 16:01"
"17616039000","APS Group - 2,026","Omri Gilad","2025-01-15 16:36","Cillian Golden (Deactivated User)","2024-02-19 12:31"
"32371316262","Opsfleet","Sharon Peretz","2025-01-29 17:41","William Nagle","2025-01-23 18:54"
"32323657909","Swedbank","Ross Geall (Deactivated User)","2025-01-22 18:47","William Nagle","2025-01-22 18:47"
"55466139466","Human Resources Development Fund - Saudi Arabia","Matt Bilsland","2026-02-04 11:13"
"39623490107","Abbott","Tom Skarzynski (Deactivated User)","2025-07-02 23:41"
"35356605053","vent.io ","William Nagle","2025-04-02 14:36","Netta Borowitsh","2025-04-02 13:19"
"58452121653","KubeCon EU 2026 - Iberdrola","James Pritchard","2026-03-30 18:43","Gus Stewart","2026-03-26 23:26"
"58444367007","KubeCon EU 2026 - RV","Benjamin Duckworth","2026-03-26 23:26"
"12723955084","Issuu","Ella Furman (Deactivated User)","2023-08-16 11:02","Yonatan Boguslavski","2023-04-17 18:42","Zohar Einy","2023-03-26 09:48"
"21836225037","Gympass","Joe Leland (Deactivated User)","2025-09-30 12:06","joe@getpor.io (Deactivated User)","2025-09-30 12:00","Joe Leland (Deactivated User)","2024-11-04 18:11","Grant Dienaar (Deactivated User)","2024-09-26 20:07","Chris Newsome","2024-09-01 11:30","Grant Dienaar (Deactivated User)","2024-08-31 13:31"
"15843406479","MasterCard","Ella Furman (Deactivated User)","2023-10-30 13:04"
"18221867430","Nordlb - KubeCon","Benjamin Duckworth","2024-03-26 16:31","Cillian Golden (Deactivated User)","2024-03-25 17:53","Benjamin Duckworth","2024-03-25 13:06","Cillian Golden (Deactivated User)","2024-03-20 15:11"
"15842693548","Microsoft","Ella Furman (Deactivated User)","2023-10-30 10:56"
"61750200678","Jasper","John Romano","2026-06-29 23:26","John Romano","2026-06-16 21:42","Logan Loisel","2026-06-16 21:40","John Romano","2026-06-16 21:40","Logan Loisel","2026-06-12 16:49","John Romano","2026-06-11 21:08","Chiranjeev Singh (Deactivated User)","2026-06-11 21:08","Shlomi Cohen","2023-08-15 10:16","Aviv Lavie (Deactivated User)","2023-06-09 23:45"
"54020099401","Ticketure ","Chris Newsome","2026-01-16 03:08","Logan Loisel","2026-01-16 03:06"
"22314671652","WehKamp - SkyWorkz","Cillian Golden (Deactivated User)","2024-09-16 13:19"
"31185733550","Amplience Inc - 2,026","Omri Gilad","2025-01-15 16:48","Cillian Golden (Deactivated User)","2024-12-30 12:35"
"32986204987","UC Santa Barbara","Tom Skarzynski (Deactivated User)","2025-02-04 11:40","Tom Skarzynski (Deactivated User)","2025-02-04 11:40","Tom Skarzynski (Deactivated User)","2025-02-04 11:39","Netta Borowitsh","2025-02-03 22:14","Netta Borowitsh","2025-02-03 22:14","Netta Borowitsh","2025-02-03 22:14","Tom Skarzynski (Deactivated User)","2025-01-14 15:17","Tom Skarzynski (Deactivated User)","2024-12-04 12:16","Tom Skarzynski (Deactivated User)","2024-12-04 12:09","Netta Borowitsh","2024-12-04 00:07","Netta Borowitsh","2024-12-03 20:47"
"59018144669","Akamai","Tali Cohen","2026-04-09 17:58","Dylan Leija","2026-04-09 17:54"
"60659614893","Foresters - Renewal - 2,030","Omri Gilad","2026-05-27 10:59"
"57902115955","Pacifico Salud","Logan Loisel","2026-03-11 10:24","Gal Tarrab Levi","2026-03-11 02:40"
"28847934106","Desjardins General Insurance Inc ","Jeff Graham","2024-11-10 13:48","Amit Zonenfeld (Deactivated User)","2024-11-07 17:08"
"34739749411","Bread Financial","Tom Skarzynski (Deactivated User)","2025-03-18 10:50","Netta Borowitsh","2025-03-17 21:10"
"31827022426","Napier","Sharon Peretz","2025-12-09 20:23","Cillian Golden (Deactivated User)","2025-01-12 11:18","Netta Borowitsh","2025-01-10 00:06","Cillian Golden (Deactivated User)","2025-01-06 19:35","Sharon Peretz","2025-01-06 19:05","Netta Borowitsh","2025-01-06 18:43"
"60638687669","Biocatch ","William Nagle","2026-06-15 15:02","Sharon Peretz","2026-05-26 15:12","William Nagle","2026-05-26 14:02"
"28960657441","RTX (Raytheon)","Jeff Graham","2024-11-13 13:26","Amit Zonenfeld (Deactivated User)","2024-11-12 22:30"
"32081819730","Vimeo","Joe Leland (Deactivated User)","2025-09-30 12:06","joe@getpor.io (Deactivated User)","2025-09-30 11:59","Joe Leland (Deactivated User)","2025-01-15 18:01","Joe Leland (Deactivated User)","2025-01-15 18:00","Dylan Leija","2025-01-15 16:39","Dylan Leija","2025-01-15 16:38","Joe Leland (Deactivated User)","2024-11-14 16:20","John Romano","2024-11-14 16:12","Dylan Leija","2024-11-14 01:22"
"57982501705","Credit Acceptance Corporation - 2,026","Daniel Alper","2026-03-16 15:00","Daniel Alper","2025-09-25 16:28","Daniel Alper","2025-04-24 20:42"
"58443902313","KubeCon EU 2026 - VTEX","Matt Bilsland","2026-03-30 12:05","James Pritchard","2026-03-26 23:26"
"20460517241","ASI","John Romano","2024-07-01 15:02"
"21224188024","Rakuten Group, Inc. ","Benjamin Duckworth","2024-08-08 13:33","Netta Borowitsh","2024-08-08 12:27","Benjamin Duckworth","2024-08-07 13:35","Netta Borowitsh","2024-08-07 00:38"
"14825003831","Schlumberger (SLB)","Sam Neill (Deactivated User)","2023-09-24 16:50","Shlomi Cohen","2023-08-31 07:22","Ella Furman (Deactivated User)","2023-08-25 14:21"
"43128788832","Travel Perk","Matt Bilsland","2026-01-15 13:25","Benjamin Duckworth","2025-12-04 13:57","Cillian Golden (Deactivated User)","2025-08-29 14:43","Adrian Sandu","2025-08-29 14:37"
"12406991989","Neo technology","Ella Furman (Deactivated User)","2023-08-16 11:01","Zohar Einy","2023-03-05 14:35","Roni Floman (Deactivated User)","2023-03-05 13:51"
"42938350666","Jumia Group ","James Pritchard","2025-08-27 12:35"
"60260217235","SoftwareONE","Johana Ochoa","2026-05-15 18:16","Logan Loisel","2026-05-15 04:51"
"32095738155","GHX","John Romano","2025-01-16 10:52","Netta Borowitsh","2025-01-16 00:08","John Romano","2024-12-16 12:30","Chase Depperschmidt (Deactivated User)","2024-12-14 00:57"
"34338702998","SonicWall Inc  - 2,026","Omri Gilad","2025-12-31 21:01","Adrian Wong (Deactivated User)","2025-04-14 15:35","Omri Gilad","2025-03-07 11:05"
"16770266168","Nestle ","Benjamin Duckworth","2024-01-02 16:20","Ella Furman (Deactivated User)","2024-01-02 16:18"
"10146608401","Transmit Security basic","Ella Furman (Deactivated User)","2023-08-16 11:01","Zohar Einy","2022-09-11 13:50"
"56896639796","Ki Insurance","Matt Bilsland","2026-02-24 16:31","William Nagle","2026-02-24 16:30","Matt Bilsland","2026-02-24 16:25"
"19700662049","Axpo","Benjamin Duckworth","2024-05-29 17:49"
"58444367006","KubeCon EU 2026 - Lumitec Technologies","Sharon Peretz","2026-03-26 23:26"
"15978403749","Iquall Networks","Adrian Sandu","2025-06-10 14:59","Netta Borowitsh","2023-12-03 16:14","Ella Furman (Deactivated User)","2023-12-03 14:54","Chris Newsome","2023-11-09 13:45","Ella Furman (Deactivated User)","2023-11-09 00:19"
"19688735506","Maxar Intelligence","John Romano","2024-05-29 11:02"
"39979308624","Infosys Limited","Adrian Sandu","2025-07-31 01:24","Scott Dunion","2025-07-11 10:51","Adrian Sandu","2025-07-11 08:15"
"39382308714","SolarWinds - 2,028","Andrew Johnston","2026-05-10 09:01","Omri Gilad","2025-12-31 21:01","Adrian Wong (Deactivated User)","2025-07-15 15:31","Omri Gilad","2025-06-27 19:20"
"37860056746","Waystar","Jill Countey","2025-05-23 20:26","Logan Loisel","2025-05-23 20:24"
"51931878572","APS Group - 2,029","Omri Gilad","2025-12-16 15:30"
"38680271147","Everest Global (EPAM Partner)","John Romano","2025-06-09 22:09"
"60635829917","Venice ","Sharon Peretz","2026-05-26 11:47"
"36539324818","E.ON ","James Pritchard","2025-05-04 12:11","Roni Amar (Deactivated User)","2025-04-30 13:27"
"19153348227","Ozone API","Sharon Peretz","2024-05-06 15:28"
"31639578481","Organized Crime and Corruption Reporting Project","William Nagle","2025-01-07 10:55"
"16351467041","Esh","Shlomi Cohen","2023-12-04 19:40","Ella Furman (Deactivated User)","2023-12-04 07:38"
"57019395000","Lincoln Financial","Tali Cohen","2026-02-25 20:45","Logan Loisel","2026-02-25 20:44"
"44552546871","ifm","Ross Geall (Deactivated User)","2025-09-29 12:58","James Pritchard","2025-09-29 12:00","Logan Loisel","2025-09-26 10:58"
"31604102818","Intuit","Rick Walker","2026-01-28 11:41","Sam Neill (Deactivated User)","2025-01-06 19:47","Logan Loisel","2025-01-06 19:46"
"33026137440","Beeline ","Daniel Alper","2025-02-05 10:43"
"20832341011","2U","Chris Newsome","2024-07-18 15:42","Ella Furman (Deactivated User)","2024-07-18 11:53"
"61031746226","Sony Music","Rachel Jean","2026-06-11 22:24"
"17929506137","Konfío","Chris Newsome","2024-03-10 10:42"
"62119828995","Bread Financial - New Deal","Charity Lee","2026-07-02 22:14"
"59099790700","FLAG Telecom","William Nagle","2026-04-10 22:07"
"19994639630","Mimecast","Cillian Golden (Deactivated User)","2024-06-13 09:54"
"33264247961","Saas.group ","Sharon Peretz","2025-02-10 14:30","Sharon Peretz","2025-02-10 14:29","Sharon Peretz","2025-02-10 11:44","William Nagle","2025-02-10 11:43","William Nagle","2025-02-09 10:42","Roni Amar (Deactivated User)","2025-02-08 07:33"
"43807419049","ZENITHR - New Deal","Adrian Sandu","2025-09-16 16:37"
"60273525053","Hartford HealthCare","Jeff Graham","2026-05-15 17:57","Logan Loisel","2026-05-15 17:56"
"20800477336","BNY Mellon","Tom Skarzynski (Deactivated User)","2024-07-16 20:11"
"35903097723","FMG- Services","Scott Dunion","2025-04-20 14:04"
"54298799666","Open Bet","Matt Bilsland","2026-01-21 11:46"
"61031501897","Cognizant","Logan Loisel","2026-06-11 21:11"
"20206099591","Flux Federation","Cillian Golden (Deactivated User)","2024-06-20 09:57"
"58442278502","KubeCon EU 2026 - Opentext","Tali Cohen","2026-04-02 16:08","Dylan Leija","2026-03-30 21:32","Jill Countey","2026-03-26 23:26"
"44074648406","IONNA","John Romano","2025-09-23 20:16","Logan Loisel","2025-09-22 18:36"
"40325618477","Sony Music","Jeff Graham","2025-07-16 21:21","Logan Loisel","2025-07-16 17:53"
"59093755265","Aker Systems","Subby Makinde","2026-04-10 22:07"
"39967440167","McKesson","Jeff Graham","2025-07-10 16:10","Logan Loisel","2025-07-10 16:09"
"55927702657","Navteca / NASA","Jeff Graham","2026-02-10 18:11","Logan Loisel","2026-02-10 18:08"
"39343962115","Richemont - 2,026","Benjamin Duckworth","2025-06-26 17:56"
"18678220120","Cegeka","Benjamin Duckworth","2024-04-16 18:52","Ella Furman (Deactivated User)","2024-04-16 18:23"
"58429400872","KubeCon EU 2026 - Servers.com","William Nagle","2026-03-27 17:11","Adrian Sandu","2026-03-26 23:26"
"36553340435","AKQA","Dylan Leija","2025-05-14 16:12","Jason Chiu (Deactivated User)","2025-05-04 11:20","Netta Borowitsh","2025-04-30 10:44"
"42907559436","Cymulate","Sharon Peretz","2025-08-28 11:32","Adrian Sandu","2025-08-26 20:18"
"58434768955","KubeCon EU 2026 - RTL Tech GmbH","James Butcher","2026-03-26 23:26"
"43943080880","Humana","Tom Skarzynski (Deactivated User)","2025-09-19 19:19","Logan Loisel","2025-09-19 18:58"
"35364220464","TRG Research & Development ","Cillian Golden (Deactivated User)","2025-04-03 18:11","Roni Amar (Deactivated User)","2025-04-02 13:14"
"53444051221","Apple","Jeff Graham","2026-01-09 17:21"
"58446222707","KubeCon EU 2026 - SETAR N.V.","Daniel Alper","2026-03-26 23:26"
"58447618187","Infineon Technologies (KC) - Backstage Replacement","John Barnes","2026-03-26 23:26"
"39576569990","S&P Global","Tom Skarzynski (Deactivated User)","2025-07-02 00:15"
"33357853962","MLB","Sam Neill (Deactivated User)","2025-02-11 18:39"
"12723955077","Belk","Ella Furman (Deactivated User)","2023-08-16 11:01","Yonatan Boguslavski","2023-04-17 18:38","Zohar Einy","2023-03-26 09:47"
"62065864598","Chainalysis ","John Romano","2026-07-02 16:46","Logan Loisel","2026-07-02 12:01"
"61129843029","Charter Communications","Jeff Graham","2026-06-16 18:28","Rachel Jean","2026-06-16 18:28"
"34294493701","Gambling.com Group","Cillian Golden (Deactivated User)","2025-03-10 11:19","Jill Countey","2025-03-06 10:11","Netta Borowitsh","2025-03-06 01:20"
"35461501455","Rakuten TV","William Nagle","2025-05-08 01:42","Scott Dunion","2025-04-07 11:34","Netta Borowitsh","2025-04-04 14:53"
"14193918545","Bedag","Ella Furman (Deactivated User)","2023-08-16 11:01","Aviv Lavie (Deactivated User)","2023-07-17 17:43"
"18676512359","Akamai Technologies","Tom Skarzynski (Deactivated User)","2024-04-16 16:30","Ella Furman (Deactivated User)","2024-04-16 16:28"
"61054513442","Calendly - New Deal","Aaron Marans","2026-06-18 00:01","Logan Loisel","2026-06-12 23:33"
"22862474381","Adform","Sharon Peretz","2024-10-02 18:42"
"12760729913","Health Union","Ella Furman (Deactivated User)","2023-03-29 10:43"
"58447153003","KubeCon EU 2026 - ITQ","Matt Bilsland","2026-03-26 23:26"
"13038876793","1Komma5Grad","Ella Furman (Deactivated User)","2023-04-18 09:41"
"58436004226","KubeCon EU 2026 - AWS","Adrian Sandu","2026-04-28 17:22","Benjamin Duckworth","2026-03-27 16:43","Adrian Sandu","2026-03-27 16:42","Benjamin Duckworth","2026-03-26 23:26"
"40630488445","Curative Inc","Jill Countey","2025-07-23 15:55","Logan Loisel","2025-07-22 17:19"
"61191502862","Molex - 2,027","Rick Walker","2026-06-17 19:38"
"18144130324","The New York Times - KubeCon","Chris Newsome","2024-03-21 16:49"
"35300703056","Bonnier News","Adrian Sandu","2025-06-10 14:58","Netta Borowitsh","2025-04-23 13:58","Benjamin Duckworth","2025-04-01 12:09","Netta Borowitsh","2025-04-01 11:49"
"29895061171","Epic Games, Inc.","Rick Walker","2026-01-28 11:41","Sam Neill (Deactivated User)","2024-12-05 15:37","Dylan Leija","2024-12-05 03:13"
"29880124309","Leadsales","Grant Dienaar (Deactivated User)","2024-12-08 11:17","Joe Leland (Deactivated User)","2024-12-05 21:17"
"62134179230","Bread Financial - New Deal","Charity Lee","2026-07-02 22:14"
"29771133488","Nexio","Joe Leland (Deactivated User)","2025-09-30 12:06","joe@getpor.io (Deactivated User)","2025-09-30 12:00","Joe Leland (Deactivated User)","2024-12-03 15:57","Netta Borowitsh","2024-12-03 05:21"
"45680907342","Spare","Jill Countey","2025-10-09 22:33","Logan Loisel","2025-10-09 22:03"
"45967801202","Symbotic","Daniel Alper","2025-10-14 20:34","Dylan Leija","2025-10-14 20:32","Dylan Leija","2025-09-25 19:56","Daniel Alper","2025-09-04 00:27"
"15847963414","Money Lion","Shlomi Cohen","2023-11-22 09:42","Chris Newsome","2023-10-30 18:04"
"45327249576","Empresas SB","Ignacio De Loera","2026-04-23 17:29","Travis Dadoly (Deactivated User)","2025-10-09 14:59","Jill Countey","2025-10-07 23:01","Logan Loisel","2025-10-07 22:58"
"49725170717","Oviva","Sharon Peretz","2025-11-20 18:11","Adrian Sandu","2025-11-20 18:00"
"61031595592","Cellular Sales","Wren Huston","2026-06-11 22:19"
"59083803298","Infosys","Johana Ochoa","2026-04-10 22:07"
"47442349666","Salt Lake City Government","Jason Chiu (Deactivated User)","2025-11-17 20:37","Logan Loisel","2025-10-28 21:47"
"17858087799","NetDocuments - 2,025","Omri Gilad","2025-01-15 16:37","Chris Newsome","2024-03-04 21:46"
"35113463718","Gucci","Ross Geall (Deactivated User)","2025-03-26 21:00"
"15842015008","KTM","Benjamin Duckworth","2023-12-04 11:47","Shlomi Cohen","2023-10-30 10:32","Ella Furman (Deactivated User)","2023-10-30 09:56"
"35308513704","Ilia pokrass","William Nagle","2025-04-01 14:48","Netta Borowitsh","2025-04-01 12:44"
"58369081867","Confluent IO","Jill Countey","2026-03-26 17:44","Wren Huston","2026-03-26 17:44"
"33636883273","Omnicom Group","Jeff Graham","2025-02-27 16:23","Tom Skarzynski (Deactivated User)","2025-02-19 10:58"
"10146627721","Kela","Ella Furman (Deactivated User)","2023-08-16 11:02","Zohar Einy","2022-09-11 14:19"
"60243996450","Jarden Australia","Scott Dunion","2026-05-28 11:26","Adrian Sandu","2026-05-14 08:20"
"46599015704","SITA","Subby Makinde","2025-11-17 17:18","James Pritchard","2025-10-21 18:06"
"36079264420","Centrica","James Bennett (Deactivated User)","2025-04-23 15:22","Roni Amar (Deactivated User)","2025-04-22 16:54"
"32820688536","DXC Technologies - Transbank	","Joe Leland (Deactivated User)","2025-09-30 12:06","joe@getpor.io (Deactivated User)","2025-09-30 12:00","Joe Leland (Deactivated User)","2025-02-02 11:59","Netta Borowitsh","2025-01-31 19:36","Netta Borowitsh","2025-01-31 18:13","Joe Leland (Deactivated User)","2024-12-25 17:08","Roni Amar (Deactivated User)","2024-12-23 21:11"
"38119588215","GeneDx - 2,026","Edouard Carakehian","2026-02-08 13:09","Omri Gilad","2025-12-31 21:01","Adrian Wong (Deactivated User)","2025-07-03 17:08","Omri Gilad","2025-05-28 19:14"
"21797281635","Pinnacol","Chris Newsome","2024-08-29 16:37"
"60686327418","Intel ","Johana Ochoa","2026-05-28 18:14","Charity Lee","2026-05-28 15:06","Logan Loisel","2026-05-28 15:05"
"43507392852","JD Sports Fashion","James Pritchard","2025-09-09 12:24","Adrian Sandu","2025-09-09 12:17"
"45144986961","Cloudflare, Inc.","Charity Lee","2025-10-17 19:51","Tali Cohen","2025-10-03 19:50"
"16894659893","Maven Wave Partners","Chris Newsome","2024-01-11 18:05","Amit Zonenfeld (Deactivated User)","2024-01-11 17:42"
"35308357949","Grammarly ","Jill Countey","2025-04-01 14:04","Netta Borowitsh","2025-04-01 12:37"
"38916427638","Athena Health","Jeff Graham","2025-06-16 18:18","Logan Loisel","2025-06-16 14:16"
"53014741042","Garmin","Rick Walker","2026-04-13 12:47","Travis Dadoly (Deactivated User)","2026-01-05 20:26","Adrian Sandu","2026-01-05 20:25"
"51048337760","United Airlines - AWS LV 25","Travis Dadoly (Deactivated User)","2026-01-14 16:06","Sam Neill (Deactivated User)","2025-12-03 02:22","Logan Loisel","2025-12-03 02:15"
"58180614835","Roche","James Pritchard","2026-03-19 13:52","Subby Makinde","2026-03-19 13:36","James Pritchard","2026-03-19 13:30","Adrian Sandu","2026-03-19 13:29"
"21704041259","Merck - 2,025","Omri Gilad","2025-01-15 16:44","Sharon Peretz","2024-08-25 14:49"
"62129718277","Bread Financial - New Deal","Charity Lee","2026-07-02 22:14"
"52864576356","Global Payments","Evan Smith","2026-04-23 17:23","Tom Skarzynski (Deactivated User)","2025-12-31 11:17","Logan Loisel","2025-12-31 09:04"
"36587548510","Credera","Jill Countey","2025-05-04 13:02","Netta Borowitsh","2025-04-30 17:51"
"61051411220","Greater New York Mutual Insurance","Wren Huston","2026-06-12 22:58","Logan Loisel","2026-06-12 20:30"
"60319579220","Latam Airlines - 2,027","Ignacio De Loera","2026-05-18 20:57"
"13520017541","YOTPO","Ella Furman (Deactivated User)","2023-08-13 18:41","Aviv Lavie (Deactivated User)","2023-05-31 10:32"
"19547422038","Lululemon","Sam Neill (Deactivated User)","2024-05-23 14:51","Amit Zonenfeld (Deactivated User)","2024-05-22 22:52"
"28456821538","FundGuard","Sharon Peretz","2024-10-29 14:00","Amit Zonenfeld (Deactivated User)","2024-10-29 13:57"
"58559454505","Credit Acceptance Corporation - 2,027","Daniel Alper","2026-03-30 20:07"
"42639264077","Glintt Global - 2,028","Edouard Carakehian","2026-02-08 13:09","Omri Gilad","2025-08-21 12:04"
"61113546753","HPE","Tali Cohen","2026-06-15 23:29","Dylan Leija","2026-06-15 23:29"
"52464739257","Capital.com - 2,027","Edouard Carakehian","2026-02-08 13:06","Omri Gilad","2025-12-23 17:36"
"34428910983","Prudential Financial","Jeff Graham","2025-03-09 10:34","Netta Borowitsh","2025-03-06 22:52","Jeff Graham","2025-03-04 23:18","Netta Borowitsh","2025-03-04 19:29","Jeff Graham","2025-02-25 17:44","Netta Borowitsh","2025-02-25 17:43"
"61848307477","Richemont - 2,027","Benjamin Duckworth","2026-06-30 11:17"
"13618152844","EverQuote","Chris Newsome","2023-09-22 12:13","Shlomi Cohen","2023-08-13 15:10","Aviv Lavie (Deactivated User)","2023-06-07 20:10"
"18710251627","Toast","Tom Skarzynski (Deactivated User)","2024-04-18 13:58","Netta Borowitsh","2024-04-17 22:59"
"44081380461","Batteries Plus","EJ Rauseo","2025-09-22 21:20","Logan Loisel","2025-09-22 21:19"
"49772002999","Canadian Tire Corporation","Jeff Graham","2026-04-23 17:24","Rick Walker","2026-04-23 17:24","Tom Skarzynski (Deactivated User)","2025-11-21 16:04","Logan Loisel","2025-11-21 16:02"
"32371394627","Cycode","Sharon Peretz","2025-01-27 10:42","Netta Borowitsh","2025-01-23 19:31"
"20832466799","Evooq","Sharon Peretz","2024-07-18 15:52","Ella Furman (Deactivated User)","2024-07-18 11:59"
"34509233475","Accenture (India)","Scott Dunion","2025-03-11 10:42","Netta Borowitsh","2025-03-11 06:28"
"61030116685","IBM","Logan Loisel","2026-06-11 22:21"
"45002272902","Playrix","Cillian Golden (Deactivated User)","2025-10-01 13:15","William Nagle","2025-10-01 13:15"
"13056011060","Chili Publish - reschedule","Ella Furman (Deactivated User)","2023-08-16 11:01","Yonatan Boguslavski","2023-04-19 14:55"
"15090849569","Weka 2024","Sharon Peretz","2024-05-01 15:50","Cillian Golden (Deactivated User)","2024-01-28 09:10","Shlomi Cohen","2023-09-10 13:50"
"35363912763","Banco BV","Tom Skarzynski (Deactivated User)","2025-04-02 13:06"
"32650939727","Cateina Technologies Pvt. Ltd","Scott Dunion","2025-01-28 18:49","Netta Borowitsh","2025-01-28 18:11"
"40664465481","Microsoft","Johana Ochoa","2025-08-08 20:36","Sam Neill (Deactivated User)","2025-07-22 16:30","Logan Loisel","2025-07-22 16:27"
"58553534881","Ellison Institute of Technology - New Deal","Matt Bilsland","2026-03-30 15:34"
"57417386788","Creative Capsule ","Scott Dunion","2026-03-06 10:35","Logan Loisel","2026-03-03 14:45","Adrian Sandu","2026-03-03 14:44"
"14542873492","Trivago","Chris Newsome","2023-09-30 09:29","Shlomi Cohen","2023-09-29 17:33","Ella Furman (Deactivated User)","2023-08-13 18:41","Shlomi Cohen","2023-08-09 16:41"
"29904147561","World Intellectual Property Organization","Benjamin Duckworth","2024-12-09 15:27","Sam Neill (Deactivated User)","2024-12-05 22:06"
"59186349701","Kering S.A","Benjamin Duckworth","2026-04-17 12:13","Adrian Sandu","2026-04-17 12:12"
"16453347099","Siemens Gamesa","Benjamin Duckworth","2023-12-12 13:57","Ella Furman (Deactivated User)","2023-12-11 20:37"
"15843407223","Amazon","Ella Furman (Deactivated User)","2023-10-30 13:12"
"15993108304","AKUITY","Chris Newsome","2023-11-28 17:13","Shlomi Cohen","2023-11-12 10:00","Chris Newsome","2023-11-10 18:47","Ella Furman (Deactivated User)","2023-11-09 22:10"
"59273252988","Banorte","Ignacio De Loera","2026-04-17 17:30","Logan Loisel","2026-04-17 17:30"
"15237003265","Workboard","Chris Newsome","2023-10-10 17:16","Ella Furman (Deactivated User)","2023-09-19 19:28"
"28211600539","Wegmans ","Sam Neill (Deactivated User)","2024-10-22 17:07","Amit Zonenfeld (Deactivated User)","2024-10-21 20:50"
"57132080721","ITOCHU Techno-Solutions America","Adrian Sandu","2026-02-27 17:08","Logan Loisel","2026-02-27 00:59"
"35307579558","Palo Alto","William Nagle","2025-04-14 10:27","Sharon Peretz","2025-04-01 11:57","Netta Borowitsh","2025-04-01 11:43"
"14247595175","Xceptor","Chris Newsome","2023-09-30 14:45","Shlomi Cohen","2023-08-14 10:39","Ella Furman (Deactivated User)","2023-07-20 15:07"
"13037278764","Exxonn Mobil","Sam Neill (Deactivated User)","2023-09-22 12:36","Shlomi Cohen","2023-08-13 18:40","Zohar Einy","2023-04-18 06:11"
"22835560974","Adobe","Sam Neill (Deactivated User)","2024-10-04 21:19","Roi Talpaz (Deactivated User)","2024-10-01 16:31","Logan Loisel","2024-10-01 16:29"
"28292994719","Volvo","Benjamin Duckworth","2024-10-23 12:13"
"32463116087","ActBlueTech","Joe Leland (Deactivated User)","2025-09-30 12:06","joe@getpor.io (Deactivated User)","2025-09-30 11:59","Joe Leland (Deactivated User)","2025-01-26 15:55","Netta Borowitsh","2025-01-26 15:53","Joe Leland (Deactivated User)","2025-01-26 15:45","Joe Leland (Deactivated User)","2025-01-26 15:45","Netta Borowitsh","2025-01-26 09:40","Netta Borowitsh","2025-01-26 09:40","Joe Leland (Deactivated User)","2024-06-23 16:37","Chris Newsome","2024-06-23 11:15","Joe Leland (Deactivated User)","2024-06-23 10:47"
"43697670192","Cynet","Sharon Peretz","2025-09-16 12:10"
"12747646254","Earnin","Shlomi Cohen","2023-08-13 18:40","Ella Furman (Deactivated User)","2023-03-28 13:37"
"52040689022","Kieser Australia","Dylan Leija","2025-12-18 00:31"
"29903370371","Volvo ","Benjamin Duckworth","2024-12-09 14:54","Grant Dienaar (Deactivated User)","2024-12-05 20:48"
"59336275820","Eleos ","Sharon Peretz","2026-04-20 11:40","Logan Loisel","2026-04-20 00:55"
"59105297954","Brillanz Group","Jamie Summers","2026-04-10 22:07"
"33150031706","Mastercard Inc.","Tom Skarzynski (Deactivated User)","2025-02-07 00:46"
"18654695336","Groupo AutoGlass","Joe Leland (Deactivated User)","2025-09-30 12:06","joe@getpor.io (Deactivated User)","2025-09-30 12:00","Joe Leland (Deactivated User)","2024-04-16 13:16"
"40614320536","Contraloría General de la República","Travis Dadoly (Deactivated User)","2025-07-28 19:36","Amit Zonenfeld (Deactivated User)","2025-07-22 02:13"
"39107334999","Presidio Networked Solutions Group, LLC","John Romano","2025-06-21 00:06","Jill Countey","2025-06-21 00:05","Chase Depperschmidt (Deactivated User)","2025-06-21 00:00"
"34627684528","FNZ Group","Ross Geall (Deactivated User)","2025-03-13 14:19","Ross Geall (Deactivated User)","2025-03-13 14:19","Netta Borowitsh","2025-03-12 19:53","Roni Amar (Deactivated User)","2025-03-12 19:53","Ross Geall (Deactivated User)","2025-03-03 10:23","Netta Borowitsh","2025-03-02 23:51"
"61849862024","Airline Tariff Publishing Company - 2,027","Omri Gilad","2026-06-30 09:56"
"35315251034","ICA ","Adrian Sandu","2025-06-11 05:33","James Bennett (Deactivated User)","2025-04-01 12:14","Roni Amar (Deactivated User)","2025-04-01 12:09"
"57801789196","CommerceIQ","Scott Dunion","2026-03-09 12:28","Logan Loisel","2026-03-09 10:48"
"32157802024","Progress","John Romano","2025-01-17 22:31"
"51628817708","Navy Federal Credit Union","Evan Smith","2026-04-23 17:24","Jenny Lucas (Deactivated User)","2026-04-13 12:46","Travis Dadoly (Deactivated User)","2025-12-11 20:08","Tali Cohen","2025-12-11 19:19","Logan Loisel","2025-12-11 18:57"
"48384580003","TAL  - 2,026","Scott Dunion","2025-11-05 23:56"
"49155575149","Ohio Health KubeCon ATL 25","Tali Cohen","2025-11-17 23:22","Logan Loisel","2025-11-14 23:35"
"29070082904","3CLogic","John Romano","2024-11-13 20:43"
"33623608650","BT - Q1 expansion","Benjamin Duckworth","2025-02-18 11:09"
"29804750262","Hitachi Digital Services","Jeff Graham","2024-12-04 02:17"
"58380750744","Danske bank (KC) - Backstage Replacement & AEP","John Barnes","2026-03-26 11:59"
"61460840620","FlixBus - New Deal","Adrian Sandu","2026-06-23 16:26"
"37360305712","Philip Morris International","Benjamin Duckworth","2025-05-18 14:01","Netta Borowitsh","2025-04-25 12:55","Benjamin Duckworth","2024-07-23 10:18"
"61047216288","HSBC - New Deal","Adrian Sandu","2026-06-12 17:43","Subby Makinde","2026-06-12 16:40"
"61578697273"," - New Deal","Logan Loisel","2026-06-24 22:54"
"43530696224","Workiva ","John Romano","2025-09-10 16:53"
"37129739031","Guidehouse","Logan Loisel","2025-05-29 21:18","Jeff Graham","2025-05-15 16:39","Netta Borowitsh","2025-05-13 17:40"
"43581839929","Shape Digital - 2,026","Omri Gilad","2025-12-31 21:01","Adrian Wong (Deactivated User)","2025-09-10 22:53"
"61030101558","Copart","Dylan Leija","2026-06-11 22:19"
"16157512743","Safran","Benjamin Duckworth","2023-12-27 18:23","Shlomi Cohen","2023-11-21 13:39","Ella Furman (Deactivated User)","2023-11-21 12:05"
"32425586008","Pagaya","Sharon Peretz","2025-01-26 16:15","Netta Borowitsh","2025-01-26 09:40","Sharon Peretz","2024-04-05 16:16","Shlomi Cohen","2024-03-05 09:36"
"32466891952","SEB Group","Benjamin Duckworth","2026-01-15 13:31","Ross Geall (Deactivated User)","2025-01-26 16:34","Ross Geall (Deactivated User)","2025-01-26 16:34","Ross Geall (Deactivated User)","2025-01-26 16:34","Ross Geall (Deactivated User)","2025-01-26 16:34","Netta Borowitsh","2025-01-23 12:24","Netta Borowitsh","2025-01-23 12:23","Netta Borowitsh","2025-01-23 12:23","Netta Borowitsh","2025-01-23 12:23","Ross Geall (Deactivated User)","2025-01-23 11:27","Netta Borowitsh","2025-01-22 14:04","Ross Geall (Deactivated User)","2024-12-16 13:04","Netta Borowitsh","2024-12-16 11:41"
"37417147964","Everest  - 2,026","John Romano","2025-05-19 15:02"
"61682733828","IntraFi - New Deal","Aaron Marans","2026-06-26 23:03"
"12760571783","EVgo","Ella Furman (Deactivated User)","2023-03-29 10:47"
"43491028328","Zalando","Benjamin Duckworth","2026-02-03 16:54","Ross Geall (Deactivated User)","2025-09-09 12:36"
"35139355912","Walr","Cillian Golden (Deactivated User)","2025-03-30 11:32","Netta Borowitsh","2025-03-28 13:04"
"46445562209","Thrivent","Tom Skarzynski (Deactivated User)","2025-10-19 18:24"
"29787641873","Cobre","Chris Newsome","2024-12-03 01:18"
"48872314254","Big League Advantage","EJ Rauseo","2026-01-05 16:33","Jason Chiu (Deactivated User)","2025-11-17 20:35","Logan Loisel","2025-11-11 18:40"
"15977873460","Rakuten","Benjamin Duckworth","2023-12-14 15:31","Ella Furman (Deactivated User)","2023-12-14 15:29","Shlomi Cohen","2023-11-09 16:59","Ella Furman (Deactivated User)","2023-11-08 23:17"
"39222792539","Qodo - 2,026","Shlomi Cohen","2026-03-30 00:37","Omri Gilad","2025-10-22 17:42","Shlomi Cohen","2025-06-24 10:41"
"59092989276","HCLSoftware","Johana Ochoa","2026-04-10 22:07"
"28651928711","Woolworths","Scott Dunion","2025-09-04 12:54","Benjamin Duckworth","2024-11-03 14:28","Benjamin Duckworth","2024-11-03 14:28","Netta Borowitsh","2024-11-01 04:28","Netta Borowitsh","2024-11-01 04:27","Benjamin Duckworth","2024-05-19 14:41"
"13387020311","FreshBooks","Ella Furman (Deactivated User)","2023-05-19 15:33"
"49476360713","Lakeview","EJ Rauseo","2025-11-18 19:57"
"12950772138","Adobe","Ella Furman (Deactivated User)","2023-04-12 18:05"
"20692882498","DKV Mobility ","Cillian Golden (Deactivated User)","2024-07-14 10:11"
"35349553314","Domino's Pizza","Rick Walker","2026-02-02 20:30","Sam Neill (Deactivated User)","2025-04-03 10:56","Netta Borowitsh","2025-04-02 16:15"
"35128267084","Epidemic Sound","Sharon Peretz","2025-03-27 14:46","Netta Borowitsh","2025-03-24 16:19","Sharon Peretz","2025-03-24 15:36","Netta Borowitsh","2025-03-24 15:32","Sharon Peretz","2025-01-29 17:04"
"50331651505","Early Warning Services (Zelle)","Daniel Alper","2025-11-25 05:22","Logan Loisel","2025-11-25 05:21"
"36458287026","Sephora ","James Pritchard","2025-07-16 22:38","James Bennett (Deactivated User)","2025-04-29 10:27","Netta Borowitsh","2025-04-29 05:14"
"50879472025","Maryville University - AWS LV 25","Jason Chiu (Deactivated User)","2025-12-02 16:23","Logan Loisel","2025-12-02 16:20"
"19251235502","Foodstuffs North Island","Benjamin Duckworth","2024-05-12 10:06","Ella Furman (Deactivated User)","2024-05-10 00:02"
"18169290299","Kyriba  - KubeCon meeting","Chris Newsome","2024-03-27 13:07"
"61678859836","American Airlines - New Deal","Logan Loisel","2026-06-26 23:03"
"17789192966","S&P Global Inc.","Tom Skarzynski (Deactivated User)","2024-03-07 11:17","Sam Neill (Deactivated User)","2024-02-29 15:51","Netta Borowitsh","2024-02-29 14:34"
"18126240939","Temabit - KubeCon","Cillian Golden (Deactivated User)","2024-03-21 18:52","Benjamin Duckworth","2024-03-20 15:23"
"53441965233","BMW","Benjamin Duckworth","2026-01-13 17:46","Ross Geall (Deactivated User)","2026-01-08 11:17","Adrian Sandu","2026-01-08 11:16","Adrian Sandu","2026-01-08 09:21","Ross Geall (Deactivated User)","2026-01-07 12:57"
"44758021555","WGU - 2,027","Andrew Johnston","2026-05-10 09:04","Omri Gilad","2025-12-31 21:01","Adrian Wong (Deactivated User)","2025-09-29 05:33"
"51151347513","ABB - AWS LV 25","James Pritchard","2025-12-04 10:46"
"29379011387","Clover","Chris Newsome","2024-11-20 11:06","Netta Borowitsh","2024-11-20 01:56"
"15291146561","Aschehoug","Ella Furman (Deactivated User)","2023-09-23 03:56"
"59186256784","AXA","Benjamin Duckworth","2026-04-16 14:11","Benjamin Duckworth","2026-02-03 17:00","Benjamin Duckworth","2026-01-15 13:33","Ross Geall (Deactivated User)","2025-10-20 17:08","Adrian Sandu","2025-10-20 17:01","Ross Geall (Deactivated User)","2025-09-19 14:32"
"35306189206","PayNet ","William Nagle","2025-04-17 21:09","Scott Dunion","2025-04-01 14:00","Netta Borowitsh","2025-04-01 12:36"
"31466818948","WalkMe LTD.","Sharon Peretz","2025-01-05 10:27","Grant Dienaar (Deactivated User)","2025-01-05 08:30"
"37097401877","Mark Anthony Group","John Romano","2025-05-12 11:43"
"38291142816","Accenture","Charity Lee","2025-06-23 21:51","Sam Neill (Deactivated User)","2025-05-30 23:05"
"51694547534","Lantern - 2,027","Andrew Johnston","2026-05-06 17:22","John Romano","2025-12-31 21:00","Adrian Wong (Deactivated User)","2025-12-12 22:52"
"59655650567","Cerberus Capital Management - New Deal","John Romano","2026-04-24 21:22"
"32677773956","Sword Group ","Benjamin Duckworth","2025-02-06 10:59","Cillian Golden (Deactivated User)","2025-01-29 12:45","Roni Amar (Deactivated User)","2025-01-29 12:43"
"12063818272","Iqmetrix","Ella Furman (Deactivated User)","2023-08-16 11:01","Zohar Einy","2023-02-08 08:28"
"58325433945","KubeCon EU 2026 - Visma","James Pritchard","2026-03-25 14:35","Adrian Sandu","2026-03-25 12:44"
"34740256848","Sonesta Hotels","Tom Skarzynski (Deactivated User)","2025-03-17 22:45"
"59812497480","Banco de Chile - 2 Packages for Entities","Ignacio De Loera","2026-04-30 01:10"
"33843702353","Appen","Scott Dunion","2025-02-23 11:10","Netta Borowitsh","2025-02-21 06:11","Scott Dunion","2025-02-18 12:31","Netta Borowitsh","2025-02-18 11:58"
"37124246939","Arc'teryx Equipment","Daniel Alper","2025-05-14 10:55","Netta Borowitsh","2025-05-14 01:00"
"19490100301","Captain Fresh","Cillian Golden (Deactivated User)","2024-05-20 16:51","Netta Borowitsh","2024-05-20 15:57"
"21899828407","Slalom<>Tractor Supply","Jeff Graham","2024-09-03 18:30"
"40299229811","Cathay Pacific","Scott Dunion","2025-07-16 18:02","Adrian Sandu","2025-07-16 16:49"
"39015455413","Prima AFP (Credicorp)","Sam Neill (Deactivated User)","2025-06-18 19:13","Logan Loisel","2025-06-18 19:08"
"59108465239","Petroineos Trading Limited","Subby Makinde","2026-04-10 22:07"
"11804378131","Samsung","Ella Furman (Deactivated User)","2023-08-16 11:01","Zohar Einy","2023-01-22 16:44"
"58432911375","KubeCon EU 2026 - helmsentinel","William Nagle","2026-04-21 16:33","James Butcher","2026-03-26 23:26"
"28525100061","Flipkart","Ross Geall (Deactivated User)","2024-10-30 17:09"
"41327724111","RAB Lighting","Jill Countey","2025-08-04 18:31","Logan Loisel","2025-08-04 17:15"
"17674445435","Ryan","Chris Newsome","2024-02-22 19:16","Ella Furman (Deactivated User)","2024-02-22 16:56"
"19819720246","JLL Technologies","Tom Skarzynski (Deactivated User)","2024-06-03 13:18","Ella Furman (Deactivated User)","2024-06-03 13:16"
"59108465238","NHS England","James Pritchard","2026-04-10 22:07"
"33735729080","ActiveFence","Sharon Peretz","2025-02-20 11:45","Netta Borowitsh","2025-02-20 10:11","Sharon Peretz","2024-12-09 14:37","Netta Borowitsh","2024-12-09 14:29","Sharon Peretz","2024-10-28 13:34","Netta Borowitsh","2024-10-28 13:18"
"14227955246","Medtronic","Ella Furman (Deactivated User)","2023-08-16 11:01","Aviv Lavie (Deactivated User)","2023-07-19 15:52"
"14446388339","Straumann","Shlomi Cohen","2023-08-29 14:51","Ella Furman (Deactivated User)","2023-08-13 18:41","Aviv Lavie (Deactivated User)","2023-08-03 11:44"
"40707634814","(La Caisse) Caisse de dépôt et placement du Québec","Daniel Alper","2025-07-23 15:48"
"51143238506","Kunai (PwC)","Evan Smith","2026-01-28 11:45","Sam Neill (Deactivated User)","2025-12-03 23:32"
"48798856468","Sagent - 2026","EJ Rauseo","2025-11-10 17:47"
"16616841595","Techwave","Ella Furman (Deactivated User)","2024-01-10 18:13","Chris Newsome","2023-12-21 12:35"
"18125074694","Synthesia - KubeCon","Cillian Golden (Deactivated User)","2024-03-21 11:36"
"41703327876","Zscaler","Tom Skarzynski (Deactivated User)","2025-08-11 20:13","Tali Cohen","2025-08-11 20:11","Logan Loisel","2025-08-11 20:10"
"44081321312","Via Transportation","Sharon Peretz","2025-09-22 21:59"
"36541194869","CMC Markets","Matt Bilsland","2026-01-21 14:35","Benjamin Duckworth","2025-12-19 16:18","Cillian Golden (Deactivated User)","2025-05-29 15:44","Sharon Peretz","2025-05-04 12:05","Netta Borowitsh","2025-04-30 16:27"
"16906946926","Varsity Tutors","Sam Neill (Deactivated User)","2024-01-12 17:25","Netta Borowitsh","2024-01-12 15:36"
"47453806859","Sun Life Canada ","Tali Cohen","2025-10-28 22:47"
"22858587822","Bitpanda","Cillian Golden (Deactivated User)","2024-10-02 11:57","Grant Dienaar (Deactivated User)","2024-10-02 11:39"
"20079113379","dLocal - 2,025","Omri Gilad","2025-01-15 16:42","Chris Newsome","2024-06-14 17:24"
"60788057125","Rokt","John Romano","2026-06-02 23:21","Logan Loisel","2026-06-02 22:28"
"37457211221","dLocal - 2,028","Ignacio De Loera","2026-01-18 10:37","Omri Gilad","2025-12-31 21:01","Adrian Wong (Deactivated User)","2025-06-01 10:32","Omri Gilad","2025-05-20 12:19"
"60869731598","Wells Fargo","Rick Walker","2026-06-04 23:21","Logan Loisel","2026-06-04 23:20"
"29700252340","Bupa Health Services - 2,027","Scott Dunion","2026-02-10 08:48","Omri Gilad","2026-01-18 10:41","Scott Dunion","2025-01-28 11:59","Omri Gilad","2025-01-15 16:48","Benjamin Duckworth","2024-11-29 10:49"
"58433376050","KubeCon EU 2026 - Meetic","William Nagle","2026-04-02 17:16","James Butcher","2026-03-26 23:26"
"58443128328","KubeCon EU 2026 - Red Hat, Inc.","Jeff Richards","2026-03-27 19:40","Johana Ochoa","2026-03-27 19:23","Jamie Summers","2026-03-26 23:26"
"38274384433","sully.ai","Logan Loisel","2025-06-02 21:21"
"51663180082","MSCI","Tali Cohen","2025-12-12 21:38"
"28987082901","Move,","Jeff Graham","2024-11-18 17:16","Joe Leland (Deactivated User)","2024-11-12 20:43"
"29072092753","Genetec Inc. ","Chris Newsome","2024-11-14 10:42","Amit Zonenfeld (Deactivated User)","2024-11-13 19:56"
"15769174635","Jisr","Shlomi Cohen","2023-10-24 17:30"
"16232886292","eToro","Shlomi Cohen","2023-11-26 11:33"
"40850704162","Airline Tariff Publishing Company  - 2,026","Omri Gilad","2025-12-31 21:01","Adrian Wong (Deactivated User)","2025-07-25 21:44"
"57856028171","NerdWallet","Jill Countey","2026-03-10 21:05","Wren Huston","2026-03-10 21:05"
"61950952332","Zuora - 2,027","Andrew Johnston","2026-07-01 01:04"
"29257056567","Cloudera","Joe Leland (Deactivated User)","2025-09-30 12:06","joe@getpor.io (Deactivated User)","2025-09-30 12:00","Joe Leland (Deactivated User)","2024-11-18 20:54","Amit Zonenfeld (Deactivated User)","2024-11-18 19:36"
"59379318924","Garda Capital Partners - New Deal","Jill Countey","2026-05-08 17:19","Wren Huston","2026-04-21 18:45","Aaron Marans","2026-04-21 18:41"
"51308223602","Drivvn - 2,027","Omri Gilad","2025-12-05 15:11"
"32324345001","Metropolis Technologies","Daniel Alper","2025-01-26 16:37"
"28774139258","ETS","Sam Neill (Deactivated User)","2024-11-06 06:27"
"15960470072","The Trade Desk","Ella Furman (Deactivated User)","2023-12-27 17:08","Chris Newsome","2023-11-08 17:19","Ella Furman (Deactivated User)","2023-11-08 01:01"
"39485267334","Junglee Games","Scott Dunion","2025-06-30 09:32","Logan Loisel","2025-06-30 07:42"
"44154867256","Aptos - 2,027","Jill Countey","2025-09-23 17:52"
"47234590525","Claritev","John Romano","2025-10-28 11:26"
"44491236431","Sophos - Expansion","Benjamin Duckworth","2025-12-04 13:57","Cillian Golden (Deactivated User)","2025-09-25 11:57"
"12747962133","Zuora ","Chris Newsome","2023-09-22 11:34","Shlomi Cohen","2023-09-10 14:38","Ella Furman (Deactivated User)","2023-08-16 11:01","Yonatan Boguslavski","2023-04-17 18:39","Ella Furman (Deactivated User)","2023-03-28 14:21"
"35329168569","Deutsche Telekom GmbH Geschäftskunden ","Adrian Sandu","2025-06-11 05:33","James Bennett (Deactivated User)","2025-04-01 17:34","Netta Borowitsh","2025-04-01 15:48"
"57447165972","Pleo - Expansion","Edouard Carakehian","2026-03-03 15:02"
"16163440540","Accenture","Sam Neill (Deactivated User)","2023-11-23 14:50","Shlomi Cohen","2023-11-21 17:00","Ella Furman (Deactivated User)","2023-11-21 16:53"
"20004986672","Backbase","Cillian Golden (Deactivated User)","2024-06-11 16:11","Grant Dienaar (Deactivated User)","2024-06-11 16:09"
"35334573934","Medallia","Dylan Leija","2025-05-14 16:16","Jason Chiu (Deactivated User)","2025-04-01 13:55","Roni Amar (Deactivated User)","2025-04-01 12:40"
"36540091152","Argus Media ","William Nagle","2025-05-19 13:43","Sharon Peretz","2025-05-04 14:52","Roni Amar (Deactivated User)","2025-04-30 11:09"
"16997544724","Bookshop","Shlomi Cohen","2024-01-17 15:11","Amit Zonenfeld (Deactivated User)","2024-01-17 14:43"
"32425585992","Harman International","Benjamin Duckworth","2025-01-26 16:11","Netta Borowitsh","2025-01-26 09:41","Benjamin Duckworth","2024-06-07 21:28","Sam Neill (Deactivated User)","2024-05-29 18:08","Ella Furman (Deactivated User)","2024-05-29 17:50"
"57096040081","Booksy ","Sharon Peretz","2026-02-27 12:07","William Nagle","2026-02-27 11:42","Logan Loisel","2026-02-26 19:05","William Nagle","2026-02-26 19:02"
"58427933308","KubeCon EU 2026 - 123inkt.nl","William Nagle","2026-03-27 17:08","Adrian Sandu","2026-03-26 23:26"
"39351174028","Adform - 2,028","Omri Gilad","2025-06-27 14:40"
"12081571865","townsq","Ella Furman (Deactivated User)","2023-08-16 11:02","Yonatan Boguslavski","2023-04-17 18:42","Zohar Einy","2023-02-09 10:28"
"50893400758","Emirates Telecommunications Group Company","James Pritchard","2025-12-02 11:09","Adrian Sandu","2025-12-02 11:04"
"19409758747","Accor","Benjamin Duckworth","2025-12-23 12:40","James Pritchard","2025-12-23 12:40","Benjamin Duckworth","2024-05-16 16:21"
"21953664110","Visa ","Jeff Graham","2024-09-06 10:22","Amit Zonenfeld (Deactivated User)","2024-09-05 18:41"
"29053624122","WatchGuard","Joe Leland (Deactivated User)","2025-09-30 12:06","joe@getpor.io (Deactivated User)","2025-09-30 12:00","Joe Leland (Deactivated User)","2024-11-13 14:06","Amit Zonenfeld (Deactivated User)","2024-11-13 00:09","Joe Leland (Deactivated User)","2024-10-15 18:13"
"51683953780","COMAX Cloud - Smart ERP","Adrian Sandu","2025-12-17 17:16","Sharon Peretz","2025-12-12 15:22"
"29883858329","Jahez International Company","Cillian Golden (Deactivated User)","2024-12-05 18:01","Ross Geall (Deactivated User)","2024-12-05 01:09"
"52925375252","StoneX Group Inc - 2,028","Andrew Johnston","2026-05-10 09:04","Tali Cohen","2025-12-31 20:57","Adrian Wong (Deactivated User)","2025-12-30 18:11"
"35732561004","Uphold HQ Inc ","Sharon Peretz","2025-04-14 11:35","Sharon Peretz","2025-04-03 14:16","Netta Borowitsh","2025-04-03 13:48","Sharon Peretz","2025-04-01 14:49","Netta Borowitsh","2025-04-01 14:41"
"58134795333","Haleon | Backstage Replacement | Product Team","Jamie Summers","2026-03-19 17:31","Subby Makinde","2026-03-19 17:31"
"59087561370","Tj Thouhid Portfolio","William Nagle","2026-04-10 22:07"
"56135881308","Coforma","EJ Rauseo","2026-02-12 22:10","Logan Loisel","2026-02-12 21:54"
"51160350043","Wialon","Benjamin Duckworth","2025-12-04 13:01"
"12611407226","Bell Canada","Sam Neill (Deactivated User)","2023-09-20 00:41","Shlomi Cohen","2023-08-13 18:40","Yonatan Boguslavski","2023-04-17 18:42","Zohar Einy","2023-03-19 12:28"
"29115532125","Deskree","John Romano","2025-01-30 17:21","Grant Dienaar (Deactivated User)","2024-11-16 05:55","John Romano","2024-11-14 20:57"
"35322387492","MTU Aero Engines","William Nagle","2025-05-13 17:15","Sharon Peretz","2025-04-01 11:38","Netta Borowitsh","2025-04-01 11:17"
"52845974018","Via Transportation - 2,029","Omri Gilad","2025-12-30 19:08"
"19327482254","Truespeed","Sharon Peretz","2024-05-15 10:05","Ella Furman (Deactivated User)","2024-05-13 19:26"
"37559562299","KYYBA","Jason Chiu (Deactivated User)","2025-05-21 18:02","John Romano","2025-05-21 18:00"
"34560427855","ANZ","Scott Dunion","2025-03-12 10:21","Roni Amar (Deactivated User)","2025-03-12 05:15","Scott Dunion","2025-03-12 05:15"
"59638544392","ATOS - Greenfield IDP (New Business)","John Barnes","2026-04-24 18:50","Adrian Sandu","2026-04-24 18:49"
"58436624010","KubeCon EU 2026 - Unikraft GmbH","Sharon Peretz","2026-03-26 23:26"
"29857958576","United Airlines","Sam Neill (Deactivated User)","2024-12-05 12:37","Amit Zonenfeld (Deactivated User)","2024-12-04 20:30"
"17434418314","Iqvia","Sam Neill (Deactivated User)","2024-02-08 21:55","Netta Borowitsh","2024-02-08 20:49"
"20633790284","NTT DATA","Sam Neill (Deactivated User)","2024-07-10 18:36","Ella Furman (Deactivated User)","2024-07-09 19:26"
"60256607330","LucidLink Ltd.","Aaron Marans","2026-05-14 21:36","Aaron Marans","2026-04-01 17:14","Charity Lee","2026-03-27 20:43","EJ Rauseo","2026-03-26 23:26"
"45317759829","Comarch","Subby Makinde","2026-05-05 16:02","Adrian Sandu","2026-05-05 08:56","Dylan Leija","2026-05-05 08:55","Ross Geall (Deactivated User)","2025-10-06 15:24"
"60379325725","Simpro Group","Matt Bilsland","2026-05-20 17:36","Adrian Sandu","2026-05-20 16:20"
"59119579956","Channel 4","Matt Bilsland","2026-04-10 22:07"
"56400973062","Ryan","Evan Smith","2026-02-17 16:36","Logan Loisel","2026-02-16 19:09"
"17767986825","Arbor Education","Cillian Golden (Deactivated User)","2024-02-28 13:14","Amit Zonenfeld (Deactivated User)","2024-02-28 11:38"
"60547699062","Bowman Consulting Group","Daniel Alper","2026-05-29 03:40","Aaron Marans","2026-05-21 22:25"
"21616434738","DHL","Benjamin Duckworth","2024-08-22 14:47","Amit Zonenfeld (Deactivated User)","2024-08-21 20:26"
"20478266708","Dafiti","Joe Leland (Deactivated User)","2025-09-30 12:06","joe@getpor.io (Deactivated User)","2025-09-30 12:00","Joe Leland (Deactivated User)","2024-07-02 09:34"
"29557662257","Southern Glazer's Wine & Spirits","Tom Skarzynski (Deactivated User)","2024-11-26 09:34"
"34811965703","StubHub","John Romano","2025-03-19 15:47","Netta Borowitsh","2025-03-19 15:44","John Romano","2025-03-09 10:50","Joe Leland (Deactivated User)","2025-03-09 10:49","Netta Borowitsh","2025-03-08 00:59"
"36582775859","Faire ","Dylan Leija","2025-05-20 22:11","Daniel Alper","2025-05-19 16:50","Dylan Leija","2025-05-18 14:16","Daniel Alper","2025-05-05 16:07","Netta Borowitsh","2025-05-01 15:54"
"18149099879","Schneider Electric - KubeCon","Benjamin Duckworth","2024-03-21 16:16"
"15955446609","Signify Health","Chris Newsome","2023-11-08 16:37","Ella Furman (Deactivated User)","2023-11-07 19:14"
"57913288087","Cochlear","Scott Dunion","2026-03-11 11:08","Adrian Sandu","2026-03-11 05:53"
"21519683970","A major scle production","Amit Zonenfeld (Deactivated User)","2024-08-21 13:25","Sharon Peretz","2024-08-18 11:01"
"18143856950","ASML - KubeCon","Benjamin Duckworth","2024-03-21 11:43"
"43748309835","Dialectica","Cillian Golden (Deactivated User)","2025-09-19 19:17","Sharon Peretz","2025-09-15 18:29"
"40576148057","Canada Life","Travis Dadoly (Deactivated User)","2025-07-21 18:30"
"35390374000","Yotpo ","Sharon Peretz","2025-04-03 12:03","Netta Borowitsh","2025-04-02 18:27"
"58434921891","KubeCon EU 2026 - Uber","Jeff Graham","2026-03-30 18:21","Jeff Richards","2026-03-30 18:21","Jenny Lucas (Deactivated User)","2026-03-26 23:26"
"32039485697","Synopsys Inc.","Tom Skarzynski (Deactivated User)","2025-01-16 10:53","Netta Borowitsh","2025-01-16 00:33"
"22672487991","Coller Capital","Sharon Peretz","2024-09-26 16:50"
"58450570047","KubeCon EU 2026 - GoReel","Sharon Peretz","2026-03-26 23:26"
"46766932001","Avanza","Sharon Peretz","2025-10-28 13:23","William Nagle","2025-10-27 19:28","Adrian Sandu","2025-10-23 12:28"
"29245581442","Index Exchange","John Romano","2025-09-11 14:22","Al Sharma","2025-09-08 20:31","John Romano","2025-03-28 18:21","Joe Leland (Deactivated User)","2024-11-18 18:45","Joe Leland (Deactivated User)","2024-11-18 18:45","Joe Leland (Deactivated User)","2024-11-18 18:44","Amit Zonenfeld (Deactivated User)","2024-11-18 17:11","Amit Zonenfeld (Deactivated User)","2024-11-18 17:11","Amit Zonenfeld (Deactivated User)","2024-11-18 17:11","Joe Leland (Deactivated User)","2024-11-12 19:14"
"39684339777","The Economist","Adrian Sandu","2025-11-03 13:38","Ross Geall (Deactivated User)","2025-07-04 17:00","Logan Loisel","2025-07-04 16:48"
"47450539304","Cox Enterprises Inc.","Tom Skarzynski (Deactivated User)","2025-11-03 23:40","Logan Loisel","2025-10-28 19:33"
"17675282601","Bauchspiess Consulting","Benjamin Duckworth","2024-02-22 19:37","Ella Furman (Deactivated User)","2024-02-22 18:05"
"21177877065","Tech Mahindra Ltd","Benjamin Duckworth","2024-08-06 13:53","Netta Borowitsh","2024-08-05 23:28"
"40275349361","Launch Consulting","Johana Ochoa","2025-07-15 21:03","Logan Loisel","2025-07-15 20:43"
"18166953089","IntentHQ - KubeCon","Cillian Golden (Deactivated User)","2024-03-24 17:56"
"21816332838","Pipo Saúde","John Romano","2024-09-01 11:50","Netta Borowitsh","2024-08-30 13:12"
"30761467408","Yum Connect, LLC -2025","Tom Skarzynski (Deactivated User)","2024-12-19 17:15"
"47658247688","ICE (Intercontinental Exchange) / NYSE","Tom Skarzynski (Deactivated User)","2025-11-03 23:17","Logan Loisel","2025-10-29 18:55"
"12252938309","Sinch","Chris Newsome","2023-10-02 12:01","Shlomi Cohen","2023-08-14 11:01","Yonatan Boguslavski","2023-04-17 18:39","Zohar Einy","2023-02-21 10:13"
"38702963067","Epidemic Sound - 2,026","Edouard Carakehian","2026-02-08 13:19","Omri Gilad","2025-06-10 11:56"
"50887204527","Spring EQ - AWS LV 25","John Romano","2025-12-10 23:19","Logan Loisel","2025-12-02 04:07"
"56706533227","Genius Sports ","Matt Bilsland","2026-02-20 16:48"
"49723644198","Apex Global Mobility","Ignacio De Loera","2026-01-23 18:53","Daniel Alper","2025-11-24 21:30","Logan Loisel","2025-11-21 00:09"
"58427933309","KubeCon EU 2026 - Deepset","Matt Bilsland","2026-03-26 23:26"
"15960830386","Amazon","Ella Furman (Deactivated User)","2023-11-26 12:07","Sam Neill (Deactivated User)","2023-11-08 17:16","Ella Furman (Deactivated User)","2023-11-08 02:19"
"23137228306","Knowde","Chris Newsome","2024-10-10 14:20"
"40328138578","Optimum","Tali Cohen","2025-07-16 22:07","Logan Loisel","2025-07-16 22:06"
"43898979142","BBD ","Cillian Golden (Deactivated User)","2025-10-06 11:17","Christos Lemos (Deactivated User)","2025-09-18 18:20","William Nagle","2025-09-18 18:20"
"53635027362","Lightrun - New Deal","Adrian Sandu","2026-01-12 14:02"
"29845001089","SiriusXM Radio Inc","Tom Skarzynski (Deactivated User)","2024-12-05 12:51","Amit Zonenfeld (Deactivated User)","2024-12-04 21:23"
"34866506309","Norwegian Cruise Line","Sam Neill (Deactivated User)","2025-03-20 10:45","Netta Borowitsh","2025-03-19 20:36","Sam Neill (Deactivated User)","2023-10-16 19:41","Ella Furman (Deactivated User)","2023-09-20 17:19"
"22794070672","ICIS","Grant Dienaar (Deactivated User)","2024-10-10 17:50","Sharon Peretz","2024-10-01 11:55"
"22047044188","Walmart","Sam Neill (Deactivated User)","2024-09-08 13:45"
"35322569287","Kairós DS ","William Nagle","2025-04-11 14:27","Sharon Peretz","2025-04-01 15:58","Roni Amar (Deactivated User)","2025-04-01 15:46"
"60683860663","Elbit Systems","Sharon Peretz","2026-05-28 13:43","William Nagle","2026-05-28 12:38","Adrian Sandu","2026-05-28 12:32"
"61625384486","Skandia","Sharon Peretz","2026-06-26 13:11","William Nagle","2026-06-26 13:11"
"60639150995","Semperis Technologies Inc ","Sharon Peretz","2026-05-26 15:09","Logan Loisel","2026-05-26 14:17"
"56443023897","BBC - New Business","John Barnes","2026-02-17 12:54"
"19797607063","Games24x7","Cillian Golden (Deactivated User)","2024-06-02 11:08"
"35349852768","The D. E. Shaw Group ","Dylan Leija","2025-07-22 16:15","Chase Depperschmidt (Deactivated User)","2025-04-18 17:38","Jill Countey","2025-04-07 14:30","Roni Amar (Deactivated User)","2025-04-02 13:13"
"30462231934","Sagent","Chris Newsome","2024-12-16 18:06","Netta Borowitsh","2024-12-16 17:10","Chris Newsome","2023-12-27 18:19","Amit Zonenfeld (Deactivated User)","2023-12-27 13:33"
"16617346743","Grab Taxi","Benjamin Duckworth","2023-12-24 13:10","Ella Furman (Deactivated User)","2023-12-21 13:35"
"17365828776","CrownPeak Inc","Cillian Golden (Deactivated User)","2024-02-05 12:49","Amit Zonenfeld (Deactivated User)","2024-02-05 12:40"
"19065474343","YaWorks","Cillian Golden (Deactivated User)","2024-05-02 14:38","Amit Zonenfeld (Deactivated User)","2024-05-02 14:38"
"61022696778","RTX (Raytheon)","Dylan Leija","2026-06-11 22:24"
"28982928044","Lifemiles/ Loyalty","Chris Newsome","2024-11-13 14:52","Amit Zonenfeld (Deactivated User)","2024-11-12 21:08"
"49132878643","Synopsys KubeCon ATL 25","Tom Skarzynski (Deactivated User)","2025-11-14 23:35"
"21088024630","Claroty","Sharon Peretz","2024-07-31 14:29","Ella Furman (Deactivated User)","2024-07-31 13:18"
"21156143519","Banque Misr","Benjamin Duckworth","2024-08-04 14:14"
"59644509580","Procter & Gamble ","Rachel Jean","2026-04-27 23:57"
"28980132246","Macquarie Group Limited ","Scott Dunion","2024-12-05 11:04","Benjamin Duckworth","2024-11-13 15:18","Amit Zonenfeld (Deactivated User)","2024-11-12 19:17"
"35907453609","PENNEO","William Nagle","2025-04-20 10:27","Netta Borowitsh","2025-04-19 16:12"
"61965877585","Asurion - 1200 User - Q2 - 2,029","Andrew Johnston","2026-07-01 01:32"
"28856069399","PayPal (Venmo)","Jeff Graham","2024-11-11 13:51","Joe Leland (Deactivated User)","2024-11-10 13:44","Amit Zonenfeld (Deactivated User)","2024-11-07 18:03"
"59081906833","Mazars in the UK","James Pritchard","2026-04-10 22:07"
"29454868855","CloudTalk - 2,025","Omri Gilad","2025-01-15 16:47","Cillian Golden (Deactivated User)","2024-11-22 16:26"
"61129217102","eGifter","John Romano","2026-06-16 20:16","Aaron Marans","2026-06-16 19:24","Aaron Marans","2026-06-12 22:55","John Romano","2026-06-12 22:42","Aaron Taylor","2026-06-11 22:20"
"51700958858","Heartflow","EJ Rauseo","2025-12-13 10:14","Logan Loisel","2025-12-11 23:04"
"20480678326","WeRoad","Cillian Golden (Deactivated User)","2024-07-02 11:24","Cillian Golden (Deactivated User)","2024-07-01 12:52","Cillian Golden (Deactivated User)","2024-06-23 13:08"
"13128167721","Nice","Ella Furman (Deactivated User)","2023-04-25 02:28"
"13502166287","Jumbo Supermarkten","Ella Furman (Deactivated User)","2023-05-30 13:38"
"60175804044","Epidemic Sound - 2,027","Edouard Carakehian","2026-05-11 18:51"
"36463881087","Tekion","Jill Countey","2025-06-03 21:18","Chris Newsome","2025-04-29 19:40","Netta Borowitsh","2025-04-29 08:46"
"33918974838","Ware2Go","Jill Countey","2025-02-25 22:18","Charity Lee","2025-02-25 18:24"
"20307240483","SPS Commerce - 2025","Chris Newsome","2024-06-25 00:27"
"38454557280","Relex Solutions ","William Nagle","2025-06-04 18:05","Cillian Golden (Deactivated User)","2025-06-04 17:19","Adrian Sandu","2025-06-04 17:09","William Nagle","2025-05-22 11:26","Cillian Golden (Deactivated User)","2025-04-07 14:15","Roni Amar (Deactivated User)","2025-04-03 15:45"
"15855767401","Mynt / GCash","Benjamin Duckworth","2023-12-31 13:04","Shlomi Cohen","2023-10-31 10:27","Ella Furman (Deactivated User)","2023-10-31 04:48"
"45917194307","Polestar ","William Nagle","2025-11-05 16:58","Cillian Golden (Deactivated User)","2025-10-14 15:00"
"33166164547","Shoprite","Ross Geall (Deactivated User)","2025-02-10 10:56","Benjamin Duckworth","2025-02-09 11:40","Roni Amar (Deactivated User)","2025-02-07 16:25"
"21733492548","Ceiba Software ","Joe Leland (Deactivated User)","2025-09-30 12:06","joe@getpor.io (Deactivated User)","2025-09-30 12:00","Joe Leland (Deactivated User)","2024-08-27 11:13","Amit Zonenfeld (Deactivated User)","2024-08-27 01:42"
"55927582607","Patterson Companies Inc. ","Jill Countey","2026-02-10 19:06","Logan Loisel","2026-02-10 19:04"
"22861423492","Checkmarx 2025","Omri Gilad","2025-01-15 16:33","Sharon Peretz","2024-10-02 15:22"
"50481599620","Ryt Bank","Scott Dunion","2025-11-26 11:30","Adrian Sandu","2025-11-26 06:04"
"29857505941","Tory Burch","John Romano","2024-12-05 14:15"
"40326009915","Nectar Services","Daniel Alper","2025-07-24 20:06","Logan Loisel","2025-07-17 10:35","Adrian Sandu","2025-07-16 20:48"
"58447462017","KubeCon EU 2026 - Snyk","Sharon Peretz","2026-03-27 18:30","Jamie Summers","2026-03-26 23:26"
"15957193050","Woven Planet Holdings (by Toyota)","Shlomi Cohen","2023-11-08 16:42","Ella Furman (Deactivated User)","2023-11-07 19:51"
"15842849285","Perfectscale","Ella Furman (Deactivated User)","2023-10-30 11:39"
"16304561014","ASML","Benjamin Duckworth","2023-12-03 14:47","Ella Furman (Deactivated User)","2023-11-30 18:44"
"35023899052","CyberArk - Upsell","Sharon Peretz","2025-03-24 15:24"
"17870138958","Kyriba","Chris Newsome","2024-03-06 10:04","Ella Furman (Deactivated User)","2024-03-05 18:32"
"31189917780","Silverfort - 2,025","Omri Gilad","2025-01-15 16:48","Sharon Peretz","2024-12-30 16:08"
"61550516007","Truckstop - New Deal","Jill Countey","2026-06-24 21:18","Aaron Marans","2026-06-24 19:50","Logan Loisel","2026-06-24 19:44"
"30255827514","Tickets.com","Sam Neill (Deactivated User)","2024-12-15 11:30","Netta Borowitsh","2024-12-12 22:56"
"18124922011","Op - KubeCon","Benjamin Duckworth","2024-03-20 13:37"
"32085379998","SPS Commerce","Chris Newsome","2025-01-15 21:27","Chris Newsome","2025-01-15 21:27","Chris Newsome","2025-01-15 21:27","Chris Newsome","2025-01-15 21:27","Chris Newsome","2025-01-15 21:27","Netta Borowitsh","2025-01-15 20:28","Netta Borowitsh","2025-01-15 20:28","Netta Borowitsh","2025-01-15 20:28","Netta Borowitsh","2025-01-15 20:28","Netta Borowitsh","2025-01-15 20:28","Chris Newsome","2024-01-10 18:18","Ella Furman (Deactivated User)","2024-01-10 18:03"
"51023465736","MOTOROLA SOLUTIONS - AWS LV 25","Tom Skarzynski (Deactivated User)","2025-12-03 01:22","Logan Loisel","2025-12-03 00:36"
"36510363565","Seclore","John Romano","2025-04-29 16:34"
"22930793232","Akua","Chris Newsome","2024-10-04 13:45"
"35357234530","Die Techniker ","James Pritchard","2025-07-15 17:21","James Bennett (Deactivated User)","2025-04-02 17:28","Roni Amar (Deactivated User)","2025-04-02 15:50"
"35090521191","BMW","Benjamin Duckworth","2025-03-26 09:58","Netta Borowitsh","2025-03-25 20:31","Benjamin Duckworth","2023-11-26 12:04","Shlomi Cohen","2023-09-18 12:24","Ella Furman (Deactivated User)","2023-09-08 13:34"
"33148198046","InvoiceCloud","Jill Countey","2025-02-06 23:24"
"18086710953","YASH Technologies (Consultant)","Tom Skarzynski (Deactivated User)","2024-03-28 16:35","Benjamin Duckworth","2024-03-19 19:04","Ella Furman (Deactivated User)","2024-03-18 09:52"
"41721392705","Wemolo","Adrian Sandu","2025-11-19 17:13","Christos Lemos (Deactivated User)","2025-08-12 10:59"
"16801344940","NCR Voyix","Sam Neill (Deactivated User)","2024-01-04 13:36","Ella Furman (Deactivated User)","2024-01-04 13:24"
"55682426384","Optum Inc","Rick Walker","2026-02-06 20:38","Logan Loisel","2026-02-06 20:38"
"14995137345","Alelo Brasil - old","Chris Newsome","2023-09-29 00:20","Shlomi Cohen","2023-09-18 12:21","Ella Furman (Deactivated User)","2023-09-05 15:32"
"33541046096","EY","Sam Neill (Deactivated User)","2025-02-16 10:09","Netta Borowitsh","2025-02-14 14:06","Sam Neill (Deactivated User)","2025-02-10 11:06","Benjamin Duckworth","2025-02-09 11:36","Netta Borowitsh","2025-02-08 17:17"
"61754141764","port - New Deal","Dylan Leija","2026-06-29 15:10","Logan Loisel","2026-06-29 15:09"
"20386732860","Banco BICE","Joe Leland (Deactivated User)","2025-09-30 12:06","joe@getpor.io (Deactivated User)","2025-09-30 12:00","Joe Leland (Deactivated User)","2024-06-30 10:55","Grant Dienaar (Deactivated User)","2024-06-27 22:09"
"19726512043","Omnicell- renewal- 2024","Chris Newsome","2024-05-30 13:59","Gal Tarrab Levi","2024-05-30 12:42"
"15842739976","Contentsquare","Ella Furman (Deactivated User)","2023-10-30 11:13"
"28761481061","Great American Insurance Group - Renewal 2,025","Adrian Wong (Deactivated User)","2025-04-14 15:35","Omri Gilad","2025-01-15 16:33","Sam Neill (Deactivated User)","2024-11-05 22:42"
"35303676175","Okta ","Tali Cohen","2025-04-01 18:04","Netta Borowitsh","2025-04-01 17:18"
"49480014626","CEA","Ignacio De Loera","2026-02-18 18:51","Travis Dadoly (Deactivated User)","2025-11-20 14:04","Logan Loisel","2025-11-19 17:51","Adrian Sandu","2025-11-19 17:22"
"61047413913","Nvidia ","Jeff Graham","2026-06-23 18:35","Rachel Jean","2026-06-12 22:58","Logan Loisel","2026-06-12 16:49"
"59050023244","Hyland","EJ Rauseo","2026-05-14 21:43","Aaron Marans","2026-04-09 20:12"
"12744637537","Workday","Ella Furman (Deactivated User)","2023-03-28 11:12"
"49416386854","McKesson KubeCon ATL25","Jeff Graham","2025-11-17 23:30"
"15843118988","ResMed","Ella Furman (Deactivated User)","2023-10-30 12:48"
"39614723688","Lumen","Travis Dadoly (Deactivated User)","2025-07-07 10:03","Amit Zonenfeld (Deactivated User)","2025-07-03 05:22"
"59769856002","Codelco","Ignacio De Loera","2026-04-29 11:12","Gal Tarrab Levi","2026-04-28 16:13"
"34863997047","Paychex","Sam Neill (Deactivated User)","2025-03-20 10:32","Sam Neill (Deactivated User)","2025-03-20 10:32","Sam Neill (Deactivated User)","2025-03-20 10:32","Sam Neill (Deactivated User)","2025-03-20 10:32","Sam Neill (Deactivated User)","2025-03-20 10:31","Dylan Leija","2025-03-19 17:41","Dylan Leija","2025-03-19 17:40","Dylan Leija","2025-03-19 17:40","Dylan Leija","2025-03-19 17:40","Dylan Leija","2025-03-19 17:40","Sam Neill (Deactivated User)","2023-12-13 17:17","Ella Furman (Deactivated User)","2023-12-13 16:11"
"42558598770","Schneider Electric","Benjamin Duckworth","2026-01-15 13:34","Ross Geall (Deactivated User)","2025-08-21 12:41"
"22790477493","Pan American Energy  (Craftech) - 2,025","Adrian Wong (Deactivated User)","2025-04-14 15:35","Omri Gilad","2025-01-15 16:46","Chris Newsome","2024-09-30 15:52"
"58431672225","KubeCon EU 2026 - nordea","John Barnes","2026-03-26 23:26"
"33000366959","Seven.One Entertainment Group","Sharon Peretz","2025-02-04 11:49","Roni Amar (Deactivated User)","2025-02-04 11:42"
"58162021925","Smartsheet","John Romano","2026-03-19 13:10","Logan Loisel","2026-03-19 13:08"
"58447618186","KubeCon EU 2026 - Cineca","Sharon Peretz","2026-03-26 23:26"
"34752864330","Apex Global Mobility","Jill Countey","2025-03-28 18:22","Joe Leland (Deactivated User)","2025-03-18 11:27","Roni Amar (Deactivated User)","2025-03-18 11:16"
"15090741894","Flipsidecrypto 2024","Joe Leland (Deactivated User)","2025-09-30 12:06","joe@getpor.io (Deactivated User)","2025-09-30 12:00","Joe Leland (Deactivated User)","2024-05-16 19:00","Chris Newsome","2024-01-28 09:10","Shlomi Cohen","2023-09-10 13:45","Ella Furman (Deactivated User)","2023-09-10 13:29"
"32116545167","Scout Motors","Daniel Alper","2025-01-16 16:36","Netta Borowitsh","2025-01-16 16:11","Daniel Alper","2025-01-09 10:58","Netta Borowitsh","2025-01-08 21:11"
"59092202297","Schroders","John Barnes","2026-04-10 22:07"
"58432292931","KubeCon EU 2026 - PSI Software SE","William Nagle","2026-04-02 17:14","James Butcher","2026-03-27 18:58","William Nagle","2026-03-27 18:50","John Barnes","2026-03-26 23:26"
"42228385200","Intel","Sharon Peretz","2025-08-17 14:36","Logan Loisel","2025-08-17 11:51","Logan Loisel","2025-08-17 11:47","Logan Loisel","2025-08-17 11:39"
"61690927383","American Express - New Deal","Logan Loisel","2026-06-26 23:00"
"60712705797","Amdocs ","Sharon Peretz","2026-05-29 19:20","William Nagle","2026-05-29 19:18"
"29897000505","Xero","Scott Dunion","2024-12-09 13:17","Sam Neill (Deactivated User)","2024-12-07 20:08","Netta Borowitsh","2024-12-06 00:46"
"60400271736","Zup","Ignacio De Loera","2026-05-19 22:00","Logan Loisel","2026-05-19 21:55"
"36544822411","Zopa Bank ","Cillian Golden (Deactivated User)","2025-05-04 13:57","Roni Amar (Deactivated User)","2025-04-30 15:12"
"22026537093","Xsolla LLC  - 2,025","Omri Gilad","2025-01-15 16:45","Cillian Golden (Deactivated User)","2024-09-07 03:12"
"20033962244","Rouse","Chris Newsome","2024-06-13 10:57","Netta Borowitsh","2024-06-12 19:49"
"56709395481","CGI","Travis Dadoly (Deactivated User)","2026-02-20 23:08","Logan Loisel","2026-02-20 23:07"
"35353090653","LIP ","William Nagle","2025-04-02 11:19","Roni Amar (Deactivated User)","2025-04-01 19:17"
"60025179905","Harel Insurance","Sharon Peretz","2026-05-08 16:46","William Nagle","2026-05-08 16:06","Adrian Sandu","2026-05-05 10:58"
"29260111933","Charter Communications","Jeff Graham","2024-11-19 21:00","Sam Neill (Deactivated User)","2024-11-19 13:46","Amit Zonenfeld (Deactivated User)","2024-11-18 19:16"
"45968829867","Lowes","Jeff Graham","2025-10-15 20:54","Logan Loisel","2025-10-15 20:53"
"60233879819","NBCUniversal","Evan Smith","2026-05-13 23:19","Rick Walker","2026-05-13 19:07","Logan Loisel","2026-05-13 18:19"
"44576852375","Nomura Research Institute Indonesia","Scott Dunion","2025-09-29 15:50"
"32415554884","Miracle Software Systems","John Romano","2025-01-24 23:18","Chase Depperschmidt (Deactivated User)","2025-01-24 23:00"
"20054487556","Esprit","Sharon Peretz","2024-06-13 16:45"
"33368830249","Exerp  - 2,028","Omri Gilad","2025-02-18 12:44","Cillian Golden (Deactivated User)","2025-02-12 13:47"
"34309616439","Multi Media","Daniel Alper","2025-03-06 10:26","Daniel Alper","2025-03-06 10:26","Daniel Alper","2025-03-06 10:17","Daniel Alper","2025-03-05 20:47","Daniel Alper","2025-03-05 20:42","Daniel Alper","2025-03-05 20:41","Daniel Alper","2025-01-30 09:17","Daniel Alper","2025-01-30 09:17","Daniel Alper","2025-01-30 09:17","Daniel Alper","2025-01-30 09:17","Netta Borowitsh","2025-01-30 00:35","Netta Borowitsh","2025-01-30 00:35","Netta Borowitsh","2025-01-30 00:34","Netta Borowitsh","2025-01-30 00:31","Daniel Alper","2025-01-11 13:54","Netta Borowitsh","2025-01-10 23:24"
"15843087939","UMBRA","Ella Furman (Deactivated User)","2023-10-30 12:32"
"31391877797","Bayer","Benjamin Duckworth","2025-01-03 15:58","Benjamin Duckworth","2025-01-02 19:06","Grant Dienaar (Deactivated User)","2025-01-02 18:39","Benjamin Duckworth","2024-08-26 10:00","Grant Dienaar (Deactivated User)","2024-08-25 15:00"
"38118427287","Xebia","Dylan Leija","2025-07-22 16:15","Chase Depperschmidt (Deactivated User)","2025-07-18 04:00","Jill Countey","2025-05-28 17:49","Chase Depperschmidt (Deactivated User)","2025-05-28 17:48"
"32276872878","DHL","Benjamin Duckworth","2025-01-21 10:29","Netta Borowitsh","2025-01-20 13:10","Benjamin Duckworth","2024-12-10 17:53","Amit Zonenfeld (Deactivated User)","2024-12-09 13:12"
"35413897001","Worldpay ","Tom Skarzynski (Deactivated User)","2025-04-07 13:09","","2025-04-07 13:09","Benjamin Duckworth","2025-04-07 13:08","Roni Amar (Deactivated User)","2025-04-03 18:15"
"58431823984","KubeCon EU 2026 - BMW","Jamie Summers","2026-03-27 16:11","Benjamin Duckworth","2026-03-26 23:26"
"12747605543","Bark Box","Ella Furman (Deactivated User)","2023-03-28 13:28"
"59078953354","Mahindra Group","Johana Ochoa","2026-04-10 22:07"
"42507174993","The Access Group","James Pritchard","2025-08-27 13:37","Adrian Sandu","2025-08-20 11:10"
"48893776559","Etsy KubeCon ATL25","Tom Skarzynski (Deactivated User)","2025-11-17 23:50","Logan Loisel","2025-11-12 18:35"
"59698147218","Mizrahi Tefahot Bank","Sharon Peretz","2026-04-27 16:56","Aaron Marans","2026-04-27 16:55","William Nagle","2026-04-27 16:53"
"35078846121","Edward Jones","Sam Neill (Deactivated User)","2025-03-26 10:03","Sam Neill (Deactivated User)","2025-03-26 10:03","Netta Borowitsh","2025-03-25 20:35","Netta Borowitsh","2025-03-25 20:35","Sam Neill (Deactivated User)","2024-05-21 23:44"
"29890633102","Genzeon","Jeff Graham","2024-12-18 14:13","Amit Zonenfeld (Deactivated User)","2024-12-17 01:30","Chris Newsome","2024-12-05 15:43","Jeff Graham","2024-12-05 02:27"
"59081420613","GSC Technologies Limited","William Nagle","2026-04-10 22:07"
"30136595292","Genlabs ","Grant Dienaar (Deactivated User)","2024-12-12 13:18","Roni Amar (Deactivated User)","2024-12-10 21:54"
"61873132112","MasterControl","John Romano","2026-06-30 23:56"
"17366065486","BT","Benjamin Duckworth","2024-02-08 16:39","Shlomi Cohen","2024-02-05 13:57","Amit Zonenfeld (Deactivated User)","2024-02-05 13:43"
"35462961023","Egnyte","John Romano","2025-04-04 15:59","Netta Borowitsh","2025-04-04 15:37"
"61507374220","BMO","Tali Cohen","2026-06-25 00:56","Dylan Leija","2026-06-25 00:55"
"46570202477","Bankdata","Adrian Sandu","2025-10-27 13:40","Sharon Peretz","2025-10-21 11:28","Adrian Sandu","2025-10-21 11:12"
"14628424537","Lightricks ","Shlomi Cohen","2023-10-23 15:11","Ella Furman (Deactivated User)","2023-08-15 10:24"
"22333091671","Guideline","John Romano","2024-09-16 22:24"
"60893104482","Prove","Jill Countey","2026-06-05 19:37","Wren Huston","2026-06-05 19:36"
"15005364527","Plaid","Jill Countey","2025-03-17 20:50","Chris Newsome","2023-09-22 11:31","Shlomi Cohen","2023-09-15 01:09","Ella Furman (Deactivated User)","2023-09-06 02:29"
"32128515759","SMBC","Logan Loisel","2025-01-16 23:38"
"45092530442","Priceline.com","Daniel Alper","2025-10-02 15:36"
"60850615835","KPMG Australia ","Scott Dunion","2026-06-04 09:50","William Nagle","2026-06-04 09:50"
"35516490013","GHD ","Scott Dunion","2025-04-07 11:03","Netta Borowitsh","2025-04-07 02:53"
"37130412949","Diligent ","Jason Chiu (Deactivated User)","2025-05-15 00:39","Netta Borowitsh","2025-05-12 20:53"
"42826554148","Scotiabank","Jeff Graham","2025-08-26 11:08","Amit Zonenfeld (Deactivated User)","2025-08-25 17:47"
"46662708910","Datavant","John Romano","2025-10-22 18:06","Logan Loisel","2025-10-22 02:12"
"59391298117","Ovative Group","Jill Countey","2026-04-22 00:02","Logan Loisel","2026-04-20 20:11"
"48830270372","ASML KubeCon ATL25","Adrian Sandu","2025-12-30 11:55","James Pritchard","2025-11-17 23:11","Adrian Sandu","2025-11-11 17:33"
"31639563953","Duolingo","Chris Newsome","2025-01-07 10:44","Netta Borowitsh","2025-01-06 22:42","Chris Newsome","2024-12-10 14:33","Netta Borowitsh","2024-12-09 22:29","Chris Newsome","2024-12-04 16:44","Netta Borowitsh","2024-12-04 16:36"
"13082063113","Libertex group ","Zohar Einy","2025-10-01 09:37","Maria Lepp (Deactivated User)","2023-11-30 09:37","Ella Furman (Deactivated User)","2023-04-21 12:14"
"51662607502","Caseware","Jill Countey","2026-01-06 19:25","Jason Chiu (Deactivated User)","2025-12-11 18:23"
"43502382130","K12/Stride","Jill Countey","2025-09-09 22:53","Daniel Alper","2025-09-09 22:46","Logan Loisel","2025-09-09 22:27"
"13055344514","Yaworks - k","Ella Furman (Deactivated User)","2023-08-16 11:01","Yonatan Boguslavski","2023-04-19 11:51"
"47415969919","RBC ","Charity Lee","2026-01-06 19:16","Jeff Graham","2025-10-28 17:08"
"16572353025","Divisions Maintenance Group / DMG","Chris Newsome","2023-12-19 11:31","Ella Furman (Deactivated User)","2023-12-18 13:40"
"50082318250","Tata Group","Scott Dunion","2025-11-24 00:19"
"17853745827","Moneysupermarket ","Cillian Golden (Deactivated User)","2024-03-04 16:38"
"60343394212","Ericsson - New Deal","Adrian Sandu","2026-05-19 13:44"
"52047204019","Dot Foods - 2,027","Andrew Johnston","2026-04-27 20:38","Travis Dadoly (Deactivated User)","2025-12-31 20:58","Adrian Wong (Deactivated User)","2025-12-18 18:25"
"18246561827","IBM Corporation - Boxboat (Partner discussion)","Tom Skarzynski (Deactivated User)","2024-03-27 10:51","Amit Zonenfeld (Deactivated User)","2024-03-26 20:01"
"35360237950","Ernstings Family","Adrian Sandu","2025-06-11 05:33","James Bennett (Deactivated User)","2025-04-03 11:39","Netta Borowitsh","2025-04-02 17:28"
"55624027796","Collectors","Daniel Alper","2026-02-05 17:38"
"56463771756","San Disk","Evan Smith","2026-02-18 17:56","Logan Loisel","2026-02-18 00:08"
"35090521361","Abacai","Shlomi Cohen","2025-03-26 10:00","Shlomi Cohen","2025-03-26 10:00","Shlomi Cohen","2025-03-26 10:00","Shlomi Cohen","2025-03-26 10:00","Netta Borowitsh","2025-03-25 20:32","Netta Borowitsh","2025-03-25 20:32","Netta Borowitsh","2025-03-25 20:32","Netta Borowitsh","2025-03-25 20:31","Shlomi Cohen","2023-09-20 17:27","Ella Furman (Deactivated User)","2023-09-07 16:15"
"38553152121","Nationwide","Subby Makinde","2025-10-14 17:21","Ross Geall (Deactivated User)","2025-06-06 17:04","Adrian Sandu","2025-06-06 16:27"
"39009237903","Telstra","Scott Dunion","2025-06-18 12:33","Adrian Sandu","2025-06-18 12:27"
"60177498890","Air France-KLM","Jamie Summers","2026-05-12 18:13","Adrian Sandu","2026-05-12 18:13","Adrian Sandu","2026-05-12 18:10","Subby Makinde","2026-05-12 18:10"
"59576208797","Macquarie Group Limited - New Deal","Scott Dunion","2026-04-24 04:39","Adrian Sandu","2026-04-24 03:59"
"41193179736","Northern Trust Corp","Charity Lee","2025-08-08 20:35","Jeff Graham","2025-08-01 23:00"
"47739352913","Toyota Connected","Jill Countey","2025-10-30 16:29"
"38393698459","Pernambucanas 60-80-100 seats per 36 months","Tali Cohen","2025-06-03 20:13","Logan Loisel","2025-06-03 20:11"
"42558596910","Fortnox","Cillian Golden (Deactivated User)","2025-08-21 12:13"
"18400477969","Kyndryl Holdings","Benjamin Duckworth","2024-04-03 13:45","Amit Zonenfeld (Deactivated User)","2024-04-03 12:47"
"43098978567","FNB Platform Team","James Pritchard","2025-09-01 12:09"
"59915238779","Meijer - '26 RFI","Tali Cohen","2026-05-04 22:56"
"17674796576","Neudesic (IBM company)","Tom Skarzynski (Deactivated User)","2024-03-05 18:01","Sam Neill (Deactivated User)","2024-02-22 19:29","Ella Furman (Deactivated User)","2024-02-22 17:23"
"32425585526","Health Catalyst","Joe Leland (Deactivated User)","2025-09-30 12:06","joe@getpor.io (Deactivated User)","2025-09-30 11:59","Joe Leland (Deactivated User)","2025-01-26 15:32","Joe Leland (Deactivated User)","2025-01-26 15:31","Joe Leland (Deactivated User)","2025-01-26 15:31","Joe Leland (Deactivated User)","2025-01-26 15:31","Joe Leland (Deactivated User)","2025-01-26 15:31","Netta Borowitsh","2025-01-26 09:41","Netta Borowitsh","2025-01-26 09:40","Netta Borowitsh","2025-01-26 09:40","Netta Borowitsh","2025-01-26 09:40","Netta Borowitsh","2025-01-26 09:40","Joe Leland (Deactivated User)","2024-07-10 10:13"
"32338821130","Omniva","Daniel Alper","2025-01-23 17:53","Roni Amar (Deactivated User)","2025-01-22 22:22"
"61465667968","State Street","Jeff Graham","2026-06-23 22:59","Rachel Jean","2026-06-23 22:50"
"62045070738","Wompi","Ignacio De Loera","2026-07-01 23:24","Logan Loisel","2026-07-01 23:24","Subby Makinde","2026-07-01 23:24","Logan Loisel","2026-07-01 23:23"
"61030451722","Nulab","Adrian Sandu","2026-06-12 17:32","Wren Huston","2026-06-11 22:22"
"21083945761","Ozone API - 2,026","Edouard Carakehian","2026-02-08 13:12","Omri Gilad","2025-01-15 16:44","Sharon Peretz","2024-07-31 10:09"
"58451655970","KubeCon EU 2026 - Enercity Netz","Matt Bilsland","2026-03-27 17:42","Jamie Summers","2026-03-26 23:26"
"35345441419","Wenrix ","William Nagle","2025-04-02 14:39","Netta Borowitsh","2025-04-02 14:23"
"58054040175","Tesco Mobile","Benjamin Duckworth","2026-03-17 13:19","Adrian Sandu","2026-03-17 13:04"
"61028536469","JPMorgan Chase & Co.","Tali Cohen","2026-06-11 16:54","Wren Huston","2026-06-11 16:48"
"35732993198","LTK","John Romano","2025-04-14 13:52","Netta Borowitsh","2025-04-10 19:45","John Romano","2025-01-08 18:20","John Romano","2024-12-12 16:19","Chase Depperschmidt (Deactivated User)","2024-12-11 17:59","John Romano","2024-10-11 18:22"
"15461840016","AMCS 2024","Cillian Golden (Deactivated User)","2024-01-28 09:10","Shlomi Cohen","2023-10-05 09:39"
"15842663858","CloudCover","Ella Furman (Deactivated User)","2023-10-30 11:03"
"15842849146","OpenDialog","Ella Furman (Deactivated User)","2023-10-30 11:38"
"15157583275","Latam Airlines","Sam Neill (Deactivated User)","2023-10-04 14:33","Ella Furman (Deactivated User)","2023-09-14 22:46"
"20074065690","ALLEN Digital","Sharon Peretz","2024-06-16 10:26","Amit Zonenfeld (Deactivated User)","2024-06-14 10:08"
"15368482437","R1 RCM","Sam Neill (Deactivated User)","2023-10-08 14:17","Ella Furman (Deactivated User)","2023-09-29 04:36"
"15843120740","MEDWING GmbH","Ella Furman (Deactivated User)","2023-10-30 13:05"
"60487451062","SURA","Ignacio De Loera","2026-05-21 19:19","Logan Loisel","2026-05-21 19:18"
"34475391787","Compass Digital","Chris Newsome","2025-03-10 17:27"
"29884325009","Alpha Omega","Daniel Alper","2025-01-14 19:30","Chris Newsome","2024-12-05 15:28","Sam Neill (Deactivated User)","2024-12-05 01:32"
"32321883544","Specsavers","Benjamin Duckworth","2026-01-15 13:23","Ross Geall (Deactivated User)","2025-01-22 11:01","Netta Borowitsh","2025-01-22 10:21","Ross Geall (Deactivated User)","2024-11-05 16:08","Netta Borowitsh","2024-11-05 16:02","Netta Borowitsh","2024-11-05 16:01","Netta Borowitsh","2024-11-05 16:01"
"43896902538","Latam Airlines Group S.A - Expansion","Ignacio De Loera","2026-05-14 16:23","Omri Gilad","2025-12-31 21:03","Adrian Wong (Deactivated User)","2025-09-19 06:02"
"13055826192","Volvo Cars - k - cancelled","Ella Furman (Deactivated User)","2023-08-16 11:01","Yonatan Boguslavski","2023-04-19 14:21"
"18170144858","Arctiq","Sam Neill (Deactivated User)","2024-03-24 15:03","Chris Newsome","2024-03-24 13:39","Sam Neill (Deactivated User)","2024-03-22 17:58"
"60638787997","Lendbuzz - PlatforMa","Sharon Peretz","2026-05-26 14:16","Netta Borowitsh","2026-05-26 14:14"
"18109738076","Getir","Benjamin Duckworth","2024-03-25 11:44","Netta Borowitsh","2024-03-19 15:01"
"39822749525","Epsilon","Tom Skarzynski (Deactivated User)","2026-01-28 11:40","Sam Neill (Deactivated User)","2025-07-07 20:39","Logan Loisel","2025-07-07 19:12"
"61035027013","Attentive - New Deal","William Nagle","2026-06-11 23:01"
"58452737812","KubeCon EU 2026 - Fronius International GmbH","Benjamin Duckworth","2026-03-26 23:26"
"46674031695","GLS Group - 2,028","Omri Gilad","2025-10-23 12:42"
"21665263968","Pague Menos","Tom Skarzynski (Deactivated User)","2024-08-25 10:48"
"33858152775","Input Output","Chris Newsome","2025-02-23 11:11","Netta Borowitsh","2025-02-21 21:05","Chris Newsome","2025-02-13 22:20","Scott Dunion","2025-01-29 07:57"
"28982958718","Utah State University ","Jeff Graham","2024-11-12 20:35"
"35349390429","SAP","Adrian Sandu","2025-06-11 05:33","James Bennett (Deactivated User)","2025-04-02 14:11","Netta Borowitsh","2025-04-02 14:06"
"14056826730","Deloitte","Sam Neill (Deactivated User)","2023-09-29 14:38","Shlomi Cohen","2023-08-27 21:50","Ella Furman (Deactivated User)","2023-08-13 18:41","Aviv Lavie (Deactivated User)","2023-07-11 12:57"
"19150034838","CNH Industrial","Benjamin Duckworth","2024-05-06 12:52","Amit Zonenfeld (Deactivated User)","2024-05-06 12:29"
"29074564526","Salesforce ","Jeff Graham","2024-11-16 05:47","Sam Neill (Deactivated User)","2024-11-14 14:55","Jeff Graham","2024-11-14 10:44","Amit Zonenfeld (Deactivated User)","2024-11-13 20:08"
"36234524472","Zefr","Dylan Leija","2025-07-22 16:15","Chase Depperschmidt (Deactivated User)","2025-05-22 14:50","John Romano","2025-04-25 18:05","Chase Depperschmidt (Deactivated User)","2025-04-25 17:01"
"21660298087","Libertex group- 2,025","Omri Gilad","2025-01-15 16:31","Cillian Golden (Deactivated User)","2024-08-23 12:10"
"15485565568","FNB South Africa","Shlomi Cohen","2023-10-26 13:49","Ella Furman (Deactivated User)","2023-10-06 13:46"
"15753306731","Petrobras","Sam Neill (Deactivated User)","2023-10-24 10:57","Ella Furman (Deactivated User)","2023-10-23 15:33"
"39599221902","GoodRx","Daniel Alper","2025-07-02 17:13","Logan Loisel","2025-07-02 17:11"
"32781377817","On Running","Ross Geall (Deactivated User)","2025-01-30 17:40","Netta Borowitsh","2025-01-30 17:38","Ross Geall (Deactivated User)","2025-01-30 14:07","Netta Borowitsh","2025-01-30 13:58","Ross Geall (Deactivated User)","2025-01-28 10:52","Netta Borowitsh","2025-01-28 10:26","Ross Geall (Deactivated User)","2025-01-27 16:54","Ross Geall (Deactivated User)","2025-01-27 16:54","Ross Geall (Deactivated User)","2025-01-27 16:47","Netta Borowitsh","2025-01-27 16:45","Netta Borowitsh","2025-01-27 16:44"
"55643609418","Nextera/FPL","Jeff Graham","2026-02-06 20:37","Logan Loisel","2026-02-06 02:21"
"42868571199","GitLab","Jill Countey","2025-08-26 17:20","Logan Loisel","2025-08-26 17:19"
"12760730732","Rapha","Ella Furman (Deactivated User)","2023-08-16 11:02","zohar einy (Deactivated User)","2023-04-24 15:42","Ella Furman (Deactivated User)","2023-03-29 10:53"
"23313722677","TomTom","Cillian Golden (Deactivated User)","2024-10-17 18:42","Grant Dienaar (Deactivated User)","2024-10-17 14:09"
"57823032853","Swan ","Sharon Peretz","2026-03-09 17:24","William Nagle","2026-03-09 16:40","Adrian Sandu","2026-03-09 16:37"
"59822594325","Garner - New Deal","Jill Countey","2026-05-08 16:07","Adrian Sandu","2026-04-29 23:46"
"16344575915","Morgan Stanley","Sam Neill (Deactivated User)","2023-12-03 16:22"
"43388393594","Kyriba","Jason Chiu (Deactivated User)","2025-09-05 18:35","Logan Loisel","2025-09-05 18:25"
"61622346912","PWC - 2029","Evan Smith","2026-06-26 17:02"
"17500425910","Alelo Brasil","Chris Newsome","2024-02-13 17:18"
"12744637443","Optimizely","Ella Furman (Deactivated User)","2023-03-28 11:10"
"14745218370","CMA CGM","Shlomi Cohen","2023-08-20 14:52"
"61623647833","Duolingo - New Deal","Wren Huston","2026-06-30 11:43","Adrian Sandu","2026-06-25 23:03"
"35345141311","KBC","Subby Makinde","2025-05-06 04:04","Netta Borowitsh","2025-04-23 13:58","Benjamin Duckworth","2025-04-02 15:34","Netta Borowitsh","2025-04-02 15:31"
"29037295258","Leidos Holdings Inc","Sam Neill (Deactivated User)","2024-11-14 11:05","Grant Dienaar (Deactivated User)","2024-11-13 20:55"
"58004537992","BP (via Infosys)","Jamie Summers","2026-03-13 16:53","Subby Makinde","2026-03-13 16:33","Adrian Sandu","2026-03-13 16:24"
"48893297297","Banco Pichincha","Ignacio De Loera","2026-02-18 18:52","Travis Dadoly (Deactivated User)","2025-11-12 16:19","Logan Loisel","2025-11-12 13:18","Gal Tarrab Levi","2025-11-12 13:11"
"43331924151","Care Lumen","John Romano","2025-09-04 00:09","Logan Loisel","2025-09-04 00:08"
"29076125280","CDW","Tom Skarzynski (Deactivated User)","2024-11-14 12:28","Netta Borowitsh","2024-11-14 03:14"
"36181724238","Lincoln National Corporation","Tali Cohen","2025-04-25 02:25","Charity Lee","2025-04-24 23:39"
"15326316217","CrownPeak Inc","Chris Newsome","2023-09-28 09:00","Ella Furman (Deactivated User)","2023-09-26 14:27"
"58311762564","Canonical ","Matt Bilsland","2026-03-26 12:00","Adrian Sandu","2026-03-25 11:50"
"32310852773","Stack Overflow","Chris Newsome","2025-01-21 18:09","Roni Amar (Deactivated User)","2025-01-21 17:28","Chris Newsome","2024-12-16 13:45","Roni Amar (Deactivated User)","2024-12-16 13:36"
"40841572530","FrankCrum","Jill Countey","2025-07-25 22:45"
"57447604003","thoughtworks","Rick Walker","2026-03-03 19:01"
"15842663681","icustomer","Ella Furman (Deactivated User)","2023-10-30 11:00"
"21276582704","Compare the Market","Cillian Golden (Deactivated User)","2024-08-11 10:06"
"29844999771","Siemens ","Benjamin Duckworth","2024-12-05 16:25","Netta Borowitsh","2024-12-04 21:18"
"33672899910","XY Retail","Scott Dunion","2025-02-19 15:25","Netta Borowitsh","2025-02-19 11:23"
"11710670507","Melio","Zohar Einy","2025-10-01 09:37","Maria Lepp (Deactivated User)","2023-11-29 09:54","Ella Furman (Deactivated User)","2023-08-16 11:01","Yonatan Boguslavski","2023-04-17 18:40","zohar einy (Deactivated User)","2023-01-15 17:45"
"19720967844","In The Pocket","Cillian Golden (Deactivated User)","2024-05-30 11:35","Netta Borowitsh","2024-05-30 11:15"
"35363074430","UMAKE","William Nagle","2025-04-02 15:24","Netta Borowitsh","2025-04-02 15:15"
"29042699862","Koch Industries","Rick Walker","2026-01-28 11:33","Sam Neill (Deactivated User)","2024-11-14 11:54","Amit Zonenfeld (Deactivated User)","2024-11-14 00:04"
"35301482637","aaishika.com ","Logan Loisel","2025-04-01 14:23","Roni Amar (Deactivated User)","2025-04-01 13:37"
"35307579400","Okta ","Tali Cohen","2025-04-01 11:48","Roni Amar (Deactivated User)","2025-04-01 11:41"
"51244893075","Darktrace ","James Butcher","2026-03-17 17:25","Benjamin Duckworth","2025-12-04 12:41"
"59082192781","JYSK","James Pritchard","2026-04-10 18:44","Adrian Sandu","2026-04-10 18:42"
"41518687868","HiBob","Sharon Peretz","2025-08-07 13:38","Adrian Sandu","2025-08-07 13:31"
"42218760039","HERE Technologies","Ross Geall (Deactivated User)","2025-08-15 15:18"
"16038864466","AMBOSS","Cillian Golden (Deactivated User)","2024-01-16 14:42","Shlomi Cohen","2023-11-13 16:19","Ella Furman (Deactivated User)","2023-11-13 15:35"
"34255961432","WildBrain","Jill Countey","2025-03-05 14:44","Jill Countey","2025-03-05 14:44","Netta Borowitsh","2025-03-05 14:35","Netta Borowitsh","2025-03-05 14:35"
"61600694696","AWS - New Deal","Logan Loisel","2026-06-30 19:11","Jill Countey","2026-06-25 06:36"
"29900802388","i3 Verticals","John Romano","2024-12-31 16:34","Joe Leland (Deactivated User)","2024-12-08 11:28","Dylan Leija","2024-12-05 21:43"
"15667730953","MCG","Chris Newsome","2023-10-17 20:14","Ella Furman (Deactivated User)","2023-10-17 17:53"
"44115666294","Worldpay Inc.","Charity Lee","2025-09-30 18:14","Tali Cohen","2025-09-22 21:16"
"16157858121","Jetstar","Shlomi Cohen","2023-11-21 14:18"
"58442663045","KubeCon EU 2026 - OMP","William Nagle","2026-04-21 16:37","James Butcher","2026-03-27 20:11","Sharon Peretz","2026-03-26 23:26"
"47221986319","Decathlon","Benjamin Duckworth","2025-10-27 16:21","Adrian Sandu","2025-10-27 16:05"
"38431905086","Falabella.com","Ignacio De Loera","2026-02-18 18:52","Travis Dadoly (Deactivated User)","2025-06-04 18:07","Amit Zonenfeld (Deactivated User)","2025-06-04 00:11"
"29849324712","S&P Global","Tom Skarzynski (Deactivated User)","2024-12-04 19:41","Netta Borowitsh","2024-12-04 19:35"
"14249728295","MTN","Shlomi Cohen","2023-10-16 19:00","Ella Furman (Deactivated User)","2023-08-13 18:41","Aviv Lavie (Deactivated User)","2023-07-20 18:48"
"34886358638","Itaú Unibanco","Logan Loisel","2025-06-11 05:26","Sam Neill (Deactivated User)","2025-03-20 17:15"
"35303043626","OLX ","Adrian Sandu","2025-06-10 14:57","Roni Amar (Deactivated User)","2025-04-28 11:27","Ross Geall (Deactivated User)","2025-04-01 17:43","Netta Borowitsh","2025-04-01 15:43"
"42408854964","Tata Consultancy Services Ltd - New Deal","Adrian Sandu","2025-08-19 13:42"
"41704024330","British Airways","James Pritchard","2025-08-11 19:23","Amit Zonenfeld (Deactivated User)","2025-08-11 19:15"
"31639573553","Gucci","Ross Geall (Deactivated User)","2025-01-08 16:49","Benjamin Duckworth","2025-01-07 10:38","Benjamin Duckworth","2025-01-07 10:38","Benjamin Duckworth","2025-01-07 10:38","Netta Borowitsh","2025-01-07 10:22","Netta Borowitsh","2025-01-07 10:22","Netta Borowitsh","2025-01-07 10:21","Benjamin Duckworth","2025-01-06 12:48","Ross Geall (Deactivated User)","2025-01-06 12:41","Netta Borowitsh","2025-01-06 12:39"
"58432445609","KubeCon EU 2026 - ProgressSoft","William Nagle","2026-04-15 16:38","James Butcher","2026-03-30 18:49","William Nagle","2026-03-30 18:38","Gus Stewart","2026-03-26 23:26"
"20680338729","Getir","Benjamin Duckworth","2024-07-11 14:41"
"21250458949","Anywhere Real Estate","Tom Skarzynski (Deactivated User)","2024-08-09 20:17"
"29794857336","Liantis","Cillian Golden (Deactivated User)","2024-12-03 15:42","Netta Borowitsh","2024-12-03 15:36","Cillian Golden (Deactivated User)","2024-05-05 14:27"
"17655538854","Coupa","Chris Newsome","2024-02-22 10:39","Amit Zonenfeld (Deactivated User)","2024-02-21 20:33"
"34188315441","ONDC","William Nagle","2025-03-03 16:56","Netta Borowitsh","2025-03-03 16:49"
"59096543057","Temenos","James Pritchard","2026-04-10 22:07"
"17115574663","Swisscard AECS","Cillian Golden (Deactivated User)","2024-01-23 14:02"
"60734504279","Omnissa ","John Romano","2026-06-01 17:55","Wren Huston","2026-06-01 16:27","William Nagle","2026-05-30 16:45"
"18327447949","OfficeRnD - 2,025","Omri Gilad","2025-01-15 16:37","Chris Newsome","2024-03-30 18:27"
"32425586202","Cloudinary","Sharon Peretz","2025-01-26 16:30","Sharon Peretz","2025-01-26 16:29","Sharon Peretz","2025-01-26 16:29","Netta Borowitsh","2025-01-26 09:41","Netta Borowitsh","2025-01-26 09:41","Netta Borowitsh","2025-01-26 09:40","Sharon Peretz","2024-04-05 16:47","Shlomi Cohen","2024-01-31 09:24","Netta Borowitsh","2024-01-30 17:38"
"58317991448","MongoDB","Evan Smith","2026-03-31 23:52","Logan Loisel","2026-03-25 11:36"
"15958039579","Cloud7Works","Shlomi Cohen","2023-11-08 17:09","Ella Furman (Deactivated User)","2023-11-07 22:01"
"56535499829","Chain Reaction - 2,027","Omri Gilad","2026-02-17 15:01"
"35626631786","Hub24","Scott Dunion","2025-04-16 11:29","Amit Zonenfeld (Deactivated User)","2025-04-10 18:52"
"41041246820","Carta","Chris Newsome","2025-07-30 18:09","Logan Loisel","2025-07-29 23:22"
"61223430453","State Street","Jeff Graham","2026-06-22 19:50","Rachel Jean","2026-06-22 19:49","Logan Loisel","2026-06-18 18:01"
"36667810911","Viber Rakuten ","Sharon Peretz","2025-05-04 14:19","Roni Amar (Deactivated User)","2025-05-04 14:13"
"31963869097","Trane Technologies ","Jeff Graham","2025-01-14 09:58"
"35314335043","Tink ","Logan Loisel","2025-04-18 17:24","Charity Lee","2025-04-18 17:24","Jeff Graham","2025-04-01 13:39","Roni Amar (Deactivated User)","2025-04-01 13:26"
"43853518716","Reply","James Pritchard","2025-09-17 14:05","Adrian Sandu","2025-09-17 13:56"
"15276007282","Verizon","Sam Neill (Deactivated User)","2023-09-28 17:10","Ella Furman (Deactivated User)","2023-09-21 23:57"
"46602361675","Novo Nordisk","James Pritchard","2025-10-21 17:33","Adrian Sandu","2025-10-21 17:32"
"35576474803","Ansys","Tali Cohen","2025-04-14 10:40","Netta Borowitsh","2025-04-09 14:25"
"30277731968","Sourced Group","Scott Dunion","2024-12-16 12:34","Grant Dienaar (Deactivated User)","2024-12-13 01:30"
"16606322538","Viz Pro 2024","Sharon Peretz","2024-05-16 12:06","Shlomi Cohen","2024-01-28 09:30","Cillian Golden (Deactivated User)","2024-01-28 09:00","Shlomi Cohen","2023-12-20 19:02"
"14170185479","VF","Ella Furman (Deactivated User)","2023-08-16 11:01","Aviv Lavie (Deactivated User)","2023-07-15 12:04"
"21056355168","Fiverr","Sharon Peretz","2024-07-30 10:20","Ella Furman (Deactivated User)","2024-07-30 01:58"
"29700391720","KUBRA - 2,026","Adrian Wong (Deactivated User)","2025-04-14 15:35","Omri Gilad","2025-01-15 16:48","Chris Newsome","2024-11-29 07:09"
"51926053159","ebbo","Jill Countey","2026-01-15 19:01","Dylan Leija","2025-12-16 22:33"
"37542788379","EQT AB Group","Adrian Sandu","2025-11-03 16:22","Christos Lemos (Deactivated User)","2025-05-22 13:18","Travis Dadoly (Deactivated User)","2025-05-22 13:00","Adrian Sandu","2025-05-21 23:01"
"50894136495","Prima AFP (Credicorp) - 2,026","Ignacio De Loera","2026-01-18 10:36","Sam Neill (Deactivated User)","2025-12-02 00:42"
"60264241809","Paysafe ","Matt Bilsland","2026-05-26 11:30","William Nagle","2026-05-22 13:13","Adrian Sandu","2026-05-15 12:16"
"12747952464","Sliide","Ella Furman (Deactivated User)","2023-03-28 14:42"
"15090566063","Shift 2023","Shlomi Cohen","2023-09-10 13:43"
"57485531953","Capital Group","Tali Cohen","2026-03-04 16:48","Logan Loisel","2026-03-04 01:07"
"51940286213","MACCABI HEALTHCARE SERVICES (HMO) - 2,026","Omri Gilad","2025-12-15 21:53"
"15425107215","Travelers","Sam Neill (Deactivated User)","2023-10-03 16:33","Ella Furman (Deactivated User)","2023-10-03 16:28"
"31877845023","Zefr","John Romano","2025-01-12 11:31","Netta Borowitsh","2025-01-10 23:57","John Romano","2024-12-16 22:43","Chris Newsome","2024-11-26 09:53","Amit Zonenfeld (Deactivated User)","2024-11-25 21:49"
"46324088660","SentinelOne","Sharon Peretz","2025-10-17 23:06","Jill Countey","2025-10-17 18:17","Logan Loisel","2025-10-17 15:43"
"18075220320","P&G","Tom Skarzynski (Deactivated User)","2024-03-28 16:49","Sam Neill (Deactivated User)","2024-03-17 15:20"
"32425585561","Just Eat Takeaway","Ross Geall (Deactivated User)","2025-01-26 15:36","Netta Borowitsh","2025-01-24 12:46","Ross Geall (Deactivated User)","2024-11-25 10:12","Amit Zonenfeld (Deactivated User)","2024-11-25 10:07"
"35021150318","DevOps1","Scott Dunion","2025-03-24 14:12","Netta Borowitsh","2025-03-24 07:01","Scott Dunion","2025-03-12 10:24","Netta Borowitsh","2025-03-12 05:14","Scott Dunion","2025-03-11 10:43","Netta Borowitsh","2025-03-11 02:26","Scott Dunion","2025-02-11 10:28","Netta Borowitsh","2025-02-11 10:21","Netta Borowitsh","2025-02-11 05:13","Netta Borowitsh","2025-02-11 05:08"
"35420683349","Orange","Ross Geall (Deactivated User)","2025-04-07 13:03","Roni Amar (Deactivated User)","2025-04-03 18:23"
"31194745512","SpotOn","Daniel Alper","2024-12-30 16:58","Dylan Leija","2024-12-30 16:33"
"42712762029","Royal Caribbean International","Charity Lee","2025-09-08 16:46","Tali Cohen","2025-08-22 20:02"
"40421192327","Bright Horizons ","Tali Cohen","2025-07-18 00:16"
"47564385617","Abbott","Tom Skarzynski (Deactivated User)","2025-10-29 16:35"
"58650221321","Banco Macro - New Deal","Ignacio De Loera","2026-03-31 19:45","Dylan Leija","2026-03-31 18:40"
"35413426697","Carlyle Group ","Jason Chiu (Deactivated User)","2025-04-04 11:26","Roni Amar (Deactivated User)","2025-04-03 18:36"
"58428246186","KubeCon EU 2026 - Telstra","Scott Dunion","2026-03-26 23:26"
"19249700868","Etraveli","Ella Furman (Deactivated User)","2024-05-27 13:41","Sharon Peretz","2024-05-09 21:31"
"22301194398","Manulife","Jeff Graham","2024-09-16 15:55","Amit Zonenfeld (Deactivated User)","2024-09-15 22:58"
"46797772119","Anticimex","Ross Geall (Deactivated User)","2025-10-24 10:55","Adrian Sandu","2025-10-23 22:16"
"38147650227","Hostinger - 2,027","Edouard Carakehian","2026-02-08 13:03","Omri Gilad","2025-05-28 22:17"
"35349609746","Worldstream - IT infrastructures","William Nagle","2025-04-01 22:57","Netta Borowitsh","2025-04-01 19:18"
"44951230111","BCP 2025 Recontracting","Sam Neill (Deactivated User)","2025-09-30 08:47"
"48798800153","TeKnowledge","James Pritchard","2025-11-10 19:00","Subby Makinde","2025-11-10 18:59"
"57129764475","Collectors Holdings Inc","Daniel Alper","2026-02-27 17:26","EJ Rauseo","2026-02-27 17:17","Logan Loisel","2026-02-26 23:04"
"13789855014","Applied Materials","Ella Furman (Deactivated User)","2023-08-13 18:41","Aviv Lavie (Deactivated User)","2023-06-20 08:22"
"28248961600","Presidio Inc - Client unnamed","Tom Skarzynski (Deactivated User)","2024-10-23 14:32","Amit Zonenfeld (Deactivated User)","2024-10-22 21:32"
"29117534077","JPMorgan Chase & Co.  ","Sam Neill (Deactivated User)","2024-11-16 05:40","Amit Zonenfeld (Deactivated User)","2024-11-14 20:47"
"30850413888","The Boeing Company","Jeff Graham","2024-12-22 13:06","Amit Zonenfeld (Deactivated User)","2024-12-21 02:45"
"22250657428","Bell Canada - Backstage Team","Sam Neill (Deactivated User)","2024-09-15 15:30","Ella Furman (Deactivated User)","2024-09-13 18:49"
"56043470354","Parloa ","Matt Bilsland","2026-02-11 12:02","William Nagle","2026-02-11 11:40","Adrian Sandu","2026-02-11 11:30"
"29800322818","JDSAT","Joe Leland (Deactivated User)","2025-09-30 12:06","joe@getpor.io (Deactivated User)","2025-09-30 12:00","Joe Leland (Deactivated User)","2024-12-03 22:11"
"44868023167","HoneyBook - 2,026","Omri Gilad","2025-09-29 20:46"
"59097942303","Canada Life","Tali Cohen","2026-04-10 22:07"
"59080051096","PRS for Music","William Nagle","2026-04-10 22:07"
"16305051227","Gong 2024","Sharon Peretz","2024-05-16 12:06","Shlomi Cohen","2024-01-28 09:31","Chris Newsome","2024-01-28 09:07","Shlomi Cohen","2023-11-30 20:02"
"58567514750","GFT Technologies - IDP - 13k Users","John Barnes","2026-03-31 17:43"
"51105994870","Atria","Logan Loisel","2025-12-04 18:49","John Romano","2025-12-03 17:31"
"34254007336","Field Nation","Chris Newsome","2025-03-05 14:52","Netta Borowitsh","2025-03-04 21:36","Chris Newsome","2024-04-11 14:36","Ella Furman (Deactivated User)","2024-04-09 16:09"
"15843431821","Explorium","Ella Furman (Deactivated User)","2023-10-30 13:24"
"49779195798","McKinsey & Company","Travis Dadoly (Deactivated User)","2025-12-10 23:35","Charity Lee","2025-12-09 16:46","Travis Dadoly (Deactivated User)","2025-11-21 23:21"
"37559932707","Leidos Holdings Inc","Travis Dadoly (Deactivated User)","2025-05-21 22:38","Logan Loisel","2025-05-21 16:22"
"42407983696","Insulet","Dylan Leija","2025-09-04 17:04","Tali Cohen","2025-08-18 23:02"
"59471085578","Credo Bank ","Sharon Peretz","2026-04-29 15:06","William Nagle","2026-04-23 13:33"
"20888611391","BigID","Sharon Peretz","2024-07-22 16:19","Shlomi Cohen","2024-07-22 12:35","Grant Dienaar (Deactivated User)","2024-07-21 17:28"
"56562023285","Cognizant Technology Solutions Corporation","Logan Loisel","2026-02-18 10:02"
"36543385493","CUBE ","Sharon Peretz","2025-10-16 16:26","Christos Lemos (Deactivated User)","2025-05-01 18:17","Netta Borowitsh","2025-04-30 02:30"
"33007802241","The New York Times","John Romano","2025-08-08 21:46","Chris Newsome","2025-02-04 11:38","Netta Borowitsh","2025-02-04 03:47","Chris Newsome","2025-01-30 13:53","Netta Borowitsh","2025-01-29 20:15","Chris Newsome","2025-01-08 14:48"
"44083774512","Stedin ","James Pritchard","2025-09-22 17:26"
"40320906621","ASAPP","Logan Loisel","2025-08-08 17:42","Jill Countey","2025-07-17 00:40","Logan Loisel","2025-07-17 00:34"
"10127448590","Jetbrains","Ella Furman (Deactivated User)","2023-08-16 11:02","Zohar Einy","2022-09-09 16:06"
"12228840874","Gong","Shlomi Cohen","2023-08-14 10:58","Zohar Einy","2023-02-19 15:03"
"35387219370","BlackRock","Sam Neill (Deactivated User)","2025-04-02 16:40","Netta Borowitsh","2025-04-02 16:00"
"42440021764","Arla Foods","James Pritchard","2025-08-19 15:01"
"57746760879","Equifax // Pipeline (Early Qual) // Q4 2026","Dylan Leija","2026-04-23 17:32","Jenny Lucas (Deactivated User)","2026-03-06 22:11"
"32339432759","Jump","Daniel Alper","2025-01-22 23:31"
"61917198080","United Wholesale Mortgage - Q3 Expansion","Evan Smith","2026-07-01 15:57"
"21580873884","Sanlam Limited","Benjamin Duckworth","2024-08-20 12:25","Netta Borowitsh","2024-08-20 11:48"
"60173821864","Felix Technologies","Ignacio De Loera","2026-05-11 21:37","John Romano","2026-05-11 18:43","Aaron Marans","2026-05-11 17:02"
"60355609095","HoneyBook - additional 25 seats","Omri Gilad","2026-05-20 09:26"
"58428090943","KubeCon EU 2026 - OP Financial","John Barnes","2026-03-26 23:26"
"53364012079","Takealot","James Pritchard","2026-01-07 11:46"
"60857272715","GenCat  - 2,027","Edouard Carakehian","2026-06-08 17:01","James Pritchard","2026-06-04 15:06"
"17712633994","SolarEdge - 2,025","Sharon Peretz","2024-05-16 12:06","Shlomi Cohen","2024-02-25 14:52"
"29235930127","Legal & General - 2,027","Benjamin Duckworth","2024-11-18 12:22"
"29312622396","NIC.br ","John Romano","2024-12-02 19:15","Joe Leland (Deactivated User)","2024-11-25 18:09","Netta Borowitsh","2024-11-18 23:30"
"58251331891","Teamviewer ","William Nagle","2026-03-31 23:57","Logan Loisel","2026-03-23 20:37"
"16329838004","DPG Media","Benjamin Duckworth","2023-12-03 14:38","Ella Furman (Deactivated User)","2023-12-01 23:12"
"33276017785","Booksy","Cillian Golden (Deactivated User)","2025-02-11 10:19","Roni Amar (Deactivated User)","2025-02-10 18:19"
"43394971165","Capital.com","Cillian Golden (Deactivated User)","2025-09-05 14:45","Adrian Sandu","2025-09-05 14:40"
"60694340149","Kiabi | IDP project | France","Jamie Summers","2026-05-28 18:47","Subby Makinde","2026-05-28 18:43","Jamie Summers","2026-05-28 18:40","Subby Makinde","2026-05-28 18:40"
"47666527512","Adobe","Rick Walker","2026-01-28 11:29","Sam Neill (Deactivated User)","2025-10-31 11:41","Logan Loisel","2025-10-31 07:32"
"35073561510","Sophos - 2,028","Edouard Carakehian","2026-02-08 13:13","Omri Gilad","2026-01-18 10:30","Cillian Golden (Deactivated User)","2025-03-25 20:15"
"34254007318","NTT DATA Corporation","Benjamin Duckworth","2025-03-05 14:51","Benjamin Duckworth","2024-08-25 10:54","Amit Zonenfeld (Deactivated User)","2024-08-23 16:16"
"33843702350","DAT Freight & Analytics","John Romano","2025-02-23 11:10","John Romano","2025-02-23 11:09","John Romano","2025-02-23 11:09","John Romano","2025-02-23 11:06","John Romano","2025-02-23 11:06","John Romano","2025-02-23 11:06","John Romano","2025-02-23 11:06","John Romano","2025-02-23 11:05","Netta Borowitsh","2025-02-20 22:46","Netta Borowitsh","2025-02-20 22:46","Netta Borowitsh","2025-02-20 22:46","Netta Borowitsh","2025-02-20 22:46","Netta Borowitsh","2025-02-20 22:46","Netta Borowitsh","2025-02-20 22:46","Netta Borowitsh","2025-02-20 22:46","Netta Borowitsh","2025-02-20 22:46","John Romano","2024-12-12 16:58","John Romano","2024-12-05 17:41","Amit Zonenfeld (Deactivated User)","2024-12-05 00:38","John Romano","2024-11-16 05:10"
"54596568107","Die Mobiliar ","Subby Makinde","2026-02-18 16:42","James Pritchard","2026-01-26 16:39","Adrian Sandu","2026-01-26 16:36"
"33377178513","Big Panda","Sharon Peretz","2025-02-12 11:38","Roni Amar (Deactivated User)","2025-02-12 11:23","Sharon Peretz","2025-02-12 10:58","Roni Amar (Deactivated User)","2025-02-12 10:58","Sharon Peretz","2025-02-12 10:56"
"35415294059","ABAX as","Cillian Golden (Deactivated User)","2025-04-07 13:01","Netta Borowitsh","2025-04-03 18:06"
"17139445653","Wellthy","Chris Newsome","2024-01-25 09:57","Netta Borowitsh","2024-01-24 20:29"
"33866671657","Natural Intelligence","Sharon Peretz","2025-02-24 10:34"
"62111886975","Giesecke+Devrient","John Barnes","2026-07-02 18:12","Adrian Sandu","2026-07-02 18:08"
"16527968116","Drivvn","Cillian Golden (Deactivated User)","2024-01-11 01:43","Shlomi Cohen","2023-12-18 08:12"
"58332174001","Kingfisher","Benjamin Duckworth","2026-03-26 14:23"
"15793766453","Insight Global","Sam Neill (Deactivated User)","2023-10-26 13:58","Ella Furman (Deactivated User)","2023-10-26 13:38"
"58448080054","KubeCon EU 2026 - Kivra AB","William Nagle","2026-04-02 17:15","James Butcher","2026-03-26 23:26"
"58429400873","Tango - KubeCon EU 2026","Sharon Peretz","2026-03-30 19:15","John Romano","2026-03-27 19:13","James Butcher","2026-03-26 23:26"
"18817747735","KTM - 2,027","Omri Gilad","2025-01-15 16:38","Benjamin Duckworth","2024-04-22 13:00"
"32985622545","None yet","Jill Countey","2025-02-10 14:50","Roni Amar (Deactivated User)","2025-02-04 16:40"
"51163541814","Sentinel Group - AWS LV 25","EJ Rauseo","2026-02-23 21:35"
"35421697041","Fitch Group, Inc ","Daniel Alper","2025-04-07 11:50","Netta Borowitsh","2025-04-04 14:52"
"33352155653","Honeywell","Jeff Graham","2025-02-11 17:24","Netta Borowitsh","2025-02-11 17:19","Jeff Graham","2024-12-25 10:45","Netta Borowitsh","2024-12-24 21:21"
"33970337078","Cato Networks","Sharon Peretz","2025-02-26 15:26","Sharon Peretz","2025-02-26 15:26","Netta Borowitsh","2025-02-26 13:58","Netta Borowitsh","2025-02-26 12:25","Sharon Peretz","2025-02-06 15:45","Netta Borowitsh","2025-02-06 15:39","Sharon Peretz","2025-02-06 15:37"
"28420293155","MagMutual - Renewal - 2,027","Andrew Johnston","2026-05-10 09:03","Omri Gilad","2025-12-31 21:01","Adrian Wong (Deactivated User)","2025-04-14 15:35","Omri Gilad","2025-01-15 16:32","Chris Newsome","2024-10-28 17:16"
"16461369601","Nice","Shlomi Cohen","2023-12-12 09:46","Ella Furman (Deactivated User)","2023-12-12 09:45"
"17810100080","DoubleVerify - 2,025","Omri Gilad","2025-01-15 16:36","Chris Newsome","2024-03-01 18:27"
"18579486059","Aptive Environmental","Chris Newsome","2024-04-14 11:54","Ella Furman (Deactivated User)","2024-04-11 23:19"
"30634324491","SimonMed Imaging ","Joe Leland (Deactivated User)","2025-09-30 12:06","joe@getpor.io (Deactivated User)","2025-09-30 12:00","Joe Leland (Deactivated User)","2025-01-09 16:59","Chris Newsome","2024-12-17 16:58"
"20621000097","Vodafone","Benjamin Duckworth","2024-07-09 10:36","Netta Borowitsh","2024-07-09 05:37"
"30899415591","Gong - 2025","Omri Gilad","2025-01-15 16:33","Sharon Peretz","2024-12-23 21:50"
"15975788903","U.S. Cellular","Sam Neill (Deactivated User)","2023-11-09 11:37","Ella Furman (Deactivated User)","2023-11-08 20:54"
"13162287929","Tim Fong ","Ella Furman (Deactivated User)","2023-04-27 20:10"
"15843406704","PVH Corp","Ella Furman (Deactivated User)","2023-10-30 13:07"
"17418483282","JobTarget","Chris Newsome","2024-02-14 16:47","Ella Furman (Deactivated User)","2024-02-07 23:32"
"21046520138","Neogrid","John Romano","2024-07-29 11:35"
"18400228953","Infineon Technologies","Benjamin Duckworth","2024-04-03 12:54","Ella Furman (Deactivated User)","2024-04-03 12:31"
"20051081614","easy.bi","Sharon Peretz","2024-06-13 16:45","Ella Furman (Deactivated User)","2024-06-13 11:09"
"19473013518","Schaeffler Automotive (via Accenture)","Benjamin Duckworth","2024-05-19 16:18"
"18151623578","Aspida","Chris Newsome","2024-03-21 22:56"
"59107975078","Hudson&Hayes","Subby Makinde","2026-04-10 22:07"
"35463443813","Vodafone","Ross Geall (Deactivated User)","2025-04-07 12:08","Netta Borowitsh","2025-04-04 13:58"
"21782786317","Curology","Chris Newsome","2024-08-28 18:45"
"12747951119","AutoZone","Ella Furman (Deactivated User)","2023-03-28 14:26"
"40279362851","InvestorFlow","Jason Chiu (Deactivated User)","2025-07-15 21:49","Logan Loisel","2025-07-15 21:47"
"13089198260","Abbott","Ella Furman (Deactivated User)","2023-04-22 00:10"
"61031608232","Copart","Dylan Leija","2026-06-11 22:19"
"58255212432","Mindera ","William Nagle","2026-03-25 11:22","Adrian Sandu","2026-03-24 13:58"
"61129294964","CaseWorthy","John Romano","2026-06-16 19:27","Aaron Marans","2026-06-16 19:26","John Romano","2026-06-16 17:59","Aaron Marans","2026-06-16 17:57","Aaron Marans","2026-06-11 22:19"
"61009931110","UT MD Anderson","Rick Walker","2026-06-15 18:58","Dylan Leija","2026-06-09 20:45","Jill Countey","2026-06-09 20:42"
"13196806272","Emburse","Chris Newsome","2023-09-22 13:00","Shlomi Cohen","2023-08-14 10:07","Ella Furman (Deactivated User)","2023-05-01 20:13"
"45968116903","The Phoenix Group","James Pritchard","2025-10-15 13:59","James Pritchard","2025-10-09 11:09","Gal Tarrab Levi","2025-10-09 05:18","Gal Tarrab Levi","2025-10-09 05:18"
"50331400624","SS&C Technologies Holdings, Inc.","Tali Cohen","2025-11-24 23:18"
"60640095252","Unity Technologies","Sharon Peretz","2026-05-26 15:27","Logan Loisel","2026-05-26 15:11"
"16714594654","JPMC - Chase FinCloud","Sam Neill (Deactivated User)","2023-12-28 17:46","Sam Neill (Deactivated User)","2023-09-29 14:58","Sam Neill (Deactivated User)","2023-09-29 13:51","Shlomi Cohen","2023-09-20 17:26","Ella Furman (Deactivated User)","2023-09-06 16:41","Shlomi Cohen","2023-08-13 18:40","Aviv Lavie (Deactivated User)","2023-07-24 20:37"
"18147836163","Hostinger - KubeCon","Cillian Golden (Deactivated User)","2024-03-24 13:53"
"61670071676","Bank of America - New Deal","Logan Loisel","2026-06-26 23:03"
"22458944078","General Mills","Tom Skarzynski (Deactivated User)","2024-09-20 22:40"
"28997499935","MX","John Romano","2024-11-12 23:24"
"41653072553","Nave","Tali Cohen","2025-08-14 21:54","Amit Zonenfeld (Deactivated User)","2025-08-11 02:41"
"38465553786","Wells Fargo","Sam Neill (Deactivated User)","2025-06-04 20:33","Sam Neill (Deactivated User)","2025-03-12 13:28","Sam Neill (Deactivated User)","2024-09-12 03:22"
"34309617673","Transbank","John Romano","2025-03-28 18:21","Joe Leland (Deactivated User)","2025-03-06 10:43","Joe Leland (Deactivated User)","2025-03-06 10:42","Joe Leland (Deactivated User)","2025-03-06 10:33","Joe Leland (Deactivated User)","2025-03-05 20:08","Joe Leland (Deactivated User)","2025-03-05 20:08","Joe Leland (Deactivated User)","2025-03-05 20:08","Joe Leland (Deactivated User)","2024-12-03 21:38"
"56542517857","Mobysoft - 2027","Omri Gilad","2026-02-17 20:00"
"15843408264","Duke Energy","Ella Furman (Deactivated User)","2023-10-30 13:23"
"49594522957","FHLB Cincinnati","John Romano","2025-11-18 18:00"
"34407355243","Klaviyo","Daniel Alper","2025-03-28 18:22","Joe Leland (Deactivated User)","2025-03-09 10:32","Dylan Leija","2025-03-09 10:23","Dylan Leija","2025-03-07 23:21"
"51956977432","Frontier Software","Scott Dunion","2025-12-16 11:16","Adrian Sandu","2025-12-16 01:44"
"58681473920","Elekta","William Nagle","2026-04-02 17:03"
"15842892410","Valerann","Ella Furman (Deactivated User)","2023-10-30 11:57"
"19985793092","AxiosHQ - 2,025","Omri Gilad","2025-01-15 16:42","Chris Newsome","2024-06-10 17:35"
"59318988854","Jack in The Box - 2,029","Andrew Johnston","2026-05-10 09:00","Omri Gilad","2026-04-18 17:27"
"59369926986","Candescent","Jill Countey","2026-04-21 14:59","Wren Huston","2026-04-21 14:59"
"41600389649","FHLB Cincinnati","John Romano","2025-09-26 18:20","Dylan Leija","2025-08-08 18:01"
"29855507985","Collectors","John Romano","2024-12-05 16:17","Jeff Graham","2024-12-04 21:13"
"58636638080","deepset GmbH - New Deal","Matt Bilsland","2026-04-01 14:58"
"55903717028","Bank Leumi","Sharon Peretz","2026-02-10 11:27","Adrian Sandu","2026-02-10 11:18"
"51243634198","Intesa Sanpaolo","James Pritchard","2025-12-04 12:46","Adrian Sandu","2025-12-04 12:19"
"14921699487","ExodusPoint","Chris Newsome","2023-10-02 11:36","Ella Furman (Deactivated User)","2023-08-31 21:23"
"20478743598","BlueSG","Cillian Golden (Deactivated User)","2024-07-02 10:09"
"18126247001","King -  KubeCon","Benjamin Duckworth","2024-03-20 15:14"
"36601572687","WoodWing Software ","Adrian Sandu","2025-06-06 19:02","Netta Borowitsh","2025-04-30 19:05"
"37322788226","Sumitomo Mitsui Banking Corporation ","Adrian Sandu","2025-06-09 18:29","Logan Loisel","2025-06-03 01:54","Scott Dunion","2025-05-16 18:37","Roni Amar (Deactivated User)","2025-05-16 17:20"
"13585438820","AG2R LA MONDIALE","Ella Furman (Deactivated User)","2023-08-13 18:41","Aviv Lavie (Deactivated User)","2023-06-05 15:58"
"61435345826","Space Xfinity","Dylan Leija","2026-06-22 18:44"
"54286016304","Flutterwave ","William Nagle","2026-01-27 16:56","Logan Loisel","2026-01-21 00:50"
"44815667354","Flow Traders","Matt Bilsland","2026-01-15 13:22","Benjamin Duckworth","2025-12-19 16:17","Cillian Golden (Deactivated User)","2025-10-01 19:52","Sharon Peretz","2025-09-29 12:57","Christos Lemos (Deactivated User)","2025-09-29 12:50"
"42080584524","PicPay","Logan Loisel","2025-09-08 16:46","Tali Cohen","2025-08-14 20:33","Logan Loisel","2025-08-14 20:20"
"17020441095","TUI","Benjamin Duckworth","2024-02-07 12:38","Ella Furman (Deactivated User)","2024-01-31 14:17","Benjamin Duckworth","2024-01-21 11:07","Jonathan Gruber","2024-01-18 15:38"
"51958418858","Moonactive - 2,026","Omri Gilad","2025-12-16 16:42"
"39275897770","AlphaSense  - 2,027","Andrew Johnston","2026-05-10 09:03","Omri Gilad","2025-12-31 21:01","Adrian Wong (Deactivated User)","2025-06-25 19:50"
"10208008201","Nerdwallet basic","Ella Furman (Deactivated User)","2023-08-16 11:01","Zohar Einy","2022-09-16 17:43"
"15808389979","Sia Partners (Enedis)","Shlomi Cohen","2023-10-29 13:31","Ella Furman (Deactivated User)","2023-10-27 12:00"
"61694251319","JetBlue - New Deal","Logan Loisel","2026-06-26 22:59"
"56145451124","Seekwell / 1-800 CONTACTS","Daniel Alper","2026-02-23 21:42","Jill Countey","2026-02-23 19:33","Logan Loisel","2026-02-12 20:03"
"57656561734","Datavant - 2,027","John Romano","2026-03-06 17:24"
"43829638556","Crown Resorts","Scott Dunion","2025-09-17 11:04","Gal Tarrab Levi","2025-09-16 23:09"
"15843406439","Granulate","Ella Furman (Deactivated User)","2023-10-30 13:04"
"12915426461","Drivenets","Shlomi Cohen","2023-08-16 09:36","Yonatan Boguslavski","2023-04-17 18:41","Zohar Einy","2023-04-10 18:04"
"35284068526","Honda ","Tali Cohen","2025-03-31 19:29"
"45943098252","Cencosud/Scotiabank 100 seats","Ignacio De Loera","2026-02-19 17:47","Jeff Graham","2025-10-14 18:56","Logan Loisel","2025-10-14 18:55"
"59004376224","Volvo","Jamie Summers","2026-04-09 14:35","Subby Makinde","2026-04-09 12:43","Adrian Sandu","2026-04-09 12:35"
"58439178848","KubeCon EU 2026 - Data Troops, UAB (Decodo)","Subby Makinde","2026-03-26 23:26"
"35594865471","Shape","Jason Chiu (Deactivated User)","2025-04-08 19:09"
"50510514265","Team Rockstars(ASN Bank)","Benjamin Duckworth","2025-11-26 15:09","Adrian Sandu","2025-11-26 14:41"
"36555366426","Maintel","Christos Lemos (Deactivated User)","2025-05-04 11:36","Netta Borowitsh","2025-04-30 13:57"
"20586275601","Amlak International","Cillian Golden (Deactivated User)","2024-07-08 10:42","Netta Borowitsh","2024-07-07 17:56"
"59130423629","Nayax ","Sharon Peretz","2026-04-13 12:35","Charity Lee","2026-04-12 18:00","Adrian Sandu","2026-04-12 17:58"
"37629844782","SBB CFF FFS","James Pritchard","2025-05-23 12:37","Logan Loisel","2025-05-22 18:26"
"17792566380","Retailo","Cillian Golden (Deactivated User)","2024-03-03 18:26"
"16089696045","Verizon - Renewal 2024","Sam Neill (Deactivated User)","2023-11-16 18:46"
"35302115416","Dell ","Tom Skarzynski (Deactivated User)","2026-02-02 20:30","Sam Neill (Deactivated User)","2025-04-01 17:44","Netta Borowitsh","2025-04-01 16:13"
"30885855656","ensi ","Grant Dienaar (Deactivated User)","2024-12-22 12:28","Roni Amar (Deactivated User)","2024-12-22 12:10"
"61813725361","HoneyBook - 2,027","Omri Gilad","2026-06-29 22:29"
"35308373162","Achernar consulting ","William Nagle","2025-04-01 15:33","Roni Amar (Deactivated User)","2025-04-01 15:08"
"13702407844","Checkmarx","Shlomi Cohen","2023-08-15 19:01","Ella Furman (Deactivated User)","2023-08-14 11:36","Aviv Lavie (Deactivated User)","2023-06-14 09:22"
"15842821771","Totango","Ella Furman (Deactivated User)","2023-10-30 11:28"
"39513651300","Rappi - 2,026","Edouard Carakehian","2026-02-08 13:22","Omri Gilad","2025-12-31 21:01","Adrian Wong (Deactivated User)","2025-06-30 23:57"
"15664888327","TBO","Ella Furman (Deactivated User)","2023-11-09 19:56","Shlomi Cohen","2023-10-17 15:51","Ella Furman (Deactivated User)","2023-10-17 12:28"
"15842663457","Nexite","Ella Furman (Deactivated User)","2023-10-30 10:57"
"20625587580","BEC Financial Technologies","Sharon Peretz","2024-07-09 13:37","Ella Furman (Deactivated User)","2024-07-09 10:36"
"58895579967","BAWAG Group","Matt Bilsland","2026-04-07 16:21"
"19472861330","Glintt Global","Sharon Peretz","2024-05-19 15:09"
"15961375589","clAppIt","Shlomi Cohen","2023-11-08 17:29","Ella Furman (Deactivated User)","2023-11-08 03:29"
"37892857630","p.tech","Adrian Sandu","2025-05-28 13:46","Christos Lemos (Deactivated User)","2025-05-27 12:37","Adrian Sandu","2025-05-25 11:06"
"29884593059","Schreiber Foods","Tom Skarzynski (Deactivated User)","2024-12-08 10:39","Amit Zonenfeld (Deactivated User)","2024-12-05 20:43"
"29897348898","National Student Clearinghouse ","John Romano","2024-12-05 15:10","Jeff Graham","2024-12-05 03:56"
"60635765151","ONE ZERO BANK ","Sharon Peretz","2026-05-26 15:29","William Nagle","2026-05-26 11:40","Adrian Sandu","2026-05-26 11:33"
"29858121831","Games Global","Joe Leland (Deactivated User)","2025-09-30 12:06","joe@getpor.io (Deactivated User)","2025-09-30 12:00","Joe Leland (Deactivated User)","2024-12-05 16:35","Netta Borowitsh","2024-12-04 21:33"
"58450108976","KubeCon EU 2026 - MTU Aero Engines Polska","Matt Bilsland","2026-03-27 20:11","Subby Makinde","2026-03-26 23:26"
"21197775030","Sinqia","Chris Newsome","2024-08-07 00:04","Dylan Leija","2024-08-07 00:04"
"31407552282","Thomson Reuters","Jeff Graham","2025-01-03 18:15","Netta Borowitsh","2025-01-03 18:03","Jeff Graham","2025-01-02 15:22"
"35317075273","Inditex","Subby Makinde","2025-04-17 20:45","Netta Borowitsh","2025-04-07 11:32","Ross Geall (Deactivated User)","2025-04-01 15:29","Netta Borowitsh","2025-04-01 15:27","Netta Borowitsh","2025-04-01 14:23","Netta Borowitsh","2025-04-01 14:11"
"39369416725","Cognism - 2,028","Edouard Carakehian","2026-02-08 13:07","Omri Gilad","2025-06-27 13:37"
"61749900115","Bank of America","Jeff Graham","2026-06-29 19:57","Rachel Jean","2026-06-29 19:56"
"47444566025","Vonage ","Daniel Alper","2025-11-04 17:02","Logan Loisel","2025-10-29 13:42"
"58208194902","Canada Life","Tali Cohen","2026-03-20 21:29","Dylan Leija","2026-03-20 21:29"
"15238803040","World Bank Group","Sam Neill (Deactivated User)","2023-10-11 19:20","Ella Furman (Deactivated User)","2023-09-19 22:59"
"45988206674","NBC News","Tom Skarzynski (Deactivated User)","2025-10-15 19:56","Logan Loisel","2025-10-15 13:24"
"15666664468","Banco de Chile","Sam Neill (Deactivated User)","2023-10-17 16:06","Ella Furman (Deactivated User)","2023-10-17 15:59"
"36533039497","CloudPay","Adrian Sandu","2025-06-25 16:41","Cillian Golden (Deactivated User)","2025-05-04 14:49","Roni Amar (Deactivated User)","2025-04-30 13:06"
"28563450436","Imprivata - 2,025","Adrian Wong (Deactivated User)","2025-04-22 21:29","Aaron Taylor","2025-04-14 15:34","Omri Gilad","2025-01-15 16:47","Chris Newsome","2024-10-31 19:00"
"29127689230","Envoy Inc","Joe Leland (Deactivated User)","2025-09-30 12:06","joe@getpor.io (Deactivated User)","2025-09-30 12:00","Joe Leland (Deactivated User)","2024-12-12 16:50","Chris Newsome","2024-11-16 18:09","Netta Borowitsh","2024-11-15 20:23"
"15957796702","Trace3","Sam Neill (Deactivated User)","2023-11-08 16:57","Ella Furman (Deactivated User)","2023-11-07 21:45"
"16818593708","APS Group","Cillian Golden (Deactivated User)","2024-01-11 17:53","Shlomi Cohen","2024-01-05 15:18","Ella Furman (Deactivated User)","2024-01-05 15:15"
"20607178277","Travel + Leisure","Sam Neill (Deactivated User)","2024-07-08 17:55","Netta Borowitsh","2024-07-08 16:58"
"36660835369","Verint","Jill Countey","2025-05-02 23:32"
"29042983585","CA ","Sam Neill (Deactivated User)","2024-11-14 11:22","Netta Borowitsh","2024-11-13 21:21"
"18167437586","NNIT - KubeCon","Cillian Golden (Deactivated User)","2024-04-09 11:25","Benjamin Duckworth","2024-03-25 10:56"
"59185348162","KubeCon EU 2026 - Julius baer","Jamie Summers","2026-04-17 12:13","Adrian Sandu","2026-04-17 12:12","Adrian Sandu","2026-04-16 11:37","Jamie Summers","2026-04-16 11:31","James Butcher","2026-04-16 11:17","Jamie Summers","2026-03-27 20:27","James Butcher","2026-03-26 23:26"
"31717771628","SES S.A. ","Sharon Peretz","2025-01-12 11:28","Netta Borowitsh","2025-01-09 18:15"
"28866151337","Kimberly-Clark - Backstage Plugin","Tom Skarzynski (Deactivated User)","2024-11-08 00:00"
"40613097753","SURA","Ignacio De Loera","2026-02-18 18:52","Travis Dadoly (Deactivated User)","2025-07-28 13:35","Amit Zonenfeld (Deactivated User)","2025-07-22 02:12"
"14416619333","Oxa","Shlomi Cohen","2023-08-13 18:40","Aviv Lavie (Deactivated User)","2023-08-01 12:07"
"59048476025","Walker Digital Table Systems","Scott Dunion","2026-04-13 12:24","Adrian Sandu","2026-04-10 11:26","Wren Huston","2026-04-09 20:25"
"18925078925","Movable Ink - 2,025","Omri Gilad","2025-01-15 16:38","Chris Newsome","2024-04-27 01:08"
"21096550480","SolarWinds - 2025","Omri Gilad","2025-01-15 16:44","Chris Newsome","2024-08-01 00:04"
"16895102368","T. Rowe Price Associates, Inc (""Customer"") ","Sam Neill (Deactivated User)","2024-01-11 18:52","Amit Zonenfeld (Deactivated User)","2024-01-11 18:46"
"15843720362","Spot by NetApp","Ella Furman (Deactivated User)","2023-10-30 13:46"
"57827413518","Bread Financial - 2,027","Tali Cohen","2026-05-07 13:59","Andrew Johnston","2026-04-27 20:54","Tom Skarzynski (Deactivated User)","2026-03-09 18:46"
"55562245931","Blue Bay Tech - Government Client","Scott Dunion","2026-02-09 11:24","Adrian Sandu","2026-02-04 13:13"
"50472409115","Banco International - 2,028","Mariela Moreno","2025-12-31 20:58","Adrian Wong (Deactivated User)","2025-11-26 16:04"
"61592306210","Datasentics - New Deal","James Pritchard","2026-06-25 06:29"
"22343891851","Nice","Sharon Peretz","2024-09-17 11:44"
"41543399799","hipages ","Scott Dunion","2025-08-12 11:31","William Nagle","2025-08-07 12:08","Adrian Sandu","2025-08-07 12:01"
"58436317209","KubeCon EU 2026 - Adfinis gmbh","Matt Bilsland","2026-03-26 23:26"
"35428503581","SKA Observatory ","Adrian Sandu","2025-09-08 22:22","Christos Lemos (Deactivated User)","2025-06-25 13:03","Sharon Peretz","2025-06-11 13:11","William Nagle","2025-04-11 14:04","Sharon Peretz","2025-04-03 14:37","Roni Amar (Deactivated User)","2025-04-03 14:24"
"58961003433","GE Healthcare","Jeff Graham","2026-04-09 16:04","Logan Loisel","2026-04-09 16:02","Charity Lee","2026-04-09 08:15","Logan Loisel","2026-04-09 08:11"
"60132806829","Knowbe4","EJ Rauseo","2026-05-08 19:49","Aaron Marans","2026-05-08 19:34"
"32941273212","Vanguard","Jeff Graham","2025-02-03 16:01","Netta Borowitsh","2025-01-31 23:02","Jeff Graham","2024-12-04 11:52","Amit Zonenfeld (Deactivated User)","2024-12-04 03:00"
"22683217932","Visa","Jeff Graham","2024-09-27 02:59","Logan Loisel","2024-09-27 02:58"
"23319787177","Ingram Micro","Jeff Graham","2024-10-17 18:34","Grant Dienaar (Deactivated User)","2024-10-17 03:35"
"33439741540","Grab Holdings Inc. ","Scott Dunion","2025-02-13 10:11","Netta Borowitsh","2025-02-13 05:10","Scott Dunion","2025-02-10 10:28","Netta Borowitsh","2025-02-10 05:16","Scott Dunion","2025-02-09 11:20","Netta Borowitsh","2025-02-07 11:08"
"29998796298","EA Games","Scott Dunion","2024-12-09 15:38","Amit Zonenfeld (Deactivated User)","2024-12-09 07:09","Scott Dunion","2024-12-07 21:34","Amit Zonenfeld (Deactivated User)","2024-12-06 14:53"
"57950079356","Breakthrough","John Romano","2026-03-18 22:04","Aaron Marans","2026-03-18 22:03","Logan Loisel","2026-03-11 22:30","Aaron Marans","2026-03-11 22:25"
"58436471941","KubeCon EU 2026 - Jakub","Subby Makinde","2026-03-27 17:13","Adrian Sandu","2026-03-26 23:26"
"42393189155","Rapyd","Sharon Peretz","2025-08-19 10:54","Adrian Sandu","2025-08-18 13:18"
"33269701398","Bosch","Ross Geall (Deactivated User)","2025-02-10 16:50","Ross Geall (Deactivated User)","2025-02-10 16:50","Netta Borowitsh","2025-02-10 16:45","Netta Borowitsh","2025-02-10 16:44","Ross Geall (Deactivated User)","2025-02-05 12:27","Netta Borowitsh","2025-02-05 12:24"
"52069887860","Hearst","Dylan Leija","2025-12-18 17:36"
"49168856337","Liatrio KubeCon ATL 25","Johana Ochoa","2025-11-15 00:03","Logan Loisel","2025-11-14 23:35"
"58448390565","KubeCon EU 2026 - LastPass","","2026-05-15 20:49","Wren Huston","2026-03-27 17:05","Adrian Sandu","2026-03-26 23:26"
"19594989343","Slalom - General Partnership Discussion","Shlomi Cohen","2024-06-06 20:30","Tom Skarzynski (Deactivated User)","2024-05-26 16:31","Netta Borowitsh","2024-05-24 23:19"
"59088796750","Winds E Pvt Ltd","Adrian Sandu","2026-05-28 11:52"
"32286471254","Smarsh","Chris Newsome","2025-01-21 15:48","Chris Newsome","2025-01-21 15:48","Chris Newsome","2025-01-21 15:48","Chris Newsome","2025-01-21 15:48","Chris Newsome","2025-01-21 15:48","Netta Borowitsh","2025-01-21 15:47","Netta Borowitsh","2025-01-21 15:47","Netta Borowitsh","2025-01-21 15:47","Netta Borowitsh","2025-01-21 15:46","Netta Borowitsh","2025-01-21 15:46","Chris Newsome","2023-10-10 14:12","Ella Furman (Deactivated User)","2023-10-02 15:35"
"49445993655","Fiserv KubeCon ATL25","Tom Skarzynski (Deactivated User)","2025-11-17 23:52"
"33493073076","NetDocuments  - 2,027","Andrew Johnston","2026-05-10 09:03","Omri Gilad","2025-12-31 21:01","Adrian Wong (Deactivated User)","2025-04-14 15:35","Omri Gilad","2025-02-14 18:01"
"43331922041","Curriculum Associates","John Romano","2025-09-03 23:14","Logan Loisel","2025-09-03 23:13"
"60272589093","Raptor Technologies","Wren Huston","2026-06-12 16:35","Daniel Alper","2026-05-15 19:12","Aaron Marans","2026-05-15 17:56"
"61685685416","Tangerine","Jill Countey","2026-06-26 20:01","Logan Loisel","2026-06-26 19:41"
"44940682590","SES S.A. - 2,026","Edouard Carakehian","2026-02-08 13:13","Omri Gilad","2025-09-30 12:50"
"35413871796","Greenwheels","Cillian Golden (Deactivated User)","2025-04-11 18:21","William Nagle","2025-04-03 14:31","Netta Borowitsh","2025-04-03 13:01"
"41322255489","Ramboll","Ross Geall (Deactivated User)","2025-08-04 13:26","Adrian Sandu","2025-08-04 13:15"
"29889704337","JSR Corporation","John Romano","2024-12-05 17:30","Jeff Graham","2024-12-05 01:41"
"48387969359","Constant Contact","Daniel Alper","2025-11-05 18:20","Logan Loisel","2025-11-05 18:15"
"15361262262","SonicWall Inc","Chris Newsome","2023-10-16 19:37","Ella Furman (Deactivated User)","2023-09-28 18:54"
"57619601947","WHOOP","Jill Countey","2026-03-06 16:13"
"45374104638","Property Finder","Cillian Golden (Deactivated User)","2025-10-07 13:57","Adrian Sandu","2025-10-07 13:49"
"61745989173","GeneDx -2,027","Edouard Carakehian","2026-06-29 12:39"
"33915101194","Sodexo","Benjamin Duckworth","2025-02-25 12:08","Netta Borowitsh","2025-02-24 18:41","Benjamin Duckworth","2025-02-18 11:03","Netta Borowitsh","2025-02-18 10:40"
"31877845027","Rappi","Chris Newsome","2025-01-12 11:32","Netta Borowitsh","2025-01-09 23:09","Chris Newsome","2024-12-31 16:01","Jeff Graham","2024-12-09 11:59","Netta Borowitsh","2024-12-06 00:22"
"51339942550","Impetus Technologies, Inc - AWS LV 25","Logan Loisel","2026-04-29 11:41","Johana Ochoa","2025-12-10 16:00","EJ Rauseo","2025-12-08 17:31","Logan Loisel","2025-12-08 17:30"
"15843407781","LCP","Ella Furman (Deactivated User)","2023-10-30 13:18"
"36725223736","SRS Acquiom","Jill Countey","2025-05-07 19:46","Charity Lee","2025-05-06 10:36","Roni Amar (Deactivated User)","2025-05-06 10:20"
"30775833641","Chewy","Tom Skarzynski (Deactivated User)","2024-12-19 11:15","Tom Skarzynski (Deactivated User)","2024-12-19 11:14","Tom Skarzynski (Deactivated User)","2024-12-19 11:14","Tom Skarzynski (Deactivated User)","2024-12-19 11:14","Tom Skarzynski (Deactivated User)","2024-12-19 11:14","Tom Skarzynski (Deactivated User)","2024-12-19 11:14","Tom Skarzynski (Deactivated User)","2024-12-19 11:14","Tom Skarzynski (Deactivated User)","2024-12-19 11:13","Tom Skarzynski (Deactivated User)","2024-12-19 11:13","Netta Borowitsh","2024-12-18 17:57","Netta Borowitsh","2024-12-18 17:57","Netta Borowitsh","2024-12-18 17:57","Netta Borowitsh","2024-12-18 17:56","Netta Borowitsh","2024-12-18 17:56","Netta Borowitsh","2024-12-18 17:56","Netta Borowitsh","2024-12-18 17:56","Netta Borowitsh","2024-12-18 17:56","Netta Borowitsh","2024-12-18 17:56","Tom Skarzynski (Deactivated User)","2024-12-17 11:02","Netta Borowitsh","2024-12-16 19:14"
"12760730628","Wiser","Chris Newsome","2023-09-21 00:44","Shlomi Cohen","2023-08-13 18:40","Ella Furman (Deactivated User)","2023-03-29 10:51"
"33932309422","Bankdata","Cillian Golden (Deactivated User)","2025-02-26 14:21","Roni Amar (Deactivated User)","2025-02-26 10:13"
"29895762863","Pipl","Sharon Peretz","2024-12-05 11:54","Amit Zonenfeld (Deactivated User)","2024-12-05 11:50","Amit Zonenfeld (Deactivated User)","2024-12-04 18:40","Amit Zonenfeld (Deactivated User)","2024-12-04 18:40"
"17756265293","SiriusXM","Tom Skarzynski (Deactivated User)","2024-03-05 22:11","Sam Neill (Deactivated User)","2024-02-28 11:32","Amit Zonenfeld (Deactivated User)","2024-02-27 23:37"
"17479911309","Oxylabs","Cillian Golden (Deactivated User)","2024-02-12 10:35","Amit Zonenfeld (Deactivated User)","2024-02-12 10:33"
"54218149647","Nordea - ICBT AEP - New Business","John Barnes","2026-02-02 15:55","Adrian Sandu","2026-01-21 16:15"
"32736962846","Voya Financial","Tom Skarzynski (Deactivated User)","2025-01-30 10:10","Roni Amar (Deactivated User)","2025-01-29 22:43"
"51379876922","Sapiens International","Subby Makinde","2025-12-18 17:58","Sharon Peretz","2025-12-08 15:43"
"41891079784","MLB","Sam Neill (Deactivated User)","2025-08-12 22:29","Logan Loisel","2025-08-12 22:08"
"28982302050","Procter & Gamble","Tom Skarzynski (Deactivated User)","2024-11-13 13:07","Sam Neill (Deactivated User)","2024-11-13 12:55","Amit Zonenfeld (Deactivated User)","2024-11-12 19:29"
"12747962207","dv01","Ella Furman (Deactivated User)","2024-01-11 17:47","Chris Newsome","2023-12-18 10:24","Shlomi Cohen","2023-10-16 19:55","Ella Furman (Deactivated User)","2023-03-28 14:23"
"21715817757","Travel + Leisure - Reconnect","Sam Neill (Deactivated User)","2024-08-26 14:13"
"32711357839","Talon (Palo Alto Networks Ltd.)","Sharon Peretz","2025-01-29 16:57","Sharon Peretz","2025-01-29 16:56","Sharon Peretz","2025-01-29 16:56","Sharon Peretz","2025-01-29 16:56","Netta Borowitsh","2025-01-29 15:13","Netta Borowitsh","2025-01-29 15:13","Netta Borowitsh","2025-01-29 15:13","Netta Borowitsh","2025-01-29 15:13"
"41049215238","Findhelp","Daniel Alper","2025-07-30 00:05","Logan Loisel","2025-07-29 21:54"
"14234998537","Podium","Shlomi Cohen","2023-08-29 14:52","Ella Furman (Deactivated User)","2023-08-13 18:41","Aviv Lavie (Deactivated User)","2023-07-19 23:01"
"38278692944","TOTVS","Travis Dadoly (Deactivated User)","2025-05-30 20:56","Logan Loisel","2025-05-30 20:55"
"42566795807","Xometry","EJ Rauseo","2025-08-20 22:08","Logan Loisel","2025-08-20 22:06"
"41895635056","Unbiased","Adrian Sandu","2025-11-19 17:13","Christos Lemos (Deactivated User)","2025-11-19 17:11","Aaron Taylor","2025-11-19 17:11","Christos Lemos (Deactivated User)","2025-08-13 15:23","Adrian Sandu","2025-08-13 14:56"
"19219040852","CrownPeak Inc - 2,026","Edouard Carakehian","2026-02-08 13:08","Omri Gilad","2025-01-15 16:38","Cillian Golden (Deactivated User)","2024-05-08 17:48"
"33733554096","Ovative Group ","Jill Countey","2025-02-20 08:48","Jill Countey","2025-02-20 08:47","Jill Countey","2025-02-20 08:47","Jill Countey","2025-02-20 08:47","Roni Amar (Deactivated User)","2025-02-19 22:14","Jill Countey","2025-02-19 22:14","Roni Amar (Deactivated User)","2025-02-19 18:45","Roni Amar (Deactivated User)","2025-02-19 18:45","Roni Amar (Deactivated User)","2025-02-19 18:45","Roni Amar (Deactivated User)","2025-02-19 18:44","Jill Countey","2025-02-01 14:43","Roni Amar (Deactivated User)","2025-01-31 00:40"
"34693682526","Marriott","Jeff Graham","2026-04-23 17:31","Travis Dadoly (Deactivated User)","2026-01-28 11:29","Sam Neill (Deactivated User)","2025-03-16 10:22","Roni Amar (Deactivated User)","2025-03-14 23:46"
"61744642136","Rappi - 2,027","Edouard Carakehian","2026-06-29 11:07"
"18130905229","Reply - KubeCon","Benjamin Duckworth","2024-03-22 16:10","Cillian Golden (Deactivated User)","2024-03-21 12:13"
"28531178032","Akamai","Tom Skarzynski (Deactivated User)","2024-10-31 11:44","Netta Borowitsh","2024-10-30 20:47"
"58479614795","Token Security LTD","Shlomi Cohen","2026-03-30 09:47","Gal Tarrab Levi","2026-03-29 22:40"
"32360842411","eInfoChips","Scott Dunion","2025-01-23 13:28","William Nagle","2025-01-23 13:26"
"52002398106","Miro","EJ Rauseo","2025-12-17 18:40"
"42647926814","OneRail","EJ Rauseo","2025-08-21 18:19","Logan Loisel","2025-08-21 18:09"
"57100013228","Rivian - AWS LV 25","Rick Walker","2026-02-26 22:57","Rick Walker","2026-02-10 18:15","Rick Walker","2026-01-28 11:29","Tom Skarzynski (Deactivated User)","2026-01-16 22:38","Sam Neill (Deactivated User)","2025-12-04 01:45","Sam Neill (Deactivated User)","2025-12-04 01:43","Sam Neill (Deactivated User)","2025-12-03 02:27","Logan Loisel","2025-12-03 02:27"
"30063206664","AlphaSense ","Jill Countey","2025-03-28 18:21","Joe Leland (Deactivated User)","2024-12-11 15:13","Amit Zonenfeld (Deactivated User)","2024-12-09 20:05"
"61695798400","MindCloud Tech - New Deal","Aaron Marans","2026-06-26 23:01"
"61048621141","Conde Nast ","Rachel Jean","2026-06-12 22:58","Logan Loisel","2026-06-12 18:30"
"57539046692","BlinkRx","EJ Rauseo","2026-03-04 22:52"
"19035884613","News Corp","Jeff Graham","2024-08-22 16:24","Joe Leland (Deactivated User)","2024-05-01 18:23"
"44941638516","Mark Anthony Group - 2,027","Andrew Johnston","2026-05-10 08:58","Omri Gilad","2025-12-31 21:01","Adrian Wong (Deactivated User)","2025-09-30 20:31"
"58182338308","Central Bank of Ireland - New Deal","Matt Bilsland","2026-04-02 11:50","Subby Makinde","2026-03-19 16:47"
"45664207153","Folksam","William Nagle","2025-10-29 13:07","Sharon Peretz","2025-10-10 15:08"
"17899916706","aPriori","Chris Newsome","2024-11-10 10:31","Ella Furman (Deactivated User)","2024-03-25 18:19","Chris Newsome","2024-03-07 10:41"
"21226024472","Cegeka","Benjamin Duckworth","2024-08-08 15:01"
"15977262378","Ridgeline","Chris Newsome","2023-11-09 09:59","Ella Furman (Deactivated User)","2023-11-08 23:21"
"35438327552","Roche","Adrian Sandu","2025-06-10 14:56","Netta Borowitsh","2025-04-24 16:30","Ross Geall (Deactivated User)","2025-04-03 11:33","Ross Geall (Deactivated User)","2025-04-03 11:31","Netta Borowitsh","2025-04-02 16:54","Netta Borowitsh","2025-04-02 16:53"
"54352277645","Navitus","Jill Countey","2026-01-22 19:14"
"58899346753","Ecolab","Rick Walker","2026-04-07 18:43","Charity Lee","2026-04-07 18:40"
"14417076313","Intapp","Chris Newsome","2023-09-22 12:09","Shlomi Cohen","2023-08-14 09:44","Ella Furman (Deactivated User)","2023-08-13 18:41","Aviv Lavie (Deactivated User)","2023-08-01 13:26"
"53118258959","Bank Millennium","Ross Geall (Deactivated User)","2026-01-02 16:38"
"16109138284","Auto & General - old","Chris Newsome","2023-11-19 16:35","Shlomi Cohen","2023-11-19 11:09","Ella Furman (Deactivated User)","2023-11-18 04:27"
"59096386666","InnoverTEK UK","Dylan Leija","2026-04-10 22:07"
"16344517708","Capital One","Sam Neill (Deactivated User)","2023-12-03 16:17"
"61031737139","Texas Capital","Logan Loisel","2026-06-12 18:15"
"39256804243","Clearbank","Matt Bilsland","2026-01-16 09:22","Benjamin Duckworth","2025-12-19 16:18","Cillian Golden (Deactivated User)","2025-06-24 18:52"
"48476253502","Checkmarx - 2,026","Omri Gilad","2025-11-07 15:02"
"39259708054","Red Ventures","Jason Chiu (Deactivated User)","2025-06-24 23:42"
"59095283826","Attaro","William Nagle","2026-05-08 17:25","Adrian Sandu","2026-05-08 17:18","Logan Loisel","2026-04-10 22:07"
"38530407215","Kyndryl Holdings - Unnamed insurance client","Benjamin Duckworth","2025-06-06 11:06"
"32462302747","Bullish","Cillian Golden (Deactivated User)","2025-01-26 15:40","Cillian Golden (Deactivated User)","2025-01-26 15:39","Netta Borowitsh","2025-01-26 09:40","Netta Borowitsh","2025-01-26 09:40","Cillian Golden (Deactivated User)","2024-04-16 16:07"
"61024720954","Heimerle + Meule GmbH","Matt Bilsland","2026-06-10 12:12","William Nagle","2026-06-10 12:12"
"19546369634","Latam Airlines - 2,025","Omri Gilad","2025-01-15 16:39","Sam Neill (Deactivated User)","2024-05-22 23:17"
"16305154560","Transfergo 2025","Omri Gilad","2025-01-15 16:33","Cillian Golden (Deactivated User)","2024-01-28 09:07","Shlomi Cohen","2023-11-30 20:04"
"58430485278","KubeCon EU 2026 - Schwarz Group","Adrian Sandu","2026-03-26 23:26"
"15427939215","Uline","Sam Neill (Deactivated User)","2023-10-03 21:54","Ella Furman (Deactivated User)","2023-10-03 20:29"
"17655722544","Q2","Jill Countey","2025-03-17 20:50","Chris Newsome","2024-02-22 11:12","Ella Furman (Deactivated User)","2024-02-21 20:51"
"35440330241","Redpill Linpro ","Adrian Sandu","2025-06-10 14:55","Roni Amar (Deactivated User)","2025-04-23 16:16","Cillian Golden (Deactivated User)","2025-04-03 17:33","James Bennett (Deactivated User)","2025-04-03 17:32","Roni Amar (Deactivated User)","2025-04-03 16:35"
"18150100794","Qonto - KubeCon","Cillian Golden (Deactivated User)","2024-03-24 17:51"
"61625562383","SURA Chile","Ignacio De Loera","2026-06-26 00:15","Logan Loisel","2026-06-26 00:15","luism@port.io","2026-06-26 00:14"
"59428546933","Incode Technologies ","Daniel Alper","2026-04-22 16:57"
"59086416170","Reece","Scott Dunion","2026-04-10 11:03","Corey Wu (Deactivated User)","2026-04-10 11:01"
"19364223755","ON Semiconductor ","Sam Neill (Deactivated User)","2024-05-15 10:36","Amit Zonenfeld (Deactivated User)","2024-05-14 20:22"
"46761110021","Albert Heijn","Ross Geall (Deactivated User)","2025-10-23 13:51"
"58446996041","KubeCon EU 2026 - Saab","Jamie Summers","2026-03-27 15:41","Benjamin Duckworth","2026-03-26 23:26"
"48338905173","Community Health Network","Rick Walker","2026-04-05 12:15","Travis Dadoly (Deactivated User)","2025-11-05 21:39","Logan Loisel","2025-11-05 16:28"
"31699655344","Chan Zuckerberg Initiative","Daniel Alper","2025-01-09 16:57","Chris Newsome","2025-01-08 16:24","Chris Newsome","2025-01-08 16:24","Chris Newsome","2025-01-08 16:24","Chris Newsome","2025-01-08 16:24","Chris Newsome","2025-01-08 16:24","Netta Borowitsh","2025-01-08 16:21","Netta Borowitsh","2025-01-08 16:21","Netta Borowitsh","2025-01-08 16:21","Netta Borowitsh","2025-01-08 16:21","Netta Borowitsh","2025-01-08 16:21","Chris Newsome","2025-01-07 10:47","Logan Loisel","2025-01-07 10:47","Logan Loisel","2025-01-07 10:46","Logan Loisel","2025-01-07 10:46","Logan Loisel","2025-01-07 10:46","Logan Loisel","2025-01-07 10:46","Netta Borowitsh","2025-01-06 20:43","Netta Borowitsh","2025-01-06 20:42","Netta Borowitsh","2025-01-06 20:42"
"34335231010","Guardant Health","Jason Chiu (Deactivated User)","2025-03-28 18:22","Joe Leland (Deactivated User)","2025-03-11 14:22","Roni Amar (Deactivated User)","2025-03-06 22:58"
"17672615465","dLocal","Chris Newsome","2024-02-22 15:54","Ella Furman (Deactivated User)","2024-02-22 15:46"
"55396424731","Barclays (KC) - AEP - New Business ","John Barnes","2026-02-02 17:08"
"28752162148","Nordlb - KubeCon - 2,027","Omri Gilad","2025-01-15 16:47","Benjamin Duckworth","2024-11-05 16:37"
"35348952075","Jisrhr","Cillian Golden (Deactivated User)","2025-04-03 12:17","Netta Borowitsh","2025-04-02 20:10"
"58450259242","KubeCon EU 2026 - Contentsquare","Sharon Peretz","2026-03-26 23:26"
"35043818546","Fidelidade ","Sharon Peretz","2025-03-25 11:02","Netta Borowitsh","2025-03-25 11:00"
"59048628853","Hyland","EJ Rauseo","2026-04-09 20:15","Aaron Marans","2026-04-09 20:12"
"55200033132","Vasion ","John Romano","2026-02-02 17:58","Logan Loisel","2026-02-02 17:57","Logan Loisel","2026-02-02 17:56","Logan Loisel","2026-01-16 20:47","Logan Loisel","2026-01-16 20:47","John Romano","2026-01-16 20:46","John Romano","2024-12-04 11:48","Ross Geall (Deactivated User)","2024-12-04 03:35"
"43323955989","STIME - Les Mousquetaires","Benjamin Duckworth","2026-01-15 13:33","Ross Geall (Deactivated User)","2025-09-04 12:59","Adrian Sandu","2025-09-04 12:51"
"17927470710","Synopsys","Tom Skarzynski (Deactivated User)","2024-03-10 17:09","Sam Neill (Deactivated User)","2024-03-08 21:11"
"28887339556","aPriori","Chris Newsome","2024-11-10 10:46"
"59107687808","Publicis Sapient","Edouard Carakehian","2026-04-10 22:07"
"19899204221","Sinclair Inc","Sam Neill (Deactivated User)","2024-06-06 12:48","Netta Borowitsh","2024-06-05 19:56","Sam Neill (Deactivated User)","2024-02-22 11:29","Netta Borowitsh","2024-02-21 23:18"
"51559939229","Teamworks ","Jill Countey","2026-04-01 20:56","Wren Huston","2026-03-31 23:56","Logan Loisel","2025-12-10 20:47"
"45002335841","Bell Canada - Backstage Team Dashboards","Sam Neill (Deactivated User)","2025-10-01 14:47"
"60694376579","Realtor.com","Jill Countey","2026-05-28 23:16","Wren Huston","2026-05-28 23:15"
"28365672348","MyBrand / Tram Case","John Romano","2024-10-30 13:05","Amit Zonenfeld (Deactivated User)","2024-10-25 19:06"
"56626886954","CSL - Seqirus","Scott Dunion","2026-02-19 12:52","Adrian Sandu","2026-02-19 12:47"
"16782355562","Byborg Enterprises","Shlomi Cohen","2024-01-03 11:45","Ella Furman (Deactivated User)","2024-01-03 10:38"
"21226810499","Legal & General","Benjamin Duckworth","2024-08-08 16:39","Benjamin Duckworth","2024-02-19 13:19","Netta Borowitsh","2024-02-19 12:54","Benjamin Duckworth","2023-12-03 23:44","Shlomi Cohen","2023-08-13 18:40","Aviv Lavie (Deactivated User)","2023-07-03 05:18"
"15960726541","Nationwide","Sam Neill (Deactivated User)","2023-11-08 17:17","Ella Furman (Deactivated User)","2023-11-08 01:45"
"52853559675","InterBanco Digital - 2,028","Mariela Moreno","2025-12-31 20:58","Adrian Wong (Deactivated User)","2025-12-29 19:35"
"15139981932","RTI","Sam Neill (Deactivated User)","2023-09-27 09:57","Ella Furman (Deactivated User)","2023-09-13 20:56"
"30165605929","Amazon","Johana Ochoa","2024-12-12 16:33","Logan Loisel","2024-12-12 16:30","Netta Borowitsh","2024-12-11 19:19"
"60637783184","Fullpath ","Sharon Peretz","2026-05-26 13:28"
"43317986171","Kering","Ross Geall (Deactivated User)","2025-09-03 10:57","Gal Tarrab Levi","2025-09-03 05:37"
"29377473033","Autodesk","Tom Skarzynski (Deactivated User)","2024-11-20 18:02","Amit Zonenfeld (Deactivated User)","2024-11-20 03:50"
"35377737474","Redis Ltd ","Sharon Peretz","2025-04-03 18:03","Aaron Taylor","2025-04-03 18:03","Roni Amar (Deactivated User)","2025-04-02 16:59"
"19732436353","Draslovka","Sharon Peretz","2024-06-02 10:00","Netta Borowitsh","2024-05-30 20:21"
"16048586032","Sinch - Renewal 2026","Omri Gilad","2026-01-18 10:30","Cillian Golden (Deactivated User)","2024-01-28 09:07","Chris Newsome","2023-11-14 03:10"
"30506529132","Davidson Kempner","Joe Leland (Deactivated User)","2025-09-30 12:06","joe@getpor.io (Deactivated User)","2025-09-30 12:00","Joe Leland (Deactivated User)","2024-12-17 00:00"
"18209822067","Asurion ","Tom Skarzynski (Deactivated User)","2024-03-26 20:36","Sam Neill (Deactivated User)","2024-03-25 12:52","Amit Zonenfeld (Deactivated User)","2024-03-25 00:54"
"58437944362","KubeCon EU 2026 - JPMorgan Chase & Co.","Tali Cohen","2026-04-01 00:21","Dylan Leija","2026-03-30 18:19","Logan Loisel","2026-03-26 23:26"
"15770271079","East West Bank","Chris Newsome","2023-10-25 10:03","Ella Furman (Deactivated User)","2023-10-24 19:59"
"15842891375","Kaltura","Ella Furman (Deactivated User)","2023-10-30 11:49"
"15961314132","CloudFire Srl","Shlomi Cohen","2023-11-08 17:30","Ella Furman (Deactivated User)","2023-11-08 03:16"
"43319418692","Molex (MVP Expansion) Subscription Ends on 6/30/26","Rick Walker","2026-01-28 11:34","Sam Neill (Deactivated User)","2025-09-03 20:39"
"58434611755","KubeCon EU 2026 - Banca Transilvania","John Barnes","2026-03-26 23:26"
"17638117893","Imprivata","Chris Newsome","2024-02-21 14:00","Netta Borowitsh","2024-02-20 22:30"
"35090521432","Adobe","Sam Neill (Deactivated User)","2025-03-26 10:02","Sam Neill (Deactivated User)","2025-03-26 10:02","Netta Borowitsh","2025-03-25 20:32","Netta Borowitsh","2025-03-25 20:32","Sam Neill (Deactivated User)","2024-11-14 16:28","Amit Zonenfeld (Deactivated User)","2024-11-14 01:32"
"48889986381","Veeam","Tali Cohen","2025-11-14 21:27","Logan Loisel","2025-11-11 20:15"
"13046504337","Bloomerang","Ella Furman (Deactivated User)","2023-04-18 20:08"
"48535532625","CRIF - TSM package & entity consumption deal","Benjamin Duckworth","2025-11-07 10:57"
"40328901382","Syngenta","Adrian Sandu","2026-05-05 08:56","Dylan Leija","2026-05-05 08:55","Ross Geall (Deactivated User)","2025-07-16 19:13","Adrian Sandu","2025-07-16 19:06"
"46587093081","Public","EJ Rauseo","2025-10-21 20:15"
"29386728851","BT (expansion)","James Pritchard","2025-08-25 11:09","Benjamin Duckworth","2024-11-20 12:51"
"59094218518","Gfk - An Niq Company","William Nagle","2026-04-10 22:07"
"19730113793","GeneDx","Chris Newsome","2024-05-30 17:53","John Romano","2024-05-30 17:51","Ella Furman (Deactivated User)","2024-05-30 17:36"
"30157943566","Konfío","Logan Loisel","2025-06-11 19:26","Adrian Sandu","2025-06-10 15:00","Roni Amar (Deactivated User)","2025-01-09 16:29","Joe Leland (Deactivated User)","2024-12-11 15:29"
"61459401103","dynatrace - New Deal","Logan Loisel","2026-06-23 14:15"
"13525153653","Classy","Ella Furman (Deactivated User)","2023-08-16 11:01","Aviv Lavie (Deactivated User)","2023-05-31 19:39"
"38554435078","Tata Consultancy Services","Johana Ochoa","2025-06-11 02:13","Scott Dunion","2025-06-06 11:10","Adrian Sandu","2025-06-06 09:47"
"43900200807","Gewista","Adrian Sandu","2025-09-19 15:28"
"13068255867","Tinubu - k ","Ella Furman (Deactivated User)","2023-08-16 11:01","Zohar Einy","2023-04-20 12:45"
"45144612100","TAG - The Aspen Group - New Deal","Adrian Wong (Deactivated User)","2025-10-03 19:20"
"15244740685","Shell","Sam Neill (Deactivated User)","2023-10-08 10:45","Ella Furman (Deactivated User)","2023-09-20 11:22"
"58437089193","KubeCon EU 2026 - trivago","William Nagle","2026-04-21 16:35","James Butcher","2026-03-26 23:26"
"37735689069","Equitable Bank","Jill Countey","2025-05-23 19:38","Logan Loisel","2025-05-23 17:55"
"17927656202","Mipro Oy","Cillian Golden (Deactivated User)","2024-03-10 12:23"
"29702549855","Relex Solutions","Cillian Golden (Deactivated User)","2024-12-01 12:08","Amit Zonenfeld (Deactivated User)","2024-11-29 09:13"
"36616837457","Amway Corp","Scott Dunion","2025-05-05 17:59","Netta Borowitsh","2025-05-02 08:59"
"58025303185","Plaid","Jill Countey","2026-03-17 15:24","Aaron Marans","2026-03-17 15:16"
"43128778019","Trust Wallet - 2,025","Omri Gilad","2025-08-29 12:24"
"12749278344","Travel Chapter - cancelled","Ella Furman (Deactivated User)","2023-03-28 17:27"
"31234673065","Topsort ","Daniel Alper","2024-12-31 16:02","Roni Amar (Deactivated User)","2024-12-31 15:53"
"32088122463","WorkMotion Software GmbH ","Sharon Peretz","2025-01-16 11:28","Netta Borowitsh","2025-01-16 06:22"
"34603550366","JFrog - Expansion 2025","Sharon Peretz","2025-03-13 11:10"
"41179997228","NetJets - 2,028","Andrew Johnston","2026-05-10 09:01","Omri Gilad","2025-12-31 21:01","Adrian Wong (Deactivated User)","2025-08-01 16:06"
"55126435337","HP Inc.","Rick Walker","2026-04-23 17:28","Chris Sweeney","2026-04-23 17:26","Travis Dadoly (Deactivated User)","2026-02-02 09:07","Travis Dadoly (Deactivated User)","2026-01-12 21:17","Logan Loisel","2026-01-12 21:16","Sam Neill (Deactivated User)","2025-10-17 18:12","Logan Loisel","2025-10-17 18:03"
"40576327078","McKesson/CoverMyMeds","Jeff Graham","2025-07-21 18:45","Logan Loisel","2025-07-21 18:42"
"47667422490","Nave - 2,026","Ignacio De Loera","2026-02-20 16:40","Tali Cohen","2025-12-31 20:58","Adrian Wong (Deactivated User)","2025-10-30 20:12"
"22848040560","Federated Insurance - 2,027","Andrew Johnston","2026-05-10 09:00","Omri Gilad","2025-12-31 21:01","Adrian Wong (Deactivated User)","2025-04-14 15:35","Omri Gilad","2025-01-15 16:46","Chris Newsome","2024-10-01 22:47"
"58450879097","KubeCon EU 2026 - ASML","John Barnes","2026-03-27 20:13","John Romano","2026-03-27 20:13","James Pritchard","2026-03-27 20:07","Subby Makinde","2026-03-26 23:26"
"29886333827","Vena Solutions","John Romano","2024-12-09 13:56","Grant Dienaar (Deactivated User)","2024-12-05 00:49"
"61031666029","Versant Media","Daniel Alper","2026-06-11 21:08"
"59098243200","Transport Exchange Group","William Nagle","2026-04-10 22:07"
"46577721781","Kamstrup A/S","Sharon Peretz","2025-10-29 11:07","Adrian Sandu","2025-10-28 09:54","Sharon Peretz","2025-10-21 12:23","Adrian Sandu","2025-10-21 12:05"
"13241114979","MoneyLion","Ella Furman (Deactivated User)","2023-05-05 15:46"
"12744637762","Takeoff","Ella Furman (Deactivated User)","2023-08-16 11:02","Yonatan Boguslavski","2023-04-17 18:41","Zohar Einy","2023-03-28 11:14"
"45645720219","DWP","James Pritchard","2025-10-09 20:22","James Pritchard","2025-09-30 15:25","James Pritchard","2025-09-25 19:42","Logan Loisel","2025-09-25 19:40"
"57941150342","McCain Foods Global","Logan Loisel","2026-03-12 15:45","Gal Tarrab Levi","2026-03-12 15:45"
"29440551985","SimilarWeb LTD ","Sharon Peretz","2024-11-24 16:02","Amit Zonenfeld (Deactivated User)","2024-11-21 21:20"
"33929664529","Yum Connect, LLC - +50 Seats (Prorated, 2025)","Tom Skarzynski (Deactivated User)","2025-02-25 22:43"
"36863501440","Mayo Clinic ","Tali Cohen","2025-05-08 12:48","Netta Borowitsh","2025-05-07 21:26"
"12760730802","ActiveCampaign","Ella Furman (Deactivated User)","2023-08-16 11:01","Yonatan Boguslavski","2023-04-17 18:38","Ella Furman (Deactivated User)","2023-03-29 10:54"
"22312537417","Lightricks - 2,025","Omri Gilad","2025-01-15 16:32","Sharon Peretz","2024-09-16 11:11"
"35342995467","Msci","Tali Cohen","2025-04-03 11:34","Netta Borowitsh","2025-04-02 16:56"
"20162370677","CEDES","Cillian Golden (Deactivated User)","2024-06-18 12:43","Grant Dienaar (Deactivated User)","2024-06-18 12:40"
"57506769827","Wells Fargo","Rick Walker","2026-03-04 04:10","Logan Loisel","2026-03-04 04:08"
"19720483112","Checkmarx 2025","Sharon Peretz","2024-05-30 09:26","Sharon Peretz","2024-05-29 17:09","Sharon Peretz","2024-05-16 12:06","Shlomi Cohen","2024-01-28 09:30","Cillian Golden (Deactivated User)","2024-01-28 09:05","Shlomi Cohen","2023-12-18 18:18"
"22320703642","T. Rowe Price Associates, Inc (""Customer"")  - 2,026","Evan Smith","2026-02-05 11:51","Sam Neill (Deactivated User)","2024-09-16 18:02"
"40630465049","Semrush","Sharon Peretz","2025-07-22 15:46","Logan Loisel","2025-07-22 15:09"
"30336177327","1KOMMA5°","Cillian Golden (Deactivated User)","2024-12-13 10:39","Netta Borowitsh","2024-12-13 10:37"
"41606240105","Dell","Sam Neill (Deactivated User)","2025-08-08 23:56","Logan Loisel","2025-08-08 23:40"
"59578862701","Caylent","EJ Rauseo","2026-04-24 21:27","Chiranjeev Singh (Deactivated User)","2026-04-24 21:27","William Nagle","2026-04-24 16:35","Logan Loisel","2026-04-24 16:30"
"35657033120","Moneybox","William Nagle","2025-05-22 11:26","Cillian Golden (Deactivated User)","2025-04-10 19:02","William Nagle","2025-04-10 19:02"
"42840583492","Consilio","EJ Rauseo","2025-08-25 23:27","Logan Loisel","2025-08-25 23:26"
"61030120230","Paul, Weiss","Aaron Marans","2026-06-11 22:22"
"22362410319","AMBOSS","Cillian Golden (Deactivated User)","2024-09-17 15:21"
"38707778656","Qodo","Shlomi Cohen","2025-06-10 12:40"
"14380319009","NetDocuments","Chris Newsome","2023-09-22 11:44","Shlomi Cohen","2023-08-22 18:27","Ella Furman (Deactivated User)","2023-08-13 18:41","Aviv Lavie (Deactivated User)","2023-07-28 23:11"
"29850109279","Infinite Campus","John Romano","2024-12-05 16:09","Dylan Leija","2024-12-04 21:04"
"15961027436","ABS-TI","Chris Newsome","2023-11-08 18:11","Ella Furman (Deactivated User)","2023-11-08 02:58"
"15843407895","HCL","Ella Furman (Deactivated User)","2023-10-30 13:19"
"19186981491","Openly","Chris Newsome","2024-05-07 16:18"
"34009695118","AI Art Generator","Scott Dunion","2025-02-27 10:48","Roni Amar (Deactivated User)","2025-02-27 10:41"
"38918972570","BlueSG Pte Ltd","Scott Dunion","2025-06-16 12:25","Adrian Sandu","2025-06-16 12:14"
"48177978956","GardaWorld","Jeff Graham","2026-04-23 17:57","Tom Skarzynski (Deactivated User)","2025-11-05 23:11"
"12407049324","Sapiens","Shlomi Cohen","2023-08-13 18:40","Zohar Einy","2023-03-05 14:34"
"61030278542","Qualified","Rachel Jean","2026-06-11 22:23"
"39510517535","eToro ltd - 2,028","Sharon Peretz","2025-07-15 15:31","Omri Gilad","2025-06-30 18:50"
"36124589056","Evolution Funding","Cillian Golden (Deactivated User)","2025-04-23 14:25"
"15959588702","Zapier","Ella Furman (Deactivated User)","2023-12-06 17:43","Chris Newsome","2023-11-08 17:14","Ella Furman (Deactivated User)","2023-11-07 23:02"
"20136318390","WSC Sports","Sharon Peretz","2024-06-17 14:11"
"22141277045","Delfi Meedia - 2,025","Omri Gilad","2025-01-15 16:45","Cillian Golden (Deactivated User)","2024-09-11 14:06"
"40327964499","Wiley","Tom Skarzynski (Deactivated User)","2025-07-16 21:40","Logan Loisel","2025-07-16 21:03"
"19752803661","LTIMindtree - Partnership opp","Tom Skarzynski (Deactivated User)","2024-05-31 16:39","Grant Dienaar (Deactivated User)","2024-05-31 16:07"
"32463116205","Yum Connect, LLC","Tom Skarzynski (Deactivated User)","2025-01-26 16:09","Tom Skarzynski (Deactivated User)","2025-01-26 16:08","Netta Borowitsh","2025-01-26 09:41","Netta Borowitsh","2025-01-26 09:41","Tom Skarzynski (Deactivated User)","2024-09-22 18:05","Netta Borowitsh","2024-09-20 18:34"
"34322572038","Schneider Electric","Adrian Sandu","2025-08-21 11:19","Ross Geall (Deactivated User)","2025-03-06 11:27","Ross Geall (Deactivated User)","2025-03-06 11:27","Netta Borowitsh","2025-03-06 11:25","Ross Geall (Deactivated User)","2025-03-06 11:25","Ross Geall (Deactivated User)","2025-02-28 17:52"
"60487390984","KODE Labs","Daniel Alper","2026-05-21 19:50","Aaron Marans","2026-05-21 19:50","Logan Loisel","2026-05-21 19:45"
"58162086178","Brilliance Financial Pty Ltd","Scott Dunion","2026-03-26 15:21","Adrian Sandu","2026-03-20 02:20","Logan Loisel","2026-03-20 02:18"
"12364787076","CyberArk 2023","Shlomi Cohen","2023-08-13 18:40","Roni Floman (Deactivated User)","2023-03-02 12:30"
"41437971743","Shape Digital","Jason Chiu (Deactivated User)","2025-08-06 00:42","Logan Loisel","2025-08-06 00:40"
"29112718474","DocuSign","Sam Neill (Deactivated User)","2024-11-16 18:14","Netta Borowitsh","2024-11-14 22:39"
"59185227899","Dragonpass","William Nagle","2026-06-10 18:17","James Butcher","2026-06-09 22:38","William Nagle","2026-04-15 17:40","James Butcher","2026-04-10 22:07","William Nagle","2026-04-10 18:54","James Butcher","2026-04-08 11:55","William Nagle","2026-04-08 11:55"
"17388046593","Senec","Cillian Golden (Deactivated User)","2024-02-06 11:18","Ella Furman (Deactivated User)","2024-02-06 10:59"
"54212133906","Elbit Systems","Sharon Peretz","2026-01-19 22:46"
"35607929483","Tab","Scott Dunion","2025-04-16 11:27","Amit Zonenfeld (Deactivated User)","2025-04-10 19:05"
"36518027907","ALLSTATE","Tali Cohen","2025-05-04 10:45","Amit Zonenfeld (Deactivated User)","2025-04-29 16:37"
"14896238855","Ara","Shlomi Cohen","2023-09-20 17:26","Ella Furman (Deactivated User)","2023-08-30 19:11"
"15961319270","Coupa","Ella Furman (Deactivated User)","2023-11-26 12:07","Chris Newsome","2023-11-08 18:10","Ella Furman (Deactivated User)","2023-11-08 03:11"
"60177810695","Nike ","Rick Walker","2026-05-12 18:36","Charity Lee","2026-05-12 18:35"
"35427818851","Meshcloud ","William Nagle","2025-04-03 17:39","Roni Amar (Deactivated User)","2025-04-03 15:34"
"29122266295","Edgesource","Joe Leland (Deactivated User)","2025-09-30 12:06","joe@getpor.io (Deactivated User)","2025-09-30 12:00","Joe Leland (Deactivated User)","2024-11-17 00:55","Tom Skarzynski (Deactivated User)","2024-11-15 01:01"
"18290834752","Engineer.ai Global Ltd. ","Cillian Golden (Deactivated User)","2024-03-31 10:15","Amit Zonenfeld (Deactivated User)","2024-03-28 18:09"
"40255946581","Kaizengaming","Sharon Peretz","2025-10-16 16:26","Christos Lemos (Deactivated User)","2025-07-15 12:14","Logan Loisel","2025-07-15 11:54"
"46583188107","Ericsson","James Pritchard","2025-10-21 11:05","Adrian Sandu","2025-10-21 10:01"
"37494774840","T-Mobile","Tom Skarzynski (Deactivated User)","2025-05-20 23:33","Charity Lee","2025-05-20 23:29"
"51997684542","Fortis","EJ Rauseo","2026-02-10 06:18","Dylan Leija","2025-12-16 22:38"
"46514115769","Sick AG","Adrian Sandu","2025-11-12 13:46","Ross Geall (Deactivated User)","2025-10-21 13:19","Logan Loisel","2025-10-21 12:51"
"21550515342","Cognizant (Unknown client)","Benjamin Duckworth","2024-08-18 12:23"
"35844799488","OpenTech Alliance","Logan Loisel","2025-04-20 15:24"
"34998422819","Liftoff Mobile - 2,027","Andrew Johnston","2026-05-10 09:02","Omri Gilad","2025-12-31 21:01","Adrian Wong (Deactivated User)","2025-08-03 11:00","John Romano","2025-03-24 18:46"
"38015672065","Intelerad Inc  - 2,026","Edouard Carakehian","2026-02-08 13:09","Omri Gilad","2025-12-31 21:01","Adrian Wong (Deactivated User)","2025-05-27 17:50"
"19699934982","Wakam","Grant Dienaar (Deactivated User)","2024-06-13 16:50","Sharon Peretz","2024-05-29 16:53","Ella Furman (Deactivated User)","2024-05-27 13:41","Sharon Peretz","2024-05-14 11:55"
"18357775255","Deutsche Bank","Benjamin Duckworth","2024-04-01 15:41","Benjamin Duckworth","2024-04-01 14:18","Benjamin Duckworth","2024-04-01 14:08"
"15842694504","Adfolks","Ella Furman (Deactivated User)","2023-10-30 11:07"
"28870171562","Tetrahedron","John Romano","2024-12-02 19:17","Johana Ochoa","2024-12-02 19:13","John Romano","2024-11-16 18:28","Logan Loisel","2024-11-07 19:39"
"16820327776","IPSY","Chris Newsome","2024-01-07 12:09","Ella Furman (Deactivated User)","2024-01-05 17:04"
"59186188450","Monash University","Scott Dunion","2026-04-16 05:27","Corey Wu (Deactivated User)","2026-04-16 05:04"
"15715281970","GSK","Shlomi Cohen","2023-10-20 16:42","Ella Furman (Deactivated User)","2023-10-20 10:22"
"58317066101","KubeCon EU 2026 - Woven Planet","Scott Dunion","2026-03-26 15:21","Adrian Sandu","2026-03-25 11:38"
"57350814129","Mastercard","Evan Smith","2026-03-02 19:38"
"19382542974","Docusign - Investor intro","Ella Furman (Deactivated User)","2024-05-15 15:12"
"32967133776","eHealth ","Daniel Alper","2025-02-04 16:14","Jill Countey","2025-02-04 11:01","Roni Amar (Deactivated User)","2025-02-03 21:37"
"29074305897","Crubyt","Sharon Peretz","2025-01-30 17:17","Grant Dienaar (Deactivated User)","2024-11-14 16:09","Sharon Peretz","2024-11-14 02:49"
"12750463152","Amadeus","Ella Furman (Deactivated User)","2023-03-28 17:22"
"40638201857","InPost","James Pritchard","2025-07-23 23:54","Cillian Golden (Deactivated User)","2025-07-22 15:55","Adrian Sandu","2025-07-22 15:33"
"59088496305","Deloitte","Johana Ochoa","2026-04-10 22:07"
"35606663321","Virgin Australia","Scott Dunion","2025-04-16 11:31","Amit Zonenfeld (Deactivated User)","2025-04-10 18:44"
"35596003664","PWC - Expansion","Evan Smith","2026-01-28 11:27","Sam Neill (Deactivated User)","2025-04-08 20:13"
"51442306147","Garner Health","Jill Countey","2025-12-08 20:43","Adrian Sandu","2025-12-08 20:41"
"20670697995","Optum","Sam Neill (Deactivated User)","2024-07-11 15:33","Tom Skarzynski (Deactivated User)","2024-07-11 11:48","Ella Furman (Deactivated User)","2024-07-11 08:33"
"12749101165","Varonis","Ella Furman (Deactivated User)","2023-03-28 16:04"
"58452737811","KubeCon EU 2026 - Ellison Institute of Technology","Matt Bilsland","2026-03-30 19:10","Jill Countey","2026-03-27 20:31","Matt Bilsland","2026-03-26 23:26"
"36892994579","HPE","Charity Lee","2025-06-10 20:45","Sam Neill (Deactivated User)","2025-05-08 00:04"
"35410776632","Orsted ","Adrian Sandu","2025-06-11 05:33","James Bennett (Deactivated User)","2025-04-03 16:27","Roni Amar (Deactivated User)","2025-04-03 16:02"
"16194117729","NetDocuments","Chris Newsome","2023-12-12 14:26","Ella Furman (Deactivated User)","2023-12-06 18:18","Chris Newsome","2023-11-23 14:56"
"56487043610","IKEA","Benjamin Duckworth","2026-02-17 17:47","Adrian Sandu","2026-02-17 17:32"
"54970549588","Gelato","Sharon Peretz","2026-01-29 12:56","Adrian Sandu","2026-01-29 12:03"
"20028849815","Groupo AutoGlass","Joe Leland (Deactivated User)","2025-09-30 12:06","joe@getpor.io (Deactivated User)","2025-09-30 12:00","Joe Leland (Deactivated User)","2024-06-13 09:54","Amit Zonenfeld (Deactivated User)","2024-06-12 14:01"
"56434613776","Paramount Commerce","Jill Countey","2026-02-18 22:51","Logan Loisel","2026-02-16 20:45"
"38526301482","BannerHealth","Rick Walker","2026-04-12 09:52","Tali Cohen","2026-04-12 09:51","Travis Dadoly (Deactivated User)","2025-06-10 19:31","Tali Cohen","2025-06-10 19:00","Amit Zonenfeld (Deactivated User)","2025-06-05 18:17"
"13650367852","SendBird","Ella Furman (Deactivated User)","2023-08-15 10:44","Aviv Lavie (Deactivated User)","2023-06-10 03:10"
"29883640888","Paypoint","Cillian Golden (Deactivated User)","2024-12-05 17:13","Grant Dienaar (Deactivated User)","2024-12-05 17:10"
"20661139065","Texas Mutual","John Romano","2024-07-11 11:56"
"29072914550","Charles Schwab & Co., Inc. - KubeCon","Tom Skarzynski (Deactivated User)","2024-11-14 14:15","Amit Zonenfeld (Deactivated User)","2024-11-14 03:03"
"36696324642","Guesty","Sharon Peretz","2025-05-05 13:24","Sharon Peretz","2025-04-03 17:35","Roni Amar (Deactivated User)","2025-04-03 17:29","Sharon Peretz","2025-04-03 12:40","Roni Amar (Deactivated User)","2025-04-02 19:27"
"47475064075","IKEA","Subby Makinde","2025-12-04 14:30","Ross Geall (Deactivated User)","2025-10-29 14:01","Adrian Sandu","2025-10-29 13:58"
"51023916729","HubSeven - AWS LV 25","Logan Loisel","2025-12-02 22:44"
"46736661557","Warner Bros. Discovery","Tom Skarzynski (Deactivated User)","2025-10-23 17:57"
"29119871492","Becton, Dickinson and Company (BD)","Tom Skarzynski (Deactivated User)","2024-11-16 23:43","Amit Zonenfeld (Deactivated User)","2024-11-14 23:07"
"20919381048","Island","Sharon Peretz","2024-07-23 13:04"
"15494742886","Invafresh","Chris Newsome","2023-10-08 09:22","Ella Furman (Deactivated User)","2023-10-06 21:06"
"21602666034","Point72","Joe Leland (Deactivated User)","2025-09-30 12:06","joe@getpor.io (Deactivated User)","2025-09-30 12:00","Joe Leland (Deactivated User)","2024-08-21 15:55","Netta Borowitsh","2024-08-21 15:30"
"35384377607","TOMRA ","Adrian Sandu","2025-06-10 14:56","Roni Amar (Deactivated User)","2025-04-23 16:18","Cillian Golden (Deactivated User)","2025-04-02 14:47","Roni Amar (Deactivated User)","2025-04-02 14:38"
"39259738294","Fidelity","Tom Skarzynski (Deactivated User)","2025-06-24 23:17"
"46434354716","Equinix","Tali Cohen","2025-11-26 19:52","Logan Loisel","2025-11-26 19:45","Tali Cohen","2025-10-20 16:44","Logan Loisel","2025-10-18 04:46"
"43899177527","oligosecurity.io","Shlomi Cohen","2025-09-19 17:24"
"15842871716","VMware","Ella Furman (Deactivated User)","2023-10-30 11:42"
"34130701188","Lytx","John Romano","2025-03-02 10:48","Netta Borowitsh","2025-02-28 00:35","John Romano","2025-02-28 00:14","Chase Depperschmidt (Deactivated User)","2025-02-28 00:13"
"11733314352","Splitit","Ella Furman (Deactivated User)","2023-08-16 11:02","zohar einy (Deactivated User)","2023-01-17 19:46"
"58451500154","KubeCon EU 2026 - TNG Technology Consulting GmbH","Sharon Peretz","2026-03-26 23:26"
"35398890900","Ssc intralinks","Tali Cohen","2025-04-03 16:31","Netta Borowitsh","2025-04-03 15:36"
"60638786429","Basware ","Matt Bilsland","2026-05-26 13:33","William Nagle","2026-05-22 13:14","Adrian Sandu","2026-05-11 17:52","Gal Tarrab Levi","2026-05-11 16:37","Matt Bilsland","2026-04-07 14:51","William Nagle","2026-04-07 14:51"
"61693094237","Sap National Security Services - New Deal","Logan Loisel","2026-06-26 23:00"
"15837706036","Chain Reaction","Shlomi Cohen","2023-10-30 09:22","Ella Furman (Deactivated User)","2023-10-29 21:38"
"30408836659","Comm-it","Sharon Peretz","2024-12-16 12:37","Grant Dienaar (Deactivated User)","2024-12-15 11:25"
"15843431485","OneID","Ella Furman (Deactivated User)","2023-10-30 13:21"
"20375768154","European Commission ","Benjamin Duckworth","2024-07-11 15:36","Sharon Peretz","2024-06-27 16:09","Grant Dienaar (Deactivated User)","2024-06-27 12:00"
"29293407519","Ascensus","Jeff Graham","2024-11-20 11:40","Chris Newsome","2024-11-18 21:40"
"20381074707","Fortescue (expand deal)","Benjamin Duckworth","2024-06-27 17:23"
"19406494124","Duolingo","Chris Newsome","2024-05-16 12:03"
"15330398746","Allergan plc","Sam Neill (Deactivated User)","2023-10-15 17:42","Ella Furman (Deactivated User)","2023-09-26 21:11"
"14538134660","Armis","Shlomi Cohen","2023-08-13 18:40","Ella Furman (Deactivated User)","2023-08-09 10:45"
"15842694718","Craftech","Ella Furman (Deactivated User)","2023-10-30 11:09"
"17650157153","KT corp.","Benjamin Duckworth","2024-02-21 14:24","Ella Furman (Deactivated User)","2024-02-21 11:12"
"17688059953","Deloitte (India)","Sam Neill (Deactivated User)","2024-02-27 13:00","Benjamin Duckworth","2024-02-24 14:19","Netta Borowitsh","2024-02-23 13:16"
"16605142394","CyberArk 2026","Sharon Peretz","2024-05-16 12:06","Shlomi Cohen","2024-01-28 09:30","Cillian Golden (Deactivated User)","2024-01-28 09:00","Shlomi Cohen","2023-12-20 16:57"
"39542840654","MOD Israel","Sharon Peretz","2025-07-01 13:03"
"32302854067","Clarivate Plc","Benjamin Duckworth","2026-01-15 13:31","Ross Geall (Deactivated User)","2025-01-22 11:09","Roni Amar (Deactivated User)","2025-01-21 23:55"
"16414666154","GM Financial","Ella Furman (Deactivated User)","2023-12-27 18:11","Sam Neill (Deactivated User)","2023-12-10 17:46","Ella Furman (Deactivated User)","2023-12-08 19:08"
"17101097275","OTC Markets Group","Chris Newsome","2024-01-22 17:12"
"36538030340","Coremont ","Adrian Sandu","2025-11-19 17:13","Christos Lemos (Deactivated User)","2025-05-08 10:44","Sharon Peretz","2025-05-04 14:34","Sooraj Shah (Deactivated User)","2025-05-04 14:34","Roni Amar (Deactivated User)","2025-04-30 13:49"
"42672935278","Aussie Broadband","Scott Dunion","2025-08-22 11:45"
"51992233482","SS&C Technologies - New Deal","Charity Lee","2026-03-31 23:54","Logan Loisel","2025-12-16 23:18"
"11509322129","HiBob","Ella Furman (Deactivated User)","2023-08-16 11:02","zohar einy (Deactivated User)","2022-12-29 11:26"
"60179590730","Adidas","Jamie Summers","2026-05-13 18:33","Subby Makinde","2026-05-13 18:13","Dylan Leija","2026-05-12 10:47"
"38990146896","Metlife","Jeff Graham","2025-06-17 23:51"
"58442120485","KubeCon EU 2026 - MIC","Matt Bilsland","2026-03-26 23:26"
"59419155098","Meta","Rick Walker","2026-04-22 23:48","Charity Lee","2026-04-22 23:48"
"53393846835","PayPal","Jeff Graham","2026-01-07 19:39"
"57553788857","CVS Pharmacy","Jeff Graham","2026-04-23 17:33","Travis Dadoly (Deactivated User)","2026-03-05 02:23","Charity Lee","2026-03-05 02:23"
"40312745306","Toast","Tali Cohen","2026-04-05 14:08","taliw@getport.io","2026-02-12 18:11","Tom Skarzynski (Deactivated User)","2025-07-16 14:59"
"13363694430","Palo Alto Networks","Ella Furman (Deactivated User)","2023-05-17 10:27"
"19329466947","Aldermore Bank","Cillian Golden (Deactivated User)","2024-05-13 20:22"
"59729757344","Just Retirement ","Matt Bilsland","2026-04-28 13:28","William Nagle","2026-04-28 13:28"
"56583220046","Grupo NTsec","Logan Loisel","2026-06-04 22:55","Tali Cohen","2026-06-04 22:55","Logan Loisel","2026-02-18 22:45"
"19981307706","GLS Group - Italy","Benjamin Duckworth","2024-06-10 11:13"
"39883021443","NTT Data","Scott Dunion","2025-07-09 11:05","Adrian Sandu","2025-07-09 07:43"
"59728317461","Fico","Daniel Alper","2026-05-15 20:42","Wren Huston","2026-04-29 11:40","Daniel Alper","2026-04-29 11:40","Daniel Alper","2026-03-20 15:43","Wren Huston","2026-03-20 15:43","Daniel Alper","2026-03-11 15:16","Dylan Leija","2026-03-11 15:15"
"54955881839","Izuma Networks","Charity Lee","2026-04-29 11:41","Johana Ochoa","2026-01-28 21:18"
"15843430790","InStride","Ella Furman (Deactivated User)","2023-10-30 13:14"
"34863015754","Pague Menos","Ignacio De Loera","2026-01-20 19:18","Tom Skarzynski (Deactivated User)","2025-03-19 21:49"
"46547225687","Milestone Systems","Cillian Golden (Deactivated User)","2025-10-21 13:35","Adrian Sandu","2025-10-21 12:51"
"56650645600","Klaviyo","EJ Rauseo","2026-02-20 00:13","Logan Loisel","2026-02-19 17:22"
"61031653669","SmarterDx","Aaron Marans","2026-06-11 22:24"
"59271792907","Bank of England | IDP | UK","Jamie Summers","2026-04-17 12:15","Jamie Summers","2026-04-10 22:07","Jamie Summers","2026-03-09 12:25"
"32757217549","Commonwealth Bank of Australia","Scott Dunion","2025-01-30 10:01","Amit Zonenfeld (Deactivated User)","2025-01-30 08:59"
"20442372953","Weka 2025","Omri Gilad","2025-01-15 16:31","Sharon Peretz","2024-06-30 18:18"
"19700221698","b.well","Chris Newsome","2024-05-29 17:13"
"29143960382","Drata","John Romano","2024-11-16 18:25","Dylan Leija","2024-11-15 19:44"
"22708747380","CCO - Renewal - 2,027","Andrew Johnston","2026-05-10 09:04","Omri Gilad","2025-12-31 21:01","Adrian Wong (Deactivated User)","2025-04-14 15:35","Omri Gilad","2025-01-15 16:32","Chris Newsome","2024-09-27 21:17"
"34762352771","Everest ","John Romano","2025-03-18 10:34","John Romano","2025-03-18 10:34","Netta Borowitsh","2025-03-17 22:46","Netta Borowitsh","2025-03-17 22:45","John Romano","2025-03-16 11:41","Netta Borowitsh","2025-03-14 21:27"
"58441040282","KubeCon EU 2026 - Credo Bank","Sharon Peretz","2026-03-31 13:24","William Nagle","2026-03-27 17:50","Adrian Sandu","2026-03-26 23:26"
"58248565098","RIMAC Seguros y Reaseguros S.A.","Ignacio De Loera","2026-03-25 15:33","Logan Loisel","2026-03-23 17:57","Gal Tarrab Levi","2026-03-23 17:49"
"18128391835","Sibilla Consult - KubeCon","Cillian Golden (Deactivated User)","2024-03-21 18:54","Benjamin Duckworth","2024-03-20 18:15"
"23202819692","Customer.io","John Romano","2024-10-13 17:52"
"39262050162","Irembo","Christos Lemos (Deactivated User)","2025-06-25 12:10","Adrian Sandu","2025-06-25 12:10"
"61355767928","1Password","Daniel Alper","2026-06-22 18:36"
"59180962443","Siigo 50 seats, enterprise ","Ignacio De Loera","2026-04-15 15:24","Ignacio De Loera","2026-04-13 21:04","Ignacio De Loera","2026-01-20 20:50","Adrian Sandu","2026-01-18 12:07"
"34703212460","Weka","Zohar Einy","2025-10-01 09:36","Maria Lepp (Deactivated User)","2025-03-16 11:32","Maria Lepp (Deactivated User)","2025-03-16 11:32","Netta Borowitsh","2025-03-16 09:35","Netta Borowitsh","2025-03-16 09:34","Maria Lepp (Deactivated User)","2025-03-12 10:26","Maria Lepp (Deactivated User)","2025-03-12 10:25","Netta Borowitsh","2025-03-11 20:05","Netta Borowitsh","2025-03-11 20:04","Maria Lepp (Deactivated User)","2023-11-29 09:54","Ella Furman (Deactivated User)","2023-08-16 11:01","Yonatan Boguslavski","2023-04-17 18:40","zohar einy (Deactivated User)","2022-11-10 14:11"
"58208321371","The AES Corporation","Tom Skarzynski (Deactivated User)","2026-03-20 22:44","Charity Lee","2026-03-20 22:44"
"16447469961","Arch Capital Group","Sam Neill (Deactivated User)","2023-12-11 15:38"
"56645824352","Admiral Group Plc","Benjamin Duckworth","2026-02-19 16:43"
"31734851134","FHLB Cincinnati","John Romano","2025-01-09 17:38"
"44131087744","Thomson Reuters - 2,028","Jeff Graham","2025-09-22 22:38"
"60228229777","BNP Paribas CIB ","Jamie Summers","2026-05-13 14:05","Jamie Summers","2026-04-10 22:07","Jamie Summers","2026-03-18 14:59","James Pritchard","2026-03-06 18:08"
"52810630751","Sunbit, Inc.","Sharon Peretz","2025-12-29 12:34","Logan Loisel","2025-12-29 12:24"
"15975424572","University of Notre Dame","Ella Furman (Deactivated User)","2023-12-06 17:46","Sam Neill (Deactivated User)","2023-11-09 11:44","Ella Furman (Deactivated User)","2023-11-08 20:01"
"29040576286","Consensys","John Romano","2024-11-14 11:56","Amit Zonenfeld (Deactivated User)","2024-11-14 00:19"
"13735107642","HTX - reschedule","Ella Furman (Deactivated User)","2023-08-16 11:01","Aviv Lavie (Deactivated User)","2023-06-16 04:41"
"60646071381","Avenga ","Matt Bilsland","2026-06-12 18:49","William Nagle","2026-06-12 16:36","Matt Bilsland","2026-05-26 17:51","William Nagle","2026-05-26 17:51"
"53385096208","OhioHealth","Daniel Alper","2026-01-22 20:01","Tali Cohen","2026-01-07 17:27","","2026-01-07 17:26","Charity Lee","2026-01-07 17:20"
"60981257295","4G Capital ","James Butcher","2026-06-10 18:07","William Nagle","2026-06-09 17:50","Paula Schaefer","2026-06-09 17:47"
"41893088390","Ministry of Programming","Christos Lemos (Deactivated User)","2025-08-12 21:48","Adrian Sandu","2025-08-12 21:28"
"16975697162","GLS Group","Benjamin Duckworth","2024-01-16 19:00","Benjamin Duckworth","2024-01-16 16:56","Benjamin Duckworth","2023-12-20 17:22","Amit Zonenfeld (Deactivated User)","2023-12-20 15:26"
"58328941910","Okta, Inc. - New Deal","Tom Skarzynski (Deactivated User)","2026-03-25 16:56","Charity Lee","2026-03-25 15:39","Logan Loisel","2026-03-24 21:08"
"29774121532","Cognyte","Sharon Peretz","2024-12-03 15:43","Grant Dienaar (Deactivated User)","2024-12-03 15:26"
"35023529634","Workday","Tom Skarzynski (Deactivated User)","2025-03-24 14:52","Tom Skarzynski (Deactivated User)","2025-03-24 14:51","Netta Borowitsh","2025-03-24 14:44","Netta Borowitsh","2025-03-24 14:44","Tom Skarzynski (Deactivated User)","2024-05-07 09:46","Netta Borowitsh","2024-05-06 20:42"
"15958036495","ByteDance","Ella Furman (Deactivated User)","2023-12-06 17:42","Sam Neill (Deactivated User)","2023-11-08 19:09","Shlomi Cohen","2023-11-08 17:10","Ella Furman (Deactivated User)","2023-11-07 22:08"
"35412570731","MUFG Securities ","Tom Skarzynski (Deactivated User)","2025-04-07 11:18","Netta Borowitsh","2025-04-04 15:49"
"17616044443","ABN AMRO ","Benjamin Duckworth","2024-02-19 15:52","Ella Furman (Deactivated User)","2024-02-19 12:37"
"49070497571","BHP - 2026","Scott Dunion","2025-11-14 05:33"
"46558050681","AE","Cillian Golden (Deactivated User)","2025-10-21 17:55","Adrian Sandu","2025-10-21 17:54"
"45334447444","AMCS -2,028","Edouard Carakehian","2026-02-08 13:18","Omri Gilad","2025-10-06 23:37"
"61463220762","Sveriges Radio P3 ","William Nagle","2026-06-25 15:22","Adrian Sandu","2026-06-23 17:02"
"54314206131","GoFundMe ","John Romano","2026-01-21 22:53","Jill Countey","2026-01-21 17:07","Logan Loisel","2026-01-21 17:06"
"58643148459","Grupo Credito - 40 seats - 2,027","Ignacio De Loera","2026-03-31 22:02"
"33182929963","Rasa Technologies Inc","Joe Leland (Deactivated User)","2025-09-30 12:06","joe@getpor.io (Deactivated User)","2025-09-30 11:59","Joe Leland (Deactivated User)","2025-02-09 11:26","Netta Borowitsh","2025-02-05 17:03","Joe Leland (Deactivated User)","2024-07-24 14:44","Netta Borowitsh","2024-07-24 12:59"
"28356543901","Amerisure","John Romano","2024-10-25 17:47"
"35363073395","Rasa ","William Nagle","2025-04-11 14:23","Sharon Peretz","2025-04-02 14:58","Netta Borowitsh","2025-04-02 14:53"
"35144336683","Coller Capital - 2,026","Omri Gilad","2025-03-28 15:06"
"35095328687","Torry Harris Business Solutions","William Nagle","2025-05-08 01:43","Scott Dunion","2025-03-26 13:24"
"16037763763","Malt","Cillian Golden (Deactivated User)","2024-01-17 11:07","Shlomi Cohen","2023-11-13 13:55"
"37136695666","Community Health Network","Dylan Leija","2025-05-14 16:37"
"59273870769","MX - New Deal","EJ Rauseo","2026-04-17 18:47"
"58435073560","KubeCon EU 2026 - Admiral Group PLC","Benjamin Duckworth","2026-03-26 23:26"
"37977665353","TransUnion","Charity Lee","2025-06-13 19:44","Tali Cohen","2025-05-27 20:42"
"18148608047","IA groupe - KubeCon","Tom Skarzynski (Deactivated User)","2024-03-28 16:49","Sam Neill (Deactivated User)","2024-03-24 17:47"
"36479034477","The Hong Kong Jockey Club","Scott Dunion","2025-04-29 10:36","Roni Amar (Deactivated User)","2025-04-29 10:07"
"35302736231","American Express","Logan Loisel","2025-06-11 05:35","Sam Neill (Deactivated User)","2025-04-01 17:09","Roni Amar (Deactivated User)","2025-04-01 16:17"
"59103904818","Axoflow","Jamie Summers","2026-04-10 22:07"
"61030380560","Sunrun","Dylan Leija","2026-06-11 22:24"
"29802399132","Southwest Airlines","Jeff Graham","2024-12-04 12:01","Amit Zonenfeld (Deactivated User)","2024-12-03 23:28"
"61031530842","Appian Corporation","EJ Rauseo","2026-06-11 21:09"
"56460923421","Morgan Stanley","Tali Cohen","2026-02-17 19:33"
"19216333075","Takeda","Tom Skarzynski (Deactivated User)","2024-05-08 16:28"
"16157480879","Global Fashion Group / GFG","Benjamin Duckworth","2023-11-29 18:25","Shlomi Cohen","2023-11-21 15:41","Ella Furman (Deactivated User)","2023-11-21 12:20"
"45037806702","Regions Bank","Evan Smith","2026-04-23 17:29","Chris Sweeney","2026-04-23 17:26","Jenny Lucas (Deactivated User)","2026-04-13 12:47","Travis Dadoly (Deactivated User)","2025-10-01 15:44","Logan Loisel","2025-10-01 14:37"
"36663556522","Check Point Software Technologies Ltd. ","Adrian Sandu","2025-06-06 19:00","Netta Borowitsh","2025-05-06 17:00","Sharon Peretz","2025-05-04 16:27","Sharon Peretz","2025-05-04 16:20","Netta Borowitsh","2025-05-04 16:15","Netta Borowitsh","2025-05-04 16:14"
"15843406649","Mindtree","Ella Furman (Deactivated User)","2023-10-30 13:06"
"22832241270","EDP ","Benjamin Duckworth","2024-10-01 16:37"
"15142688911","CyberSixGill-2024","Sharon Peretz","2024-05-16 12:06","Shlomi Cohen","2024-01-28 09:30","Cillian Golden (Deactivated User)","2024-01-28 09:10","Shlomi Cohen","2023-09-14 00:16"
"19724858653","BT Business (2025 renewal)","Benjamin Duckworth","2024-05-30 12:17","Benjamin Duckworth","2024-05-07 14:15","Benjamin Duckworth","2023-12-01 11:58","Shlomi Cohen","2023-09-10 13:27"
"48891484516","Fubo ","EJ Rauseo","2025-11-13 18:14","Daniel Alper","2025-11-13 16:24","Logan Loisel","2025-11-13 03:17"
"33028820380","NatWest Markets Securities Inc","Logan Loisel","2025-04-28 11:28","Ross Geall (Deactivated User)","2025-02-04 20:16"
"15927045120","Lightricks 2024","Sharon Peretz","2024-05-16 12:06","Shlomi Cohen","2024-01-28 09:30","Cillian Golden (Deactivated User)","2024-01-28 09:10","Shlomi Cohen","2023-11-05 13:49"
"60691180936","U.S. Bank ","Rick Walker","2026-05-28 18:12","Kevin Tarbell","2026-05-28 18:12","Charity Lee","2026-05-28 18:08"
"18131433805","Bose - KubeCon","Tom Skarzynski (Deactivated User)","2024-03-28 16:49","Sam Neill (Deactivated User)","2024-03-21 11:50"
"19675440165","EMBURSE","Joe Leland (Deactivated User)","2025-09-30 12:06","joe@getpor.io (Deactivated User)","2025-09-30 12:00","Joe Leland (Deactivated User)","2024-05-28 17:39"
"61870292621","Adidas - New Deal","Subby Makinde","2026-06-30 18:08"
"18127139156","EnOcean - KubeCon","Cillian Golden (Deactivated User)","2024-03-21 18:54","Benjamin Duckworth","2024-03-21 13:01"
"40003757925","Truist","Tali Cohen","2025-07-11 16:54","Charity Lee","2025-07-11 16:54"
"34440886058","JYSK","Adrian Sandu","2025-06-10 14:58","Roni Amar (Deactivated User)","2025-04-11 16:28","Ross Geall (Deactivated User)","2025-03-10 10:18","Netta Borowitsh","2025-03-09 19:03"
"20398456705","SonarSource  - 2,025","Cillian Golden (Deactivated User)","2024-06-28 11:50"
"53007636593","JFrog - 2,026","Omri Gilad","2026-01-18 11:38","Sharon Peretz","2025-12-31 16:46"
"43508315513","Lastminute.com","Sharon Peretz","2025-12-16 11:21","Cillian Golden (Deactivated User)","2025-09-09 10:51","Adrian Sandu","2025-09-09 10:37"
"34334104729","Embraer","Ignacio De Loera","2026-01-20 19:17","Tom Skarzynski (Deactivated User)","2025-03-06 18:02","Roni Amar (Deactivated User)","2025-03-06 17:09"
"60343196539","Mercedes-Benz","James Pritchard","2026-05-19 13:50","Adrian Sandu","2026-05-19 13:48"
"20162964766","Delfi Meedia","Cillian Golden (Deactivated User)","2024-06-18 13:29","Ella Furman (Deactivated User)","2024-06-18 13:26"
"41908988556","Greenstone Financial Services","Scott Dunion","2025-08-13 11:40","Scott Dunion","2025-08-07 12:11","Scott Dunion","2025-07-31 10:10","William Nagle","2025-07-24 19:54","William Nagle","2025-07-24 19:54","Adrian Sandu","2025-07-24 19:36","Adrian Sandu","2025-07-24 19:36"
"30737354597","Walmart","Logan Loisel","2025-06-11 05:23","Sam Neill (Deactivated User)","2024-12-18 19:46"
"39970759571","Medtronic Global IT Expansion (Team leads)","Rick Walker","2026-04-27 20:36","Tom Skarzynski (Deactivated User)","2025-07-10 18:32"
"12749187130","FM Global - cancelled","Ella Furman (Deactivated User)","2023-03-28 16:30"
"22357651357","Innovid","Sharon Peretz","2024-09-19 17:45","Chris Newsome","2024-09-19 09:58","Cillian Golden (Deactivated User)","2024-09-17 18:30","Netta Borowitsh","2024-09-17 18:20"
"15843407185","Svaaswellness","Ella Furman (Deactivated User)","2023-10-30 13:12"
"61459280997","Kraken Technologies ","James Butcher","2026-06-25 15:25","William Nagle","2026-06-25 15:20","Adrian Sandu","2026-06-23 14:32"
"51946911763","Samsung","Scott Dunion","2025-12-29 16:51","Sharon Peretz","2025-12-16 12:15","Adrian Sandu","2025-12-15 22:32"
"58208222329","Merck - 2,026","Omri Gilad","2026-03-23 12:06","Omri Gilad","2026-03-02 10:25","Omri Gilad","2025-07-11 10:34"
"36599500355","Meijer","Tali Cohen","2025-05-04 13:25","Netta Borowitsh","2025-05-01 15:51"
"28453255727","Booking.com","Ross Geall (Deactivated User)","2024-10-29 13:25"
"38995052157","Abbott","Charity Lee","2025-07-28 19:19","Tom Skarzynski (Deactivated User)","2025-06-17 22:45","Charity Lee","2025-06-17 22:44"
"43008620639","Erste Group","James Pritchard","2025-08-28 18:09"
"13371281316","CCO","Chris Newsome","2023-09-21 00:58","Shlomi Cohen","2023-08-28 20:37","Ella Furman (Deactivated User)","2023-08-16 11:02"
"14377157468","Skyfi ","Ella Furman (Deactivated User)","2023-08-16 11:01","Aviv Lavie (Deactivated User)","2023-07-28 18:02"
"35732858682","Airbus","James Pritchard","2025-08-11 19:25","James Bennett (Deactivated User)","2025-04-15 09:21","Roni Amar (Deactivated User)","2025-04-14 13:02"
"34407355550","Corelight","John Romano","2025-03-09 11:02","Netta Borowitsh","2025-03-07 21:31","John Romano","2025-03-07 21:28"
"41438034848","Ministry of Defence of Singapore","Scott Dunion","2025-08-06 01:08","Logan Loisel","2025-08-06 01:07"
"19153211202","Drivenets","Sharon Peretz","2024-05-06 15:15"
"22647136387","Nextinsurance ","Sharon Peretz","2024-09-26 11:31","Logan Loisel","2024-09-26 11:31","Logan Loisel","2024-09-26 11:18","Sharon Peretz","2024-09-23 23:58","Logan Loisel","2024-09-23 19:04"
"61872640392","solarwinds - 650 User Rollout ","Andrew Johnston","2026-06-30 19:05"
"22408373663","Mercedes-Benz - SRE day","Benjamin Duckworth","2024-09-19 12:58","Netta Borowitsh","2024-09-19 12:45"
"28992809821","Cambia Health Solutions, Inc. ","Jeff Graham","2024-11-13 13:48","Amit Zonenfeld (Deactivated User)","2024-11-13 00:06"
"29485575794","EMBURSE","Joe Leland (Deactivated User)","2025-09-30 12:06","joe@getpor.io (Deactivated User)","2025-09-30 11:59","Joe Leland (Deactivated User)","2024-12-03 16:57","Logan Loisel","2024-11-22 21:23"
"58332118853","Genpact - IDP / EDP New Logo - Vidya Rao (CTO)","Evan Smith","2026-03-26 16:37"
"13364913049","Capgemini","Ella Furman (Deactivated User)","2023-05-17 14:38"
"62045064756","zzz_test_company - New Deal","Thomas Donohue","2026-07-01 20:48"
"41901316614","CheckPoint Software Technologies Ltd.","Sharon Peretz","2025-08-13 14:58","Adrian Sandu","2025-08-13 14:55"
"34317534994","Abu Dhabi Investment Authority (ADIA)","Cillian Golden (Deactivated User)","2025-03-06 10:23","Cillian Golden (Deactivated User)","2025-03-05 19:04","Cillian Golden (Deactivated User)","2025-02-25 17:21"
"29119141248","NASA","Tom Skarzynski (Deactivated User)","2024-11-15 00:33"
"15443328909","Transfergo","Shlomi Cohen","2023-10-15 16:57","Ella Furman (Deactivated User)","2023-10-04 16:11"
"20407771062","FundApps - 2,026","Edouard Carakehian","2026-02-08 13:09","Omri Gilad","2025-01-15 16:44","Cillian Golden (Deactivated User)","2024-06-28 21:28"
"13342277152","Cencosud","Ella Furman (Deactivated User)","2023-08-16 11:01","Yonatan Boguslavski (Deactivated User)","2023-07-11 14:37","Ella Furman (Deactivated User)","2023-05-15 21:45"
"18147651072","Medtronic","Tom Skarzynski (Deactivated User)","2024-03-21 14:15","Ella Furman (Deactivated User)","2024-03-21 14:08"
"19564038799","Roche ","Benjamin Duckworth","2024-05-26 14:00","Netta Borowitsh","2024-05-23 19:04"
"21076977825","Qualcomm","Sam Neill (Deactivated User)","2024-07-31 11:21","Amit Zonenfeld (Deactivated User)","2024-07-31 00:33"
"59138766914","Lego","James Pritchard","2026-04-13 11:16","Subby Makinde","2026-04-13 11:06","Adrian Sandu","2026-04-13 10:57"
"42071548538","Appen","Scott Dunion","2025-08-14 11:03"
"16037476439","AutoDoc","Benjamin Duckworth","2023-12-12 18:24","Shlomi Cohen","2023-11-13 14:07","Ella Furman (Deactivated User)","2023-11-13 14:05"
"59104207958","Natwest Group","Benjamin Duckworth","2026-04-10 22:07"
"54078595657","BEC Financial Technologies","Sharon Peretz","2026-01-19 10:57","William Nagle","2026-01-19 10:57"
"35068316722","Qlik - 2,026","Omri Gilad","2025-12-31 21:01","Adrian Wong (Deactivated User)","2025-04-14 15:34","Omri Gilad","2025-03-25 20:14"
"35344360882","SORINT.lab ","Adrian Sandu","2025-06-10 14:57","Netta Borowitsh","2025-05-07 13:29","Cillian Golden (Deactivated User)","2025-04-02 14:21","Netta Borowitsh","2025-04-02 13:40"
"39443978874","Pacific Gas & Electric","Tali Cohen","2025-06-30 16:57","","2025-06-30 16:51","Daniel Alper","2025-06-30 16:51","Logan Loisel","2025-06-29 06:54"
"12747646380","Finsight Group","Ella Furman (Deactivated User)","2023-03-28 13:39"
"56697417911","OutSystems","Sharon Peretz","2026-02-24 17:55","EJ Rauseo","2026-02-20 16:47","Jill Countey","2026-02-20 16:36","Logan Loisel","2026-02-20 13:43"
"15665208133","NTT Limited","Shlomi Cohen","2023-10-17 16:20","Ella Furman (Deactivated User)","2023-10-17 13:05"
"13069469184","APNIC ","Ella Furman (Deactivated User)","2023-04-20 15:14"
"61535826867","Audio Network - New Deal","Logan Loisel","2026-06-25 06:23"
"19356615569","Hillsdale College","Joe Leland (Deactivated User)","2025-09-30 12:06","joe@getpor.io (Deactivated User)","2025-09-30 12:00","Joe Leland (Deactivated User)","2024-05-14 16:29"
"29148992545","CHG Healthcare","John Romano","2024-11-16 18:02","Netta Borowitsh","2024-11-15 20:59"
"35384363174","Kaseya Limited","Sam Neill (Deactivated User)","2025-04-02 10:36","Sam Neill (Deactivated User)","2025-04-02 00:57","Sam Neill (Deactivated User)","2025-03-31 17:19","Roni Amar (Deactivated User)","2025-03-28 20:01"
"30888011588","kinaxis","Joe Leland (Deactivated User)","2025-09-30 12:06","joe@getpor.io (Deactivated User)","2025-09-30 11:59","Joe Leland (Deactivated User)","2024-12-22 13:04","Amit Zonenfeld (Deactivated User)","2024-12-19 13:33","Joe Leland (Deactivated User)","2024-09-26 10:10","Amit Zonenfeld (Deactivated User)","2024-09-25 19:01"
"42106408241","Mentor Collective","EJ Rauseo","2025-08-15 00:58","Logan Loisel","2025-08-14 23:24"
"33301849960","Gloo","John Romano","2025-02-11 09:59","Netta Borowitsh","2025-02-10 21:23"
"41075359056","Symphony","Daniel Alper","2025-07-30 18:04"
"16005343042","Viavi Solutions","Chris Newsome","2023-11-10 20:26"
"52823007409","KUEHNE + NAGEL INC","James Pritchard","2025-12-29 15:52","Logan Loisel","2025-12-29 15:18"
"56179260839","Cigna","Jeff Graham","2026-04-23 17:23","Tom Skarzynski (Deactivated User)","2026-02-12 23:36"
"32937977416","Voucherify ","Sharon Peretz","2025-02-03 16:05","Roni Amar (Deactivated User)","2025-02-03 15:38"
"15992367220","Affirm","Ella Furman (Deactivated User)","2023-12-06 18:17","Chris Newsome","2023-11-10 18:26","Ella Furman (Deactivated User)","2023-11-09 21:07"
"56175531942","Serko Ltd - Expansion ","Scott Dunion","2026-02-13 10:10"
"41121167780","MLB - 2,026","Evan Smith","2026-02-05 10:06","Sam Neill (Deactivated User)","2025-08-20 17:43","Adrian Wong (Deactivated User)","2025-07-31 21:50"
"32821695909","Cobre - 2,027","Omri Gilad","2025-12-31 21:01","Adrian Wong (Deactivated User)","2025-04-14 15:35","Omri Gilad","2025-03-18 11:28","Omri Negri (Deactivated User)","2025-03-18 11:28","Adrian Wong (Deactivated User)","2025-03-18 11:27","Omri Gilad","2025-02-10 14:25","Chris Newsome","2025-01-31 21:05"
"60383598692","Phoenix Energy","EJ Rauseo","2026-05-20 18:51","Aaron Marans","2026-05-20 03:00"
"51881724017","Zuora","Jill Countey","2026-02-17 17:20","Dylan Leija","2025-12-16 21:10"
"58254632059","Novo Nordisk","John Barnes","2026-03-24 13:57","Adrian Sandu","2026-03-24 13:57"
"61873379661","GeneDX - Expansion - 25 Seats","Edouard Carakehian","2026-06-30 17:54"
"15843408410","Forter","Ella Furman (Deactivated User)","2023-10-30 13:25"
"50446522994","Great American Insurance Group - 2,026","Andrew Johnston","2026-05-10 09:03","Omri Gilad","2025-12-31 21:01","Adrian Wong (Deactivated User)","2025-11-25 23:10"
"22169698710","Impact.com","Chris Newsome","2024-09-12 10:51"
"58543352200","Vodafone","Benjamin Duckworth","2026-03-30 11:57","Adrian Sandu","2026-03-30 11:47"
"35354623019","Dell","Benjamin Duckworth","2025-06-04 20:37","Sam Neill (Deactivated User)","2025-04-07 14:41","Netta Borowitsh","2025-04-02 17:48"
"58427627609","KubeCon EU 2026 - Trafikverket","John Barnes","2026-03-27 14:41","Adrian Sandu","2026-03-26 23:26"
"28530735027","Carnegie Learning","John Romano","2024-10-30 18:16"
"41497516666","Banco International","Jill Countey","2025-08-06 16:17"
"20796629359","Elementor","Sharon Peretz","2024-07-16 15:59"
"22813325638","GitHub - 2,027","Rick Walker","2026-02-08 13:24","Tom Skarzynski (Deactivated User)","2024-09-30 22:36"
"35450437510","Via Transportation","William Nagle","2025-05-05 10:39","Sharon Peretz","2025-04-03 18:14","Roni Amar (Deactivated User)","2025-04-03 18:10"
"13352876087","Bestseller","Ella Furman (Deactivated User)","2023-05-16 13:21"
"38573645934","Charter Communications","Jeff Graham","2025-06-06 16:33","Logan Loisel","2025-06-06 16:30"
"29787863416","Socure","Logan Loisel","2025-06-11 19:25","Adrian Sandu","2025-06-10 14:59","Roni Amar (Deactivated User)","2025-01-09 16:28","Joe Leland (Deactivated User)","2024-12-03 13:30","Amit Zonenfeld (Deactivated User)","2024-12-03 03:34"
"32087579756","Loqate (GBG) - 2,025","Omri Gilad","2026-04-15 13:00","Shlomi Cohen","2026-04-15 12:57","Omri Gilad","2026-01-18 10:30","Cillian Golden (Deactivated User)","2025-03-24 12:43","Omri Gilad","2025-02-10 14:44","Cillian Golden (Deactivated User)","2025-01-15 18:33"
"16801780763","TCS","Benjamin Duckworth","2024-01-04 13:49","Amit Zonenfeld (Deactivated User)","2024-01-04 11:25"
"11672440658","Roche","Ella Furman (Deactivated User)","2023-08-16 11:01","zohar einy (Deactivated User)","2023-01-12 13:28"
"37619590315","Migros Online","James Pritchard","2025-05-22 16:06","Adrian Sandu","2025-05-22 15:26"
"43899041673","American Express","Evan Smith","2026-02-02 20:29","Sam Neill (Deactivated User)","2025-09-18 18:36","Logan Loisel","2025-09-18 18:35"
"40247830630","Zenika","Adrian Sandu","2025-11-19 17:13","Christos Lemos (Deactivated User)","2025-07-15 13:24","Adrian Sandu","2025-07-15 13:22"
"39893194519","Bank HaPoalim ","Sharon Peretz","2025-07-09 14:06","Adrian Sandu","2025-07-09 14:05"
"61458979912","Meddbase","William Nagle","2026-06-23 13:17"
"18148431944","Manomano - KubeCon","Cillian Golden (Deactivated User)","2024-03-24 17:44"
"29809280865","natera","Logan Loisel","2025-06-11 19:19","Adrian Sandu","2025-06-10 14:59","Netta Borowitsh","2024-12-17 01:14","Chris Newsome","2024-12-04 12:00","Netta Borowitsh","2024-12-04 00:17"
"42440401335","St.Galler Kantonalbank AG","Adrian Sandu","2025-08-19 18:12","Logan Loisel","2025-08-19 17:32"
"58630778021","Malt ","William Nagle","2026-05-28 11:22","James Butcher","2026-04-01 17:20","William Nagle","2026-04-01 17:19"
"14825169422","MIQ","Chris Newsome","2023-09-21 00:42","Shlomi Cohen","2023-09-10 14:42","Ella Furman (Deactivated User)","2023-08-25 14:24"
"28459940236","DeLaval","Cillian Golden (Deactivated User)","2024-10-29 16:27","Amit Zonenfeld (Deactivated User)","2024-10-29 16:22"
"14447664789","SSG","Ella Furman (Deactivated User)","2023-08-13 18:41","Aviv Lavie (Deactivated User)","2023-08-03 14:05"
"33448295016","Diesel Laptops","Johana Ochoa","2025-02-13 22:49"
"18242851848","Noesis","Cillian Golden (Deactivated User)","2024-03-26 16:04","Netta Borowitsh","2024-03-26 16:03"
"29105692776","Writer","Adrian Sandu","2025-06-10 14:59","Netta Borowitsh","2025-01-09 16:28","Joe Leland (Deactivated User)","2024-11-14 02:06"
"61452577311","Solidicon","William Nagle","2026-06-23 11:20"
"18127114584","Finalto - KubeCon","Cillian Golden (Deactivated User)","2024-03-21 13:02"
"15668336518","Northwestern Medicine - Ahead","Sam Neill (Deactivated User)","2023-12-18 17:42","Shlomi Cohen","2023-10-17 19:41","Chris Newsome","2023-10-17 17:23","Ella Furman (Deactivated User)","2023-10-17 17:21"
"38950446521","Origence","Jason Chiu (Deactivated User)","2025-06-16 22:24","Logan Loisel","2025-06-16 22:23"
"59459918009","Egym ","Matt Bilsland","2026-04-29 15:03","William Nagle","2026-04-23 16:14"
"56288447039","Applied Systems ","EJ Rauseo","2026-02-19 18:13","Logan Loisel","2026-02-14 00:20"
"61030183203","EY","Evan Smith","2026-06-18 19:07","Logan Loisel","2026-06-11 22:20"
"16577481512","Alliant ","Chris Newsome","2023-12-19 23:06","Amit Zonenfeld (Deactivated User)","2023-12-18 21:21"
"61598184745","Capgemini Invent - New Deal","Logan Loisel","2026-06-25 06:35"
"13487723558","Bank Hapoalim","Ella Furman (Deactivated User)","2023-05-29 17:26"
"33921826178","FileCloud","Daniel Alper","2025-02-25 19:53","Netta Borowitsh","2025-02-25 18:38"
"48853938091","ClearRoute","Benjamin Duckworth","2025-11-11 13:12","Logan Loisel","2025-11-11 12:40"
"58938099570","Finova ","James Butcher","2026-04-09 16:05","Dylan Leija","2026-04-09 13:28"
"58897477194","Ping Identity","Daniel Alper","2026-04-07 19:13","Logan Loisel","2026-04-07 18:47"
"33380415810","Canva Pty Ltd","Scott Dunion","2025-02-12 10:58","Scott Dunion","2025-02-12 10:58","Scott Dunion","2025-02-12 10:57","Netta Borowitsh","2025-02-12 02:46","Netta Borowitsh","2025-02-12 02:46","Netta Borowitsh","2025-02-12 02:46","Scott Dunion","2024-11-28 15:47","Benjamin Duckworth","2024-11-26 09:50","Shlomi Cohen","2024-11-26 09:42","Amit Zonenfeld (Deactivated User)","2024-11-25 06:22"
"21063443002","Amadeus","Benjamin Duckworth","2024-07-30 14:18","Ella Furman (Deactivated User)","2024-07-30 13:02"
"53284612654","Expression","Daniel Alper","2026-01-06 18:08","Logan Loisel","2026-01-06 18:05"
"38820426920","Cohesity","Dylan Leija","2025-08-05 22:24","Daniel Alper","2025-06-12 20:22","Jason Chiu (Deactivated User)","2025-06-12 20:14","Logan Loisel","2025-06-12 19:43"
"29866062452","State Farm","Tom Skarzynski (Deactivated User)","2024-12-05 17:30","Netta Borowitsh","2024-12-04 23:40"
"34428910903","Sophos","Cillian Golden (Deactivated User)","2025-03-09 10:17","Benjamin Duckworth","2025-03-07 17:04","Cillian Golden (Deactivated User)","2025-03-04 08:54","Cillian Golden (Deactivated User)","2025-03-04 08:54","Cillian Golden (Deactivated User)","2025-03-04 08:53","Cillian Golden (Deactivated User)","2025-03-04 08:53","Netta Borowitsh","2025-03-03 19:13","Netta Borowitsh","2025-03-03 19:13","Netta Borowitsh","2025-03-03 19:12","Netta Borowitsh","2025-03-03 19:12","Cillian Golden (Deactivated User)","2025-01-26 16:05","Cillian Golden (Deactivated User)","2025-01-26 16:05","Netta Borowitsh","2025-01-26 09:41","Netta Borowitsh","2025-01-26 09:40","Cillian Golden (Deactivated User)","2024-10-24 18:58"
"22783295911","MACCABI HEALTHCARE SERVICES (HMO) - 2,025","Omri Gilad","2025-01-15 16:46","Sharon Peretz","2024-09-30 11:30"
"36662860420","Amazon","Johana Ochoa","2025-05-19 18:57","Kevin Tarbell","2025-05-18 14:02","Netta Borowitsh","2025-05-04 11:49"
"60984765476","CurrencyCloud - Expansion","Edouard Carakehian","2026-06-09 19:05"
"32721166891","Harman International - 2,026","James Pritchard","2025-05-06 20:40","Benjamin Duckworth","2025-02-18 13:17","Omri Gilad","2025-02-10 14:43","Benjamin Duckworth","2025-01-29 15:33"
"53074187529","Greenstone Financial Services ","Scott Dunion","2026-01-02 10:29","Adrian Sandu","2026-01-02 07:08"
"35357538944","Sopra Steria","Adrian Sandu","2025-06-10 14:56","Netta Borowitsh","2025-05-27 19:31","Ross Geall (Deactivated User)","2025-04-02 14:53","Netta Borowitsh","2025-04-02 14:30"
"18546811197","Pi Techniques // V.Ships","Benjamin Duckworth","2024-04-10 14:39"
"45400758162","Allseas","Cillian Golden (Deactivated User)","2025-10-07 15:48"
"22643160836","Oracle - OCI Partnership","Tom Skarzynski (Deactivated User)","2024-09-25 23:22"
"29782636922","Maximus Inc","Tom Skarzynski (Deactivated User)","2024-12-03 15:47","Netta Borowitsh","2024-12-03 02:36"
"61163349929","National Research Group","Jill Countey","2026-06-17 22:28","Wren Huston","2026-06-17 16:30","Jill Countey","2026-06-17 16:27"
"37027570810","Kyndryl Holdings, Inc","Tom Skarzynski (Deactivated User)","2025-05-11 12:00","Netta Borowitsh","2025-05-11 12:00","Tom Skarzynski (Deactivated User)","2025-05-11 11:46","Netta Borowitsh","2025-05-09 09:47","Netta Borowitsh","2025-05-09 09:44"
"33180909899","Victra","Joe Leland (Deactivated User)","2025-09-30 12:06","joe@getpor.io (Deactivated User)","2025-09-30 12:00","Joe Leland (Deactivated User)","2025-02-07 22:20","Dylan Leija","2025-02-07 22:17","Joe Leland (Deactivated User)","2025-01-24 23:48"
"61030022695","Allstate","Dylan Leija","2026-06-11 21:10"
"35416339517","C Hoare and Co. ","Adrian Sandu","2025-06-10 14:55","Netta Borowitsh","2025-04-23 16:17","Cillian Golden (Deactivated User)","2025-04-03 16:21","Netta Borowitsh","2025-04-03 15:56"
"41093973846","Cloudflare, Inc.","Charity Lee","2025-08-19 18:55","Tali Cohen","2025-07-30 19:57"
"29821387842","Uni Cards","Cillian Golden (Deactivated User)","2024-12-04 11:21","Amit Zonenfeld (Deactivated User)","2024-12-04 03:06"
"48291291711","Arrive","Sharon Peretz","2025-11-05 13:05"
"60032563035","BANCOLOMBIA S.A","Ignacio De Loera","2026-05-05 17:16","Gal Tarrab Levi","2026-05-05 16:58"
"46256776210","Minted ","John Romano","2025-10-16 22:37"
"32715674972","Liftoff Mobile","John Romano","2025-01-29 21:50","Chris Newsome","2025-01-29 11:34","Netta Borowitsh","2025-01-29 11:32"
"36141766033","Rev","Daniel Alper","2025-04-29 18:40","Dylan Leija","2025-04-24 16:36","Netta Borowitsh","2025-04-23 20:59"
"17884582554","SonicWall Inc - 2,025","Omri Gilad","2025-01-15 16:37","Chris Newsome","2024-03-06 15:25"
"37477701024","Open-Xchange","Cillian Golden (Deactivated User)","2025-05-23 01:31","Christos Lemos (Deactivated User)","2025-05-20 16:32","Logan Loisel","2025-05-20 14:49"
"58445603154","KubeCon EU 2026 - Chess.com","Matt Bilsland","2026-03-30 13:42","EJ Rauseo","2026-03-27 19:21","Matt Bilsland","2026-03-26 23:26"
"57848056085","BHP - 2,027","Scott Dunion","2026-03-10 10:09"
"11804377893","Intel","Ella Furman (Deactivated User)","2023-08-16 11:01","Zohar Einy","2023-01-22 16:51"
"59384762533","Wellmark Inc","Jill Countey","2026-04-21 16:55","Logan Loisel","2026-04-21 00:10"
"51340193943","Aurigo Software","Daniel Alper","2025-12-08 18:53"
"33894946477","Ryan","Tom Skarzynski (Deactivated User)","2025-02-25 16:40","Netta Borowitsh","2025-02-25 16:33"
"19726562701","Omnicell - Renewal - 2,025","Omri Gilad","2025-01-15 16:30","Chris Newsome","2024-05-30 12:30","Chris Newsome","2024-02-21 16:26","Chris Newsome","2023-12-06 20:45","Shlomi Cohen","2023-09-10 13:48"
"18053217857","Coalition Inc","Chris Newsome","2024-03-17 10:20","Amit Zonenfeld (Deactivated User)","2024-03-15 21:26"
"33494924914","Cars Commerce ","Daniel Alper","2025-02-16 11:09"
"30599596665","Chain Reaction - 2026","Omri Gilad","2025-01-15 16:35","Sharon Peretz","2024-12-17 11:37"
"32425586001","Markel","Sam Neill (Deactivated User)","2025-01-26 16:12","Sam Neill (Deactivated User)","2025-01-26 16:12","Netta Borowitsh","2025-01-26 09:41","Netta Borowitsh","2025-01-26 09:41","Sam Neill (Deactivated User)","2024-08-08 15:12","Joe Leland (Deactivated User)","2024-08-04 10:54","Amit Zonenfeld (Deactivated User)","2024-08-02 22:40"
"21767736375","Papaya","Sharon Peretz","2024-08-29 09:56"
"15957951281","Starbucks","Sam Neill (Deactivated User)","2023-11-08 16:54","Ella Furman (Deactivated User)","2023-11-07 21:33"
"56707032452","financiera confianza s.a.a","Ignacio De Loera","2026-02-20 19:46"
"33320042316","Centegix - 2,026","Omri Gilad","2026-02-09 11:49","Edouard Carakehian","2026-02-08 13:06","Omri Gilad","2025-12-31 21:01","Adrian Wong (Deactivated User)","2025-04-14 15:35","Omri Gilad","2025-02-11 17:38"
"58445446917","Everest  - 2,027","John Romano","2026-03-26 23:14"
"20242926512","Onoff  - 2,025","Omri Gilad","2025-01-15 16:42","Sharon Peretz","2024-06-21 17:53"
"29806327088","NeoGenomics","Joe Leland (Deactivated User)","2025-09-30 12:06","joe@getpor.io (Deactivated User)","2025-09-30 12:00","Joe Leland (Deactivated User)","2024-12-04 00:58"
"14183239718","OneCall","Chris Newsome","2023-09-24 22:43","Shlomi Cohen","2023-08-15 10:39","Aviv Lavie (Deactivated User)","2023-07-16 16:03","Aviv Lavie (Deactivated User)","2023-07-10 03:52","Aviv Lavie (Deactivated User)","2023-07-07 20:45"
"18292412491","Malt - 2,025","Omri Gilad","2025-01-15 16:37","Cillian Golden (Deactivated User)","2024-03-28 20:37"
"61024964457","DAT Freight & Analytics","John Romano","2026-06-11 02:00","Aaron Marans","2026-06-11 02:00"
"43827349255","Cyera","Shlomi Cohen","2025-09-18 16:23"
"60025523819","Lloyds Banking Group | AEP + Backstage | UK","Jamie Summers","2026-05-05 17:36","Adrian Sandu","2026-05-05 12:26"
"20081486214","Federated Insurance","Chris Newsome","2024-06-16 14:12","Ella Furman (Deactivated User)","2024-06-14 18:49"
"58685788072","KubeCon EU 2026 - Qube Research and Technologies","William Nagle","2026-05-28 11:21","James Butcher","2026-04-02 16:12","James Butcher","2026-03-27 19:56","Sharon Peretz","2026-03-26 23:26","James Butcher","2026-03-26 23:26"
"57904196498","Kyndryl","Logan Loisel","2026-03-11 18:21"
"38420825378","Careem","Subby Makinde","2025-08-21 11:20","Ross Geall (Deactivated User)","2025-06-04 17:21","Subby Makinde","2025-06-04 17:20","Adrian Sandu","2025-06-04 16:54"
"53002862700"," HawkAI","William Nagle","2026-01-06 19:13","Adrian Sandu","2026-01-05 13:58","Logan Loisel","2026-01-01 03:12"
"31705904694","Monday.com","Sharon Peretz","2025-01-08 15:13"
"16368291133","Sophos","Benjamin Duckworth","2023-12-05 17:37","Ella Furman (Deactivated User)","2023-12-05 14:55"
"39670906129","Semble","Cillian Golden (Deactivated User)","2025-07-04 12:43","Adrian Sandu","2025-07-04 12:35"
"35469750675","NN Group","James Bennett (Deactivated User)","2025-04-07 12:18","Roni Amar (Deactivated User)","2025-04-04 14:25"
"59450906499","LG Electronics - 2,027","Omri Gilad","2026-04-23 12:09"
"23142285429","Louis Vuitton","Benjamin Duckworth","2024-10-10 20:25"
"35306187582","TUI ","Adrian Sandu","2025-06-10 14:58","Roni Amar (Deactivated User)","2025-04-28 11:24","Ross Geall (Deactivated User)","2025-04-01 13:19","Roni Amar (Deactivated User)","2025-04-01 12:25"
"59823300114","Garner Health - New Deal","Jill Countey","2026-05-08 16:07","Adrian Sandu","2026-04-29 23:46"
"59848999438","Merck - 2,028","Omri Gilad","2026-04-30 15:55"
"39855442817","Linedata","Christos Lemos (Deactivated User)","2025-07-08 16:50","Adrian Sandu","2025-07-08 16:27"
"18031918380","Data Service Group","Cillian Golden (Deactivated User)","2024-03-14 14:19","Amit Zonenfeld (Deactivated User)","2024-03-14 14:19"
"60844058939","Cox Automotive","Rick Walker","2026-06-03 19:48","Wren Huston","2026-06-03 19:48"
"56566446879","Davies Group","James Pritchard","2026-02-18 18:53","Adrian Sandu","2026-02-18 18:51"
"58962341208","Thales Group","James Pritchard","2026-04-08 17:54","Adrian Sandu","2026-04-08 17:50"
"60355661133","Bancolombia","Ignacio De Loera","2026-05-19 22:32","Logan Loisel","2026-05-19 22:32"
"15968158526","Expedia","Sam Neill (Deactivated User)","2023-11-08 16:45","Ella Furman (Deactivated User)","2023-11-08 11:57"
"31827021912","Tripadvisor","Joe Leland (Deactivated User)","2025-09-30 12:06","joe@getpor.io (Deactivated User)","2025-09-30 12:00","Joe Leland (Deactivated User)","2025-01-12 10:07","Joe Leland (Deactivated User)","2025-01-12 10:07","Netta Borowitsh","2025-01-09 20:52","Netta Borowitsh","2025-01-09 20:52","Joe Leland (Deactivated User)","2024-12-05 17:23","Netta Borowitsh","2024-12-04 22:14"
"40840174197","NCR Atleos","Sam Neill (Deactivated User)","2025-07-25 22:50","Logan Loisel","2025-07-25 22:48","Adrian Sandu","2025-07-25 21:40"
"21816799407","Quadcorps / Aviva","Benjamin Duckworth","2024-08-30 14:22"
"14537850185","E.ON","Shlomi Cohen","2023-08-27 21:26","Ella Furman (Deactivated User)","2023-08-13 18:41","Shlomi Cohen","2023-08-09 09:45"
"18356104788","CIBC","Tom Skarzynski (Deactivated User)","2024-04-01 16:25","Ella Furman (Deactivated User)","2024-04-01 15:44"
"58447924877","KubeCon EU 2026 - Amazon","Adrian Sandu","2026-03-26 23:26"
"52811788295","Lufthansa Industry Solutions","James Pritchard","2025-12-29 12:53","Adrian Sandu","2025-12-29 11:57"
"61018377780","Vialto","Benjamin Duckworth","2026-06-11 16:21","Paula Schaefer","2026-06-11 12:42"
"59273256315","GardaWorld Security","Jeff Graham","2026-04-23 19:13","Tom Skarzynski (Deactivated User)","2026-04-17 17:46","Dylan Leija","2026-04-17 17:46"
"39954580076","Flagstone","Cillian Golden (Deactivated User)","2025-07-10 11:33","Adrian Sandu","2025-07-10 11:04"
"20268331445","Banque Misr","Benjamin Duckworth","2024-06-23 13:19","Ella Furman (Deactivated User)","2024-06-23 02:04"
"62156756746","McLaren Automotive Ltd - New Deal","William Nagle","2026-07-03 14:57"
"45968308102","AlphaSense - 400 dev expansion","Omri Gilad","2025-12-31 21:03","Adrian Wong (Deactivated User)","2025-10-14 18:55"
"35423163680","Next","Benjamin Duckworth","2026-01-15 13:31","Ross Geall (Deactivated User)","2025-04-03 16:18","Netta Borowitsh","2025-04-03 16:03"
"59419156125","Capital Group","Tali Cohen","2026-04-23 00:19","Dylan Leija","2026-04-23 00:19"
"10158016804","intel-basic","Ella Furman (Deactivated User)","2023-08-16 11:02","Zohar Einy","2022-09-12 13:51"
"59084426341","Elekta","Matt Bilsland","2026-04-13 19:22","James Butcher","2026-04-10 22:07"
"17730894624","Kitopi","Cillian Golden (Deactivated User)","2024-02-26 17:50","Ella Furman (Deactivated User)","2024-02-26 16:59"
"35353186384","Allseas ","Cillian Golden (Deactivated User)","2025-04-02 14:16","Roni Amar (Deactivated User)","2025-04-02 14:09"
"29892588618","DocMe360","Adrian Sandu","2025-06-10 14:58","Roni Amar (Deactivated User)","2025-01-22 15:32","Grant Dienaar (Deactivated User)","2024-12-08 11:26","Chris Newsome","2024-12-05 21:35"
"12750290223","norlysenergytrading","Ella Furman (Deactivated User)","2023-03-28 16:40"
"14467619430","IAG GBS","Ella Furman (Deactivated User)","2023-08-13 18:41","Shlomi Cohen","2023-08-07 20:37","Aviv Lavie (Deactivated User)","2023-08-04 18:26"
"43639486633","BHP","Scott Dunion","2025-09-12 10:54","Adrian Sandu","2025-09-12 03:48"
"19726510915","Foresters - Renewal 2027","Omri Gilad","2025-12-31 21:01","Adrian Wong (Deactivated User)","2025-04-14 15:35","Omri Gilad","2025-01-15 16:30","Chris Newsome","2024-05-30 12:28","Chris Newsome","2024-01-11 18:20","Chris Newsome","2023-12-06 20:41","Shlomi Cohen","2023-09-10 14:29"
"59230311697","Otto ","James Pritchard","2026-04-17 11:49","Subby Makinde","2026-04-16 22:20","Adrian Sandu","2026-04-16 22:19"
"58436783238","KubeCon EU 2026 - HCLTech","Scott Dunion","2026-03-30 18:12","Adrian Sandu","2026-03-30 17:44","Matt Bilsland","2026-03-26 23:26"
"30866041232","Ecolab","Sam Neill (Deactivated User)","2024-12-22 11:11","Netta Borowitsh","2024-12-20 21:38","Sam Neill (Deactivated User)","2024-12-08 10:30","Netta Borowitsh","2024-12-05 21:59"
"48162245975","McKinsey & Company","Travis Dadoly (Deactivated User)","2025-11-18 21:07","Logan Loisel","2025-11-04 08:03"
"57938986788","Audacy","Daniel Alper","2026-03-12 17:02","Logan Loisel","2026-03-12 16:25","Daniel Alper","2026-03-12 16:23","Wren Huston","2026-03-12 16:23"
"17686858411","SolarWinds","Chris Newsome","2024-02-23 15:02","Amit Zonenfeld (Deactivated User)","2024-02-23 10:52"
"35460974897","Ringier Axel Springer Media","Subby Makinde","2025-04-17 20:44","James Bennett (Deactivated User)","2025-04-07 11:40","Roni Amar (Deactivated User)","2025-04-04 15:34"
"18128553737","Inditex - KubeCon","Benjamin Duckworth","2024-03-20 18:27"
"38310323799","Cover Whale","John Romano","2025-06-02 19:03"
"58435697297","KubeCon EU 2026 - INTERPOL","Sharon Peretz","2026-03-30 18:52","William Nagle","2026-03-30 18:35","Gus Stewart","2026-03-26 23:26"
"61601688129","Gucci - 2,027","Benjamin Duckworth","2026-06-25 11:43"
"28224435641","HYPE","Cillian Golden (Deactivated User)","2024-10-22 13:07","Netta Borowitsh","2024-10-22 12:50"
"19663603636","ControlUp","Sharon Peretz","2024-05-28 09:45","Ella Furman (Deactivated User)","2024-05-28 07:39"
"57601625172","Lendbuzz","Jill Countey","2026-03-05 16:46"
"49008962927","Digital Challengers IT Kubecon ATL25","Logan Loisel","2025-11-13 17:44"
"58254694027","GSK | DevOps | Self-Healing","Jamie Summers","2026-03-24 14:02"
"28356583062","b.well - v3","Chris Newsome","2024-10-25 22:08"
"17147380532","Ant Group","Ella Furman (Deactivated User)","2024-01-30 15:51","Benjamin Duckworth","2024-01-25 11:47","Ella Furman (Deactivated User)","2024-01-25 03:05"
"43898941301","Wargaming Group","William Nagle","2025-11-19 17:11","Christos Lemos (Deactivated User)","2025-09-19 14:09"
"19488711193","Accolade Inc","Joe Leland (Deactivated User)","2025-09-30 12:06","joe@getpor.io (Deactivated User)","2025-09-30 11:59","Joe Leland (Deactivated User)","2024-05-20 13:04","Amit Zonenfeld (Deactivated User)","2024-05-20 12:44"
"47456842597","InfoMagnus","Logan Loisel","2025-10-28 20:27"
"12762200455","PGS","Shlomi Cohen","2023-08-13 18:40","Ella Furman (Deactivated User)","2023-03-29 15:36"
"18169417782","Skyscrapers  - KubeCon","Cillian Golden (Deactivated User)","2024-03-24 12:46"
"34113223056","365Scores ","Sharon Peretz","2025-03-02 12:09","Netta Borowitsh","2025-03-02 12:03","Sharon Peretz","2025-01-26 18:54","Roni Amar (Deactivated User)","2025-01-26 17:24"
"16491173649","Shift 2026","Edouard Carakehian","2026-02-08 13:13","Omri Gilad","2025-01-15 16:31","Cillian Golden (Deactivated User)","2024-01-28 09:03","Shlomi Cohen","2023-12-13 20:01"
"37896085776","Geico","Charity Lee","2025-06-10 20:47","Jeff Graham","2025-05-23 22:48"
"61761931635","Crowe - 2,029","Andrew Johnston","2026-06-29 14:14"
"21222971008","Maya PH - 2,026","Omri Gilad","2026-01-18 11:37","Scott Dunion","2025-01-28 11:59","Omri Gilad","2025-01-15 16:31","Benjamin Duckworth","2024-08-08 11:52"
"35452436817","Microsoft","Logan Loisel","2025-04-07 12:49","Roni Amar (Deactivated User)","2025-04-03 21:10"
"39889267726","PartsSource Inc","John Romano","2025-07-09 19:56","Logan Loisel","2025-07-09 19:33"
"18126329262","imec - KubeCon","Cillian Golden (Deactivated User)","2024-03-20 15:13"
"44788923216","CRIF - 2025 expansion","Benjamin Duckworth","2025-09-29 16:37"
"20081372186","Grammarly","Joe Leland (Deactivated User)","2025-09-30 12:06","joe@getpor.io (Deactivated User)","2025-09-30 12:00","Joe Leland (Deactivated User)","2024-06-14 20:12","Chris Newsome","2024-06-14 18:53","Ella Furman (Deactivated User)","2024-06-14 18:37"
"43876990135","Banco Expansion Deal (AI Only)","Sam Neill (Deactivated User)","2025-09-17 21:36"
"38779875224","Money View","Scott Dunion","2025-06-12 13:56"
"37238184198","GB Group PLC","Cillian Golden (Deactivated User)","2025-05-15 17:31"
"15959218088","Epsilon","Sam Neill (Deactivated User)","2023-11-08 17:01","Ella Furman (Deactivated User)","2023-11-07 22:06"
"37165917800","HDI - KubeCon","Benjamin Duckworth","2025-05-14 12:34","Benjamin Duckworth","2025-04-29 11:00","Benjamin Duckworth","2025-04-03 12:14","Netta Borowitsh","2025-04-02 18:26","Benjamin Duckworth","2025-02-27 14:54","Netta Borowitsh","2025-02-27 12:41","Benjamin Duckworth","2025-02-25 12:50","Benjamin Duckworth","2025-02-25 12:50","Benjamin Duckworth","2025-02-25 12:50","Benjamin Duckworth","2025-02-25 12:49","Netta Borowitsh","2025-02-25 12:40","Netta Borowitsh","2025-02-25 12:40","Netta Borowitsh","2025-02-25 12:40","Netta Borowitsh","2025-02-25 12:40","Benjamin Duckworth","2024-03-28 13:26","Cillian Golden (Deactivated User)","2024-03-24 17:09","Benjamin Duckworth","2024-03-22 11:02","Cillian Golden (Deactivated User)","2024-03-20 15:21"
"16122214223","Viz Pro","Shlomi Cohen","2023-11-19 11:16","Ella Furman (Deactivated User)","2023-11-19 11:15"
"54257697042","Bice","Logan Loisel","2026-02-03 17:32","Gal Tarrab Levi","2026-01-20 20:46"
"30792262217","Apple","Jeff Graham","2024-12-19 21:29","Jeff Graham","2024-12-19 21:29","Jeff Graham","2024-11-16 18:06","Jeff Graham","2024-11-16 18:05","Grant Dienaar (Deactivated User)","2024-11-14 22:53","Grant Dienaar (Deactivated User)","2024-11-14 22:12","Jeff Graham","2024-11-14 11:07","Tom Skarzynski (Deactivated User)","2024-11-13 22:11"
"35767313068","HM Precious Metals","William Nagle","2025-04-15 18:49"
"41880081920","Goldman Sachs","Tali Cohen","2026-01-28 11:24","Sam Neill (Deactivated User)","2025-08-12 16:56","Kevin Tarbell","2025-08-12 16:56"
"58243879597","ASML - KubeCon 2026","John Barnes","2026-03-26 15:21","Adrian Sandu","2026-03-23 11:52"
"35413852974","Armada","Daniel Alper","2025-04-03 10:48"
"60683777647","Payoneer ","Sharon Peretz","2026-05-28 14:13","Sharon Peretz","2026-05-28 11:23","William Nagle","2026-05-27 19:47","Sharon Peretz","2026-05-27 12:02","William Nagle","2026-05-27 12:02"
"16351792961","Lansweeper","Benjamin Duckworth","2023-12-04 20:05","Ella Furman (Deactivated User)","2023-12-04 09:58"
"38981493931","T-Systems International GmbH","James Bennett (Deactivated User)","2025-06-17 16:58","Adrian Sandu","2025-06-17 16:39"
"29816963337","LogiSense","Joe Leland (Deactivated User)","2025-09-30 12:06","joe@getpor.io (Deactivated User)","2025-09-30 12:00","Joe Leland (Deactivated User)","2024-12-04 12:08","Tom Skarzynski (Deactivated User)","2024-12-04 02:26"
"17666168675","Centegix","Chris Newsome","2024-02-22 11:41"
"35111043975","Dimensional Fund Advisors","Daniel Alper","2025-03-26 21:24"
"42810445604","Libertex group- 2,026","Omri Gilad","2025-08-25 11:41"
"30827402855","OBT Live","Cillian Golden (Deactivated User)","2024-12-21 11:44","Roni Amar (Deactivated User)","2024-12-20 14:12"
"17979812479","BlueAlly - Partner?","Chris Newsome","2024-03-11 21:21"
"15124825503","SimilarWeb","Shlomi Cohen","2023-09-20 17:27","Ella Furman (Deactivated User)","2023-09-12 19:22"
"56935791685","Kainos","Matt Bilsland","2026-02-24 19:36"
"57463468919","European Bank for Reconstruction and Development ","William Nagle","2026-03-31 23:44","Logan Loisel","2026-03-03 19:03"
"19351588400","LG Electronics - 2,026","Omri Gilad","2026-01-18 10:39","Scott Dunion","2025-01-28 11:59","Omri Gilad","2025-01-15 16:38","Benjamin Duckworth","2024-05-14 10:23"
"59087042713","Fireflies.ai","Jill Countey","2026-04-10 17:33","Wren Huston","2026-04-10 17:05"
"35300732170","DSV","Adrian Sandu","2025-06-10 14:57","Netta Borowitsh","2025-05-07 13:10","Benjamin Duckworth","2025-04-01 17:56","Netta Borowitsh","2025-04-01 16:17"
"32425585713","Pagerduty","Joe Leland (Deactivated User)","2025-09-30 12:06","joe@getpor.io (Deactivated User)","2025-09-30 11:59","Joe Leland (Deactivated User)","2025-01-26 15:47","Joe Leland (Deactivated User)","2025-01-26 15:47","Netta Borowitsh","2025-01-26 09:41","Netta Borowitsh","2025-01-26 09:41","Joe Leland (Deactivated User)","2024-10-20 16:14","Amit Zonenfeld (Deactivated User)","2024-10-16 18:54"
"60703787824","Zero Networks ","Sharon Peretz","2026-06-01 16:25","William Nagle","2026-05-29 11:08"
"14530672010","Wabtec","Shlomi Cohen","2023-09-25 20:27","Sam Neill (Deactivated User)","2023-09-24 16:55","Shlomi Cohen","2023-08-15 10:07","Ella Furman (Deactivated User)","2023-08-13 18:41","Shlomi Cohen","2023-08-08 22:09"
"23219929603","KYYBA","Jason Chiu (Deactivated User)","2025-05-21 18:02","John Romano","2024-10-15 17:55"
"44451542176","Resolve Systems","Jill Countey","2025-09-24 22:18","Logan Loisel","2025-09-24 22:17"
"60208746603","Sunbit Inc ","Sharon Peretz","2026-05-13 17:06","Logan Loisel","2026-05-13 17:02"
"15987607410","PNC","Ella Furman (Deactivated User)","2023-11-26 12:09","Sam Neill (Deactivated User)","2023-11-09 12:36","Ella Furman (Deactivated User)","2023-11-09 12:35"
"39011045463","DeLaval","James Pritchard","2026-01-30 16:00","Benjamin Duckworth","2026-01-16 11:12","Sharon Peretz","2025-12-19 16:17","Benjamin Duckworth","2025-12-09 20:24","Cillian Golden (Deactivated User)","2025-06-18 13:30"
"38536233223","BBC Studios","James Pritchard","2025-07-09 23:56","James Bennett (Deactivated User)","2025-06-06 15:13","Adrian Sandu","2025-06-06 15:10"
"20322532397","WellSky ","Chris Newsome","2024-06-25 16:24","Joe Leland (Deactivated User)","2024-06-25 16:16","Amit Zonenfeld (Deactivated User)","2024-06-25 15:42"
"10127447951","MoonActive Infra","Zohar Einy","2025-10-01 09:30","Maria Lepp (Deactivated User)","2023-11-29 09:53","Ella Furman (Deactivated User)","2023-08-16 11:01","Zohar Einy","2022-09-09 16:02"
"59162471018","OTP Bank - New Business - Greenfield IDP","John Barnes","2026-04-14 17:36","Adrian Sandu","2026-04-14 11:19"
"58441659474","KubeCon EU 2026 - Accenture","Jamie Summers","2026-03-26 23:26"
"35819357858","Equiniti ","William Nagle","2025-11-03 16:22","Christos Lemos (Deactivated User)","2025-04-16 12:03","Roni Amar (Deactivated User)","2025-04-16 11:22"
"12917859080","Richemont","Benjamin Duckworth","2023-11-30 17:42","Shlomi Cohen","2023-08-13 18:40","Ella Furman (Deactivated User)","2023-04-10 21:24"
"52799286614","University of Waterloo - New Deal","Logan Loisel","2025-12-29 10:22"
"19248986122","United Wholesale Mortgage - 2,025","Sam Neill (Deactivated User)","2024-05-09 20:41"
"36149996951","Pacific Life","Daniel Alper","2025-04-24 11:23","Roni Amar (Deactivated User)","2025-04-24 01:41"
"33324945311","i360","Sam Neill (Deactivated User)","2025-02-25 23:33","Joe Leland (Deactivated User)","2025-02-11 10:02","Netta Borowitsh","2025-02-10 17:54","Joe Leland (Deactivated User)","2025-01-23 19:46","Sam Neill (Deactivated User)","2024-12-19 18:07","Tom Skarzynski (Deactivated User)","2024-12-19 18:01","Joe Leland (Deactivated User)","2024-12-03 21:46"
"35452577403","LGT Financial Services AG","William Nagle","2025-05-05 10:33","Sharon Peretz","2025-04-07 13:04","Netta Borowitsh","2025-04-03 17:52"
"59105442902","Amazon","William Nagle","2026-04-28 17:04","Adrian Sandu","2026-04-10 22:07"
"56896764237","Travelport","Matt Bilsland","2026-02-24 16:37"
"55786876308","NTT DATA Corporation","Scott Dunion","2026-02-09 12:23","Adrian Sandu","2026-02-09 11:59"
"28704099645","Akua - 2,027","Omri Gilad","2025-12-31 21:01","Adrian Wong (Deactivated User)","2025-04-14 15:35","Omri Gilad","2025-01-15 16:47","Chris Newsome","2024-11-04 19:49"
"31705901486","MongoDB","Sam Neill (Deactivated User)","2025-01-08 14:41","Netta Borowitsh","2025-01-07 21:21","Sam Neill (Deactivated User)","2024-12-11 13:44","Amit Zonenfeld (Deactivated User)","2024-12-11 00:53"
"61873566781","YouLend - New Deal","James Butcher","2026-06-30 18:30","James Butcher","2026-06-26 19:06","James Butcher","2026-06-25 10:55","Adrian Sandu","2026-06-25 06:33","Matt Bilsland","2026-06-25 06:31"
"49225486859","Visa Inc. - New Deal","Jeff Graham","2025-11-18 21:23","Logan Loisel","2025-11-17 12:39"
"28939915438","Exerp","Cillian Golden (Deactivated User)","2024-11-11 16:36","Netta Borowitsh","2024-11-11 15:53","Netta Borowitsh","2024-11-11 14:43","Netta Borowitsh","2024-11-11 14:27"
"41104002314","Circeo ","William Nagle","2025-07-31 14:28","Adrian Sandu","2025-07-31 14:16"
"23374395764","Ulta Beauty","Tom Skarzynski (Deactivated User)","2024-10-20 16:28","Netta Borowitsh","2024-10-18 18:24"
"29371052717","Nice Systems","Sam Neill (Deactivated User)","2024-12-05 10:44","Sharon Peretz","2024-11-19 18:54","Sharon Peretz","2024-11-19 18:40","Sharon Peretz","2024-11-19 18:37","Sam Neill (Deactivated User)","2024-11-16 17:45","Amit Zonenfeld (Deactivated User)","2024-11-15 21:00","Sam Neill (Deactivated User)","2024-11-13 13:07","Tom Skarzynski (Deactivated User)","2024-11-13 13:05","Amit Zonenfeld (Deactivated User)","2024-11-12 20:23"
"45013851577","Schreiber Foods - 2,028","Andrew Johnston","2026-04-27 20:39","Tom Skarzynski (Deactivated User)","2026-01-22 12:21","Omri Gilad","2026-01-18 10:40","Tom Skarzynski (Deactivated User)","2025-10-01 00:31"
"17796992109","TELUS","Sam Neill (Deactivated User)","2024-03-03 09:45","Ella Furman (Deactivated User)","2024-03-01 02:32"
"29041621796","OneSpan Inc.","Joe Leland (Deactivated User)","2025-09-30 12:06","joe@getpor.io (Deactivated User)","2025-09-30 12:00","Joe Leland (Deactivated User)","2024-11-13 19:34","Netta Borowitsh","2024-11-13 16:24","Joe Leland (Deactivated User)","2024-04-25 15:07"
"34603546453","ujet.cx","John Romano","2025-03-13 10:16","John Romano","2024-06-13 11:17"
"37219630498","Ryt Bank","Scott Dunion","2025-05-15 10:42","Netta Borowitsh","2025-05-15 05:38"
"32097479861","Trust IQ Pte. Ltd.","Adrian Sandu","2025-06-10 14:59","Netta Borowitsh","2025-01-27 11:48","Scott Dunion","2025-01-16 10:54","Netta Borowitsh","2025-01-16 03:45"
"32041329705","ZILO","Cillian Golden (Deactivated User)","2025-01-15 16:18","Roni Amar (Deactivated User)","2025-01-15 16:12"
"54835486782","GAC","Matt Bilsland","2026-01-28 13:35"
"39272969872","StubHub - 2,027","Andrew Johnston","2026-05-10 09:00","Omri Gilad","2025-12-31 21:01","Adrian Wong (Deactivated User)","2025-07-22 20:52","John Romano","2025-06-25 16:31"
"16756246324","Semperis","Chris Newsome","2024-01-01 13:46","Amit Zonenfeld (Deactivated User)","2024-01-01 11:50"
"20687871906","Georgia-Pacific","Tom Skarzynski (Deactivated User)","2024-07-11 20:17"
"55504576876","Ventura International Limited. Belcorp.  ","Ignacio De Loera","2026-02-06 22:19","Logan Loisel","2026-02-05 18:10"
"16318509618","The Digital Group","Chris Newsome","2023-12-19 15:55","Ella Furman (Deactivated User)","2023-12-07 22:05","Chris Newsome","2023-12-03 14:43","Ella Furman (Deactivated User)","2023-12-01 04:47"
"43331920396","Markel (MVP Expansion)","Travis Dadoly (Deactivated User)","2026-01-28 11:44","Sam Neill (Deactivated User)","2025-09-03 22:33"
"14183239725","Rakuten","Shlomi Cohen","2023-08-13 18:40","Aviv Lavie (Deactivated User)","2023-07-16 16:04","Aviv Lavie (Deactivated User)","2023-07-12 13:50","Aviv Lavie (Deactivated User)","2023-07-12 12:32"
"58246266259","Kaufland | Ecommerce Team | Backstage Replacement | New Business | Germany","Jamie Summers","2026-03-27 14:02","Subby Makinde","2026-03-23 14:46","Adrian Sandu","2026-03-23 13:50"
"29072097138","Hitachi Solutions","Benjamin Duckworth","2024-11-13 20:38"
"49448081011","Betway Group (Super Group Subsidiary)","Benjamin Duckworth","2025-11-18 19:04"
"29873121332","Saama","John Romano","2024-12-05 16:02","Sam Neill (Deactivated User)","2024-12-04 23:40"
"36116915841","Omnicell - Renewal - 2,026","Omri Gilad","2025-12-31 21:01","Adrian Wong (Deactivated User)","2025-04-22 21:31","Omri Gilad","2025-04-22 21:30"
"61031804574","Right Networks LLC","Aaron Marans","2026-06-11 22:23"
"39727842995","United Wholesale Mortgage - 2027","Evan Smith","2026-04-27 20:37","Jenny Lucas (Deactivated User)","2026-02-05 11:51","Sam Neill (Deactivated User)","2025-07-07 11:11","Sam Neill (Deactivated User)","2025-07-01 02:11","Sam Neill (Deactivated User)","2025-06-18 17:16","Sam Neill (Deactivated User)","2025-06-11 04:14","Sam Neill (Deactivated User)","2025-04-01 10:25"
"58332221274","Bread Financial - External API Catalog","Tali Cohen","2026-05-17 10:40","Andrew Johnston","2026-04-29 11:45","Tom Skarzynski (Deactivated User)","2026-03-25 22:33"
"59477370433","BD","Dylan Leija","2026-04-23 17:56"
"13157498256","The Hong Kong Jockey Club","Ella Furman (Deactivated User)","2023-04-27 13:04"
"43899109641","Imec Vlaanderen","Cillian Golden (Deactivated User)","2025-09-19 12:51"
"16853007008","DHL","Benjamin Duckworth","2024-01-08 18:09","Netta Borowitsh","2024-01-08 17:39"
"30594639386","Nando's - 2,026","Edouard Carakehian","2026-02-08 13:12","Omri Gilad","2025-01-15 16:48","Benjamin Duckworth","2024-12-17 10:43"
"42427868493","Thales Group","James Pritchard","2025-08-19 17:40","Subby Makinde","2025-08-19 17:38","Adrian Sandu","2025-08-19 17:32"
"61031704852","Morgan Stanley","Dylan Leija","2026-06-11 22:21"
"58445760372","KubeCon EU 2026 - BAWAG Group","Matt Bilsland","2026-03-26 23:26"
"48536188569","TAL - New Deal","Scott Dunion","2025-11-10 00:16"
"10127446022","MoonActive Coin Master","Ella Furman (Deactivated User)","2023-08-16 11:01","Zohar Einy","2022-09-09 16:03"
"43663190180","WINN.AI","Shlomi Cohen","2025-09-14 15:07"
"52276052993","Accor","James Pritchard","2025-12-23 12:45"
"60379236952","SIX ","Matt Bilsland","2026-05-19 23:30","Adrian Sandu","2026-05-19 23:29"
"59094352714","T-Systems International","Johana Ochoa","2026-04-10 22:07"
"57851498844","OBI","Benjamin Duckworth","2026-03-10 12:35"
"16051766533","Demandbase","Chris Newsome","2023-11-14 09:34","Ella Furman (Deactivated User)","2023-11-14 09:04"
"16667107715","Cencosud","Sam Neill (Deactivated User)","2023-12-24 12:28"
"40225295233","Fortescue - 2,030","Omri Gilad","2026-01-18 10:41","Scott Dunion","2025-07-14 17:48","Scott Dunion","2025-04-14 15:32","Omri Gilad","2025-04-11 15:39","Scott Dunion","2025-01-28 11:59","Omri Gilad","2025-01-15 16:46","Benjamin Duckworth","2024-10-15 11:47"
"17824253248","AutoDoc - 2,027","Edouard Carakehian","2026-02-08 13:18","Omri Gilad","2025-01-15 16:37","Benjamin Duckworth","2024-03-02 10:39"
"60199979418","Harri","EJ Rauseo","2026-05-12 19:29"
"20386233981","GeneDx - 2,024","Omri Gilad","2025-01-15 16:43","Chris Newsome","2024-06-27 21:57"
"48783722071","NS Nederlandse Spoorwegen","Benjamin Duckworth","2026-01-15 13:31","Ross Geall (Deactivated User)","2025-11-10 15:53","Adrian Sandu","2025-11-10 15:27"
"36535947536","Cisco ","Tali Cohen","2025-05-04 13:36","Netta Borowitsh","2025-04-29 20:25"
"16300282505","Intertech","Benjamin Duckworth","2023-12-04 12:57","Shlomi Cohen","2023-11-30 15:03","Ella Furman (Deactivated User)","2023-11-30 13:36"
"52077213338","Amdocs - TLV Team","Sharon Peretz","2025-12-19 16:04"
"35421903478","Catalogic Software","John Romano","2025-04-03 14:28","Johana Ochoa","2025-04-03 14:28","Netta Borowitsh","2025-04-03 13:30"
"29073187398","Microsoft","Sam Neill (Deactivated User)","2024-11-13 21:52"
"17348254011","Decathlon","Benjamin Duckworth","2024-02-04 12:50"
"34764089615","East West Bank","Chris Newsome","2025-03-18 15:01"
"35402143858","Environmental Systems Research Institute, Inc. ","Tom Skarzynski (Deactivated User)","2025-04-03 16:33","Roni Amar (Deactivated User)","2025-04-03 15:53"
"48355325475","Gremlin","Tom Skarzynski (Deactivated User)","2025-11-05 22:27"
"32082134680","Prima Solutions","Sharon Peretz","2025-01-16 15:51","Netta Borowitsh","2025-01-16 14:46"
"58295959359","Tensure","Johana Ochoa","2026-03-25 17:31","Logan Loisel","2026-03-25 17:30","Johana Ochoa","2026-03-25 17:30","Logan Loisel","2026-03-25 17:29"
"58451967102","KubeCon EU 2026 - Commerzbank","John Barnes","2026-03-26 23:26"
"13992968012","H&M","Benjamin Duckworth","2023-12-01 12:05","Shlomi Cohen","2023-08-13 18:40","Ella Furman (Deactivated User)","2023-07-06 13:44","Ella Furman (Deactivated User)","2023-04-27 14:39","Zohar Einy","2022-09-09 16:17","Roni Floman (Deactivated User)","2022-09-09 16:15"
"29069482604","Unique Designs,","Jeff Graham","2025-01-30 17:19","Grant Dienaar (Deactivated User)","2024-11-14 16:35","Jeff Graham","2024-11-13 23:11"
"56516642716","Mace Group","James Pritchard","2026-02-18 12:53"
"16847531417","INTO University Partnerships","Cillian Golden (Deactivated User)","2024-01-12 14:12","Shlomi Cohen","2024-01-08 14:57","Amit Zonenfeld (Deactivated User)","2024-01-08 07:10"
"28282380938","BAH - Booz Allen Hamilton","Tom Skarzynski (Deactivated User)","2024-10-23 15:19","Amit Zonenfeld (Deactivated User)","2024-10-23 14:21"
"44890323086","AMH","John Romano","2025-09-30 21:22"
"28517293642","Keyrock","Cillian Golden (Deactivated User)","2024-10-30 18:23","Amit Zonenfeld (Deactivated User)","2024-10-30 13:20"
"29041719122","Genuine Parts","Tom Skarzynski (Deactivated User)","2024-11-13 23:06","Dylan Leija","2024-11-13 23:06"
"35412619174","Prove","Jason Chiu (Deactivated User)","2025-04-03 13:01","Roni Amar (Deactivated User)","2025-04-03 12:49"
"48849949196","Nexthink KubeCon ATL25","Adrian Sandu","2025-11-20 10:28","Sharon Peretz","2025-11-17 23:33","Adrian Sandu","2025-11-11 18:33"
"60423815351","G-P/Globalization Partners","Aaron Marans","2026-05-20 18:04"
"22671529028","Pleo - 2,025","Cillian Golden (Deactivated User)","2024-09-26 19:52"
"16402567094","Great American Insurance Group - Renewal 2024","Sam Neill (Deactivated User)","2023-12-07 21:42"
"37119459886","Banco Master","John Romano","2025-05-12 21:51","Charity Lee","2025-05-12 21:51"
"12265555791","Central1 Credit Union","Ella Furman (Deactivated User)","2023-08-16 11:01","Zohar Einy","2023-02-22 12:21"
"20652704086","CDQ","Cillian Golden (Deactivated User)","2024-07-10 13:44"
"17293019524","Resolve Systems","Chris Newsome","2024-02-01 12:39"
"29868298263","[x]cube LABS","Amit Zonenfeld (Deactivated User)","2025-01-10 16:31","Chris Newsome","2024-12-05 17:51","Jeff Graham","2024-12-04 23:21"
"33892414099","Infosys Ltd ","Scott Dunion","2025-02-24 16:33","Netta Borowitsh","2025-02-24 08:09","Scott Dunion","2025-02-19 11:34","Netta Borowitsh","2025-02-19 05:56"
"59077871959","CDK Global","William Nagle","2026-04-15 16:37","James Butcher","2026-04-10 22:07"
"58435073557","KubeCon EU 2026 - BCG","Evan Smith","2026-03-27 19:12","John Barnes","2026-03-27 18:10","Evan Smith","2026-03-27 18:08","John Barnes","2026-03-26 23:26"
"44863028562","WINN.AI - 2,027","Omri Gilad","2025-09-29 23:25"
"61013449104","AIS ","Scott Dunion","2026-06-10 17:59","James Pritchard","2026-06-10 17:13"
"58905978032","Worldpay, Inc. - New Deal","Tom Skarzynski (Deactivated User)","2026-04-08 19:31","Charity Lee","2026-04-08 19:30","Adrian Sandu","2026-04-08 17:30","Tom Skarzynski (Deactivated User)","2026-04-08 17:29"
"51956034561","Bank of America","Jeff Graham","2026-04-23 17:33","Travis Dadoly (Deactivated User)","2026-01-28 11:44","Sam Neill (Deactivated User)","2025-12-16 10:49","Logan Loisel","2025-12-15 21:20","Gal Tarrab Levi","2025-12-15 21:11"
"32764730141","Vopak","Benjamin Duckworth","2025-01-30 08:21","Netta Borowitsh","2025-01-29 18:30","Benjamin Duckworth","2025-01-26 11:58","Netta Borowitsh","2025-01-24 12:09"
"41075651421","Sandals Resorts International","Travis Dadoly (Deactivated User)","2025-07-30 18:48","Logan Loisel","2025-07-30 18:47"
"59129725033","Arcos Dorados Argentina S.A.","Ignacio De Loera","2026-04-17 17:24","Logan Loisel","2026-04-13 09:30","Gal Tarrab Levi","2026-04-12 17:24"
"37522184506","Agilysys","Dylan Leija","2025-07-22 16:15","Chase Depperschmidt (Deactivated User)","2025-07-01 21:32","Jill Countey","2025-05-22 00:24","Chase Depperschmidt (Deactivated User)","2025-05-22 00:24"
"36187192222","AdventHealth","Jeff Graham","2025-04-25 11:07","Roni Amar (Deactivated User)","2025-04-24 23:48"
"15705835781","First Horizon","Sam Neill (Deactivated User)","2023-10-19 21:52","Ella Furman (Deactivated User)","2023-10-19 20:08"
"61031115554","Daloopa","Daniel Alper","2026-06-15 19:08","Aaron Marans","2026-06-11 22:19"
"35100796790","Eventbrite","Jill Countey","2025-03-28 18:19","Joe Leland (Deactivated User)","2025-03-26 17:39","Netta Borowitsh","2025-03-26 16:31","Joe Leland (Deactivated User)","2024-12-23 19:14","Netta Borowitsh","2024-12-23 18:17","Joe Leland (Deactivated User)","2024-12-22 11:04","Joe Leland (Deactivated User)","2024-12-22 11:04","Netta Borowitsh","2024-12-20 21:45","Netta Borowitsh","2024-12-20 21:44","Joe Leland (Deactivated User)","2024-12-19 16:04","Chris Newsome","2024-12-17 10:46","Netta Borowitsh","2024-12-16 22:25"
"33958887318","Beyond ONE","Cillian Golden (Deactivated User)","2025-02-26 10:49"
"39513962836","Weka - 2,027","Omri Gilad","2025-06-30 23:27"
"14056687016","Sysdig","Chris Newsome","2023-09-22 12:09","Shlomi Cohen","2023-08-13 18:40","Aviv Lavie (Deactivated User)","2023-07-11 13:17"
"41044638292","Cellebrite","Sharon Peretz","2025-07-30 13:59","Adrian Sandu","2025-07-30 13:47"
"12033496929","denmark radio basic","Ella Furman (Deactivated User)","2023-08-16 11:01","Roni Floman (Deactivated User)","2023-02-06 12:57"
"51154226514","Initech - AWS LV 25","Adrian Sandu","2026-04-15 17:58","Logan Loisel","2025-12-07 10:47"
"58505585049","INVEX  - 2,029","John Romano","2026-03-27 22:11"
"39334064177","WitnessAI","Logan Loisel","2025-08-06 14:46","Jason Chiu (Deactivated User)","2025-06-28 01:40","Logan Loisel","2025-06-26 19:25"
"58521828731","Guardant Health - 2,028","EJ Rauseo","2026-03-27 22:46"
"61029797983","Wells Fargo","Logan Loisel","2026-06-11 22:25"
"58445914624","KubeCon EU 2026 - andsafe AG","Sharon Peretz","2026-03-26 23:26"
"60640261934","Nice Actimize ","Sharon Peretz","2026-05-26 15:24","Dylan Leija","2026-05-26 15:20","Charity Lee","2026-05-26 15:19"
"18262650145","Discount Bank","Sharon Peretz","2024-04-04 16:42","Ella Furman (Deactivated User)","2024-03-27 14:49"
"40515846213","GFL Environmental","Jeff Graham","2025-07-23 18:57"
"37277047117","C.R. England","Dylan Leija","2025-05-29 21:18","Jeff Graham","2025-05-15 23:50"
"32654294017","MathWorks ","Jeff Graham","2025-01-28 11:04","Jeff Graham","2025-01-28 11:03","Netta Borowitsh","2025-01-27 21:58","Netta Borowitsh","2025-01-27 21:58","Jeff Graham","2025-01-26 15:28","Jeff Graham","2025-01-26 15:27","Jeff Graham","2025-01-26 15:27","Netta Borowitsh","2025-01-24 19:16","Netta Borowitsh","2025-01-24 17:49","Netta Borowitsh","2025-01-23 23:21","Jeff Graham","2024-11-24 15:57","Amit Zonenfeld (Deactivated User)","2024-11-21 17:02"
"15212756493","Cosmos Innovation","Ella Furman (Deactivated User)","2023-09-18 08:38"
"32678724893","Körber","Ross Geall (Deactivated User)","2025-01-29 15:16"
"38427704478","Squarepoint","Chris Newsome","2025-06-03 23:58","Logan Loisel","2025-06-03 23:43"
"36173012251","Qoala","Scott Dunion","2025-04-24 16:28"
"29888616001","Freedom Mortgage","Jeff Graham","2024-12-05 17:36","Netta Borowitsh","2024-12-05 00:45"
"21068310307","SECURA Insurance","John Romano","2024-07-30 16:10"
"14576141094","Homecare Homebase","Shlomi Cohen","2023-09-20 17:25","Ella Furman (Deactivated User)","2023-08-13 18:41","Shlomi Cohen","2023-08-11 19:55"
"32136949401","Procter & Gamble","Tom Skarzynski (Deactivated User)","2025-01-17 10:17"
"60331877298","Intersystems","Daniel Alper","2026-05-22 22:51","Logan Loisel","2026-05-19 00:02"
"58441505462","KubeCon EU 2026 - New10","Sharon Peretz","2026-03-26 23:26"
"39563621420","Abbott","Tom Skarzynski (Deactivated User)","2025-07-01 21:51"
"29038375711","Booz Allen Hamilton Inc. ","Tom Skarzynski (Deactivated User)","2024-11-14 16:02","Jeff Graham","2024-11-14 10:52","Amit Zonenfeld (Deactivated User)","2024-11-13 20:23"
"29846352922","News Corp ","Jeff Graham","2024-12-09 17:12","Ross Geall (Deactivated User)","2024-12-05 13:08","Amit Zonenfeld (Deactivated User)","2024-12-04 21:42"
"61030196236","AlgaeCal","Wren Huston","2026-06-11 22:18"
"36482151059","TD Bank","Jeff Graham","2025-04-29 16:05","Netta Borowitsh","2025-04-29 15:58"
"59470491242","CARFAX","Daniel Alper","2026-04-23 18:50","Adrian Sandu","2026-04-23 18:46"
"32249841186","Think-it","Sharon Peretz","2025-01-21 16:00","Roni Amar (Deactivated User)","2025-01-21 15:45"
"17696185908","Siemens","Benjamin Duckworth","2024-02-24 09:41","Benjamin Duckworth","2024-02-21 17:37","Amit Zonenfeld (Deactivated User)","2024-02-13 00:59","Benjamin Duckworth","2023-11-28 18:53","Sam Neill (Deactivated User)","2023-09-30 13:16","Shlomi Cohen","2023-08-13 18:40","Aviv Lavie (Deactivated User)","2023-08-07 10:55"
"36552736947","BuilderAI ","Cillian Golden (Deactivated User)","2025-05-04 14:13","Roni Amar (Deactivated User)","2025-04-30 14:37"
"21766472376","Chewy","Tom Skarzynski (Deactivated User)","2024-08-28 11:08"
"61176429088","Sagent -","EJ Rauseo","2026-06-17 19:58","Aaron Marans","2026-06-17 19:57"
"34688371303","Coca-Cola HBC","Benjamin Duckworth","2025-03-16 11:28"
"32241779266","Bitsight","Daniel Alper","2025-01-20 13:18"
"45015246451","Universal Destinations & Experiences (UDX) - 2,028","Andrew Johnston","2026-05-07 09:04","Chris Sweeney","2026-04-27 20:39","Tom Skarzynski (Deactivated User)","2026-02-08 13:24","Omri Gilad","2026-01-18 10:40","Tom Skarzynski (Deactivated User)","2025-10-01 00:47"
"49134080786","Brenntag","James Pritchard","2025-11-17 12:49"
"50870481010","Careficient - AWS LV 25","Logan Loisel","2025-12-02 02:23"
"31880479652","IXL Learning Inc ","Sam Neill (Deactivated User)","2025-01-12 11:54","Sam Neill (Deactivated User)","2025-01-12 11:54","Sam Neill (Deactivated User)","2025-01-12 11:54","Netta Borowitsh","2025-01-09 19:00","Netta Borowitsh","2025-01-09 18:57","Netta Borowitsh","2025-01-08 23:02","Sam Neill (Deactivated User)","2024-11-17 00:16","Netta Borowitsh","2024-11-15 06:53"
"59088157874","Air Business Limited","William Nagle","2026-04-10 22:07"
"45452263278","Mercari Inc","Scott Dunion","2025-10-08 11:33","Adrian Sandu","2025-10-08 11:17"
"58430175513","KubeCon EU 2026 - Koerber Pharma Software GmbH","John Barnes","2026-03-27 20:23","James Butcher","2026-03-26 23:26"
"13614272293","Goodville","Ella Furman (Deactivated User)","2023-08-16 11:01","Aviv Lavie (Deactivated User)","2023-06-07 14:42"
"35427829156","Munisense","William Nagle","2025-04-03 16:55","Netta Borowitsh","2025-04-03 16:41"
"35306340520","Newday","William Nagle","2025-04-03 15:35","Cillian Golden (Deactivated User)","2025-04-01 13:49","Netta Borowitsh","2025-04-01 12:19"
"35420763779","VSHN ","William Nagle","2025-04-07 11:17","Roni Amar (Deactivated User)","2025-04-04 15:56"
"28919880504","ECI Software Solutions Inc","Chris Newsome","2025-03-28 18:21","Jill Countey","2025-03-28 18:21","Joe Leland (Deactivated User)","2024-11-11 10:30","Amit Zonenfeld (Deactivated User)","2024-11-10 17:08"
"50331168658","iCapital","Daniel Alper","2026-01-16 17:33","Dylan Leija","2025-11-25 17:49"
"17013792026","Fluidra","Benjamin Duckworth","2024-01-18 13:59","Cillian Golden (Deactivated User)","2024-01-18 13:46","Netta Borowitsh","2024-01-18 12:03"
"14860940962","Domino Data Lab","Shlomi Cohen","2023-09-18 12:17","Ella Furman (Deactivated User)","2023-08-28 15:34"
"33440723892","IDP Education","Scott Dunion","2025-02-13 13:01","Scott Dunion","2025-02-13 13:00","Scott Dunion","2025-02-13 11:38","Scott Dunion","2025-02-13 11:38","Scott Dunion","2025-02-12 07:08"
"39563204748","Coveo","Daniel Alper","2025-07-01 21:05","Logan Loisel","2025-07-01 21:04"
"30087756594","Abra","Sharon Peretz","2024-12-10 10:47","Roni Amar (Deactivated User)","2024-12-10 09:28","Sharon Peretz","2024-12-03 17:21","Amit Zonenfeld (Deactivated User)","2024-12-03 14:48"
"12744636999","Synechron","Ella Furman (Deactivated User)","2023-03-28 11:05"
"31710284033","iO","Sam Neill (Deactivated User)","2025-01-08 19:01"
"29036364800","Krumware","Grant Dienaar (Deactivated User)","2024-12-18 17:18","Joe Leland (Deactivated User)","2024-11-14 14:13","Netta Borowitsh","2024-11-13 20:42"
"54078608508","Betclic Group ","Sharon Peretz","2026-01-19 17:57"
"52807760747","Discount Bank - 2,026","Omri Gilad","2026-01-18 10:41","Sharon Peretz","2025-12-29 10:54"
"61626556240"," - New Deal","luism@port.io","2026-06-30 11:44","William Nagle","2026-06-26 18:40","Logan Loisel","2026-06-26 18:36"
"29905681780","SKECHERS USA ","Jeff Graham","2024-12-09 11:45","Tom Skarzynski (Deactivated User)","2024-12-06 00:25"
"13520361799","Tech Mahindra Limited","Ella Furman (Deactivated User)","2023-08-13 18:41","Aviv Lavie (Deactivated User)","2023-05-31 12:07"
"57442940954","Sophos - Expansion","Edouard Carakehian","2026-03-03 14:11"
"60643564103","RIU Hotels & Resorts","John Barnes","2026-05-26 17:48","Adrian Sandu","2026-05-26 17:24"
"50513218429","McKinsey & Company","Logan Loisel","2026-01-08 19:25","Travis Dadoly (Deactivated User)","2025-11-26 18:02","Logan Loisel","2025-11-26 18:01"
"29803674629","Neosolutions","Adrian Sandu","2025-06-10 14:59","Roni Amar (Deactivated User)","2025-02-03 12:54","Grant Dienaar (Deactivated User)","2024-12-04 11:49","Joe Leland (Deactivated User)","2024-12-04 11:47","Grant Dienaar (Deactivated User)","2024-12-04 11:46","Joe Leland (Deactivated User)","2024-12-03 22:28"
"15425283631","Banco de Crédito BCP","Sam Neill (Deactivated User)","2023-10-03 18:46","Chris Newsome","2023-10-03 17:20","Ella Furman (Deactivated User)","2023-10-03 16:50"
"61582955308","Ripley Corp S.A.","Ignacio De Loera","2026-06-25 16:01","Gal Tarrab Levi","2026-06-25 14:25"
"36836531598","Metanet","Scott Dunion","2025-05-07 10:52","Netta Borowitsh","2025-05-07 10:45"
"51241337250","Publicis Groupe - 2,026","Edouard Carakehian","2026-02-08 13:12","Omri Gilad","2026-01-18 10:39","James Pritchard","2025-12-04 16:22"
"14761497246","Icario","Shlomi Cohen","2023-08-29 15:50","Ella Furman (Deactivated User)","2023-08-21 22:04"
"21249908257","First Citizens Bank","Jeff Graham","2024-08-09 18:48"
"61047866139","Uber Freight ","Rachel Jean","2026-06-12 22:57","Wren Huston","2026-06-12 16:29"
"57939105432","The AA","John Barnes","2026-03-12 13:28","Subby Makinde","2026-03-12 13:28"
"58446996039","KubeCon EU 2026 - Booz Allen Hamilton","Dylan Leija","2026-03-27 17:57","Adrian Sandu","2026-03-26 23:26"
"58566892082","WHOOP","Jill Countey","2026-03-31 16:27","Wren Huston","2026-03-31 16:27"
"60677856259","Poalim","Sharon Peretz","2026-05-28 12:39","William Nagle","2026-05-28 08:50","Adrian Sandu","2026-05-28 08:47"
"58737063052","FullStack Labs Inc","Johana Ochoa","2026-04-06 21:00","Aaron Marans","2026-04-03 17:50","Logan Loisel","2026-04-03 17:45"
"58098561572","SolarEdge - expansion","Omri Gilad","2026-03-18 10:23"
"53696136050","Marsh & McLennan","Travis Dadoly (Deactivated User)","2026-01-13 18:00","Charity Lee","2026-01-13 18:00"
"39024837200","Sanity.io","Jill Countey","2025-06-18 18:15","Logan Loisel","2025-06-18 17:39","Adrian Sandu","2025-06-18 17:23"
"41353098103","UNC at Chapel Hill","Travis Dadoly (Deactivated User)","2025-08-06 19:34","Logan Loisel","2025-08-05 19:50"
"15843408207","Nshift","Ella Furman (Deactivated User)","2023-10-30 13:22"
"17213892868","ValueMomentum","Chris Newsome","2024-01-29 16:38","Amit Zonenfeld (Deactivated User)","2024-01-29 14:19"
"35366002002","Nutanix","Jeff Graham","2025-04-01 23:31","Charity Lee","2025-04-01 23:27"
"56129087759","Downer Group","Scott Dunion","2026-02-12 11:09","Adrian Sandu","2026-02-12 11:02"
"60083647828","KubeCon EU 2026 - BAUHAUS","Jamie Summers","2026-05-11 18:30","Jamie Summers","2026-04-29 13:38","Jamie Summers","2026-03-26 23:26"
"34885297512","Varonis","Sharon Peretz","2025-03-20 17:48","Netta Borowitsh","2025-03-20 17:04"
"21714948620","Blue Yonder","Jeff Graham","2024-08-26 12:46"
"50870486862","PAŞA Bank ","James Pritchard","2025-12-02 12:09"
"59814393266","Holcim","Ignacio De Loera","2026-04-29 23:25","Logan Loisel","2026-04-29 23:17"
"51044493695","Amplience Inc - 2,027","Edouard Carakehian","2026-02-08 13:18","Omri Gilad","2025-12-03 10:11"
"58906339878","La Caisse (Caisse de dépôt et placement du Québec)","Daniel Alper","2026-04-07 22:13","Logan Loisel","2026-04-07 21:57"
"17116133979","MACCABI HEALTHCARE SERVICES (HMO)","Sharon Peretz","2024-04-05 16:57","Shlomi Cohen","2024-01-23 15:00"
"62044817263","Nayax ","Sharon Peretz","2026-07-02 12:43","William Nagle","2026-07-02 12:43"
"44462806424","Intel","Jeff Graham","2025-09-25 00:11","Logan Loisel","2025-09-25 00:09"
"35279733120","Hudson Insurance","Chris Newsome","2025-03-31 17:51","Chris Newsome","2025-03-31 17:51","Chris Newsome","2025-03-31 17:51","Netta Borowitsh","2025-03-31 17:47","Netta Borowitsh","2025-03-31 17:47","Netta Borowitsh","2025-03-31 17:47","Chris Newsome","2024-05-01 19:23"
"15957481609","PagerDuty","Adrian Sandu","2025-06-10 14:59","Netta Borowitsh","2023-12-03 16:14","Chris Newsome","2023-11-08 18:19","Ella Furman (Deactivated User)","2023-11-07 20:30"
"39615692647","Cadent","Daniel Alper","2025-07-02 19:48"
"18124515602","Bosch - KubeCon","Benjamin Duckworth","2024-03-20 13:36"
"28879596328","HERE Technologies ","Ross Geall (Deactivated User)","2024-11-08 18:36","Netta Borowitsh","2024-11-08 18:10"
"15667575861","PedidosYa","Sam Neill (Deactivated User)","2023-10-17 17:12"
"52016560516","ONE ZERO BANK ","Sharon Peretz","2025-12-17 10:44"
"29114505330","Equinix","Jeff Graham","2024-11-14 20:48"
"34612372055","Banco General","Jason Chiu (Deactivated User)","2025-03-13 11:11","Ross Geall (Deactivated User)","2025-03-12 22:05"
"35871961860","Georgia Pacific","Sam Neill (Deactivated User)","2025-04-17 21:18"
"18648384583","Société Générale","Benjamin Duckworth","2024-04-15 12:35","Ella Furman (Deactivated User)","2024-04-15 12:26"
"38511456268","Taskrabbit","John Romano","2025-06-10 17:25","Chase Depperschmidt (Deactivated User)","2025-06-09 18:06","Logan Loisel","2025-06-05 17:18"
"53896325148","Kyndryl Holdings, Inc. ","Logan Loisel","2026-01-15 16:46"
"36180853006","Millennium","Tali Cohen","2025-04-24 17:21","Charity Lee","2025-04-24 17:21"
"33733886623","senhasegura","Chris Newsome","2025-02-19 20:12"
"29998737823","XM","John Romano","2024-12-08 15:31","Netta Borowitsh","2024-12-06 23:52","John Romano","2024-08-29 10:05","Ella Furman (Deactivated User)","2024-08-29 05:07"
"60168646678","Netto Marken-Discount ","John Barnes","2026-05-11 11:55","Adrian Sandu","2026-05-11 10:30"
"22255814505","ujet.cx - 2,027","Andrew Johnston","2026-05-12 14:19","Omri Gilad","2025-12-31 21:01","Adrian Wong (Deactivated User)","2025-08-03 11:02","John Romano","2024-09-13 21:50"
"10127544241","(Unity) Ironsource basic ","Ella Furman (Deactivated User)","2023-08-16 11:02","Zohar Einy","2022-09-09 16:12"
"60330285989","InstaLILY AI","Jill Countey","2026-05-18 18:46","Wren Huston","2026-05-18 18:45","Jill Countey","2026-05-18 18:42","Wren Huston","2026-05-18 18:42"
"28552669456","Mobysoft","Cillian Golden (Deactivated User)","2024-11-03 12:01","Netta Borowitsh","2024-10-31 17:48"
"34233598086","Synopsys","Tom Skarzynski (Deactivated User)","2025-03-04 23:20","Tom Skarzynski (Deactivated User)","2025-03-04 23:19","Tom Skarzynski (Deactivated User)","2025-03-04 23:19","Tom Skarzynski (Deactivated User)","2025-03-04 23:19","Tom Skarzynski (Deactivated User)","2025-03-04 21:01","Netta Borowitsh","2025-03-04 20:45","Netta Borowitsh","2025-03-04 20:44","Netta Borowitsh","2025-03-04 20:44","Netta Borowitsh","2025-03-04 20:44","Netta Borowitsh","2025-03-04 20:44"
"35461925020","QTS","Jill Countey","2025-04-04 00:12"
"36818341431","The Chamberlain Group","Logan Loisel","2025-06-13 20:47","Jeff Graham","2025-06-13 18:49","Logan Loisel","2025-05-29 21:18","Jeff Graham","2025-05-07 10:30","Netta Borowitsh","2025-05-06 18:58"
"51756561224","Booking.com","Adrian Sandu","2026-05-05 09:10","Ross Geall (Deactivated User)","2025-12-12 18:08","Charity Lee","2025-12-12 18:08"
"16647835831","IU Group - 2024","Cillian Golden (Deactivated User)","2024-01-28 09:00","Chris Newsome","2023-12-23 00:26"
"33397392146","HighLevel","Joe Leland (Deactivated User)","2025-09-30 12:06","joe@getpor.io (Deactivated User)","2025-09-30 12:00","Joe Leland (Deactivated User)","2025-02-12 18:49"
"13867853479","PwC","Sam Neill (Deactivated User)","2023-09-29 14:31","Shlomi Cohen","2023-08-29 14:52","Ella Furman (Deactivated User)","2023-08-13 18:41","Aviv Lavie (Deactivated User)","2023-06-26 18:28"
"35355405147","Yieldgoal","Dylan Leija","2025-07-22 16:15","Chase Depperschmidt (Deactivated User)","2025-04-03 12:44","Roni Amar (Deactivated User)","2025-04-03 12:22","Chase Depperschmidt (Deactivated User)","2025-04-02 20:20"
"30288437390","Virgin Money","Ross Geall (Deactivated User)","2024-12-13 11:00","Amit Zonenfeld (Deactivated User)","2024-12-13 10:57"
"51441389068","Texas A&M University","Travis Dadoly (Deactivated User)","2025-12-09 19:19"
"17653857131","Workleap","Chris Newsome","2024-02-21 18:42"
"18919277568","Generac Holdings Inc.","Tom Skarzynski (Deactivated User)","2024-04-28 09:26"
"11804378126","Red Hat","Ella Furman (Deactivated User)","2023-08-16 11:01","Zohar Einy","2023-01-22 16:44"
"43604247159","PZU","James Pritchard","2025-09-15 12:14","Ross Geall (Deactivated User)","2025-09-11 11:05","Adrian Sandu","2025-09-11 10:39"
"28887373581","Hilti ","Ross Geall (Deactivated User)","2024-11-21 12:41","Cillian Golden (Deactivated User)","2024-11-11 10:07","Amit Zonenfeld (Deactivated User)","2024-11-11 09:31","Cillian Golden (Deactivated User)","2024-11-06 15:46","Amit Zonenfeld (Deactivated User)","2024-11-06 14:30"
"12253034561","Justt","Ella Furman (Deactivated User)","2023-08-16 11:02","Yonatan Boguslavski","2023-04-17 18:42","Zohar Einy","2023-02-21 10:51"
"61593235822","American Express - New Deal","Logan Loisel","2026-06-25 06:30"
"59370049454","KLA Corporation USA","Evan Smith","2026-04-21 16:52","Dylan Leija","2026-04-21 16:50","Logan Loisel","2026-04-21 16:50"
"52031562547","Radiology Partners","EJ Rauseo","2025-12-17 18:39","Adrian Sandu","2025-12-17 18:28"
"53886976006","Ahead (Hartford Healthcare)","Jeff Graham","2026-01-15 01:10","Logan Loisel","2026-01-15 01:08"
"20792126574","Spryker Systems GmbH","Sharon Peretz","2024-07-16 11:13","Netta Borowitsh","2024-07-16 11:05","Sharon Peretz","2024-07-07 14:43","Netta Borowitsh","2024-07-04 18:54"
"61030132241","Rakuten Group, Inc.","Rachel Jean","2026-06-11 22:23"
"14602888754","Credit Suisse","Shlomi Cohen","2023-08-13 18:05"
"18167805225","Mercadonq - KubeCon ","Benjamin Duckworth","2024-03-25 11:03"
"49445992877","Microsoft KubeCon ATL25","Rick Walker","2026-01-28 11:45","Sam Neill (Deactivated User)","2025-11-17 23:27","Logan Loisel","2025-11-17 23:26"
"34032539508","Optum Inc","Rick Walker","2026-01-28 11:41","Sam Neill (Deactivated User)","2025-02-27 20:08"
"10208049938","payfit basic","Ella Furman (Deactivated User)","2023-08-16 11:02","Zohar Einy","2022-09-16 17:44"
"29766326134","Global-e","Sharon Peretz","2024-12-02 16:30","Netta Borowitsh","2024-12-02 16:17"
"40603561902","Guideline.ai","John Romano","2025-07-25 23:52","Logan Loisel","2025-07-21 23:16"
"22863714380","Mollie","Logan Loisel","2024-10-09 05:44","Cillian Golden (Deactivated User)","2024-10-02 17:44","Logan Loisel","2024-10-02 17:26"
"20652704657","Signifyd","Chris Newsome","2024-07-10 13:53"
"19436408599","Redcare-pharmacy","Cillian Golden (Deactivated User)","2024-05-17 16:22"
"20219668224","Salt Security","Sharon Peretz","2024-06-23 12:58","Joe Leland (Deactivated User)","2024-06-23 11:11","Amit Zonenfeld (Deactivated User)","2024-06-20 18:08"
"15990589187","Kimberly-Clark","Sam Neill (Deactivated User)","2023-11-09 16:49","Ella Furman (Deactivated User)","2023-11-09 16:46"
"11776163388","AMCS","Shlomi Cohen","2023-08-13 18:40","Zohar Einy","2023-01-20 16:04"
"13415032926","Resolve Systems","Ella Furman (Deactivated User)","2023-09-12 00:53","Shlomi Cohen","2023-08-15 10:50","Ella Furman (Deactivated User)","2023-05-22 22:08"
"35862278718","RIMAC Seguros","Daniel Alper","2025-04-17 18:18","Amit Zonenfeld (Deactivated User)","2025-04-17 01:31"
"58447153004","KubeCon EU 2026 - Alerant","Matt Bilsland","2026-03-26 23:26"
"40317735473","ROiORO Capital Investments (BNY?)","Tom Skarzynski (Deactivated User)","2025-07-16 21:09","Logan Loisel","2025-07-16 16:15"
"35841944614","RACV","Scott Dunion","2025-04-17 16:49","Amit Zonenfeld (Deactivated User)","2025-04-17 01:41"
"52853242999","Costa Crociere  - 2,027","Edouard Carakehian","2026-02-08 13:07","Omri Gilad","2026-01-18 10:39","James Pritchard","2025-12-29 17:33"
"61030129822","Hallmark","Dylan Leija","2026-06-22 19:47","Logan Loisel","2026-06-11 22:21"
"13082621101","UIpath - reschedule","Ella Furman (Deactivated User)","2023-08-16 11:01","Yonatan Boguslavski","2023-04-21 14:50"
"20299244883","Conta Azul","Joe Leland (Deactivated User)","2025-09-30 12:06","joe@getpor.io (Deactivated User)","2025-09-30 11:59","Joe Leland (Deactivated User)","2024-06-27 16:43","Chris Newsome","2024-06-25 07:59","Netta Borowitsh","2024-06-24 17:06"
"16355000075","WellSky","Chris Newsome","2023-12-04 19:51","Ella Furman (Deactivated User)","2023-12-04 16:43"
"45014004131","Wiz - 2,026","Omri Gilad","2025-09-30 23:41"
"29871730350","Coconut Software","John Romano","2024-12-05 17:47","Tom Skarzynski (Deactivated User)","2024-12-04 22:29"
"16158844762","Pleo","Cillian Golden (Deactivated User)","2024-01-11 01:46","Shlomi Cohen","2023-11-21 18:00","Ella Furman (Deactivated User)","2023-11-21 13:39"
"32683226807","Rimac","Daniel Alper","2025-01-28 23:49"
"14556510269","G'day Group - Discovery Parks","Shlomi Cohen","2023-08-10 18:15"
"50575487499","Minsait (Indra Group)","Adrian Sandu","2025-12-16 14:42","Ross Geall (Deactivated User)","2025-11-28 15:27","Adrian Sandu","2025-11-28 15:20"
"58241701383","KubeCon EU 2026 - E.ON","James Pritchard","2026-03-23 12:22","Subby Makinde","2026-03-23 11:49","Adrian Sandu","2026-03-23 11:38"
"17769823760","Arrival","Cillian Golden (Deactivated User)","2024-02-28 16:06"
"29803478821","Heartland","Tom Skarzynski (Deactivated User)","2024-12-31 16:45","John Romano","2024-12-04 11:35","Dylan Leija","2024-12-03 22:45"
"58439955994","KubeCon EU 2026 - Intralot","Adrian Sandu","2026-03-26 23:26"
"18169379927","Allianz Technology - KubeCon","Benjamin Duckworth","2024-03-25 11:08"
"15842849435","Torq","Ella Furman (Deactivated User)","2023-10-30 11:41"
"31009204781","Fiverr International LTD","Sharon Peretz","2024-12-26 16:17","Sharon Peretz","2024-12-26 16:17","Netta Borowitsh","2024-12-26 14:18","Netta Borowitsh","2024-12-26 14:17"
"12747953064","AMN Healthcare","Ella Furman (Deactivated User)","2023-03-28 14:47"
"35347843932","Turbo Energy ","William Nagle","2025-04-03 12:38","Roni Amar (Deactivated User)","2025-04-02 14:55"
"54267209504","Perion","Sharon Peretz","2026-03-03 18:54","William Nagle","2026-02-12 13:10","Sharon Peretz","2026-01-21 00:01","Jill Countey","2026-01-20 22:03","Logan Loisel","2026-01-20 20:51"
"15354279191","Atom Bank","Chris Newsome","2023-10-09 15:27","Ella Furman (Deactivated User)","2023-09-28 13:35"
"38547949432","Richemont - 2,025","Benjamin Duckworth","2025-06-05 16:00","Benjamin Duckworth","2024-07-02 17:26","Benjamin Duckworth","2024-06-28 17:02"
"14655874075","Pimco","Chris Newsome","2023-09-21 08:16","Shlomi Cohen","2023-08-29 14:53","Ella Furman (Deactivated User)","2023-08-16 20:34"
"58441814434","KubeCon EU 2026 - JPMorgan","Tali Cohen","2026-03-26 23:26"
"52475017734","Mibanco - IDP Seats","Ignacio De Loera","2026-01-28 11:40","Sam Neill (Deactivated User)","2025-12-29 16:50","Logan Loisel","2025-12-24 11:52","Gal Tarrab Levi","2025-12-23 19:53"
"59084718916","Edgewater Markets","Subby Makinde","2026-04-10 22:07"
"32371621496","Drivvn - 2,026","Omri Gilad","2025-01-23 21:16"
"36510348116","Cognism","Christos Lemos (Deactivated User)","2025-04-29 14:27","William Nagle","2025-04-29 14:26"
"60852951361","WTW ","James Pritchard","2026-06-04 12:00","Subby Makinde","2026-06-04 11:59"
"35406811469","Honeybook","Sharon Peretz","2025-05-13 18:19","William Nagle","2025-04-17 20:45","Netta Borowitsh","2025-04-10 10:48","Sharon Peretz","2025-04-03 16:15","Netta Borowitsh","2025-04-03 14:47"
"35651202974","Close","Dylan Leija","2025-05-20 22:18","Jason Chiu (Deactivated User)","2025-04-14 13:55","Roni Amar (Deactivated User)","2025-04-10 17:05"
"58649198440","Multi Media - 2,028","Andrew Johnston","2026-05-10 08:58","Edouard Carakehian","2026-04-01 09:29"
"35427810473","Bizzkit","William Nagle","2025-06-11 05:30","Cillian Golden (Deactivated User)","2025-04-03 14:28","Roni Amar (Deactivated User)","2025-04-03 13:18"
"18131352392","Statistics Netherlands - KubeCon","Cillian Golden (Deactivated User)","2024-03-21 12:01"
"29115892146","Mercari, Inc.","Sharon Peretz","2024-11-16 23:29","Amit Zonenfeld (Deactivated User)","2024-11-15 00:14"
"21783444289","LandSure Systems","Chris Newsome","2024-08-28 20:40"
"15159921257","Pay Point","Chris Newsome","2023-09-29 17:17","Shlomi Cohen","2023-09-28 10:33","Ella Furman (Deactivated User)","2023-09-15 00:25"
"39382942788","Petrobras","Charity Lee","2026-01-06 19:16","Sam Neill (Deactivated User)","2025-06-27 20:09"
"15957694769","MavenCode","Chris Newsome","2023-11-08 16:48","Ella Furman (Deactivated User)","2023-11-07 21:29"
"59418916701","Happening ","James Butcher","2026-04-22 17:51","William Nagle","2026-04-22 17:50"
"56928113431","Bosch","James Pritchard","2026-02-25 13:00","Logan Loisel","2026-02-25 12:58"
"44586589489","RBC","Jeff Graham","2025-09-26 17:55"
"12818741177","Maya PH","Zohar Einy","2025-10-01 09:37","Ella Furman (Deactivated User)","2023-08-16 11:01","Yonatan Boguslavski","2023-04-17 18:38","Ella Furman (Deactivated User)","2023-04-03 04:37"
"51985642659","Abbott","Tom Skarzynski (Deactivated User)","2025-12-16 19:26","Charity Lee","2025-12-16 19:26"
"60797215370","Silverfort ","Sharon Peretz","2026-06-10 11:42","William Nagle","2026-06-02 15:30"
"17479924532","Amdocs IL","Shlomi Cohen","2024-02-12 10:42"
"12760526683","HousingAnywhere","Shlomi Cohen","2023-08-29 15:50","Ella Furman (Deactivated User)","2023-03-29 10:34"
"34457750289","eToro ltd","Sharon Peretz","2025-03-10 16:50","Netta Borowitsh","2025-03-10 16:49","Netta Borowitsh","2025-03-10 16:47","Netta Borowitsh","2025-03-10 16:47"
"29787833372","Block","Tom Skarzynski (Deactivated User)","2024-12-04 11:25","Netta Borowitsh","2024-12-03 22:05"
"61017351307","WHOOP","Jill Countey","2026-06-11 21:06"
"34511403281","Roku","Tom Skarzynski (Deactivated User)","2025-03-10 22:54"
"32512125097","United Wholesale Mortgage","Sam Neill (Deactivated User)","2025-01-27 16:43","Netta Borowitsh","2025-01-27 15:39","Sam Neill (Deactivated User)","2023-12-05 10:27","Ella Furman (Deactivated User)","2023-12-05 00:38"
"54800648352","Exclaimer","Matt Bilsland","2026-01-28 13:45","Adrian Sandu","2026-01-28 11:15"
"51181060118","Flex","Jeff Graham","2025-12-04 20:05","Logan Loisel","2025-12-04 18:49"
"55396489247","MagMutual - Expansion","Omri Gilad","2026-02-02 20:50"
"12923617696","NTT Limited","Ella Furman (Deactivated User)","2023-04-11 10:39"
"44886839092","oligosecurity.io - 2,028","Omri Gilad","2025-09-29 23:21"
"44788993154","Manhattan Associates","Dylan Leija","2025-09-29 20:13"
"58446996040","KubeCon EU 2026 - Azerion","Sharon Peretz","2026-03-26 23:26"
"34482452602","Compare the Market ","William Nagle","2025-05-07 13:28","Cillian Golden (Deactivated User)","2025-03-10 18:29","Roni Amar (Deactivated User)","2025-03-10 18:17"
"41605764630","Fetch","John Romano","2025-08-08 21:43"
"17974156473","Redcare Pharmacy","Cillian Golden (Deactivated User)","2024-03-11 17:47","Ella Furman (Deactivated User)","2024-03-11 17:12"
"16156900514","Oxa","Cillian Golden (Deactivated User)","2024-01-28 09:07","Shlomi Cohen","2023-11-21 10:33"
"60124995138","Itau","Ignacio De Loera","2026-05-10 08:30","Gal Tarrab Levi","2026-05-08 18:09"
"56127367428","Mastercard Inc.","Tom Skarzynski (Deactivated User)","2026-02-12 17:36","Charity Lee","2026-02-12 17:36"
"39150613166","Concirrus","Adrian Sandu","2025-11-19 17:13","Christos Lemos (Deactivated User)","2025-08-13 17:12","Adrian Sandu","2025-08-13 16:43","Christos Lemos (Deactivated User)","2025-06-23 12:21","Adrian Sandu","2025-06-23 12:21"
"30951850121","Stigg Inc","Sharon Peretz","2024-12-25 12:10","Roni Amar (Deactivated User)","2024-12-24 17:51"
"18291902864","Compass Digital - old","Chris Newsome","2024-03-31 10:25","Amit Zonenfeld (Deactivated User)","2024-03-28 19:43"
"29824346776","OneTrust ","Joe Leland (Deactivated User)","2025-09-30 12:06","joe@getpor.io (Deactivated User)","2025-09-30 11:59","Joe Leland (Deactivated User)","2024-12-04 11:17","Netta Borowitsh","2024-12-04 11:14","Joe Leland (Deactivated User)","2024-11-20 18:07","Netta Borowitsh","2024-11-18 08:36"
"12611407161","Moonactive 2024","Zohar Einy","2025-10-01 09:31","Ella Furman (Deactivated User)","2023-08-16 11:01","Zohar Einy","2023-03-19 12:18"
"34882590026","BMG Money","Logan Loisel","2025-03-23 09:26","Netta Borowitsh","2025-03-20 21:04"
"43524627815","Zillow","Tali Cohen","2025-09-09 20:21","Logan Loisel","2025-09-09 20:19"
"55312450398","DSV - Greenfield IDP & AEP - New Business","John Barnes","2026-02-03 11:46","Adrian Sandu","2026-02-03 11:22"
"45317820221","AMN Healthcare","EJ Rauseo","2025-10-06 23:49","Logan Loisel","2025-10-06 23:49"
"61030104905","Disney","Rachel Jean","2026-06-11 21:11"
"34496112521","netwealth","Cillian Golden (Deactivated User)","2025-03-11 12:33","Netta Borowitsh","2025-03-11 11:27"
"32425586194","Fedex Dataworks","Sam Neill (Deactivated User)","2025-01-26 16:29","Netta Borowitsh","2025-01-26 09:40","Sam Neill (Deactivated User)","2024-08-13 22:38","Jeff Graham","2024-08-13 21:32","Ella Furman (Deactivated User)","2024-08-13 21:05"
"21785200525","Magna International","Sam Neill (Deactivated User)","2024-08-29 10:07","Amit Zonenfeld (Deactivated User)","2024-08-29 00:07"
"46650637433","Fullbay","Chris Newsome","2025-10-23 19:52","Logan Loisel","2025-10-22 00:24"
"33841661302","OpsGuru","John Romano","2025-02-21 23:20"
"43986707823","Paradigm - 2,026","Andrew Johnston","2026-05-10 09:00","Omri Gilad","2025-12-31 21:01","Adrian Wong (Deactivated User)","2025-09-19 22:55"
"13266451725","ZeroNorth","Ella Furman (Deactivated User)","2023-05-08 16:06"
"62024771409","Jeffereies - New Deal","Adrian Sandu","2026-07-01 20:50"
"15319978937","Edward Jones","Sam Neill (Deactivated User)","2023-09-28 19:54","Ella Furman (Deactivated User)","2023-09-26 01:20"
"21890266037","Bizongo","Cillian Golden (Deactivated User)","2024-09-03 11:49","Grant Dienaar (Deactivated User)","2024-09-03 11:48"
"35354139442","DUO","Sharon Peretz","2025-04-02 14:21","Roni Amar (Deactivated User)","2025-04-02 14:03"
"41035341138","MoEngage - 2,026","Omri Gilad","2026-02-09 12:40","Edouard Carakehian","2026-02-08 13:21","Omri Gilad","2025-07-30 12:32"
"60525083265","Sun Life","Tali Cohen","2026-05-22 23:10","Dylan Leija","2026-05-22 23:09"
"29847893069","RoadRunner Recycling ","John Romano","2024-12-05 16:05","Sam Neill (Deactivated User)","2024-12-04 20:44"
"58208344181","ASN Bank","Sharon Peretz","2026-03-23 10:40","Sharon Peretz","2026-03-03 18:51","Gal Tarrab Levi","2026-03-03 18:37","Sharon Peretz","2026-01-09 19:25","Benjamin Duckworth","2025-12-09 20:24","Cillian Golden (Deactivated User)","2025-08-07 15:14","Adrian Sandu","2025-08-07 14:59"
"48862142901","Google KubeCon ATL 25","Jeff Graham","2025-11-14 23:46","Logan Loisel","2025-11-11 23:44"
"13118432846","EY ","Ella Furman (Deactivated User)","2023-04-24 18:42"
"59092509278","Accenture","James Pritchard","2026-04-10 22:07"
"23370816585","Enterprise Products","Tom Skarzynski (Deactivated User)","2024-10-20 16:21"
"28761454723","Welltech","Cillian Golden (Deactivated User)","2024-11-06 11:53","Amit Zonenfeld (Deactivated User)","2024-11-05 18:36"
"28548002616","Smithy Security","Cillian Golden (Deactivated User)","2024-10-31 13:46","Sharon Peretz","2024-10-31 13:09"
"60486841776","Shell","James Pritchard","2026-05-22 10:35","James Pritchard","2026-05-22 10:35","James Pritchard","2026-05-22 10:35","James Pritchard","2026-05-22 10:33","Subby Makinde","2026-05-22 10:33","Subby Makinde","2026-05-22 10:32"
"15328583352","OfficeRnD","Chris Newsome","2023-10-03 13:46","Ella Furman (Deactivated User)","2023-09-26 18:10"
"47665329840","Instride","EJ Rauseo","2026-01-05 16:33","Jason Chiu (Deactivated User)","2025-10-30 15:40","Logan Loisel","2025-10-29 22:34"
"50591200591","ManTech","Dylan Leija","2025-11-28 22:38"
"10127534135","Lemonade initial","Ella Furman (Deactivated User)","2023-08-16 11:02","Zohar Einy","2022-09-09 16:10"
"60635844628","Navina ","Sharon Peretz","2026-05-26 15:31","Logan Loisel","2026-05-26 11:48"
"60696757594","Etsy","Evan Smith","2026-05-29 01:44","Logan Loisel","2026-05-29 00:30"
"13541220173","Samsung Ads - reschedule","Ella Furman (Deactivated User)","2023-08-16 11:01","Aviv Lavie (Deactivated User)","2023-06-01 21:14"
"61962445480","XM  - 2,027","John Romano","2026-06-30 23:39"
"33934963066","Blend360","Dylan Leija","2025-05-14 16:15","Jason Chiu (Deactivated User)","2025-03-28 18:22","Joe Leland (Deactivated User)","2025-02-26 00:03","Netta Borowitsh","2025-02-25 22:57","Joe Leland (Deactivated User)","2025-02-25 22:52"
"35396169071","Schibsted ","James Bennett (Deactivated User)","2025-05-07 13:56","Cillian Golden (Deactivated User)","2025-04-07 12:55","Roni Amar (Deactivated User)","2025-04-03 19:13"
"58135331152","Grupo Credito SA","Ignacio De Loera","2026-03-18 19:04","Gal Tarrab Levi","2026-03-18 17:40"
"14910135301","Adobe","Ella Furman (Deactivated User)","2023-12-27 18:15","Sam Neill (Deactivated User)","2023-10-16 19:43","Ella Furman (Deactivated User)","2023-08-31 10:20"
"17404361568","NTT","Benjamin Duckworth","2024-02-07 10:02"
"18449537849","Kering","Benjamin Duckworth","2024-04-07 13:49"
"46997407753","Indiana Office of Technology","Jill Countey","2025-10-24 20:26","Logan Loisel","2025-10-24 20:25"
"12912454805","D-EDGE","Ella Furman (Deactivated User)","2023-04-10 10:41"
"36766623416","Naviteq LTD","Sharon Peretz","2025-05-06 13:33","Roni Amar (Deactivated User)","2025-05-06 08:28"
"60324983359","netdocuments - Seat Upgrade ","Andrew Johnston","2026-05-18 14:16"
"53352745749","blankfactor (Globant)","James Pritchard","2026-01-08 18:26","Travis Dadoly (Deactivated User)","2026-01-06 19:24","Logan Loisel","2026-01-06 19:20"
"44399774529","Cyera - 2,027","Omri Gilad","2025-09-24 00:30"
"15106673460","SAFE health","Chris Newsome","2023-09-28 23:44","Shlomi Cohen","2023-09-20 17:27","Ella Furman (Deactivated User)","2023-09-11 17:11"
"33777236618","State of California","Sam Neill (Deactivated User)","2025-02-21 17:19","Netta Borowitsh","2025-02-21 00:12"
"41883739320","Fannie Mae","Evan Smith","2026-04-13 12:47","Travis Dadoly (Deactivated User)","2025-08-12 23:23","Logan Loisel","2025-08-12 21:37"
"35154951832","Verizon - Renewal 2026","Chris Sweeney","2026-04-27 20:37","Jenny Lucas (Deactivated User)","2026-02-05 11:51","Sam Neill (Deactivated User)","2025-03-27 22:13"
"59107826993","iProov","Johana Ochoa","2026-04-10 22:07"
"59091573409","BT Group","James Pritchard","2026-04-10 22:07"
"41559235200","Navitus","Jill Countey","2025-08-07 21:15"
"58434768954","KubeCon EU 2026 - kirk-pedersen","Matt Bilsland","2026-03-26 23:26"
"19733298789","Dave","Joe Leland (Deactivated User)","2025-09-30 12:06","joe@getpor.io (Deactivated User)","2025-09-30 12:00","Joe Leland (Deactivated User)","2024-06-02 10:02","Ella Furman (Deactivated User)","2024-05-30 20:50"
"32790548062","Selective Insurance","John Romano","2025-01-31 00:05","Chase Depperschmidt (Deactivated User)","2025-01-30 23:44"
"61651170077","Port - New Deal","Aaron Marans","2026-06-25 19:04"
"52072473655","8am","Daniel Alper","2025-12-18 18:47"
"54352722779","Jifiti","Sharon Peretz","2026-01-22 20:16","Logan Loisel","2026-01-22 20:10"
"58434459240","KubeCon EU 2026 - DataWalk","William Nagle","2026-03-26 23:26"
"17727906154","Amplience","Cillian Golden (Deactivated User)","2024-02-26 14:51","Ella Furman (Deactivated User)","2024-02-26 12:39"
"58443902312","KubeCon EU 2026 - delaware International","William Nagle","2026-04-09 11:59","James Butcher","2026-04-08 19:41","Subby Makinde","2026-03-27 20:14","James Butcher","2026-03-27 20:14","Subby Makinde","2026-03-26 23:26"
"15794551620","MTN","Benjamin Duckworth","2023-11-30 13:15","Ella Furman (Deactivated User)","2023-11-26 12:06","Shlomi Cohen","2023-10-26 15:31"
"46586979766","ADIA - PS","Omri Gilad","2025-10-21 16:40"
"61031145986","PwC","Logan Loisel","2026-06-11 22:23"
"20953420470","NetJets - 2,025","Adrian Wong (Deactivated User)","2025-04-14 15:34","Omri Gilad","2025-01-15 16:44","Sam Neill (Deactivated User)","2024-07-24 18:58"
"62160248969"," - New Deal","Adrian Sandu","2026-07-03 11:23"
"36038782272","Clari","Jill Countey","2025-04-22 13:32","Netta Borowitsh","2025-04-22 13:30"
"29122249319","Jack Henry & Associates","Sam Neill (Deactivated User)","2024-11-16 23:37","Amit Zonenfeld (Deactivated User)","2024-11-15 01:00"
"39520271643","XM - 2,026","John Romano","2026-02-10 09:19","Edouard Carakehian","2026-02-08 13:17","Omri Gilad","2026-01-18 10:52","John Romano","2025-06-30 19:00"
"21799017630","Selective Insurance","John Romano","2024-08-29 18:35"
"30812819510","JFrog - 2,025","Sharon Peretz","2024-12-19 22:59"
"22406774178","Kyndryl Holdings, Inc. ","Benjamin Duckworth","2024-09-19 10:17","Amit Zonenfeld (Deactivated User)","2024-09-19 10:06"
"36139706246","Shawbrook Bank","Cillian Golden (Deactivated User)","2025-06-11 16:57","William Nagle","2025-06-11 15:23","Cillian Golden (Deactivated User)","2025-04-24 18:14","Netta Borowitsh","2025-04-24 18:06"
"22395430454","Banco Pichincha ","Chris Newsome","2024-09-19 09:52","Ella Furman (Deactivated User)","2024-09-18 23:51"
"39520816932","Banco de Chile - 2026 (200 seat growth)","Ignacio De Loera","2026-01-18 10:35","Sam Neill (Deactivated User)","2025-06-30 20:02"
"58437401371","KubeCon EU 2026 - Mastercard","Jamie Summers","2026-03-26 23:26"
"52067965354","UnderwriteMe - 2,029","Andrew Johnston","2026-05-10 08:57","Daniel Alper","2025-12-31 20:57","Adrian Wong (Deactivated User)","2025-12-18 15:14"
"13204185231","Sprinter","Ella Furman (Deactivated User)","2023-09-05 09:42","Shlomi Cohen","2023-08-15 10:28","Ella Furman (Deactivated User)","2023-05-02 15:36"
"33674902017","YouLend","Adrian Sandu","2025-06-10 15:00","Netta Borowitsh","2025-05-14 12:37","Cillian Golden (Deactivated User)","2025-02-19 09:53"
"32463116213","Forge ","Joe Leland (Deactivated User)","2025-09-30 12:06","joe@getpor.io (Deactivated User)","2025-09-30 11:59","Joe Leland (Deactivated User)","2025-01-26 16:10","Netta Borowitsh","2025-01-26 09:40","Joe Leland (Deactivated User)","2024-09-26 10:16"
"39558081543","TAG - The Aspen Group - 2,028","Andrew Johnston","2026-05-10 08:59","Omri Gilad","2025-12-31 21:01","Adrian Wong (Deactivated User)","2025-11-16 09:23","Tom Skarzynski (Deactivated User)","2025-08-20 17:41","Adrian Wong (Deactivated User)","2025-07-01 18:35"
"35460968274","XM ","William Nagle","2025-04-11 12:20","Sharon Peretz","2025-04-07 12:43","Roni Amar (Deactivated User)","2025-04-04 13:25"
"59099618901","Astuto","William Nagle","2026-04-10 22:07"
"40245004093","Standard Life (ex-Phoenix Group)","James Pritchard","2025-07-14 19:04"
"37726267561","Wipro Technologies","Johana Ochoa","2025-05-29 01:12","Scott Dunion","2025-05-23 11:54","Adrian Sandu","2025-05-23 08:53"
"29156476028","CBRE Group, Inc. ","Tom Skarzynski (Deactivated User)","2024-11-28 13:48","Amit Zonenfeld (Deactivated User)","2024-11-21 20:54","Tom Skarzynski (Deactivated User)","2024-11-15 21:58"
"33004354606","Cover Whale","John Romano","2025-02-04 15:57","John Romano","2025-02-04 15:57","John Romano","2025-02-04 15:57","John Romano","2025-02-04 15:57","John Romano","2025-02-04 15:57","John Romano","2025-02-04 15:57","John Romano","2025-02-04 15:57","John Romano","2025-02-04 15:56","Netta Borowitsh","2025-02-03 17:47","Netta Borowitsh","2025-02-03 17:47","Netta Borowitsh","2025-02-03 17:47","Netta Borowitsh","2025-02-03 17:47","Netta Borowitsh","2025-02-03 17:47","Netta Borowitsh","2025-02-03 17:47","Netta Borowitsh","2025-02-03 17:47","Netta Borowitsh","2025-02-03 17:47","John Romano","2024-05-30 13:25"
"60691176466","test by guy","Guy Hanegby","2026-06-02 15:37","guyb@port.io","2026-06-02 15:37","Charity Lee","2026-05-28 17:45","Guy Hanegby","2026-05-28 17:40"
"58634216857","Experian","Tali Cohen","2026-03-31 19:25","Dylan Leija","2026-03-31 19:25"
"16500136109","Regeneron","Sam Neill (Deactivated User)","2023-12-14 09:34","Ella Furman (Deactivated User)","2023-12-14 09:33"
"59085042072","Centology","William Nagle","2026-04-10 22:07"
"60637292674","Omnisend","Sharon Peretz","2026-05-26 13:57","William Nagle","2026-05-26 12:37","Subby Makinde","2026-05-26 12:20"
"61852739253","CYE ","Sharon Peretz","2026-06-30 10:59","William Nagle","2026-06-30 10:40"
"21006205292","Raiffeisen Bank Albania","Benjamin Duckworth","2024-07-28 11:16","Cillian Golden (Deactivated User)","2024-07-28 11:15","Grant Dienaar (Deactivated User)","2024-07-27 00:00"
"14781789844","Paypal","Shlomi Cohen","2023-09-20 17:25","Ella Furman (Deactivated User)","2023-08-22 19:42"
"23252143465","Venturus ","Joe Leland (Deactivated User)","2025-09-30 12:06","joe@getpor.io (Deactivated User)","2025-09-30 11:59","Joe Leland (Deactivated User)","2024-10-16 09:11","Amit Zonenfeld (Deactivated User)","2024-10-15 22:00"
"16588556865","RECUP","Ella Furman (Deactivated User)","2023-12-19 15:25"
"12760787235","Purple Technology","Ella Furman (Deactivated User)","2023-03-29 11:04"
"30440505520","Visma ","Benjamin Duckworth","2024-12-18 10:46","Sharon Peretz","2024-12-17 10:44","Amit Zonenfeld (Deactivated User)","2024-12-16 13:23"
"61128618607","Ovative Group - 2,027","Andrew Johnston","2026-06-16 17:14"
"23249201934","FloQast","John Romano","2024-10-16 17:57","Dylan Leija","2024-10-16 17:51"
"17289076617","Mobicom Corporation","Cillian Golden (Deactivated User)","2024-02-01 12:08","Amit Zonenfeld (Deactivated User)","2024-02-01 08:55"
"55645652781","Clarín Comercial  - 50 seats","Ignacio De Loera","2026-02-23 20:24"
"40322063514","Factset","Jeff Graham","2025-07-16 21:19","Logan Loisel","2025-07-16 16:26"
"29877309199","Formidium Corp","Chris Newsome","2024-12-05 17:35","Jeff Graham","2024-12-04 23:58"
"39275276602","VivaOps","Logan Loisel","2025-06-25 20:27"
"15423280298","B.well - old","Chris Newsome","2023-10-03 14:01"
"61031757573","Grupo DPSP","Logan Loisel","2026-06-11 22:21"
"32425585989","Onoff ","Sharon Peretz","2025-01-26 16:11","Netta Borowitsh","2025-01-26 09:41","Sharon Peretz","2024-05-01 13:08","Netta Borowitsh","2024-04-30 13:21"
"35346909601","NatWest","Ross Geall (Deactivated User)","2025-04-17 09:32","Benjamin Duckworth","2025-04-03 12:20","Netta Borowitsh","2025-04-02 21:25"
"56946969889","Tata Consultancy Services Ltd ","Johana Ochoa","2026-02-25 10:46","Adrian Sandu","2026-02-24 15:54"
"15843431194","StratusGrid","Ella Furman (Deactivated User)","2023-10-30 13:17"
"37875499034","Tram Case","John Romano","2025-05-23 21:18"
"60669444926","AFP HABITAT","Ignacio De Loera","2026-06-02 18:27","Logan Loisel","2026-05-28 11:20","Adrian Sandu","2026-05-28 10:28","Gal Tarrab Levi","2026-05-27 18:38"
"58686319032","Planview","Daniel Alper","2026-04-03 01:53","Wren Huston","2026-04-03 01:53"
"58432292933","KubeCon EU 2026 - Millennium bcp","James Pritchard","2026-03-31 16:59","James Butcher","2026-03-26 23:26"
"21823103528","Sherwin-Williams","Tom Skarzynski (Deactivated User)","2024-08-30 21:39"
"20039784766","AAA - ACSC (Auto Club of Southern California)","Tom Skarzynski (Deactivated User)","2024-06-13 10:18","Amit Zonenfeld (Deactivated User)","2024-06-13 00:16"
"61873082199","Holland & Barrett","Benjamin Duckworth","2026-07-01 13:25","Adrian Sandu","2026-07-01 13:25","Benjamin Duckworth","2026-07-01 13:25","Adrian Sandu","2026-07-01 13:25"
"29895258644","Powwr","Cillian Golden (Deactivated User)","2024-12-05 15:50"
"61810634361","Salt Security ","Sharon Peretz","2026-06-30 11:01","William Nagle","2026-06-30 00:30","Aaron Marans","2026-06-30 00:10","Logan Loisel","2026-06-30 00:07"
"35419521065","SAP","Subby Makinde","2025-04-17 20:44","James Bennett (Deactivated User)","2025-04-07 12:52","Netta Borowitsh","2025-04-04 13:28"
"35318028392","Instech ","Adrian Sandu","2025-06-10 14:57","Roni Amar (Deactivated User)","2025-04-23 16:18","Cillian Golden (Deactivated User)","2025-04-01 14:52","Roni Amar (Deactivated User)","2025-04-01 14:48"
"35315998902","EDF Trading ","Adrian Sandu","2025-06-10 14:57","Roni Amar (Deactivated User)","2025-04-23 13:58","Benjamin Duckworth","2025-04-01 14:01","Roni Amar (Deactivated User)","2025-04-01 12:39"
"31998104483","Credit Acceptance Corporation","Daniel Alper","2025-01-14 18:04","Roni Amar (Deactivated User)","2025-01-14 17:53"
"39983075400","Engine","John Romano","2025-07-11 02:54","Logan Loisel","2025-07-10 23:59"
"28523705760","ING","Ross Geall (Deactivated User)","2024-10-30 13:03","Amit Zonenfeld (Deactivated User)","2024-10-30 12:56"
"21946615888","Sports Interactive ","Cillian Golden (Deactivated User)","2024-09-05 15:17"
"15418660619","ODDS","Shlomi Cohen","2023-10-15 16:49","Ella Furman (Deactivated User)","2023-10-03 01:48"
"56214714179","Life360","EJ Rauseo","2026-02-13 22:36"
"15419518097","Thanh De Nguyen","Ella Furman (Deactivated User)","2023-10-03 05:32"
"28799500416","MuniBilling  - 2,027","Andrew Johnston","2026-05-10 09:02","Omri Gilad","2025-12-31 21:01","Adrian Wong (Deactivated User)","2025-04-14 15:35","Omri Gilad","2025-01-15 16:47","Joe Leland (Deactivated User)","2024-11-06 20:48"
"51932107665","BastionX - New Deal","Eric Fernandez","2025-12-15 20:11"
"55475181167","Jisr | Bridge HR","Matt Bilsland","2026-02-04 16:03"
"16604309171","EPAM Systems","Shlomi Cohen","2023-12-20 15:53","Ella Furman (Deactivated User)","2023-12-20 15:41"
"59610149010","Mark Anthony Success Package ","Andrew Johnston","2026-04-27 21:24"
"42832719641","Labcorp","Jeff Graham","2025-08-25 21:40","Logan Loisel","2025-08-25 21:29"
"58063400060","Rezolve","Edouard Carakehian","2026-05-28 22:55","Dylan Leija","2026-03-17 12:11"
"35130922928","Markel - 2,026","Travis Dadoly (Deactivated User)","2026-01-18 11:39","Sam Neill (Deactivated User)","2025-03-27 15:52"
"43779545650","CloudTalk - 2,027","Edouard Carakehian","2026-02-08 13:07","Omri Gilad","2025-09-16 16:33"
"17689061201","Elvia (Computas)","Cillian Golden (Deactivated User)","2024-02-23 15:09","Ella Furman (Deactivated User)","2024-02-23 15:05"
"49445931557","RBC KubeCon ATL25","Jeff Graham","2025-11-17 23:40","Logan Loisel","2025-11-17 23:40"
"19364930905","Banco de Chile -2025 w/ Upsell","Sam Neill (Deactivated User)","2024-05-14 21:22"
"39241678486","Nykredit - 300 Dev's","Sharon Peretz","2025-11-13 14:36","Cillian Golden (Deactivated User)","2025-10-03 11:40","Christos Lemos (Deactivated User)","2025-06-24 15:32","William Nagle","2025-06-24 15:12","Adrian Sandu","2025-06-24 15:05"
"13068241557","Namecheap - reschedule","Ella Furman (Deactivated User)","2023-08-16 11:01","Yonatan Boguslavski","2023-04-20 12:33"
"17767981749","CloudZenix Pvt Ltd ","Cillian Golden (Deactivated User)","2024-02-28 13:15","Amit Zonenfeld (Deactivated User)","2024-02-28 11:44"
"17114256652","Nets Group ","Cillian Golden (Deactivated User)","2024-01-23 11:03","Amit Zonenfeld (Deactivated User)","2024-01-23 10:50"
"17468986684","Shell UK","Benjamin Duckworth","2024-02-11 14:55"
"13944794950","Frontegg","Ella Furman (Deactivated User)","2023-08-16 11:01","Aviv Lavie (Deactivated User)","2023-07-02 10:37"
"16093852173","Numerix","Chris Newsome","2023-11-19 11:05","Ella Furman (Deactivated User)","2023-11-17 01:15"
"61453451831","ista ","James Butcher","2026-06-30 12:10","William Nagle","2026-06-25 16:57","Logan Loisel","2026-06-23 13:15"
"56841004596","Cynet ","William Nagle","2026-02-23 15:08","Adrian Sandu","2026-02-23 15:01"
"43289373292","MLB (MVP Expansion)","Evan Smith","2026-01-28 11:34","Sam Neill (Deactivated User)","2025-09-03 20:46"
"22238920365","Quarks ","Chris Newsome","2024-09-14 19:15"
"51952325149","Alma - 2,028","Daniel Alper","2025-12-31 20:59","Adrian Wong (Deactivated User)","2025-12-15 23:40"
"43823947376","Lululemon","Rick Walker","2026-01-28 11:30","Sam Neill (Deactivated User)","2025-09-19 17:02","Logan Loisel","2025-09-17 08:28"
"13367256647","MaxAB - reshchedule","Ella Furman (Deactivated User)","2023-05-17 18:54"
"12747750510","PepsiCo","Sam Neill (Deactivated User)","2023-09-20 00:42","Shlomi Cohen","2023-08-13 18:40","Ella Furman (Deactivated User)","2023-03-28 13:40"
"39326562992","Earnest - 2,027","Andrew Johnston","2026-05-10 09:02","Omri Gilad","2025-12-31 21:01","Adrian Wong (Deactivated User)","2025-07-22 20:52","John Romano","2025-06-26 15:41"
"16789593993","Conta Azul","Chris Newsome","2024-01-04 15:36","Netta Borowitsh","2024-01-03 19:36"
"18147513003","Grammarly - KubeCon","Chris Newsome","2024-03-27 12:09","Sam Neill (Deactivated User)","2024-03-24 13:46"
"34647956078","BT Renewal - 2026","James Pritchard","2025-08-25 11:09","Benjamin Duckworth","2025-03-14 16:16"
"35354138417","Deliveryhero","Ross Geall (Deactivated User)","2025-04-02 14:17","Netta Borowitsh","2025-04-02 13:42"
"11733314428","Orca","Ella Furman (Deactivated User)","2023-08-16 11:02","Yonatan Boguslavski","2023-04-20 17:39","zohar einy (Deactivated User)","2023-01-17 19:47"
"60889649554","Teamworks  - 2,028","Andrew Johnston","2026-06-05 16:40"
"58247704735","Regeneron","Evan Smith","2026-03-25 20:34","Tali Cohen","2026-03-23 17:41","Dylan Leija","2026-03-23 17:30","Logan Loisel","2026-03-23 17:29"
"35118946477","Asurion","Tom Skarzynski (Deactivated User)","2025-03-27 03:03"
"58446844979","KubeCon EU 2026 - Mirantis","Aaron Marans","2026-03-27 17:19","Adrian Sandu","2026-03-26 23:26"
"29639290516","Viz Pro 2,025","Omri Gilad","2025-01-15 16:34","Sharon Peretz","2024-11-28 11:40"
"21109556814","Tempo NZ","Cillian Golden (Deactivated User)","2024-08-01 12:52","Ella Furman (Deactivated User)","2024-08-01 12:49"
"58247238926","Kubex - New Deal","John Romano","2026-03-31 10:58","William Nagle","2026-03-23 15:42"
"58135989394","FTMO ","Matt Bilsland","2026-03-19 16:50","William Nagle","2026-03-19 16:50"
"35356000933","BforBank ","William Nagle","2025-05-05 10:38","Sharon Peretz","2025-04-02 17:35","Roni Amar (Deactivated User)","2025-04-02 15:44"
"35351939928","Orsted ","Adrian Sandu","2025-06-10 14:56","Netta Borowitsh","2025-05-07 13:10","Benjamin Duckworth","2025-04-02 14:15","Netta Borowitsh","2025-04-02 13:48"
"49531064404","Leidos Holdings Inc AI DevCon 25","Travis Dadoly (Deactivated User)","2025-11-19 17:41"
"35123694356","NTT DATA Corporation","Ross Geall (Deactivated User)","2025-03-27 10:37","Netta Borowitsh","2025-03-26 20:53","Ross Geall (Deactivated User)","2025-03-26 17:28","Netta Borowitsh","2025-03-26 16:10"
"48475900599","AAA - ACSC (Auto Club of Southern California) - 2,028","Andrew Johnston","2026-04-27 20:38","Tom Skarzynski (Deactivated User)","2025-11-06 22:37"
"35730914446","OakNorth","Cillian Golden (Deactivated User)","2025-04-14 09:54","Netta Borowitsh","2025-04-11 16:34","Cillian Golden (Deactivated User)","2025-04-11 12:29"
"53305014186","HCL Technologies Limited - New Deal","Adrian Sandu","2026-01-06 11:33"
"18573250058","Zoro Tools Inc","Chris Newsome","2024-04-11 17:34","Amit Zonenfeld (Deactivated User)","2024-04-11 16:37"
"32767075704","Tokio Marine Kiln","Cillian Golden (Deactivated User)","2025-01-30 13:55","Cillian Golden (Deactivated User)","2025-01-30 11:15","Benjamin Duckworth","2025-01-29 11:41","Netta Borowitsh","2025-01-29 11:20","Netta Borowitsh","2025-01-29 11:03","Benjamin Duckworth","2025-01-22 18:58","Netta Borowitsh","2025-01-22 15:45","Benjamin Duckworth","2025-01-22 15:35"
"58440416869","KubeCon EU 2026 - Deutsche Telekom","Jamie Summers","2026-03-27 20:04","John Barnes","2026-03-26 23:26"
"42920504439","Vanguard","Jeff Graham","2025-08-26 22:48"
"33398107438","World Bank","Sam Neill (Deactivated User)","2025-02-12 22:40"
"58453670057","KubeCon EU 2026 - Strava","Aaron Marans","2026-03-27 17:53","Adrian Sandu","2026-03-26 23:26"
"42840647953","Paradigm","EJ Rauseo","2025-08-25 23:59","Logan Loisel","2025-08-25 23:59"
"37165929514","NewDay","Matt Bilsland","2026-01-16 09:22","Benjamin Duckworth","2025-10-16 16:26","Christos Lemos (Deactivated User)","2025-05-14 14:57"
"13772083829","Unity 3D US","Ella Furman (Deactivated User)","2023-08-16 11:02","Aviv Lavie (Deactivated User)","2023-06-19 01:16"
"18145277037","Liquid Reply - KubeCon","Benjamin Duckworth","2024-03-22 11:00","Cillian Golden (Deactivated User)","2024-03-21 18:55","Benjamin Duckworth","2024-03-21 16:58"
"18128414881","Hellenic Bank - KubeCon","Cillian Golden (Deactivated User)","2024-03-20 18:18"
"12760731140","JPMorgan","Ella Furman (Deactivated User)","2023-03-29 10:57"
"38567294727","Brit Insurance - New Deal - Demo","Christos Lemos (Deactivated User)","2025-06-06 17:15"
"20657970754","Patterson Companies","Chris Newsome","2024-07-10 18:39"
"35425163904","TKP Pensioen ","Adrian Sandu","2025-06-10 14:56","Netta Borowitsh","2025-04-23 16:17","Cillian Golden (Deactivated User)","2025-04-03 16:52","Netta Borowitsh","2025-04-03 14:06"
"18242103218","Broadcom","Sharon Peretz","2024-04-05 13:14","Shlomi Cohen","2024-03-26 15:06"
"58560206935","EMBURSE - New Deal","EJ Rauseo","2026-03-30 18:40","Aaron Marans","2026-03-30 18:38"
"33934953248","Earnest","John Romano","2025-02-25 23:01"
"34527249547","Amplitude","Joe Leland (Deactivated User)","2025-09-30 12:06","joe@getpor.io (Deactivated User)","2025-09-30 12:00","Joe Leland (Deactivated User)","2025-03-11 22:27"
"39970758158","Yale University","Tali Cohen","2025-07-10 18:29","Logan Loisel","2025-07-10 18:24"
"58248075678","Sainsburys Supermarkets","Benjamin Duckworth","2026-03-23 17:56","Gal Tarrab Levi","2026-03-23 17:47"
"41193104195","Constant Contact","Daniel Alper","2025-08-01 22:35"
"61685562469","CoreWeave - New Deal","Logan Loisel","2026-06-26 23:04"
"33297358370","Cummins Inc","Rick Walker","2026-01-28 11:41","Sam Neill (Deactivated User)","2025-02-11 10:13","Roni Amar (Deactivated User)","2025-02-11 00:15"
"52847279484","Yum Connect, LLC - 2,027","Chris Sweeney","2026-04-27 20:38","Tom Skarzynski (Deactivated User)","2025-12-29 18:21"
"57487605362","Kaseya","Jeff Graham","2026-04-23 17:21","Jenny Lucas (Deactivated User)","2026-03-20 21:58","Travis Dadoly (Deactivated User)","2026-03-04 17:28","Dylan Leija","2026-03-04 15:30","Logan Loisel","2026-03-04 15:29"
"28969937970","Torq","Sharon Peretz","2024-11-12 14:37"
"39040287331","Ascentis (UKG)","Logan Loisel","2025-08-05 21:54","Jeff Graham","2025-06-19 05:01","Logan Loisel","2025-06-19 04:57"
"29151314854","Salesforce","Jeff Graham","2024-11-16 05:48","Amit Zonenfeld (Deactivated User)","2024-11-15 22:28"
"58999876220","Globokas","Ignacio De Loera","2026-04-09 00:36","Gal Tarrab Levi","2026-04-08 23:23"
"59099324197","Citipost Mail","Matt Bilsland","2026-04-10 22:07"
"61030303641","Calendly","EJ Rauseo","2026-06-11 21:08"
"46614312021","Ørsted","James Pritchard","2025-10-21 16:12","Adrian Sandu","2025-10-21 15:50"
"16456790297","IAG","Benjamin Duckworth","2023-12-12 13:52","Ella Furman (Deactivated User)","2023-12-12 01:51"
"35358843573","MyHeritage ","Sharon Peretz","2025-04-03 11:51","Roni Amar (Deactivated User)","2025-04-02 15:29"
"29807286660","Betsson Group","Cillian Golden (Deactivated User)","2024-12-04 11:57","Netta Borowitsh","2024-12-04 02:53"
"35300710521","Norwegian Digitalisation Agency","William Nagle","2025-04-17 21:20","Roni Amar (Deactivated User)","2025-04-11 11:39","Cillian Golden (Deactivated User)","2025-04-01 14:10","Roni Amar (Deactivated User)","2025-04-01 12:52"
"28560665376","RecargaPay","Chris Newsome","2024-11-05 17:51","Amit Zonenfeld (Deactivated User)","2024-10-31 19:30"
"48867223149","NextEra KubeCon ATL25","Jeff Graham","2025-11-17 23:38","Logan Loisel","2025-11-11 18:20"
"43514214406","Deutsche Bank","Benjamin Duckworth","2026-01-15 13:31","Ross Geall (Deactivated User)","2025-09-10 13:48"
"58430946480","KubeCon EU 2026 - Tceu","William Nagle","2026-05-28 11:20","James Butcher","2026-03-26 23:26"
"22675420681","Payoneer","Sharon Peretz","2024-09-26 16:34"
"39809627495","Torq","Sharon Peretz","2025-07-07 13:35"
"15769152160","Dropbox","Chris Newsome","2023-10-24 17:34","Ella Furman (Deactivated User)","2023-10-24 17:28"
"49416202105","RBC KubeCon ATL25","Jeff Graham","2025-11-20 12:42","Logan Loisel","2025-11-17 23:24"
"33657713483","Homesite Insurance","Joe Leland (Deactivated User)","2025-09-30 12:06","joe@getpor.io (Deactivated User)","2025-09-30 12:00","Joe Leland (Deactivated User)","2025-02-18 22:32","Logan Loisel","2025-02-18 22:24"
"17030169634","CurrencyCloud - 2,024","Benjamin Duckworth","2024-01-28 09:28","Cillian Golden (Deactivated User)","2024-01-28 08:59","Shlomi Cohen","2024-01-19 00:58"
"59184851054","Tokio Marine HCC","William Nagle","2026-04-15 17:48","James Butcher","2026-04-15 16:42","James Butcher","2026-04-10 22:07","James Butcher","2026-04-10 22:07"
"22066860066","Loqate (GBG)","Cillian Golden (Deactivated User)","2024-09-09 14:44","Amit Zonenfeld (Deactivated User)","2024-09-09 14:38"
"58435073558","KubeCon EU 2026 - TomTom","Matt Bilsland","2026-03-27 20:38","James Butcher","2026-03-26 23:26"
"60353144235","Staples ","Jeff Graham","2026-05-20 00:54","Rachel Jean","2026-05-20 00:54"
"60419918721","MediaMarktSaturn | IDP Project | DACH + SEMEA","Jamie Summers","2026-05-21 15:11","Subby Makinde","2026-05-21 11:40"
"62045500473","Air Space Intelligence ","Sharon Peretz","2026-07-02 14:32","William Nagle","2026-07-02 14:31"
"35419270963","Genius Sports","William Nagle","2025-05-07 13:31","Cillian Golden (Deactivated User)","2025-04-03 14:23","Netta Borowitsh","2025-04-03 13:38"
"39079792023","Finastra ","James Pritchard","2025-06-20 12:32","Logan Loisel","2025-06-20 12:27"
"60066719277","Red Bull","Jamie Summers","2026-05-07 19:32","Logan Loisel","2026-05-07 12:15"
"41554317874","MathWorks - Upsell","Jeff Graham","2025-08-07 17:02"
"61030278543","TextNow","Aaron Marans","2026-06-11 22:24"
"59184762490","Close Brothers","James Butcher","2026-04-15 16:37","James Butcher","2026-04-10 22:07","James Butcher","2026-03-10 18:34","William Nagle","2026-03-10 18:33"
"53409202176","Xebia","Tali Cohen","2026-01-08 18:54","Jeff Graham","2026-01-08 18:25","Jill Countey","2026-01-07 21:33","Logan Loisel","2026-01-07 20:12"
"15843406738","Mend","Ella Furman (Deactivated User)","2023-10-30 13:07"
"59103415220","Bank of England","Jamie Summers","2026-04-10 22:07"
"58450259241","KubeCon EU 2026 - Mpiric Software","Adrian Sandu","2026-03-30 18:31","Gus Stewart","2026-03-26 23:26"
"15666351410","Goldbeck","Cillian Golden (Deactivated User)","2024-01-11 17:48","Chris Newsome","2023-10-19 21:14","Shlomi Cohen","2023-10-17 16:15","Ella Furman (Deactivated User)","2023-10-17 15:05"
"41654815646","Rituals","James Pritchard","2025-08-11 12:30","Amit Zonenfeld (Deactivated User)","2025-08-11 02:42"
"50513175135","Hilti Group","Benjamin Duckworth","2026-01-15 13:23","Ross Geall (Deactivated User)","2025-11-27 11:02"
"57669124146","Life360","EJ Rauseo","2026-03-06 21:31"
"18073306789","Amdocs - Cyprus","Shlomi Cohen","2024-03-17 10:21"
"51985639536","Bectran","Dylan Leija","2025-12-16 18:14"
"43341827098","Macquarie Group","Scott Dunion","2025-09-04 11:02","William Nagle","2025-09-04 10:55","Adrian Sandu","2025-09-04 10:04"
"57350939216","Capital One","Tali Cohen","2026-04-02 21:32","Travis Dadoly (Deactivated User)","2026-03-02 22:37","Charity Lee","2026-03-02 22:36"
"60713261628","Spring EQ - AWS LV 25 - 2,027","Andrew Johnston","2026-05-31 14:58","John Romano","2026-05-29 20:26"
"17525448876","Central 1 CU - RFP","Chris Newsome","2024-02-14 21:38"
"31388914817","Open Lending","Daniel Alper","2025-01-03 15:50"
"35315863050","Vinted","Adrian Sandu","2025-06-10 14:57","Roni Amar (Deactivated User)","2025-05-07 13:28","Cillian Golden (Deactivated User)","2025-04-01 17:27","Roni Amar (Deactivated User)","2025-04-01 16:24"
"12749186394","UBS","Ella Furman (Deactivated User)","2023-03-28 16:25"
"32463116170","RBC","Tom Skarzynski (Deactivated User)","2025-01-26 16:04","Netta Borowitsh","2025-01-26 09:40","Tom Skarzynski (Deactivated User)","2024-04-18 11:36"
"15842739558","AllCloud","Ella Furman (Deactivated User)","2023-10-30 11:09"
"15842664077","SingleStone","Ella Furman (Deactivated User)","2023-10-30 11:05"
"57789726474","Körber","John Barnes","2026-03-09 11:30","William Nagle","2026-03-09 11:30","John Barnes","2026-03-09 11:29"
"33379398010","Zooplus AG","Cillian Golden (Deactivated User)","2025-02-12 16:05","Netta Borowitsh","2025-02-12 15:29","Cillian Golden (Deactivated User)","2024-09-26 17:33"
"38149669266","Ambev Tech","Travis Dadoly (Deactivated User)","2025-06-04 18:18","Daniel Alper","2025-05-29 21:59","Logan Loisel","2025-05-29 21:53"
"50900069483","Zepto","Scott Dunion","2025-12-02 13:27","Adrian Sandu","2025-12-02 13:19"
"61625201199","Mr D","James Pritchard","2026-06-26 15:27","William Nagle","2026-06-26 14:35","Subby Makinde","2026-06-26 14:31"
"50524497530","Prex","Jill Countey","2025-11-27 22:15","Logan Loisel","2025-11-27 22:13"
"22930792768","Adira Finance","Benjamin Duckworth","2024-10-04 13:38"
"29935082617","JSR North America Holdings","Grant Dienaar (Deactivated User)","2024-12-10 18:02","Roni Amar (Deactivated User)","2024-12-07 07:11"
"17506062115","Very","Chris Newsome","2024-03-13 10:29","Ella Furman (Deactivated User)","2024-03-12 15:14","Chris Newsome","2024-02-14 10:52","Ella Furman (Deactivated User)","2024-02-14 00:00"
"39280159622","Cyera","Sharon Peretz","2025-06-25 18:44","Jason Chiu (Deactivated User)","2025-06-25 17:48","Chase Depperschmidt (Deactivated User)","2025-06-25 17:48"
"42929816915","Fiserv","Rick Walker","2026-04-23 17:29","Tom Skarzynski (Deactivated User)","2025-08-27 21:19","Logan Loisel","2025-08-26 23:53"
"16505769831","Xceptor 2025","Omri Gilad","2025-01-15 16:33","Cillian Golden (Deactivated User)","2024-01-28 09:03","Chris Newsome","2023-12-14 19:38"
"30642075998","Kintetsu World Express ","Benjamin Duckworth","2024-12-17 17:51","Benjamin Duckworth","2024-12-17 17:51","Benjamin Duckworth","2024-12-17 17:50","Benjamin Duckworth","2024-12-17 17:50","Netta Borowitsh","2024-12-17 17:50","Netta Borowitsh","2024-12-17 17:49","Netta Borowitsh","2024-12-17 17:49","Netta Borowitsh","2024-12-17 17:49","Benjamin Duckworth","2024-03-11 10:26","Netta Borowitsh","2024-03-11 06:54"
"41519639992","Disrupt","Cillian Golden (Deactivated User)","2025-08-07 15:40","Adrian Sandu","2025-08-07 15:33"
"35419279423","BITMARCK ","Cillian Golden (Deactivated User)","2025-04-03 16:24","Netta Borowitsh","2025-04-03 15:40"
"29813125529","JPMorgan Chase & Co. ","Sam Neill (Deactivated User)","2024-12-04 12:13","Logan Loisel","2024-12-04 00:00"
"47469016900","Dropbox","Daniel Alper","2025-10-29 11:17","Logan Loisel","2025-10-28 20:04"
"49025637720","Hootsuite","John Romano","2025-11-14 10:50","Logan Loisel","2025-11-14 09:38"
"43479840334","Nedbank","James Pritchard","2025-09-08 16:08","Adrian Sandu","2025-09-08 16:06"
"20138307440","Cal","Sharon Peretz","2024-06-17 16:07","Netta Borowitsh","2024-06-17 16:03"
"16041298222","Forcepoint","Jill Countey","2025-03-17 20:41","Chris Newsome","2023-11-14 09:32","Ella Furman (Deactivated User)","2023-11-13 19:57"
"19731593130","Everest Insurance","John Romano","2024-05-31 15:27"
"35837552683","Hinge Health","Jill Countey","2025-04-17 10:03","Roni Amar (Deactivated User)","2025-04-17 08:56"
"35825108755","Koch Industries (Central Plat Eng w/ Kamau)","Rick Walker","2026-01-28 11:33","Sam Neill (Deactivated User)","2025-04-16 16:58"
"51516430920","Minted  - 2,026","Andrew Johnston","2026-05-05 21:59","John Romano","2025-12-31 21:00","Adrian Wong (Deactivated User)","2025-12-10 16:36"
"35184538135","Barings","Jason Chiu (Deactivated User)","2025-03-30 11:34","Netta Borowitsh","2025-03-28 19:16"
"50443104423","Nomi Health","Jill Countey","2025-11-25 17:26","Jill Countey","2025-11-25 17:03","Logan Loisel","2025-11-24 23:03","Jill Countey","2025-11-24 21:26","Logan Loisel","2025-11-24 21:25"
"61030417475","Apple","Jeff Graham","2026-06-23 18:41","Rachel Jean","2026-06-11 21:10"
"59369971499","FinThrive ","Aaron Marans","2026-04-20 23:02"
"17884479613","HCL Technologies","Benjamin Duckworth","2024-03-06 15:33","Jonathan Gruber","2024-03-06 15:17"
"61030321058","Conde Nast","Jeff Graham","2026-06-23 18:38","Rachel Jean","2026-06-11 22:19"
"13959412392","Viavi Solutions - old ","Ella Furman (Deactivated User)","2023-08-16 11:01","Aviv Lavie (Deactivated User)","2023-07-03 23:22"
"55556229997","Crowe","Tali Cohen","2026-04-23 17:20","Tom Skarzynski (Deactivated User)","2026-02-05 16:07","Logan Loisel","2026-02-04 22:17"
"58878538555","Flatiron Health","EJ Rauseo","2026-04-06 19:25","Adrian Sandu","2026-04-06 19:23"
"21203716194","SimilarWeb","Sharon Peretz","2024-08-07 10:59"
"15990867054","CVS Health","Sam Neill (Deactivated User)","2023-11-09 18:00","Ella Furman (Deactivated User)","2023-11-09 17:50"
"37179865160","MoEngage","Scott Dunion","2025-05-14 16:26","Roni Amar (Deactivated User)","2025-05-14 14:09"
"16057293678","Favor Delivery","Chris Newsome","2023-11-15 12:38","Ella Furman (Deactivated User)","2023-11-14 18:50"
"34376708137","Cargill","Jeff Graham","2025-03-07 23:55","Charity Lee","2025-03-07 23:52"
"18169952290","Julius Baer Group - KubeCon","Benjamin Duckworth","2024-03-24 12:28"
"36532889144","Proofpoint","John Romano","2025-05-04 11:45","Netta Borowitsh","2025-04-30 14:13"
"30133969827","PSL Group ","Chris Newsome","2024-12-12 12:19"
"22183492648","Viasat Inc ","Tom Skarzynski (Deactivated User)","2024-09-12 13:06","Amit Zonenfeld (Deactivated User)","2024-09-12 01:37"
"33051501192","Dezerv","Scott Dunion","2025-02-05 12:13","Netta Borowitsh","2025-02-05 12:11"
"29690561154","Gumtree","Cillian Golden (Deactivated User)","2024-12-01 11:01","Netta Borowitsh","2024-11-28 23:46"
"38706695807","Fortis","Dylan Leija","2025-08-20 21:45","Jason Chiu (Deactivated User)","2025-06-10 00:33","Dylan Leija","2025-06-10 00:33"
"17674400007","Synechron Inc.","Benjamin Duckworth","2024-02-22 15:41"
"28271890070","Lexmark International, Inc.","Sam Neill (Deactivated User)","2024-10-23 12:23","Logan Loisel","2024-10-22 21:36"
"37601460992","Teamworks","Jill Countey","2025-05-22 15:54","Logan Loisel","2025-05-22 15:50"
"19359251322","7-Eleven - 2,025","Omri Gilad","2025-01-15 16:39","Sam Neill (Deactivated User)","2024-05-14 17:59"
"49416387213","S&P Global","Tom Skarzynski (Deactivated User)","2025-11-17 23:43","Charity Lee","2025-11-17 23:43"
"15843408144","Georgia-Pacific","Ella Furman (Deactivated User)","2023-10-30 13:21"
"61030154622","WalkMe LTD.","William Nagle","2026-06-11 22:25"
"57941152534","Elsevier","James Pritchard","2026-03-12 16:37","Subby Makinde","2026-03-12 16:36"
"35347103671","BCP Bank","Logan Loisel","2025-06-11 18:49","Adrian Sandu","2025-06-10 14:57","Roni Amar (Deactivated User)","2025-04-18 17:21","Sam Neill (Deactivated User)","2025-04-06 15:19","Tali Cohen","2025-04-01 21:29"
"43365443469","Consorcio","Ignacio De Loera","2026-01-28 11:44","Sam Neill (Deactivated User)","2025-09-04 18:22","Logan Loisel","2025-09-04 18:20"
"43595398170","Grupo Fierro - CS Package","Chris Newsome","2025-09-11 00:51"
"18125003175","Red Hat - KubeCon","Benjamin Duckworth","2024-03-21 11:32"
"19330168674","CreditNinja/ Ninja Holdings","Chris Newsome","2024-05-13 21:24"
"29611066895","Telefonica","Benjamin Duckworth","2024-11-27 17:46","Amit Zonenfeld (Deactivated User)","2024-11-27 15:49"
"59082818225","Westcoast Cloud","Jamie Summers","2026-04-10 22:07"
"59097942302","Skipton Building Society","William Nagle","2026-04-15 17:48","James Butcher","2026-04-10 22:07"
"46599498514","Sun Life Financial Inc","Tali Cohen","2025-10-21 19:39"
"18128889629","Nmbrs  - KubeCon","Ella Furman (Deactivated User)","2024-04-07 14:42","Cillian Golden (Deactivated User)","2024-04-03 17:47","Benjamin Duckworth","2024-03-21 13:21"
"12749100330","Ito World","Ella Furman (Deactivated User)","2023-03-28 15:59"
"29803722753","BMV","Joe Leland (Deactivated User)","2025-09-30 12:06","joe@getpor.io (Deactivated User)","2025-09-30 12:00","Joe Leland (Deactivated User)","2024-12-03 22:33"
"18648663403","LSports - 2,026","Omri Gilad","2025-01-15 16:38","Sharon Peretz","2024-04-15 11:45"
"34335980420","Fractal Analytics Private Limited","Sam Neill (Deactivated User)","2025-03-09 10:20","Netta Borowitsh","2025-03-06 19:22"
"21449849889","Eversource","Jeff Graham","2024-08-15 12:04","Ella Furman (Deactivated User)","2024-08-14 17:53"
"61113535821","Metlife","Jeff Graham","2026-06-15 23:16","Rachel Jean","2026-06-15 23:16"
"21173717025","Bloomerang","Chris Newsome","2024-08-06 19:10","Dylan Leija","2024-08-05 17:52"
"58158685341","Alteryx Inc ","Jill Countey","2026-03-23 16:51","Charity Lee","2026-03-18 16:25","Logan Loisel","2026-03-18 16:20"
"59097292611","King's College London","Benjamin Duckworth","2026-04-10 22:07"
"28783890496","ON Semiconductor","Jeff Graham","2024-12-05 18:19","Sam Neill (Deactivated User)","2024-11-06 19:20","Chris Newsome","2024-11-06 19:19","Logan Loisel","2024-11-06 18:40"
"12747950149","Pinnacle","Ella Furman (Deactivated User)","2023-03-28 14:16"
"34882716001","Farmers Insurance","Jeff Graham","2025-03-20 16:32","Charity Lee","2025-03-20 16:17"
"60472063789","World Bank - 2,027","Chris Sweeney","2026-05-20 20:41"
"33935016112","Freshworks","John Romano","2025-02-27 16:22","Tom Skarzynski (Deactivated User)","2025-02-26 17:38","Kevin Tarbell","2025-02-25 23:11"
"38978618512","Abbott","Tom Skarzynski (Deactivated User)","2025-06-17 18:44","Charity Lee","2025-06-17 18:44"
"41126031372","Wiz","Shlomi Cohen","2025-07-31 13:00","Gal Tarrab Levi","2025-07-31 12:33"
"53357972609","Upwind ","Sharon Peretz","2026-01-07 14:29"
"48889518916","Visa - KubeCon ATL25","Logan Loisel","2025-11-18 21:21","Roni Amar (Deactivated User)","2025-11-11 18:39"
"34609594018","Fiibo ","Dylan Leija","2025-03-16 14:26","Roni Amar (Deactivated User)","2025-03-13 18:07"
"13650420601","Shutterfly","Ella Furman (Deactivated User)","2023-08-15 15:43","Aviv Lavie (Deactivated User)","2023-06-10 03:22"
"21125857552","PepperGRP","Cillian Golden (Deactivated User)","2024-08-02 05:16"
"40256478880","Sumitomo Mitsui Banking Corporation","Benjamin Duckworth","2026-01-15 13:23","Ross Geall (Deactivated User)","2025-07-30 13:53","Scott Dunion","2025-07-15 11:23"
"56200270644","Principal Financial - New Deal","Tom Skarzynski (Deactivated User)","2026-02-13 17:08"
"29036242038","Lenovo","Jeff Graham","2024-11-14 14:57","Netta Borowitsh","2024-11-14 00:23"
"60842283400","DTE Energy","Evan Smith","2026-06-17 21:53","Logan Loisel","2026-06-03 18:24"
"47720315227","RBC","Jeff Graham","2025-10-30 18:57","Jeff Richards","2025-10-30 17:22"
"14468168509","Mathworks","Shlomi Cohen","2023-09-18 12:16","Ella Furman (Deactivated User)","2023-08-13 18:41","Aviv Lavie (Deactivated User)","2023-08-04 19:56"
"14239837348","Jetstar Airways","Ella Furman (Deactivated User)","2023-08-13 18:41","Aviv Lavie (Deactivated User)","2023-07-20 04:44"
"33335895371","AGL","Scott Dunion","2025-02-11 12:24"
"36601417055","Ocean Technologies Group ","James Pritchard","2025-05-04 13:50","Roni Amar (Deactivated User)","2025-04-30 18:48"
"43269560467","Tata Consultancy Services Ltd","Adrian Sandu","2025-09-02 18:44"
"35591798398","REA Group","William Nagle","2025-05-26 04:52","Scott Dunion","2025-04-09 15:18","Netta Borowitsh","2025-04-09 11:26"
"20351151535","Guidepoint","John Romano","2024-06-26 15:50","Netta Borowitsh","2024-06-26 15:30"
"35322575888","TCS","William Nagle","2025-05-08 01:42","Scott Dunion","2025-04-01 17:18","Roni Amar (Deactivated User)","2025-04-01 16:52"
"33729304908","Zooplus AG - 2,026","Cillian Golden (Deactivated User)","2025-02-20 12:04"
"60668491367","Servicio Agricola Ganadero","Ignacio De Loera","2026-06-02 18:26","Logan Loisel","2026-05-28 10:29","Adrian Sandu","2026-05-28 10:29","Ignacio De Loera","2026-05-28 10:27","Gal Tarrab Levi","2026-05-27 18:39"
"40326215461","Amazon","Johana Ochoa","2025-07-16 21:30","Logan Loisel","2025-07-16 18:29"
"13990697987","eToro","Shlomi Cohen","2023-10-16 19:44","Ella Furman (Deactivated User)","2023-08-13 18:41","Aviv Lavie (Deactivated User)","2023-07-06 10:24"
"34317534630","Run.ai","Sharon Peretz","2025-03-06 10:19","Roni Amar (Deactivated User)","2025-03-05 18:18","Sharon Peretz","2025-03-05 18:10"
"43908066995","Early Warning Services (Zelle)","Daniel Alper","2025-09-18 23:27","Logan Loisel","2025-09-18 22:54"
"36536031070","Publicis Media","James Pritchard","2025-05-04 13:31","Netta Borowitsh","2025-04-30 16:15"
"29377389232","Moonactive - 2,025","Omri Gilad","2025-01-15 16:30","Sharon Peretz","2024-11-20 13:56"
"38859960630","Dot Foods","Travis Dadoly (Deactivated User)","2025-06-13 23:51","Logan Loisel","2025-06-13 23:37","Netta Borowitsh","2025-06-13 22:28"
"42446241575","Yum Connect, LLC d/b/a Byte by Yum!","Tom Skarzynski (Deactivated User)","2025-08-19 17:44","Charity Lee","2025-08-19 17:44"
"18167851147","Verbit - KubeCon","Sharon Peretz","2024-04-12 10:22","Shlomi Cohen","2024-03-25 11:12"
"15416787784","Activix - AutoSync","Chris Newsome","2023-10-11 18:37","Ella Furman (Deactivated User)","2023-10-02 23:08"
"57442758192","TGS - Expansion","Edouard Carakehian","2026-03-03 15:27"
"35608088677","Lendlease","Scott Dunion","2025-04-16 11:32","Amit Zonenfeld (Deactivated User)","2025-04-10 18:49"
"41147607839","EQ Bank","Jill Countey","2025-07-31 20:25","Logan Loisel","2025-07-31 20:25"
"17515601685","DBS","Benjamin Duckworth","2024-02-14 11:25","Ella Furman (Deactivated User)","2024-02-14 08:41"
"53887211294","PayPal ","Jeff Graham","2026-01-14 20:21","Logan Loisel","2026-01-14 20:21"
"54347296353","OP Financial Group","John Barnes","2026-01-23 15:35","Adrian Sandu","2026-01-23 15:34","Adrian Sandu","2026-01-23 15:31","John Barnes","2026-01-23 15:26"
"52454985832","Justt","Sharon Peretz","2025-12-29 15:07","Adrian Sandu","2025-12-23 15:50"
"18127237725","Computacentet - KubeCon","Benjamin Duckworth","2024-03-20 18:19"
"12228796024","Shift","Zohar Einy","2025-10-01 09:31","Ella Furman (Deactivated User)","2023-08-16 11:01","Zohar Einy","2023-02-19 15:09"
"39280160376","Mastercard Inc.","Tom Skarzynski (Deactivated User)","2025-06-25 18:12"
"35425315341","ATIX ","William Nagle","2025-04-03 17:53","Roni Amar (Deactivated User)","2025-04-03 13:37"
"34255186487","Citigroup Inc","Evan Smith","2026-01-28 11:33","Sam Neill (Deactivated User)","2025-03-05 14:50"
"20628816452","Nando's","Benjamin Duckworth","2024-07-09 14:18"
"15090741906","Maya PH 2024","Benjamin Duckworth","2024-01-28 09:31","Shlomi Cohen","2023-09-10 13:45","Ella Furman (Deactivated User)","2023-09-10 13:31"
"56020678811","Justt - 2,027","Omri Gilad","2026-02-11 17:51"
"29118137741","Keyfactor","Chris Newsome","2024-11-14 20:43"
"19543335967","Compass Digital","Chris Newsome","2024-05-22 20:19"
"29777314092","NOV","Jeff Graham","2024-12-03 09:43","Netta Borowitsh","2024-12-02 17:59"
"28563604597","Medtronic - Surgical Unit (50 devs)","Tom Skarzynski (Deactivated User)","2024-10-31 18:46"
"21098787907","Southern Glazer's Wine & Spirits","Tom Skarzynski (Deactivated User)","2024-08-01 09:43"
"15699744572","Nuvei","Shlomi Cohen","2023-10-19 14:47","Ella Furman (Deactivated User)","2023-10-19 11:45"
"57139260277","Accurate","John Romano","2026-02-27 17:06","Wren Huston","2026-02-27 15:52","Subby Makinde","2026-02-27 03:35","Logan Loisel","2026-02-27 03:30"
"37720082098","Sportradar","Ross Geall (Deactivated User)","2025-10-08 13:21","Christos Lemos (Deactivated User)","2025-05-27 16:22","William Nagle","2025-05-25 11:04","Logan Loisel","2025-05-23 11:27"
"61030019686","Bayer","Adrian Sandu","2026-06-11 22:18"
"41126073752","Planview","Logan Loisel","2025-07-31 18:36"
"35344827932","Mercari","William Nagle","2025-04-17 21:04","Scott Dunion","2025-04-02 14:36","Roni Amar (Deactivated User)","2025-04-02 14:23"
"30912933225","Sicredi","Tom Skarzynski (Deactivated User)","2024-12-23 19:14","Joe Leland (Deactivated User)","2024-12-23 15:14","Netta Borowitsh","2024-12-23 14:24"
"28242150916","Amplience Inc","Cillian Golden (Deactivated User)","2024-10-22 16:27"
"48172099701","Wildlife Studios","EJ Rauseo","2025-11-04 16:50"
"18674497438","Cosmos Innovation","Sharon Peretz","2024-04-16 14:02"
"48473786975","Lytx ","John Romano","2025-11-07 00:36"
"15960494166","Casaideas","Ella Furman (Deactivated User)","2023-12-06 17:44","Chris Newsome","2023-11-08 17:20","Ella Furman (Deactivated User)","2023-11-08 00:57"
"12800598819","SSE","Ella Furman (Deactivated User)","2023-04-01 10:48"
"15957601875","C Hoare & Co","Benjamin Duckworth","2023-12-01 12:33","Shlomi Cohen","2023-11-08 16:47","Ella Furman (Deactivated User)","2023-11-07 21:20"
"29152544911","workstand.com ","Joe Leland (Deactivated User)","2025-09-30 12:06","joe@getpor.io (Deactivated User)","2025-09-30 12:00","Joe Leland (Deactivated User)","2024-11-20 21:35","Cillian Golden (Deactivated User)","2024-11-20 21:23","Joe Leland (Deactivated User)","2024-11-15 21:03"
"55031420013","NTT DATA Corporation","Ignacio De Loera","2026-01-29 22:55","Logan Loisel","2026-01-29 22:53"
"58654619801","Banco de Chile - 2027","Ignacio De Loera","2026-03-31 21:46"
"29386094872","Checkmarx - Add on 150","Sharon Peretz","2024-11-20 14:06"
"58439798455","KubeCon EU 2026 - Open Systems","Matt Bilsland","2026-03-26 23:26"
"19002272439","TownSq","Joe Leland (Deactivated User)","2025-09-30 12:06","joe@getpor.io (Deactivated User)","2025-09-30 11:59","Joe Leland (Deactivated User)","2024-05-01 11:05","Ella Furman (Deactivated User)","2024-04-30 13:58"
"51689845008","AutoNation","Logan Loisel","2026-03-12 20:32","Tali Cohen","2025-12-13 10:38"
"58430175514","Chainalysis - KubeCon EU 2026","John Romano","2026-03-27 17:30","James Pritchard","2026-03-26 23:26"
"12750463557","OneTrust - cancelled","Ella Furman (Deactivated User)","2023-03-28 17:25"
"18014122248","PayU","Cillian Golden (Deactivated User)","2024-03-14 13:45","Amit Zonenfeld (Deactivated User)","2024-03-13 16:33"
"56136030288","Grammarly","Jill Countey","2026-02-12 17:16"
"35516600644","Paggo AI","Dylan Leija","2025-04-07 10:59","Roni Amar (Deactivated User)","2025-04-07 03:42"
"35759455004","C4 Technical Services","Logan Loisel","2026-01-01 12:29","Johana Ochoa","2025-04-22 18:57","Chris Newsome","2025-04-15 18:48","Chris Hodson (Deactivated User)","2025-04-15 18:48"
"61451526512","Hyundai Motor Europe","John Barnes","2026-06-25 14:01","William Nagle","2026-06-23 10:25","Logan Loisel","2026-06-23 10:24"
"56611952900","Smarsh - additional seats ","Omri Gilad","2026-02-19 17:59"
"23237556286","LexisNexis","Jeff Graham","2024-10-15 11:54","Netta Borowitsh","2024-10-15 11:44"
"48813307530","DKV Mobility","Sharon Peretz","2025-11-10 17:31","Adrian Sandu","2025-11-10 17:06"
"61030084485","Progressive","Dylan Leija","2026-06-11 22:23","Rachel Jean","2026-06-11 22:22"
"13068492458","Decathlon","Ella Furman (Deactivated User)","2023-08-16 11:01","Zohar Einy","2023-04-20 13:51"
"35196203569","Thales","Benjamin Duckworth","2025-03-30 11:31","Benjamin Duckworth","2025-03-30 11:30","Benjamin Duckworth","2025-03-30 11:30","Benjamin Duckworth","2025-03-30 11:27","Benjamin Duckworth","2025-03-30 11:26","Netta Borowitsh","2025-03-29 17:22","Netta Borowitsh","2025-03-29 17:22","Netta Borowitsh","2025-03-29 17:21","Netta Borowitsh","2025-03-29 17:21","Netta Borowitsh","2025-03-29 17:21","Benjamin Duckworth","2023-12-13 16:29","Shlomi Cohen","2023-11-02 17:20","Ella Furman (Deactivated User)","2023-11-02 12:49"
"12520212003","TIAA","Ella Furman (Deactivated User)","2023-08-16 11:01","Zohar Einy","2023-03-13 23:51"
"18124074328","Tietoevry Corporation - KubeCon","Benjamin Duckworth","2024-03-27 13:07","Cillian Golden (Deactivated User)","2024-03-20 13:18"
"49170248809","Visa KubeCon ATL 25","Jeff Graham","2025-11-14 23:50","Logan Loisel","2025-11-14 23:35"
"52036285540","thomson reuters - Upsell","Jeff Graham","2025-12-18 17:48"
"33182929177","Select Sires / World Wide Sires","Jill Countey","2025-02-09 09:37","Jill Countey","2025-02-07 22:22","Jill Countey","2025-02-05 11:04","Netta Borowitsh","2025-02-05 11:01","Netta Borowitsh","2025-02-05 11:01","Netta Borowitsh","2025-02-05 11:01","Netta Borowitsh","2025-02-05 11:01","Netta Borowitsh","2025-02-04 19:09"
"29879086411","The Church of Jesus Christ of Latter-day Saints ","Jeff Graham","2024-12-05 03:27"
"29883560967","J.P. Morgan & Co","Sam Neill (Deactivated User)","2024-12-05 11:39","Amit Zonenfeld (Deactivated User)","2024-12-05 03:31"
"18449234822","Aspida - 2,027","Andrew Johnston","2026-05-10 09:01","Omri Gilad","2025-12-31 21:01","Adrian Wong (Deactivated User)","2025-04-14 15:35","Omri Gilad","2025-01-15 16:38","Chris Newsome","2024-04-05 14:56"
"47618018433","GE Aerospace","Jeff Graham","2025-11-03 23:13","Logan Loisel","2025-10-29 19:24"
"32130149395","Amazon Web Services","Johana Ochoa","2025-01-17 12:19","Logan Loisel","2025-01-16 23:42"
"19135013183","McDonald's","Tom Skarzynski (Deactivated User)","2024-05-05 13:14"
"43713273374","Absa Group","James Pritchard","2025-09-16 12:40"
"40670307408","S&P Global","Tom Skarzynski (Deactivated User)","2025-07-28 19:22","Charity Lee","2025-07-28 19:22","Tom Skarzynski (Deactivated User)","2025-07-28 19:21","Charity Lee","2025-07-22 18:51"
"18124426900","DNB - KubeCon","Benjamin Duckworth","2024-03-20 14:51"
"60524923975","Lightcast","EJ Rauseo","2026-05-21 21:21","EJ Rauseo","2026-05-21 21:19","Wren Huston","2026-05-21 21:10","Aaron Marans","2026-05-21 21:07","Aaron Marans","2026-05-21 21:05"
"61004656387","Palo Alto - New Deal","Raz Chen","2026-06-22 20:04","Logan Loisel","2026-06-10 22:44"
"35300246624","DSB ","James Pritchard","2025-07-15 16:28","James Bennett (Deactivated User)","2025-04-01 14:18","Roni Amar (Deactivated User)","2025-04-01 14:10"
"18595964581","Xsolla LLC ","Cillian Golden (Deactivated User)","2024-04-14 10:51","Amit Zonenfeld (Deactivated User)","2024-04-12 15:39"
"51435564562","Cigna - Evernorth","Tom Skarzynski (Deactivated User)","2025-12-15 23:27","Logan Loisel","2025-12-08 18:19","Adrian Sandu","2025-12-08 17:17"
"48541558704","INVEX ","John Romano","2025-11-07 23:36","Logan Loisel","2025-11-07 23:35"
"29778851962","Engineering.it","Benjamin Duckworth","2024-12-03 13:21","Amit Zonenfeld (Deactivated User)","2024-12-03 13:17"
"58430020452","KubeCon EU 2026 - Lloyds Banking Group","Jamie Summers","2026-06-01 11:14","Subby Makinde","2026-03-27 16:54","Adrian Sandu","2026-03-26 23:26"
"57443126368","EY GDS","Subby Makinde","2026-03-13 12:49","James Pritchard","2026-03-03 13:44"
"55031444139","BlackRock","Evan Smith","2026-02-02 10:16","Charity Lee","2026-01-30 18:10","Evan Smith","2026-01-28 11:30","Charity Lee","2026-01-06 19:16","Sam Neill (Deactivated User)","2025-07-16 20:37","Logan Loisel","2025-07-16 19:58","Sam Neill (Deactivated User)","2025-07-08 19:05"
"29714304565","Galenica","Benjamin Duckworth","2024-12-01 16:55"
"13290080023","DroneUp","Ella Furman (Deactivated User)","2023-05-10 18:06"
"61031641671","Wesco Anxiter","Tali Cohen","2026-06-30 17:23","Dylan Leija","2026-06-30 17:23","Logan Loisel","2026-06-11 22:25"
"29037008216","NMI","Chris Newsome","2024-11-14 00:01"
"29155720289","NCARNational Center for Atmospheric Research ","John Romano","2024-11-15 22:01"
"13373946269","CyberSixGill","Shlomi Cohen","2023-08-13 18:40","Ella Furman (Deactivated User)","2023-05-18 09:23"
"58135851009","Questrade","Jill Countey","2026-03-18 19:04","Wren Huston","2026-03-18 19:04"
"18226428735","Toast","Tom Skarzynski (Deactivated User)","2024-03-26 20:00","Sam Neill (Deactivated User)","2024-03-26 10:36","Netta Borowitsh","2024-03-25 22:09"
"50388094509","104人力銀行(Job Bank)","Scott Dunion","2025-11-25 12:33"
"38278799210","Signifyd","Jason Chiu (Deactivated User)","2025-06-02 17:15","Logan Loisel","2025-06-02 17:13","Logan Loisel","2025-05-31 00:27","Logan Loisel","2025-05-31 00:26"
"42228330764","Mayo Clinic College of Medicine and Science","Tali Cohen","2025-08-15 22:09"
"17671736761","Nokia","Benjamin Duckworth","2024-02-22 14:25"
"35318786875","Booking.com ","Ross Geall (Deactivated User)","2025-04-01 14:17","Netta Borowitsh","2025-04-01 12:37"
"56935802284","doTERRA","John Romano","2026-02-25 22:13","Tom Skarzynski (Deactivated User)","2026-02-25 16:34","Charity Lee","2026-02-24 23:40","Travis Dadoly (Deactivated User)","2026-02-24 23:40"
"44675727677","Big Mimo","Adrian Sandu","2025-09-28 14:38"
"51260241934","Safaricom","Ross Geall (Deactivated User)","2025-12-04 14:43","Subby Makinde","2025-12-04 14:42","Subby Makinde","2025-12-04 14:36","Ross Geall (Deactivated User)","2025-12-04 14:36","Adrian Sandu","2025-12-04 14:21"
"15842871874","VyStar Credit Union","Ella Furman (Deactivated User)","2023-10-30 11:43"
"61030104906","Attentive","Aaron Marans","2026-06-11 23:59","Wren Huston","2026-06-11 22:18"
"48473708709","NetScout Systems, Inc.","EJ Rauseo","2026-01-06 19:27","Jason Chiu (Deactivated User)","2025-11-10 17:03","Jill Countey","2025-11-06 18:38","Logan Loisel","2025-11-06 16:42"
"35352252576","ClickHouse Inc ","Dylan Leija","2025-04-28 21:58","Daniel Alper","2025-04-02 14:25","Netta Borowitsh","2025-04-02 13:40"
"42420000130","The University of Melbourne - expand","Omri Gilad","2026-02-17 11:24","Omri Negri (Deactivated User)","2026-02-17 11:24","Scott Dunion","2025-08-19 07:22"
"33351963545","Pacifico Seguros - 2,027","Ignacio De Loera","2026-01-18 10:36","Sam Neill (Deactivated User)","2025-02-11 20:38"
"12744637456","Eventbrite","Ella Furman (Deactivated User)","2023-08-16 11:02","Yonatan Boguslavski","2023-04-17 18:41","Zohar Einy","2023-03-28 11:10"
"29669492647","Augury","Sharon Peretz","2024-11-28 12:22","Netta Borowitsh","2024-11-28 12:04","Sharon Peretz","2024-11-21 15:16"
"52843125407","PwC Australia","Scott Dunion","2025-12-30 11:44","Dylan Leija","2025-12-30 08:58","Gal Tarrab Levi","2025-12-29 22:39"
"30940330811","Discount Bank - 2,025","Sharon Peretz","2024-12-24 10:23"
"35303349888","Liveperson ","Dylan Leija","2025-04-28 21:58","Daniel Alper","2025-04-01 14:46","Netta Borowitsh","2025-04-01 14:39"
"35846315312","NRG Energy, Inc.","Jeff Graham","2025-04-17 10:00","Netta Borowitsh","2025-04-17 01:21"
"15465000784","ASEE","Shlomi Cohen","2023-10-23 18:32","Sam Neill (Deactivated User)","2023-10-05 13:57","Chris Newsome","2023-10-05 13:50","Ella Furman (Deactivated User)","2023-10-05 13:45"
"59079594564","Knight Optical","William Nagle","2026-04-10 22:07"
"61173757983","Mercedes-Benz","James Pritchard","2026-06-17 15:10","Subby Makinde","2026-06-17 13:53"
"14894155876","Superbet","Shlomi Cohen","2023-09-20 17:26","Ella Furman (Deactivated User)","2023-08-30 16:59"
"29132751024","Barracuda","Dylan Leija","2025-02-03 10:04","Chris Newsome","2025-01-30 17:14","Amit Zonenfeld (Deactivated User)","2024-12-17 01:12","Chris Newsome","2024-11-26 16:39","Joe Leland (Deactivated User)","2024-11-17 00:15","Amit Zonenfeld (Deactivated User)","2024-11-15 19:51"
"18148122458","Bank for international settlements - KubeCon","Cillian Golden (Deactivated User)","2024-05-14 15:51","Benjamin Duckworth","2024-03-24 17:39"
"33055121445","BrainRocket","Sharon Peretz","2025-02-05 10:58","Netta Borowitsh","2025-02-05 09:51"
"58437244981","KubeCon EU 2026 - Yoco","William Nagle","2026-04-02 17:15","James Butcher","2026-03-26 23:26"
"19496074093","City National Bank","Tom Skarzynski (Deactivated User)","2024-05-21 11:19","Joe Leland (Deactivated User)","2024-05-21 11:11","Ella Furman (Deactivated User)","2024-05-20 21:15"
"15793278290","DocuSign","Sam Neill (Deactivated User)","2023-10-26 12:50","Ella Furman (Deactivated User)","2023-10-26 12:33"
"37213672195","QUT","Scott Dunion","2025-05-15 14:14"
"55341866420","capital one","Tali Cohen","2026-04-13 17:03","Travis Dadoly (Deactivated User)","2026-02-02 08:46","Tom Skarzynski (Deactivated User)","2026-01-26 21:04","Logan Loisel","2026-01-26 21:04","Travis Dadoly (Deactivated User)","2026-01-07 19:53","Sam Neill (Deactivated User)","2026-01-06 17:41"
"40800536739","Efi","Jason Chiu (Deactivated User)","2025-07-24 23:05","Adrian Sandu","2025-07-24 23:04"
"38745772035","Serko Ltd - Expansion","Scott Dunion","2025-06-11 02:57"
"40425253982","AMBOSS MD Inc","Cillian Golden (Deactivated User)","2025-07-18 11:47","Adrian Sandu","2025-07-18 11:37"
"13185312790","Earnix ","Ella Furman (Deactivated User)","2023-04-30 10:12"
"47096576342","Equiniti","Adrian Sandu","2025-12-30 11:55","James Pritchard","2025-10-27 11:39"
"35396649286","Wells Fargo","Rick Walker","2026-01-28 11:29","Sam Neill (Deactivated User)","2025-04-02 22:30","Sam Neill (Deactivated User)","2025-04-02 22:28","Sam Neill (Deactivated User)","2025-03-28 21:25","Sam Neill (Deactivated User)","2024-12-22 11:13","Sam Neill (Deactivated User)","2024-12-22 11:13","Netta Borowitsh","2024-12-20 18:35","Netta Borowitsh","2024-12-20 18:35","Sam Neill (Deactivated User)","2024-12-15 13:40","Amit Zonenfeld (Deactivated User)","2024-12-15 13:38","Sam Neill (Deactivated User)","2024-10-21 18:27","Logan Loisel","2024-10-17 01:40"
"29815237173","Volvo Group","Benjamin Duckworth","2024-12-04 12:29","Jeff Graham","2024-12-04 01:03"
"28979755808","Cuemby","John Romano","2025-01-30 17:20","Grant Dienaar (Deactivated User)","2024-11-16 05:21","John Romano","2024-11-12 19:01"
"21110274182","GitLab Inc.","Chris Newsome","2024-08-01 18:28","Sam Neill (Deactivated User)","2024-08-01 14:03","Amit Zonenfeld (Deactivated User)","2024-08-01 13:57"
"29378793800","Sanoma","Benjamin Duckworth","2024-11-20 16:50"
"12881863534","Flipsidecrypto","Shlomi Cohen","2023-08-08 07:18","Yonatan Boguslavski","2023-04-17 13:48","Ella Furman (Deactivated User)","2023-04-07 12:57"
"35415144286","Ten Twenty One ","William Nagle","2025-04-07 12:37","Netta Borowitsh","2025-04-03 19:02"
"14260048171","ICEO","Ella Furman (Deactivated User)","2023-08-16 11:01","Aviv Lavie (Deactivated User)","2023-07-21 08:03"
"59851642251","Consorcio - 2,027","Ignacio De Loera","2026-04-30 14:38"
"58445138791","KubeCon EU 2026 - ICEYE","Sharon Peretz","2026-03-26 23:26"
"19522131763","Hurb","Joe Leland (Deactivated User)","2025-09-30 12:06","joe@getpor.io (Deactivated User)","2025-09-30 11:59","Joe Leland (Deactivated User)","2024-05-22 13:25","Netta Borowitsh","2024-05-22 00:55"
"58414337024","Phreesia ","John Romano","2026-03-26 19:50","Logan Loisel","2026-03-26 19:48"
"16367310440","CRIF","Benjamin Duckworth","2023-12-05 14:35","Ella Furman (Deactivated User)","2023-12-05 12:15","Jonathan Gruber","2023-12-05 12:02"
"13796504713","7-Eleven","Sam Neill (Deactivated User)","2023-09-21 01:38","Shlomi Cohen","2023-08-13 18:40","Aviv Lavie (Deactivated User)","2023-06-20 23:53"
"58241598784","Zscaler","Tom Skarzynski (Deactivated User)","2026-03-24 16:32","Logan Loisel","2026-03-23 11:14"
"29110240829","Blockgraph","John Romano","2024-11-14 01:01"
"30462224684","GenCat - Expansion","James Pritchard","2025-12-30 12:47","Benjamin Duckworth","2024-12-16 17:28"
"46762513234","Ki Insurance","William Nagle","2025-12-16 19:31","Cillian Golden (Deactivated User)","2025-10-23 17:05","Adrian Sandu","2025-10-23 16:28"
"17171487297","Marriott International","Sam Neill (Deactivated User)","2024-01-27 11:55","Amit Zonenfeld (Deactivated User)","2024-01-26 19:13"
"37568183138","Youse","Daniel Alper","2025-05-23 20:00","Logan Loisel","2025-05-22 00:07"
"16954701092","Waystar","Jill Countey","2025-03-17 20:48","Chris Newsome","2024-01-16 10:17","Ella Furman (Deactivated User)","2024-01-15 18:07"
"22680826516","S&P Global","Tom Skarzynski (Deactivated User)","2024-09-27 00:36"
"12748381610","Cargill","Ella Furman (Deactivated User)","2023-03-28 15:54"
"60371652702","West Coast University","Daniel Alper","2026-05-20 19:12","Aaron Marans","2026-05-20 00:35"
"62092779858","Cribl ","John Romano","2026-07-02 21:08","Adrian Sandu","2026-07-02 06:33"
"59081588649","Central Bank of Ireland","Matt Bilsland","2026-04-10 22:07"
"60182252458","Guidepoint v2","John Romano","2026-05-11 22:08","Wren Huston","2026-05-11 22:00","John Romano","2026-05-11 21:58","Kevin Tarbell","2026-05-11 21:57"
"15418669486","Duolingo","Chris Newsome","2023-10-03 17:07","Ella Furman (Deactivated User)","2023-10-03 01:55"
"20608413749","Henkel","Benjamin Duckworth","2024-07-08 17:36","Netta Borowitsh","2024-07-08 16:41"
"14041472650","Unifonic","Shlomi Cohen","2023-08-07 21:11","Aviv Lavie (Deactivated User)","2023-07-10 11:09"
"39490460721","SonarSource - 2,026","Omri Gilad","2025-08-05 17:18","Cillian Golden (Deactivated User)","2025-06-30 18:21"
"38741769399","Semperis Technologies Inc","Sharon Peretz","2025-06-30 17:56","Jason Chiu (Deactivated User)","2025-06-10 23:10"
"15412804745","Genentech","Sam Neill (Deactivated User)","2023-10-03 17:08","Ella Furman (Deactivated User)","2023-10-02 17:31"
"35392942676","Future  ","William Nagle","2025-04-23 16:18","Cillian Golden (Deactivated User)","2025-04-11 14:15","Sharon Peretz","2025-04-03 14:51","Roni Amar (Deactivated User)","2025-04-02 20:16"
"57200705453","Air New Zealand - Expansion","Scott Dunion","2026-03-01 23:58"
"61685247793","Duolingo - New Deal","Wren Huston","2026-06-30 11:43","Adrian Sandu","2026-06-26 23:04"
"35113386335","Transbank","Joe Leland (Deactivated User)","2025-09-30 12:06","joe@getpor.io (Deactivated User)","2025-09-30 11:59","Joe Leland (Deactivated User)","2025-03-26 20:48"
"35260967334","Gloat - 2,026","Omri Gilad","2025-03-31 17:13"
"35063164811","KeHE","Tali Cohen","2025-03-25 18:55","Netta Borowitsh","2025-03-25 18:52"
"31712069474","ING","Ross Geall (Deactivated User)","2025-01-09 10:57","Netta Borowitsh","2025-01-09 09:30","Ross Geall (Deactivated User)","2024-12-19 12:36"
"21822516582","MiQ","Chris Newsome","2024-08-30 19:41"
"16073190832","MAXIMUS","Sam Neill (Deactivated User)","2023-11-15 19:41","Ella Furman (Deactivated User)","2023-11-15 18:44"
"59369610065","EA Games","Rick Walker","2026-04-21 08:31","Rick Walker","2026-03-04 21:27","Charity Lee","2026-03-04 21:26","Rick Walker","2026-01-28 11:40","Sam Neill (Deactivated User)","2024-12-09 23:01","Scott Dunion","2024-12-09 15:51","Amit Zonenfeld (Deactivated User)","2024-12-05 23:53"
"15843150472","Trace3","Ella Furman (Deactivated User)","2023-10-30 12:00"
"62121770768","Western University","Daniel Alper","2026-07-06 15:46","Wren Huston","2026-07-06 15:46"
"60635087248","Skai","Sharon Peretz","2026-05-26 15:33","Logan Loisel","2026-05-26 09:17"
"41553529723","Infosys","Adrian Sandu","2025-08-07 16:27"
"35518091588","TPConnects ","Cillian Golden (Deactivated User)","2025-04-07 10:58","Netta Borowitsh","2025-04-07 07:43"
"45457413810","DKSH","James Pritchard","2025-10-08 12:56","Subby Makinde","2025-10-08 12:49","Adrian Sandu","2025-10-08 12:42"
"42826753304","Interbank","Ignacio De Loera","2026-01-28 11:28","Sam Neill (Deactivated User)","2025-08-26 11:27","Amit Zonenfeld (Deactivated User)","2025-08-25 17:48"
"29881052769","VOSKER","John Romano","2024-12-08 10:48","Amit Zonenfeld (Deactivated User)","2024-12-05 21:03"
"15960070012","Victoria's Secret","Ella Furman (Deactivated User)","2023-12-06 17:44","Sam Neill (Deactivated User)","2023-11-08 17:23","Ella Furman (Deactivated User)","2023-11-08 00:16"
"29040857867","GitLab Inc. ","Chris Newsome","2024-11-14 11:16","Netta Borowitsh","2024-11-13 21:03"
"29041780275","Inter","Tom Skarzynski (Deactivated User)","2024-11-14 11:59","Netta Borowitsh","2024-11-14 00:29"
"20360194649","Glintt Global - 2,025","Omri Gilad","2025-01-15 16:43","Sharon Peretz","2024-06-26 21:38"
"43989657448","HTX","Scott Dunion","2025-09-20 12:08","Adrian Sandu","2025-09-20 09:34"
"34631444061","Hostinger","Cillian Golden (Deactivated User)","2025-03-13 17:31","Cillian Golden (Deactivated User)","2025-03-13 17:31","Netta Borowitsh","2025-03-13 16:47","Netta Borowitsh","2025-03-13 16:47","Cillian Golden (Deactivated User)","2025-03-06 10:05","Netta Borowitsh","2025-03-06 08:49"
"42657066380","LHV UK","Cillian Golden (Deactivated User)","2025-08-22 13:08"
"58440265326","KubeCon EU 2026 - Swedbank AB","John Barnes","2026-03-27 20:17","Jamie Summers","2026-03-26 23:26"
"19513327664","Shaype","Cillian Golden (Deactivated User)","2024-05-21 17:40"
"38161117263","Yum Brands - 2026 Expansion (eComm)","Tom Skarzynski (Deactivated User)","2025-05-29 18:12"
"36065043052","senhasegura - 2,028","Omri Gilad","2025-12-31 21:01","Adrian Wong (Deactivated User)","2025-04-22 15:48"
"32081188684","Vaus LTD - Xenit","Sharon Peretz","2025-01-15 18:48"
"15653360515","MLB","Sam Neill (Deactivated User)","2023-10-16 19:24","Ella Furman (Deactivated User)","2023-10-16 18:49"
"60637004883","Aqua Security Software","Sharon Peretz","2026-05-26 15:28","William Nagle","2026-05-26 11:40","Adrian Sandu","2026-05-26 11:35"
"61638302347","Maya PH - 2,028","Omri Gilad","2026-06-26 10:51"
"16799184694","Youi 2024","Shlomi Cohen","2024-01-04 09:48"
"21115170085","SPS Commerce - Q4 Upsell","Chris Newsome","2024-08-01 18:34"
"35303644972","Eviden","Subby Makinde","2025-04-17 21:00","Netta Borowitsh","2025-04-09 18:21","Ross Geall (Deactivated User)","2025-04-01 13:20","Netta Borowitsh","2025-04-01 12:18"
"52033584252","Develeap","Sharon Peretz","2025-12-17 17:42"
"45329092878","Modernizing Medicine","EJ Rauseo","2026-01-05 16:33","Jason Chiu (Deactivated User)","2025-10-06 23:42","Logan Loisel","2025-10-06 21:16"
"20510066206","Auto & General Australia","Chris Newsome","2024-07-03 16:36"
"13909669707","Hargreaves Lansdown","Ella Furman (Deactivated User)","2023-08-13 18:41","Aviv Lavie (Deactivated User)","2023-06-29 15:15"
"39286797610","Positive Solutions","Cillian Golden (Deactivated User)","2025-07-01 18:53","Adrian Sandu","2025-06-25 23:11"
"40471774340","Mastercard Inc.","Tom Skarzynski (Deactivated User)","2025-07-18 22:10"
"34943525467","UPS","Jeff Graham","2025-03-22 22:19","Charity Lee","2025-03-22 22:16"
"35395522114","Orange","Ross Geall (Deactivated User)","2025-04-03 14:09","Netta Borowitsh","2025-04-03 14:01"
"59103260548","Softcodix","Subby Makinde","2026-04-10 22:07"
"17675592863","Amr Tech Solutions ","Amit Zonenfeld (Deactivated User)","2024-02-27 01:30","Chris Newsome","2024-02-22 18:35"
"32354970426","Tyler Technologies, Inc.","Chris Newsome","2025-01-23 15:19"
"13117561267","Cateina","Ella Furman (Deactivated User)","2023-04-24 16:17"
"60713853259","St. Jude Children's Research Hospital  - 2,029","Andrew Johnston","2026-05-31 14:58","John Romano","2026-05-29 21:42"
"17118287378","Kanton Basel-Stadt","Cillian Golden (Deactivated User)","2024-01-23 18:24"
"29044047625","Lean Tree","Benjamin Duckworth","2024-11-26 19:38","Cillian Golden (Deactivated User)","2024-11-16 05:12","Netta Borowitsh","2024-11-14 19:07"
"34179808584","tiket.com","Scott Dunion","2025-03-03 17:07","Roni Amar (Deactivated User)","2025-03-03 16:56"
"29123243319","Sylogic","Joe Leland (Deactivated User)","2025-09-30 12:06","joe@getpor.io (Deactivated User)","2025-09-30 12:00","Joe Leland (Deactivated User)","2024-11-15 01:16"
"51909364737","Zooplus AG - 2,027","Edouard Carakehian","2026-02-08 13:14","Omri Gilad","2026-01-18 10:51","Cillian Golden (Deactivated User)","2025-12-15 12:28"
"50330965051","Dollar General","Charity Lee","2026-01-06 19:16","Travis Dadoly (Deactivated User)","2025-11-25 00:18"
"55358177448","CGI","Jeff Graham","2026-04-02 21:35","Travis Dadoly (Deactivated User)","2026-02-05 16:04","Logan Loisel","2026-02-04 11:48","Adrian Sandu","2026-02-03 21:54"
"19726512252","BT Business (2024 renewal)","Benjamin Duckworth","2024-05-30 12:45","Gal Tarrab Levi","2024-05-30 12:45"
"17467789827","Prolific Academic LTD. - 2,026","Omri Gilad","2025-01-15 16:35","Cillian Golden (Deactivated User)","2024-02-11 12:28"
"37410053525","Serko Ltd - 2,028","Scott Dunion","2026-02-10 08:47","Omri Gilad","2026-01-18 11:37","Scott Dunion","2025-05-19 09:40"
"58025125985","TTEC Holdings Inc ","Jeff Graham","2026-03-17 18:13","Jeff Richards","2026-03-17 18:13","Logan Loisel","2026-03-17 18:12"
"17096106075","LSports","Sharon Peretz","2024-04-05 13:14","Shlomi Cohen","2024-01-22 12:07","Amit Zonenfeld (Deactivated User)","2024-01-22 11:49"
"18421396661","HCL Technologies","Benjamin Duckworth","2024-04-04 10:49","Ella Furman (Deactivated User)","2024-04-04 10:44"
"53451540096","Aviva - Land Deal","James Pritchard","2026-01-08 17:41"
"58439646298","KubeCon EU 2026 - ABB","Benjamin Duckworth","2026-03-27 16:58","Adrian Sandu","2026-03-26 23:26"
"59777791777","Falabella","Ignacio De Loera","2026-04-29 11:04","Logan Loisel","2026-04-29 11:01","Gal Tarrab Levi","2026-04-28 22:05"
"59170105627","Paybilt  - 2,027","Andrew Johnston","2026-05-10 08:57","Chris Newsome","2026-04-14 23:15"
"17886003290","Sympower","Cillian Golden (Deactivated User)","2024-03-06 16:55"
"38813581701","Asseco Business Solutions","James Pritchard","2025-06-12 15:49","Adrian Sandu","2025-06-12 15:46"
"18126093864","Agile lab - KubeCon","Cillian Golden (Deactivated User)","2024-03-20 15:16"
"29819935673","Serko Ltd","Scott Dunion","2024-12-04 11:19","Amit Zonenfeld (Deactivated User)","2024-12-04 01:31"
"12912316986","Wolters Kluwer","Ella Furman (Deactivated User)","2023-08-16 11:01","Yonatan Boguslavski","2023-04-17 18:41","Ella Furman (Deactivated User)","2023-04-10 10:00"
"35376676705","SVA System Vertrieb Alexander","Cillian Golden (Deactivated User)","2025-04-03 12:16","Netta Borowitsh","2025-04-02 19:34"
"35743951011","Schreiber Foods","Tom Skarzynski (Deactivated User)","2025-04-14 18:45"
"14288123179","SentinelOne","Shlomi Cohen","2023-08-13 18:40","Aviv Lavie (Deactivated User)","2023-07-23 20:45"
"34810690562","Vhive ","Sharon Peretz","2025-03-19 10:17","Netta Borowitsh","2025-03-19 10:16","Sharon Peretz","2025-03-13 17:32","Netta Borowitsh","2025-03-13 13:02"
"29105350745","Baseten","Dylan Leija","2025-02-03 10:04","Chris Newsome","2025-01-30 17:15","Amit Zonenfeld (Deactivated User)","2024-12-17 01:18","Chris Newsome","2024-11-14 19:51"
"52446450438","Silverfort - 2,027","Omri Gilad","2025-12-23 10:35"
"17390827945","Elevata","Chris Newsome","2024-02-20 15:16","Ella Furman (Deactivated User)","2024-02-12 15:59","Chris Newsome","2024-02-08 14:43","Shlomi Cohen","2024-02-08 11:40","Ella Furman (Deactivated User)","2024-02-06 15:51"
"32941690637","Veygo","Cillian Golden (Deactivated User)","2025-02-03 16:32","Cillian Golden (Deactivated User)","2025-02-03 16:32","Cillian Golden (Deactivated User)","2025-02-03 16:32","Netta Borowitsh","2025-02-03 16:23","Netta Borowitsh","2025-02-03 16:23","Netta Borowitsh","2025-02-03 16:23","Cillian Golden (Deactivated User)","2025-02-03 16:17","Netta Borowitsh","2025-02-03 16:15"
"46736685218","Oracle ","Tom Skarzynski (Deactivated User)","2025-10-22 18:41"
"39441178291","Bally's","Ross Geall (Deactivated User)","2025-06-30 11:43"
"17354298014","Cynet","Sharon Peretz","2024-04-05 16:57","Shlomi Cohen","2024-02-05 12:09","Ella Furman (Deactivated User)","2024-02-04 18:23"
"58437401372","KubeCon EU 2026 - Onepoint","Benjamin Duckworth","2026-03-30 11:08","Sharon Peretz","2026-03-26 23:26"
"50306643342","Oxxo - Kyndryl Partner -50 Seats","Ignacio De Loera","2026-01-20 20:48","Chris Sweeney","2025-11-25 19:08","Gal Tarrab Levi","2025-11-24 21:38"
"35313723463","Mercedes-Benz - KubeCon 2025","Adrian Sandu","2025-06-11 05:33","James Bennett (Deactivated User)","2025-04-17 09:33","Benjamin Duckworth","2025-04-01 14:36","Netta Borowitsh","2025-04-01 13:58"
"61031624600","Tishman Speyer","Daniel Alper","2026-06-17 18:39","Wren Huston","2026-06-12 11:55","Aaron Marans","2026-06-12 11:55","Adrian Sandu","2026-06-11 20:23","Adrian Sandu","2026-06-11 20:23","Adrian Sandu","2026-06-11 20:23","Tali Cohen","2026-06-11 20:23","Tali Cohen","2026-06-11 20:23"
"51937656761","Flagstone - 2,027","Edouard Carakehian","2026-02-08 13:19","Omri Gilad","2025-12-15 18:51"
"15842693474","OCC","Ella Furman (Deactivated User)","2023-10-30 10:55"
"42229027491","Blue Shield of California","Travis Dadoly (Deactivated User)","2025-08-16 00:36","Logan Loisel","2025-08-16 00:35"
"43880090756","PWC Major Expansion Target","Evan Smith","2026-01-28 11:26","Sam Neill (Deactivated User)","2025-09-17 23:53"
"58432292932","KubeCon EU 2026 - Siemens","Adrian Sandu","2026-03-26 23:26"
"31582554677","AFS","Tom Skarzynski (Deactivated User)","2025-01-06 19:18","Netta Borowitsh","2025-01-06 18:42"
"35767026245","Jack in The Box - 2,026","Omri Gilad","2025-12-31 21:01","Adrian Wong (Deactivated User)","2025-04-15 16:45"
"32651540403","IBM (Chile)","Jeff Graham","2025-01-28 15:51","Netta Borowitsh","2025-01-28 15:44"
"38741774740","SentinelOne","Logan Loisel","2025-07-23 16:07","Jill Countey","2025-06-11 20:21","Chase Depperschmidt (Deactivated User)","2025-06-10 23:43"
"35412163700","SecureW2 ","William Nagle","2025-04-14 13:10","Logan Loisel","2025-04-03 16:30","Netta Borowitsh","2025-04-03 15:14"
"29118059152","Ohio University","Jeff Graham","2024-11-16 17:48","Netta Borowitsh","2024-11-14 21:17"
"20383031663","Pan American Energy  (Craftech)","Chris Newsome","2024-06-27 18:34"
"30912237393","Gloat","Sharon Peretz","2024-12-23 12:48","Netta Borowitsh","2024-12-23 12:15","Sharon Peretz","2024-11-13 13:35","Netta Borowitsh","2024-11-13 13:14","Sharon Peretz","2024-10-29 15:54"
"35441337722","Devoteam","Subby Makinde","2025-04-17 20:44","James Bennett (Deactivated User)","2025-04-07 12:22","Cillian Golden (Deactivated User)","2025-04-07 12:21","Netta Borowitsh","2025-04-04 12:49"
"61460362866","easyJet | IDP Project | UK","Jamie Summers","2026-06-23 15:49","Subby Makinde","2026-06-23 15:20","Adrian Sandu","2026-06-23 15:15"
"35305201211","Aramco ","Benjamin Duckworth","2025-04-01 14:33","Netta Borowitsh","2025-04-01 13:44"
"14190251611","BT Business (2024 Expansion)","Benjamin Duckworth","2023-11-29 18:37","Shlomi Cohen","2023-08-13 18:40","Ella Furman (Deactivated User)","2023-07-17 11:35"
"55396682529","Capital One","Travis Dadoly (Deactivated User)","2026-02-03 17:35"
"55941721168","Vontobel ","Matt Bilsland","2026-02-12 13:14","Sharon Peretz","2026-02-10 18:27"
"38465367868","HCA // Pipeline // Q4 2026","Evan Smith","2026-04-23 17:31","Jenny Lucas (Deactivated User)","2026-01-28 11:32","Sam Neill (Deactivated User)","2025-06-04 20:30","Sam Neill (Deactivated User)","2025-05-19 19:57","Sam Neill (Deactivated User)","2025-05-19 19:53","Logan Loisel","2025-05-19 19:44","Netta Borowitsh","2025-05-19 18:08"
"15090566148","Melio 2024","Sharon Peretz","2024-05-16 12:05","Shlomi Cohen","2024-01-28 09:31","Cillian Golden (Deactivated User)","2024-01-28 09:10","Shlomi Cohen","2023-09-10 13:47"
"36689162627","Aware Super ","Scott Dunion","2025-05-05 10:56"
"60448464416","Stand Together","John Romano","2026-05-20 20:41","Wren Huston","2026-05-20 20:13"
"39824042117","Alma","Daniel Alper","2025-07-07 22:15","Logan Loisel","2025-07-07 19:55"
"23120664615","OutSystems","Joe Leland (Deactivated User)","2025-09-30 12:06","joe@getpor.io (Deactivated User)","2025-09-30 12:00","Joe Leland (Deactivated User)","2024-10-09 21:59"
"29117035134","Qualcomm","Sam Neill (Deactivated User)","2024-11-16 18:16","Netta Borowitsh","2024-11-14 22:49"
"17689358488","AE Studio","Chris Newsome","2024-02-25 12:43","Ella Furman (Deactivated User)","2024-02-23 16:16"
"38311303459","RightNow Media","John Romano","2025-06-02 23:24","Logan Loisel","2025-06-02 23:22"
"59267533731","Aramex","Adrian Sandu","2026-05-12 11:51","Benjamin Duckworth","2026-04-17 12:00","Adrian Sandu","2026-04-17 05:34"
"55927580542","Equinix","Rick Walker","2026-02-10 20:01","Charity Lee","2026-02-10 18:21"
"29718127436","Molex ","Sam Neill (Deactivated User)","2024-12-01 22:12"
"14921605651","Synopsys","Sam Neill (Deactivated User)","2023-10-16 19:42","Ella Furman (Deactivated User)","2023-08-31 21:08"
"29807284001","eCloudvalley","Scott Dunion","2024-12-04 12:28","Benjamin Duckworth","2024-12-04 02:26"
"59186350238","UZ Leuven | Enterprise Digital | Platform Team","Jamie Summers","2026-04-17 12:41","Jamie Summers","2026-04-14 12:26","Jamie Summers","2026-03-26 23:26"
"54626750366","Henkel","Benjamin Duckworth","2026-01-27 13:23","Adrian Sandu","2026-01-27 13:15"
"36457450052","Live Nation","Jeff Graham","2025-04-29 10:58","Netta Borowitsh","2025-04-24 22:25","Jeff Graham","2025-04-24 21:42"
"35467842459","Centric Software ","William Nagle","2025-05-14 16:43","Netta Borowitsh","2025-04-18 17:07","Jason Chiu (Deactivated User)","2025-04-07 11:30","Netta Borowitsh","2025-04-04 15:24"
"34113222479","AT&T - not main","Tom Skarzynski (Deactivated User)","2025-03-02 10:49","Netta Borowitsh","2025-03-01 00:04","Tom Skarzynski (Deactivated User)","2025-02-26 17:10","Tom Skarzynski (Deactivated User)","2025-02-26 17:10","Netta Borowitsh","2025-02-25 21:13","Netta Borowitsh","2025-02-25 21:12","Tom Skarzynski (Deactivated User)","2025-02-08 00:02"
"35438341300","BBD Software","William Nagle","2025-05-05 10:35","Sharon Peretz","2025-04-03 14:21","Sharon Peretz","2025-04-03 14:07","Roni Amar (Deactivated User)","2025-04-03 13:40","Roni Amar (Deactivated User)","2025-04-03 13:40"
"18654396745","Wallbox","Sharon Peretz","2024-04-16 16:07","Ella Furman (Deactivated User)","2024-04-15 18:20"
"45144519967","Reward Gateway","Cillian Golden (Deactivated User)","2025-10-02 19:25"
"13055752245","Visma","Ella Furman (Deactivated User)","2023-08-13 18:41","zohar einy (Deactivated User)","2023-05-01 15:31","Yonatan Boguslavski","2023-04-19 14:10"
"42555026830","HoneyBook","Sharon Peretz","2025-08-20 12:59"
"35733041154","Trainline","William Nagle","2025-05-07 13:54","Cillian Golden (Deactivated User)","2025-04-14 13:53","Cillian Golden (Deactivated User)","2025-04-08 19:14","Netta Borowitsh","2025-04-08 19:02","William Nagle","2025-04-08 19:00"
"35412718627","Eika","William Nagle","2025-04-11 13:40","Sharon Peretz","2025-04-07 12:03","Netta Borowitsh","2025-04-04 13:36"
"35029072790","Impact.com - 2,028","Andrew Johnston","2026-05-10 08:59","Omri Gilad","2025-12-31 21:01","Adrian Wong (Deactivated User)","2025-04-14 15:34","Omri Gilad","2025-03-24 23:22"
"11317248058","Viz","Shlomi Cohen","2023-08-14 10:33","Yonatan Boguslavski","2023-04-17 18:40","zohar einy (Deactivated User)","2022-12-12 14:32"
"13061017428","BT Cables Management","Zohar Einy","2025-10-01 09:31","Maria Lepp (Deactivated User)","2023-11-29 09:54","Ella Furman (Deactivated User)","2023-08-16 11:01","zohar einy (Deactivated User)","2023-04-20 00:03"
"29864810018","Wipro","Scott Dunion","2024-12-05 17:22","Netta Borowitsh","2024-12-04 22:01"
"28329402954","Peoples Trust Company","Chris Newsome","2024-10-24 20:43","Grant Dienaar (Deactivated User)","2024-10-24 20:31"
"29117515160","Zilch - 2,025","Omri Gilad","2025-01-15 16:47","Sharon Peretz","2024-11-14 18:55"
"41184731690","Kraken Technologies","Ross Geall (Deactivated User)","2025-08-01 19:33","Adrian Sandu","2025-08-01 18:21"
"35124817574","Florence ","Jason Chiu (Deactivated User)","2025-03-28 18:22","Joe Leland (Deactivated User)","2025-03-27 13:33","Joe Leland (Deactivated User)","2025-03-27 13:33","Netta Borowitsh","2025-03-27 12:03","Netta Borowitsh","2025-03-27 12:03","Joe Leland (Deactivated User)","2025-03-23 13:08","Netta Borowitsh","2025-03-20 19:42","Joe Leland (Deactivated User)","2025-03-17 11:03","Netta Borowitsh","2025-03-16 20:38"
"52884728219","Banco Bice","Ignacio De Loera","2026-02-03 20:50","EJ Rauseo","2025-12-30 11:02","Logan Loisel","2025-12-30 10:37"
"23155975452","OverIT","Cillian Golden (Deactivated User)","2024-10-13 17:48","Netta Borowitsh","2024-10-11 13:46"
"50533048870","UnderwriteMe","Daniel Alper","2025-11-27 15:10","Adrian Sandu","2025-11-27 14:24"
"17581245300","Accenture ","Sam Neill (Deactivated User)","2024-02-20 11:57","Benjamin Duckworth","2024-02-18 17:10","Amit Zonenfeld (Deactivated User)","2024-02-16 20:25"
"18039258185","JD.com","Benjamin Duckworth","2024-03-17 10:01"
"34545850217","OfficeRnD - 2,028","Andrew Johnston","2026-05-10 09:03","Omri Gilad","2025-12-31 21:01","Adrian Wong (Deactivated User)","2025-04-14 15:35","Omri Gilad","2025-03-11 20:30"
"32466892057","Coupang","Ross Geall (Deactivated User)","2025-01-26 16:38","Netta Borowitsh","2025-01-26 09:41","Ross Geall (Deactivated User)","2024-10-23 16:47"
"20490463294","Mak-System","Cillian Golden (Deactivated User)","2024-07-03 12:15"
"17650933782","Legit Security Ltd ","Shlomi Cohen","2024-02-21 13:54","Netta Borowitsh","2024-02-21 13:46"
"10127446142","Jfrog","Ella Furman (Deactivated User)","2023-08-16 11:01","Zohar Einy","2022-09-09 16:04"
"37313938834","zepz.io ","Sharon Peretz","2025-10-16 16:26","Christos Lemos (Deactivated User)","2025-05-16 16:14"
"17996920882","Mend","Shlomi Cohen","2024-03-12 16:19"
"59104515160","DevOps Live London 2026 - Florian Piquemal","William Nagle","2026-04-10 22:07"
"41089124949","Numia","Jason Chiu (Deactivated User)","2025-07-30 18:42","Logan Loisel","2025-07-30 17:58"
"61030248302","PayPal","Rachel Jean","2026-06-11 22:22"
"36061682722","Trust Wallet","Christos Lemos (Deactivated User)","2025-04-22 15:10","Cillian Golden (Deactivated User)","2025-04-22 14:51","Cillian Golden (Deactivated User)","2025-04-22 14:49","Netta Borowitsh","2025-04-22 14:08","Roni Amar (Deactivated User)","2025-04-22 14:08"
"58447153005","KubeCon EU 2026 - Virtual7","William Nagle","2026-04-07 17:16","James Butcher","2026-03-26 23:26"
"28235287835","Bumble","Cillian Golden (Deactivated User)","2024-10-22 13:51","Chris Newsome","2024-10-22 13:28","Netta Borowitsh","2024-10-22 13:16"
"15843430724","THIQAH","Ella Furman (Deactivated User)","2023-10-30 13:13"
"42969581396","Eurofins","James Pritchard","2025-08-28 11:07","Adrian Sandu","2025-08-28 11:05"
"53695439015","Intuit","Tom Skarzynski (Deactivated User)","2026-01-12 23:27"
"59119895971","Testhouse Ltd","Matt Bilsland","2026-04-10 22:07"
"36677837113","Sinqia","Jason Chiu (Deactivated User)","2025-05-04 11:47"
"38837033745","Halter","Scott Dunion","2025-06-13 12:55","Adrian Sandu","2025-06-13 12:49"
"18145229573","Booksy - KubeCon","Cillian Golden (Deactivated User)","2024-03-21 18:54","Benjamin Duckworth","2024-03-21 16:55"
"36789954652","Ninety","Joe Leland (Deactivated User)","2025-09-30 12:06","joe@getpor.io (Deactivated User)","2025-09-30 12:00","Joe Leland (Deactivated User)","2025-05-06 16:01","Netta Borowitsh","2025-05-06 12:59","Joe Leland (Deactivated User)","2025-01-24 23:54"
"35356519783","Genius Sports","Adrian Sandu","2025-06-10 15:00","Netta Borowitsh","2025-06-04 18:16","Chris Newsome","2025-04-02 12:46","Cillian Golden (Deactivated User)","2025-04-01 18:54","Netta Borowitsh","2025-04-01 18:17"
"57909138305","Betsson Group ","Matt Bilsland","2026-03-11 18:28","William Nagle","2026-03-11 18:28"
"15823888909","Alegeus Technologies ","Ella Furman (Deactivated User)","2023-11-26 12:06","Chris Newsome","2023-10-29 13:37","Ella Furman (Deactivated User)","2023-10-28 14:25"
"60844048443","Distyl AI","EJ Rauseo","2026-06-03 19:49","Aaron Marans","2026-06-03 19:44"
"34603552603","Airline Tariff Publishing Company ","Daniel Alper","2025-03-28 18:21","Joe Leland (Deactivated User)","2025-03-13 11:35","Joe Leland (Deactivated User)","2025-03-13 11:33","Netta Borowitsh","2025-03-12 22:22","Joe Leland (Deactivated User)","2025-03-10 14:31","Roni Amar (Deactivated User)","2025-03-10 14:21"
"29870453005","Engine by Starling ","William Nagle","2025-05-14 12:34","Cillian Golden (Deactivated User)","2024-12-05 16:57","Joe Leland (Deactivated User)","2024-12-04 21:49"
"58404196937","KubeCon EU 2026 - Enercity","Matt Bilsland","2026-03-27 20:01","Subby Makinde","2026-03-27 14:08"
"35121402689","Air New Zealand","Scott Dunion","2025-03-27 10:42","Netta Borowitsh","2025-03-27 10:19","Scott Dunion","2025-01-13 10:25","Netta Borowitsh","2025-01-13 04:31"
"56709395208","Bank of New York Mellon","Evan Smith","2026-02-20 23:02","Logan Loisel","2026-02-20 22:58"
"50503776125","Kyndryl","Logan Loisel","2025-12-06 08:08","Chris Sweeney","2025-11-26 03:56","Logan Loisel","2025-11-26 03:53"
"48851960730","Onebrief KubeCon ATL25","Daniel Alper","2025-11-17 23:46","Logan Loisel","2025-11-11 18:04"
"48944676464","Crusoe AI","Jill Countey","2025-11-14 15:18","Logan Loisel","2025-11-12 23:27"
"16082525459","Prodigal Technologies","Chris Newsome","2023-11-16 14:01","Ella Furman (Deactivated User)","2023-11-16 11:26"
"15090741937","Autofi - Renewal 2024","Chris Newsome","2023-12-27 22:23","Shlomi Cohen","2023-09-10 13:43","Ella Furman (Deactivated User)","2023-09-10 13:36"
"34827148072","Roche","Ross Geall (Deactivated User)","2025-03-20 11:29","Netta Borowitsh","2025-03-20 11:15"
"29748754761","TVS Motor Company","Scott Dunion","2024-12-02 12:08","Netta Borowitsh","2024-12-01 23:09"
"13074189673","Ab Inbev ","Ella Furman (Deactivated User)","2023-08-16 11:01","Zohar Einy","2023-04-20 23:12"
"19380680584","Greenwheels","Ella Furman (Deactivated User)","2024-06-02 11:34","Sharon Peretz","2024-05-15 14:07"
"51517081757","The University of Melbourne - 2,026","Omri Gilad","2026-01-18 10:42","Scott Dunion","2025-12-10 22:32"
"21278986655","GitHub","Tom Skarzynski (Deactivated User)","2024-08-11 14:41","Netta Borowitsh","2024-08-11 14:35","Tom Skarzynski (Deactivated User)","2024-05-23 12:41","Sharon Peretz","2024-05-06 14:26","Ella Furman (Deactivated User)","2024-05-06 14:21"
"29714303297","Riskified ","Sharon Peretz","2024-12-01 14:56","Sharon Peretz","2024-12-01 14:56","Sharon Peretz","2024-12-01 14:55","Sharon Peretz","2024-12-01 14:55","Amit Zonenfeld (Deactivated User)","2024-11-28 16:27","Amit Zonenfeld (Deactivated User)","2024-11-28 16:26","Amit Zonenfeld (Deactivated User)","2024-11-28 16:26","Amit Zonenfeld (Deactivated User)","2024-11-28 16:26","Sharon Peretz","2024-11-11 15:51","Sharon Peretz","2024-11-11 11:31","Amit Zonenfeld (Deactivated User)","2024-11-11 11:26","Amit Zonenfeld (Deactivated User)","2024-11-11 11:17"
"13216936486","CurrencyCloud","Shlomi Cohen","2023-08-13 18:40","Ella Furman (Deactivated User)","2023-05-03 19:42"
"29867511928","Pacific Gas & Electric ","Tom Skarzynski (Deactivated User)","2024-12-05 17:17","Netta Borowitsh","2024-12-04 22:00"
"34337204357","Niantic","John Romano","2025-03-06 17:54","Netta Borowitsh","2025-03-06 17:37"
"60844021360","Helsana ","James Butcher","2026-06-03 18:20","William Nagle","2026-06-03 18:20"
"16086981641","Kitopi","Shlomi Cohen","2023-11-16 18:02","Ella Furman (Deactivated User)","2023-11-16 16:55"
"28217524845","Hudl ","John Romano","2024-10-22 19:25","Chris Newsome","2024-10-22 16:36","Amit Zonenfeld (Deactivated User)","2024-10-21 18:21"
"14529192357","Citi","Sam Neill (Deactivated User)","2023-09-24 18:39","Shlomi Cohen","2023-08-08 17:53"
"16354805139","Ceridian","Sam Neill (Deactivated User)","2023-12-04 19:48","Ella Furman (Deactivated User)","2023-12-04 16:05"
"17996369587","OK Benzin","Cillian Golden (Deactivated User)","2024-03-12 15:18"
"61030129823","Uber Freight","Rachel Jean","2026-06-11 22:25"
"20510169417","REWE digital","Benjamin Duckworth","2024-08-08 15:41","Sharon Peretz","2024-07-03 17:17","Amit Zonenfeld (Deactivated User)","2024-07-03 17:05"
"19670336836","Granicus","John Romano","2024-05-28 15:01","Amit Zonenfeld (Deactivated User)","2024-05-28 14:32"
"29076892782","Inkafarma","Dylan Leija","2025-02-03 10:06","Joe Leland (Deactivated User)","2025-01-30 17:17","Grant Dienaar (Deactivated User)","2024-12-11 17:37","Joe Leland (Deactivated User)","2024-11-14 12:20","Netta Borowitsh","2024-11-14 02:15"
"21754193921","CRIF - 2,028","Edouard Carakehian","2026-02-08 13:07","Omri Gilad","2026-01-18 10:33","Benjamin Duckworth","2025-09-14 13:45","James Bennett (Deactivated User)","2025-05-06 20:40","Benjamin Duckworth","2024-08-27 14:25"
"60962173028","Nvidia","Jeff Graham","2026-06-08 19:41","Rachel Jean","2026-06-08 19:41"
"39949106949","Wissen Infotech","Scott Dunion","2025-07-10 11:15"
"39040347557","Pismo/Visa","Jeff Graham","2025-06-19 04:47","Logan Loisel","2025-06-19 04:44"
"29118156925","Tyler Technologies, Inc.","Chris Newsome","2024-12-19 16:40","Jeff Graham","2024-11-16 05:52","Amit Zonenfeld (Deactivated User)","2024-11-14 20:56"
"53264568207","Arrow International","Logan Loisel","2026-01-21 22:32","Jill Countey","2026-01-06 11:53","Jason Chiu (Deactivated User)","2026-01-06 11:52"
"61022547342","Experian","Tali Cohen","2026-06-15 17:19","Dylan Leija","2026-06-11 22:20"
"60033483862","Tailored Brands","Rick Walker","2026-05-05 19:06","Dylan Leija","2026-05-05 18:45","Adrian Sandu","2026-05-05 18:42"
"28456783509","K-health","Sharon Peretz","2024-10-29 13:40","Amit Zonenfeld (Deactivated User)","2024-10-29 13:36"
"15843679373","eBay","Ella Furman (Deactivated User)","2023-10-30 13:44"
"61630922551","Ares Management Corporation ","Wren Huston","2026-07-02 16:48","Dylan Leija","2026-06-26 17:16"
"58365889617","Opacity","Aaron Marans","2026-03-26 16:55"
"53244091271","Demant","Benjamin Duckworth","2026-01-16 15:09","Ross Geall (Deactivated User)","2026-01-05 14:09","Adrian Sandu","2026-01-05 14:01"
"21125905018","Fifth Third Bank","Sam Neill (Deactivated User)","2024-08-04 10:32","Ella Furman (Deactivated User)","2024-08-02 16:52","Sam Neill (Deactivated User)","2024-08-02 16:46","Tom Skarzynski (Deactivated User)","2024-08-02 13:56","Sam Neill (Deactivated User)","2024-08-02 06:23"
"35348911505","Vestas ","Benjamin Duckworth","2026-01-15 13:31","Ross Geall (Deactivated User)","2025-07-17 18:53","James Bennett (Deactivated User)","2025-04-02 11:27","Roni Amar (Deactivated User)","2025-04-02 09:53"
"37430892421","Cywarden ","William Nagle","2025-05-20 09:47","Netta Borowitsh","2025-05-19 18:28"
"43874797218","LaunchDarkly","EJ Rauseo","2025-09-18 15:13","Adrian Sandu","2025-09-18 15:11"
"15783427682","Auction.com","Chris Newsome","2023-10-26 12:01","Ella Furman (Deactivated User)","2023-10-25 19:53"
"37430905266","EGain ","Jason Chiu (Deactivated User)","2025-05-22 18:21","Roni Amar (Deactivated User)","2025-05-19 20:55"
"35413878276","Metafinanz Informationssysteme ","Cillian Golden (Deactivated User)","2025-04-03 17:50","Roni Amar (Deactivated User)","2025-04-03 14:54"
"18240644021","Roham","Sharon Peretz","2024-04-09 11:36","Shlomi Cohen","2024-03-26 15:38"
"35361315929","Glovo ","Adrian Sandu","2025-06-10 14:56","Roni Amar (Deactivated User)","2025-04-24 16:30","Ross Geall (Deactivated User)","2025-04-03 11:45","Roni Amar (Deactivated User)","2025-04-02 15:42"
"15339670564","Danfoss","Benjamin Duckworth","2023-12-13 14:12","Shlomi Cohen","2023-10-17 20:25","Ella Furman (Deactivated User)","2023-09-27 15:54"
"18127515927","Wolters Kluwer - KubeCon","Benjamin Duckworth","2024-03-20 18:11"
"14309376540","Fresha","Shlomi Cohen","2023-08-13 18:40","Ella Furman (Deactivated User)","2023-07-25 15:10"
"14860427279","Sympower","Ella Furman (Deactivated User)","2023-10-15 19:00","Shlomi Cohen","2023-09-18 12:16","Ella Furman (Deactivated User)","2023-08-28 13:54"
"58440884110","KubeCon EU 2026 - UDI","William Nagle","2026-04-10 18:53","James Butcher","2026-03-27 19:55","Jamie Summers","2026-03-26 23:26"
"18403763383","GameTime","Chris Newsome","2024-04-04 15:27","Amit Zonenfeld (Deactivated User)","2024-04-03 18:06"
"32462302803","Greenstone Financial Services ","Sharon Peretz","2025-01-26 15:48","Netta Borowitsh","2025-01-26 09:41","Sharon Peretz","2024-09-19 10:49","Sharon Peretz","2024-09-19 10:49","Netta Borowitsh","2024-09-19 10:20","Netta Borowitsh","2024-09-19 08:12"
"15091229774","Moonactive 2025","Sharon Peretz","2024-05-16 12:06","Shlomi Cohen","2024-01-28 09:31","Cillian Golden (Deactivated User)","2024-01-28 09:10","Shlomi Cohen","2023-09-10 14:37"
"59978301365","Siigo - 2,027","Ignacio De Loera","2026-05-03 17:45"
"35526448797","Mews","Cillian Golden (Deactivated User)","2025-04-07 15:57"
"59087561369","AGITO","William Nagle","2026-04-10 22:07"
"16726556854","Space - 2025","Omri Gilad","2025-01-15 16:35","Cillian Golden (Deactivated User)","2024-01-28 09:00","Shlomi Cohen","2023-12-29 15:01"
"53696871741","Deutsche Telekom","Jamie Summers","2026-03-18 15:12","James Pritchard","2026-01-13 18:49"
"17632140469","SonarSource","Cillian Golden (Deactivated User)","2024-07-08 11:59","Yarden Holtzer (Deactivated User)","2024-07-04 14:36","Cillian Golden (Deactivated User)","2024-02-20 17:07","Amit Zonenfeld (Deactivated User)","2024-02-20 12:59"
"53014767140","Bullish","EJ Rauseo","2026-01-06 18:34","Logan Loisel","2026-01-06 18:33"
"15957732976","Stevens Institute of Technology / Sit","Chris Newsome","2023-11-08 16:53","Ella Furman (Deactivated User)","2023-11-07 21:31"
"29880745655","Hexagon AB","Ross Geall (Deactivated User)","2024-12-09 13:35","Amit Zonenfeld (Deactivated User)","2024-12-05 23:53"
