"Record ID","Deal Name","Amount","Associated Company","Pipeline","Eng group size","Qualified?","Qualified Date","Closed Lost Details","Closed Lost Reason","Deal Stage","Deal Stage Before Closed","Close Date","Create Date","Deal owner","SDR 1","HubSpot Team","Segment ","Associated Company IDs"
"65171421724","TenthPlanet- New Deal","","TenthPlanet","Classic","","Not happened yet","","","","SDR / Omitted  Opp","SDR / Omitted OPP","2026-12-22 14:11","2026-09-23 14:11","Paula Schaefer","","Product Growth","","56415166214"
"65162571905","Clearbank","","Clearbank","Classic","","Not happened yet","","","","SDR / Omitted  Opp","SDR / Omitted OPP","2027-09-23 13:04","2026-09-23 13:06","Daniel Davies","","SDR US","Mid-Market","19173482896"
"65162620941","American Board of Radiology ","64000.0","American Board of Radiology","Classic","","Qualified","2026-09-22","","","Demo / Presentation ","Demo / Presentation","2026-12-18 23:42","2026-09-22 23:42","John Romano","","US MM","Mid-Market","56252036645"
"65180172963","Clover Network, Inc.- New Deal","","Clover Network, Inc.","Classic","","Not happened yet","","","","SDR / Omitted  Opp","SDR / Omitted OPP","2026-12-21 22:57","2026-09-22 22:57","Logan Loisel","","SDR US","","19069760808"
"65162670647","Major League Baseball - Expansion","100000.0","Major League Baseball","Classic","","Not happened yet","","","","SDR / Omitted  Opp","SDR / Omitted OPP","2027-03-26 17:45","2026-09-22 17:45","Evan Smith","","US Ent","Enterprise","52551516189"
"65193209990","Sagent- New Deal","","Sagent","Classic","","Not happened yet","","","","SDR / Omitted  Opp","SDR / Omitted OPP","2026-12-21 15:03","2026-09-22 15:03","Logan Loisel","","SDR US","","30975757203"
"65162416183","Shawbrook","","Shawbrook","Classic","130.0","Not happened yet","","","","SDR / Omitted  Opp","SDR / Omitted OPP","2027-09-22 14:32","2026-09-22 14:33","James Butcher","Jordan Aspis","EMEA MM","Mid-Market","58470947142"
"65162351192","IFS","","IFS","Classic","2479.0","Not happened yet","","","","SDR / Omitted  Opp","SDR / Omitted OPP","2027-09-22 12:45","2026-09-22 12:45","James Pritchard","Adrian Sandu","EMEA Ent","Enterprise","18427231045"
"65177929524","The AA","","The AA","Classic","500.0","Not happened yet","","","","SDR / Omitted  Opp","SDR / Omitted OPP","2026-12-21 11:44","2026-09-22 11:44","John Barnes","William Nagle","EMEA Ent","Enterprise","56463488836"
"65162412367","Playtika","","Playtika Ltd.","Classic","943.0","Not happened yet","","","","SDR / Omitted  Opp","SDR / Omitted OPP","2027-09-22 10:50","2026-09-22 10:51","Sharon Peretz","Adrian Sandu","EMEA MM","Mid-Market","9408644726"
"65183664976","Hertz- New Deal","","Hertz","Classic","","Not happened yet","","","","SDR / Omitted  Opp","SDR / Omitted OPP","2026-12-21 03:31","2026-09-22 03:31","Logan Loisel","","SDR US","","56468757279"
"65119339316","Plusgrade- New Deal","","Plusgrade","Classic","","Not happened yet","","","","SDR / Omitted  Opp","SDR / Omitted OPP","2026-12-18 00:26","2026-09-19 00:26","Aaron Marans","","SDR US","","10338653983"
"65124280875","Victoria's Secret","","Victoria's Secret","Classic","579.0","Not happened yet","","","","SDR / Omitted  Opp","SDR / Omitted OPP","2027-09-18 23:24","2026-09-18 23:24","Rick Walker","Dylan Leija","US Ent","Enterprise","58470897211"
"65076769044","Cherry","48000.0","Cherry","Classic","88.0","Qualified","2026-09-22","","","Demo / Presentation ","Demo / Presentation","2026-12-18 20:03","2026-09-18 22:42","John Romano","Aaron Marans","US MM","Mid-Market","27516187474"
"65076767874","Expedia","","Expedia","Classic","5942.0","Not happened yet","","","","SDR / Omitted  Opp","SDR / Omitted OPP","2027-09-18 22:38","2026-09-18 22:38","Rick Walker","Dylan Leija","US Ent","Enterprise","57671635357"
"65109893978","Travelport","","Travelport","Classic","649.0","Not happened yet","","","","SDR / Omitted  Opp","SDR / Omitted OPP","2027-09-17 17:37","2026-09-18 19:30","Matt Bilsland","Daniel Davies","EMEA MM","Mid-Market","10259221927"
"65076673046","Société Générale ","","Société Générale","Classic","1255.0","Not happened yet","","","","SDR / Omitted  Opp","SDR / Omitted OPP","2027-09-18 14:58","2026-09-18 14:58","John Barnes","William Nagle","EMEA Ent","Enterprise","57849179831"
"65027388694","Playtech ","","Playtech","Classic","999.0","Not happened yet","","","","SDR / Omitted  Opp","SDR / Omitted OPP","2027-09-18 13:04","2026-09-18 13:05","James Butcher","Jordan Aspis","EMEA MM","Mid-Market","18486570655"
"65083591310","Wolters Kluwer","","Wolters Kluwer","Classic","2641.0","Not happened yet","","","","SDR / Omitted  Opp","SDR / Omitted OPP","2027-09-18 10:59","2026-09-18 10:59","Benjamin Duckworth","Adrian Sandu","EMEA Ent","Enterprise","10077016975"
"65027499342","Arca Continental","","Arca Continental","Classic","838.0","Discovery","","","","SDR Discovery","","2027-09-18 00:06","2026-09-18 00:06","Ignacio De Loera","Luis Martinez","LATAM","Enterprise","53282231479"
"65107735662","Cherry- New Deal","","Cherry","Classic","","Not happened yet","","","","SDR / Omitted  Opp","SDR / Omitted OPP","2026-12-16 22:25","2026-09-17 22:25","Logan Loisel","","SDR US","","27516187474"
"65027307641","Kuiper Code","","Kuiper Code","Classic","","Not happened yet","","","","SDR / Omitted  Opp","SDR / Omitted OPP","2027-09-17 21:39","2026-09-17 21:39","Logan Loisel","","SDR US","Mid-Market","58473566346"
"65027304102","BBVA Colombia","","BBVA","Classic","440.0","Discovery","","","","SDR Discovery","","2027-09-17 19:59","2026-09-17 20:01","Ignacio De Loera","Luis Martinez","LATAM","Enterprise","32143683597"
"65027325873","Banco de Costa Rica","","Banco de Costa Rica","Classic","454.0","Discovery","","","","SDR Discovery","SDR / Omitted OPP","2027-09-17 19:59","2026-09-17 19:58","Ignacio De Loera","Luis Martinez","LATAM","Enterprise","57799332015"
"65027429124","Tigo Panamá","","Tigo Panamá","Classic","356.0","Discovery","","","","SDR Discovery","","2027-09-17 19:17","2026-09-17 19:18","Ignacio De Loera","Luis Martinez","LATAM","Enterprise","57789501511"
"65076702545","WTW","","WTW","Classic","2876.0","Not happened yet","","","","SDR / Omitted  Opp","SDR / Omitted OPP","2027-09-17 17:00","2026-09-17 17:01","James Pritchard","Adrian Sandu","EMEA Ent","Enterprise","16247608337"
"65027294112","Investec Bank","","Investec Bank","Classic","800.0","Not happened yet","","","","SDR / Omitted  Opp","SDR / Omitted OPP","2027-09-17 15:54","2026-09-17 15:54","Jamie Summers","William Nagle","EMEA Ent","Enterprise","31840027202"
"65027593640","Yape","","Yape","Classic","258.0","Not happened yet","","","","SDR / Omitted  Opp","SDR / Omitted OPP","2027-09-17 01:43","2026-09-17 01:44","Ignacio De Loera","Luis Martinez","LATAM","Enterprise","50601862696"
"65103330487","Banco de Crédito del Perú - bcp- New Deal","","Banco de Crédito del Perú - bcp","Classic","","Not happened yet","","","","SDR / Omitted  Opp","SDR / Omitted OPP","2026-12-16 01:21","2026-09-17 01:21","Logan Loisel","","SDR US","","33651667019"
"65027802190","Protolabs","","Protolabs","Classic","190.0","Not happened yet","","","","SDR / Omitted  Opp","SDR / Omitted OPP","2026-12-15 18:36","2026-09-16 17:52","EJ Rauseo","Jordan Aspis","US MM","Mid-Market","39102681349"
"65027768329","KONE","","KONE","Classic","1175.0","Not happened yet","","","","SDR / Omitted  Opp","SDR / Omitted OPP","2027-09-16 13:39","2026-09-16 13:39","Benjamin Duckworth","Adrian Sandu","EMEA Ent","Enterprise","39270335403"
"65027771149","Elektrobit - New Deal","","Elektrobit","Classic","1127.0","Not happened yet","","","","SDR / Omitted  Opp","SDR / Omitted OPP","2027-09-16 13:38","2026-09-16 13:39","Matt Bilsland","Daniel Davies","EMEA MM","Mid-Market","20718631769"
"65060654660","Upvest- New Deal","","Upvest","Classic","150.0","Not happened yet","","","","SDR / Omitted  Opp","SDR / Omitted OPP","2027-03-19 13:38","2026-09-16 11:58","Matt Bilsland","Daniel Davies","EMEA MM","Mid-Market","56924877134"
"65059477571","Caseware","","Caseware","Classic","","Not happened yet","","","","SDR / Omitted  Opp","SDR / Omitted OPP","2026-12-14 21:02","2026-09-15 21:03","Aaron Marans","Aaron Marans","SDR US","Mid-Market","36656605794"
"65027141763","Blue Yonder","","Blue Yonder","Classic","2807.0","Not happened yet","","","","SDR / Omitted  Opp","SDR / Omitted OPP","2027-09-15 20:53","2026-09-15 20:54","Jeff Graham","Rachel Jean","US Ent","Enterprise","10259330628"
"65042586238","Hypek- New Deal","","Hypek","Classic","","Not happened yet","","","","SDR / Omitted  Opp","SDR / Omitted OPP","2026-12-13 17:31","2026-09-14 17:31","Wren Huston","","SDR US","","55038147935"
"64985915189","Fiserv","150000.0","Fiserv","Classic","10294.0","Qualified","2026-09-17","","","Demo / Presentation ","Demo / Presentation","2027-09-14 16:56","2026-09-14 16:56","Rick Walker","Dylan Leija","US Ent","Enterprise","31012466017"
"65017958576","oraïse- New Deal","","oraïse","Classic","","Not happened yet","","","","SDR / Omitted  Opp","SDR / Omitted OPP","2026-12-13 16:33","2026-09-14 16:33","Logan Loisel","","SDR US","","58306340271"
"64985907250","Xero ","","Xero","Classic","1775.0","Not happened yet","","","","SDR / Omitted  Opp","SDR / Omitted OPP","2027-09-14 12:01","2026-09-14 12:02","Sharon Peretz","William Nagle","EMEA MM","Enterprise","22193380880"
"64931873088","Hartford Health","","hartford healthcare","Classic","200.0","Unqualified","","Duplicate","Other","Closed Lost","SDR / Omitted OPP","2026-09-17 17:31","2026-09-12 00:01","Jeff Graham","Logan Loisel","US Ent","Enterprise","49083235215"
"64928173589","PNL Fintech","","PNL Fintech","Classic","119.0","Not happened yet","","","","SDR / Omitted  Opp","SDR / Omitted OPP","2026-12-31 14:13","2026-09-11 18:41","James Butcher","Jordan Aspis","EMEA MM","Mid-Market","57269129810"
"64928961846","Saint-Gobain ","","Saint-Gobain","Classic","1195.0","Not happened yet","","","","SDR / Omitted  Opp","SDR / Omitted OPP","2027-09-11 16:06","2026-09-11 16:06","John Barnes","William Nagle","EMEA Ent","Enterprise","20717427521"
"64928961582","Roche","","Roche","Classic","5607.0","Not happened yet","","","","SDR / Omitted  Opp","SDR / Omitted OPP","2027-09-11 15:57","2026-09-11 15:58","James Pritchard","Adrian Sandu","EMEA Ent","Enterprise","10077087832"
"64896760618","Dept. of Veterans Affairs","","Ad Hoc","Classic","3500.0","Not happened yet","","","","SDR / Omitted  Opp","SDR / Omitted OPP","","2026-09-10 22:31","Jeff Graham","Logan Loisel","US Ent","Enterprise","10163229861"
"64894115238","Coforma- New Deal","","Coforma","Classic","","Not happened yet","","","","SDR / Omitted  Opp","SDR / Omitted OPP","2026-12-09 18:30","2026-09-10 18:30","Aaron Marans","","SDR US","","49501272601"
"64921410206","Wabtec Corp","150000.0","Wabtec Corp/De","Classic","1600.0","Qualified","2026-09-16","","","Demo / Presentation ","Demo / Presentation","2027-03-19 15:54","2026-09-10 17:23","Evan Smith","Logan Loisel","US Ent","Enterprise","44372687481"
"64880906800","Milliman","","Milliman","Classic","415.0","Not happened yet","","","","SDR / Omitted  Opp","SDR / Omitted OPP","2026-12-15 18:36","2026-09-10 17:03","Daniel Alper","Wren Huston","US MM","Mid-Market","31373190156"
"64880950439","Expedia","75000.0","Expedia","Classic","5942.0","Qualified","2026-09-16","","","Demo / Presentation ","Demo / Presentation","2027-09-09 23:48","2026-09-09 23:49","Rick Walker","Dylan Leija","US Ent","Enterprise","57671635357"
"64877297803","NVIDIA - New Deal","","NVIDIA","Classic","22956.0","Not happened yet","","","","SDR / Omitted  Opp","SDR / Omitted OPP","2027-09-09 23:43","2026-09-09 23:45","Jeff Graham","Rachel Jean","US Ent","Enterprise","55544005945"
"64877353364","Decathlon","","Decathlon","Classic","772.0","Not happened yet","","","","SDR / Omitted  Opp","SDR / Omitted OPP","2027-09-09 21:47","2026-09-09 21:49","James Pritchard","Adrian Sandu","EMEA Ent","Enterprise","58142877701"
"64880877637","Chubb ","","Chubb","Classic","4298.0","Not happened yet","","","","SDR / Omitted  Opp","SDR / Omitted OPP","2027-09-09 19:05","2026-09-09 19:07","John Barnes","William Nagle","EMEA Ent","Enterprise","10259221921"
"64836807249","Doctronic","","Doctronic","Classic","39.0","Not happened yet","","","","SDR / Omitted  Opp","SDR / Omitted OPP","2026-12-15 18:43","2026-09-09 16:49","Daniel Alper","Wren Huston","US MM","Mid-Market","55509403929"
"64857810688","FinThrive- New Deal","","FinThrive","Classic","","Not happened yet","","","","SDR / Omitted  Opp","SDR / Omitted OPP","2026-12-08 15:16","2026-09-09 15:16","Aaron Marans","","SDR US","","31382405137"
"64837048700","GetYourGuide ","","GetYourGuide","Classic","334.0","Not happened yet","","","","SDR / Omitted  Opp","SDR / Omitted OPP","2027-09-09 13:25","2026-09-09 13:26","Matt Bilsland","William Nagle","EMEA MM","Mid-Market","38263865255"
"64852381699","GetYourGuide- New Deal","","GetYourGuide","Classic","","Unqualified","","duplicate deal on HS","Other","Closed Lost","SDR / Omitted OPP","2026-09-22 12:09","2026-09-09 12:43","Logan Loisel","","SDR US","","38263865255"
"64779570540","NASA/Navteca","","NASA;Navteca","Classic","6900.0","Not happened yet","","","","SDR / Omitted  Opp","SDR / Omitted OPP","2027-09-08 23:05","2026-09-08 23:05","Evan Smith","Logan Loisel","US Ent","Enterprise","31446070287;19522639658"
"64827249585","NJ Sharing Network","","NJ Sharing Network","Classic","23.0","Unqualified","","immature DevOps practices","UNQ; Not right company/ persona; Early stage","Closed Lost","SDR / Omitted OPP","2026-09-22 18:38","2026-09-08 22:17","Daniel Alper","Wren Huston","US MM","Mid-Market","58213578291"
"64836546082","Docusign","75000.0","DocuSign","Classic","2127.0","Qualified","2026-09-17","","","Demo / Presentation ","Demo / Presentation","2027-09-08 21:45","2026-09-08 21:46","Rick Walker","Dylan Leija","US Ent","Enterprise","58030270371"
"64802336136","Edelman Financial Engines LLC","50000.0","Edelman Financial Engines LLC","Classic","150.0","Qualified","2026-09-15","","","Demo / Presentation ","Demo / Presentation","2027-03-11 16:58","2026-09-08 18:45","Jill Countey","Wren Huston","US MM","Mid-Market","21467227552"
"64779391752","Natwest","","Natwest","Classic","7000.0","Not happened yet","","","","SDR / Omitted  Opp","SDR / Omitted OPP","2027-09-08 17:29","2026-09-08 17:30","Benjamin Duckworth","Adrian Sandu","EMEA Ent","Enterprise","58142754350"
"64736876857","Fortum Keilaniemi","","Fortum Keilaniemi","Classic","351.0","Not happened yet","","","","SDR / Omitted  Opp","SDR / Omitted OPP","2027-09-08 13:33","2026-09-08 13:34","Benjamin Duckworth","Adrian Sandu","EMEA Ent","Enterprise","9721889293"
"64779382713","International SOS","","International SOS","Classic","219.0","Not happened yet","","","","SDR / Omitted  Opp","SDR / Omitted OPP","2027-09-08 11:40","2026-09-08 11:40","Sharon Peretz","Adrian Sandu","EMEA MM","Enterprise","26827080590"
"64729400335","Deloitte- New Deal","","Deloitte","Classic","","Not happened yet","","","","SDR / Omitted  Opp","SDR / Omitted OPP","2026-12-06 16:21","2026-09-07 16:21","Logan Loisel","","SDR US","","31457385232"
"64724194629","miro- New Deal","","miro","Classic","","Not happened yet","","","","SDR / Omitted  Opp","SDR / Omitted OPP","2026-12-06 15:56","2026-09-07 15:56","Aaron Marans","","SDR US","","9751847038"
"64627771280","Credicorp Capital","40000.0","Credicorp Capital","Classic","60.0","Qualified","2026-09-11","","","Demo / Presentation ","Demo / Presentation","2027-09-04 22:20","2026-09-04 22:23","Ignacio De Loera","Luis Martinez","LATAM","Enterprise","57269229092"
"64627702708","ADP","","ADP","Classic","6700.0","Not happened yet","","","","SDR / Omitted  Opp","SDR / Omitted OPP","2027-09-04 18:26","2026-09-04 18:27","Evan Smith","Logan Loisel","US Ent","Enterprise","9881588642"
"64627819539","Wireless Logic ","50000.0","Wireless Logic","Classic","66.0","Qualified","2026-09-09","","","Business Validation","Pilot Prep","2027-03-26 12:38","2026-09-04 15:15","Matt Bilsland","Jordan Aspis","EMEA MM","Mid-Market","32172906822"
"64674608389","Wireless Logic- New Deal","","Wireless Logic","Classic","","Unqualified","","duplicate opp created","Other","Closed Lost","SDR / Omitted OPP","2026-09-08 11:06","2026-09-04 14:46","Paula Schaefer","","Product Growth","","32172906822"
"64627694638","ING ","","ING","Classic","3275.0","Unqualified","","Not right persona","Not right company/ persona","Closed Lost","SDR / Omitted OPP","2026-09-11 16:17","2026-09-04 14:22","John Barnes","William Nagle","EMEA Ent","Enterprise","51449476912"
"64624743181","SBI Holdings","","SBI Holdings","Classic","600.0","Not happened yet","","","","SDR / Omitted  Opp","SDR / Omitted OPP","2026-12-03 06:41","2026-09-04 06:41","Sharon Peretz","Jordan Aspis","EMEA MM","Enterprise","58055548226"
"64639477306","SUNAT","","SUNAT;TSOFT Colombia S.A.S","Classic","832.0","Not happened yet","","","","SDR / Omitted  Opp","SDR / Omitted OPP","","2026-09-03 23:29","Ignacio De Loera","Luis Martinez","LATAM","Enterprise","58001849402;18776252331"
"64627573365","MAPFRE Perú","72000.0","MAPFRE Perú","Classic","160.0","Qualified","2026-09-14","","","Demo / Presentation ","Demo / Presentation","2027-09-03 23:26","2026-09-03 23:29","Ignacio De Loera","Luis Martinez","LATAM","Enterprise","57991219773"
"64648979092","Valent Partners","","Valent Partners","Classic","","Unqualified","","partner acct for post sales","Partnership","Closed Lost","SDR / Omitted OPP","2026-09-22 18:39","2026-09-03 21:19","Jill Countey","","US MM","Mid-Market","57302688149"
"64579265077","Univar Solutions","75000.0","Univar Solutions","Classic","154.0","Qualified","2026-09-17","","","Demo / Presentation ","Demo / Presentation","2026-12-01 23:54","2026-09-02 23:54","Rick Walker","Dylan Leija","US Ent","Enterprise","57983111715"
"64986156980","Two Sigma Investments","","Two Sigma Investments","Classic","896.0","Not happened yet","","","","SDR / Omitted  Opp","SDR / Omitted OPP","2026-12-15 18:35","2026-09-02 16:38","Daniel Alper","Wren Huston","US MM","Mid-Market","9907710723"
"64519582748","Visa - New Deal","","Visa","Classic","11828.0","Not happened yet","","","","SDR / Omitted  Opp","SDR / Omitted OPP","2027-07-02 00:34","2026-09-02 00:35","Jeff Graham","Rachel Jean","US Ent","Enterprise","57672508497"
"64540340748","Alicorp (TSoft)","50000.0","Ali;TSOFT Colombia S.A.S","Classic","586.0","Qualified","2026-09-03","","","Demo / Presentation ","Demo / Presentation","2027-03-26 23:29","2026-09-02 00:28","Ignacio De Loera","Luis Martinez","LATAM","Enterprise","37555603561;18776252331"
"64519400535","Dayforce","","Dayforce","Classic","1400.0","Unqualified","","no show
","No-show","Closed Lost","SDR / Omitted OPP","2026-09-11 16:11","2026-09-02 00:14","Rachel Jean","Rachel Jean","SDR US","Mid-Market","39482183280"
"64524671817","Coforma","12000.0","Coforma","Classic","51.0","Qualified","2026-09-01","","","Negotiation / Legal","Negotiation / Legal","2026-09-25 22:28","2026-09-01 21:58","EJ Rauseo","Aaron Marans","US MM","Mid-Market","49501272601"
"64545538679","McKinsey & Company- New Deal","","McKinsey & Company","Classic","","Not happened yet","","","","SDR / Omitted  Opp","SDR / Omitted OPP","2026-11-30 19:18","2026-09-01 19:19","Logan Loisel","","SDR US","Enterprise","9906387526"
"64524663200","Johnson and Johnson","","Johnson and Johnson","Classic","8600.0","Discovery","","","","SDR Discovery","","2027-09-01 18:18","2026-09-01 18:19","Evan Smith","Logan Loisel","US Ent","Enterprise","18939720012"
"64545172544","Universidad Tecnológica del Perú","","Technological University of Peru;23052830289","Classic","581.0","Not happened yet","","","","SDR / Omitted  Opp","SDR / Omitted OPP","","2026-09-01 16:57","Ignacio De Loera","Luis Martinez","LATAM","Enterprise","23838416004;23052830289"
"64544222999","Telenor Norge- New Deal","","Telenor Norge","Classic","","Unqualified","","duplicate deal created","Other","Closed Lost","SDR / Omitted OPP","2026-09-01 13:10","2026-09-01 13:09","William Nagle","","SDR EMEA","","57937770775"
"64524469171","Telenor Norge ","","Telenor Norge","Classic","1131.0","Not happened yet","","","","SDR / Omitted  Opp","SDR / Omitted OPP","2028-03-10 17:43","2026-09-01 13:07","Jamie Summers","William Nagle","EMEA Ent","Enterprise","57937770775"
"64541738764","SDF Labs- New Deal","","SDF Labs","Classic","","Not happened yet","","","","SDR / Omitted  Opp","SDR / Omitted OPP","2026-11-30 12:15","2026-09-01 12:15","Logan Loisel","","SDR US","","19009269624"
"64519485104","Banco Atlántida","60000.0","Banco Atlántida","Classic","148.0","Qualified","2026-09-02","","","Demo / Presentation ","Demo / Presentation","2027-01-25 19:15","2026-09-01 00:49","Ignacio De Loera","Luis Martinez","LATAM","Enterprise","46463961159"
"64519543211","EverBank","","EverBank","Classic","169.0","Not happened yet","","","","SDR / Omitted  Opp","SDR / Omitted OPP","2026-12-15 18:35","2026-08-31 22:46","Jill Countey","Wren Huston","US MM","Mid-Market","21467358729"
"64435026539","Wompi - New Deal","","Wompi","Classic","","Discovery","","Duplicate opportunity","Other","Closed Lost","","2026-08-31 06:29","2026-08-31 06:27","Ignacio De Loera","","LATAM","Mid-Market","19161918602"
"64434382088","Ipc Systems","","Ipc Systems","Classic","208.0","Unqualified","","They were not looking for what Port does. Focused more on how Port would run their pipelines rather than orchestrate them","UNQ","Closed Lost","SDR / Omitted OPP","2026-09-22 18:40","2026-08-28 21:52","EJ Rauseo","Aaron Marans","US MM","Mid-Market","58387957113"
"64497689923","Amergis Healthcare Staffing","25000.0","Amergis Healthcare Staffing","Classic","62.0","Qualified","2026-09-17","","","Demo / Presentation ","Demo / Presentation","2026-11-26 21:50","2026-08-28 21:50","Rick Walker","Dylan Leija","US Ent","Enterprise","56669871788"
"64474882176","SentinelOne","","SentinelOne","Classic","1051.0","Unqualified","","no show","No-show; Early stage","Closed Lost","SDR / Omitted OPP","2026-09-17 15:47","2026-08-28 21:05","Daniel Alper","Wren Huston","US MM","Mid-Market","10339139683"
"64473796755","ITTI","50000.0","Craftech;Itti","Classic","1000.0","Qualified","2026-08-29","","","Demo / Presentation ","Demo / Presentation","","2026-08-28 20:32","Ignacio De Loera","Luis Martinez","LATAM","Enterprise","14915458927;21289412480"
"64416888112","Ericsson","","Ericsson","Classic","18747.0","Not happened yet","","","","SDR / Omitted  Opp","SDR / Omitted OPP","2026-11-26 14:57","2026-08-28 14:57","Benjamin Duckworth","Adrian Sandu","EMEA Ent","Enterprise","32765689764"
"64418589556","RIMAC SEGUROS Y REASEGUROS BU","50000.0","RIMAC Seguros;Softland Peru S.A.","Classic","388.0","Qualified","2026-08-29","","","Demo / Presentation ","Demo / Presentation","","2026-08-28 00:39","Ignacio De Loera","Luis Martinez","LATAM","Enterprise","57848300863;25007470402"
"64409893145","La Positiva Seguros y Reaseguros S.A.A","50000.0","La Positiva Seguros;Softland Peru S.A.","Classic","153.0","Qualified","2026-08-29","","","Demo / Presentation ","Demo / Presentation","","2026-08-28 00:39","Ignacio De Loera","Luis Martinez","LATAM","Enterprise","56463387766;25007470402"
"64414597226","Softys","","Softys","Classic","582.0","Not happened yet","","","","SDR / Omitted  Opp","SDR / Omitted OPP","2027-08-27 23:41","2026-08-27 23:41","Ignacio De Loera","Luis Martinez","LATAM","Enterprise","37544756537"
"64414522629","Kigo","","Craftech;Kigo","Classic","50.0","Not happened yet","","","","SDR / Omitted  Opp","SDR / Omitted OPP","","2026-08-27 23:14","Ignacio De Loera","","LATAM","Mid-Market","14915458927;56394004138"
"64412480572","Major League Baseball- New Deal","","Major League Baseball","Classic","","Not happened yet","","","","SDR / Omitted  Opp","SDR / Omitted OPP","2026-11-25 21:44","2026-08-27 21:44","Logan Loisel","","SDR US","","52551516189"
"64408296043","Mediaradar, Inc.- New Deal","","Mediaradar, Inc.","Classic","","Not happened yet","","","","SDR / Omitted  Opp","SDR / Omitted OPP","2026-11-25 19:37","2026-08-27 19:37","Aaron Marans","","SDR US","","57152777123"
"64338355013","MediaRadar","48000.0","Mediaradar, Inc.","Classic","79.0","Qualified","2026-09-16","","","Demo / Presentation ","Demo / Presentation","2026-12-19 00:14","2026-08-27 19:31","John Romano","Aaron Marans","US MM","Mid-Market","57152777123"
"64362843249","DealHub.io- New Deal","","DealHub.io","Classic","","Not happened yet","","","","SDR / Omitted  Opp","SDR / Omitted OPP","2026-11-25 16:01","2026-08-27 16:01","Aaron Marans","","SDR US","","53950567221"
"64369069701"," - New Deal","","48487098443","Classic","","Not happened yet","","","","SDR / Omitted  Opp","SDR / Omitted OPP","2026-11-25 15:31","2026-08-27 15:31","Aaron Marans","","SDR US","","48487098443"
"64338341228","Osttra ","","Osttra","Classic","472.0","Discovery","","","","SDR Discovery","","2027-08-27 13:01","2026-08-27 13:01","James Butcher","William Nagle","EMEA MM","Mid-Market","53944895584"
"64338582048","Alm. Brand ","","Alm. Brand","Classic","49.0","Unqualified","","not interested.","No value","Closed Lost","SDR / Omitted OPP","2026-09-14 09:52","2026-08-27 12:53","Sharon Peretz","Jordan Aspis","EMEA MM","Mid-Market","52918326538"
"64376812183","Kira Tech","","Kira Tech","Classic","200.0","Not happened yet","","","","SDR / Omitted  Opp","SDR / Omitted OPP","2026-11-25 10:57","2026-08-27 10:57","Sharon Peretz","Jordan Aspis","EMEA MM","Mid-Market","48192454278"
"64338510718","DeepHealth","100000.0","DeepHealth","Classic","132.0","Qualified","2026-09-01","","","Business Validation","Pilot Prep","2026-12-11 13:54","2026-08-26 23:39","Sharon Peretz","Wren Huston","EMEA MM","Mid-Market","46274970902"
"64376145736","Ivanti","","Ivanti","Classic","795.0","Unqualified","","Missing Feature: FedRamp","Early stage; Missing Feature","Closed Lost","SDR / Omitted OPP","2026-08-31 16:20","2026-08-26 21:09","Daniel Alper","Wren Huston","US MM","Mid-Market","18937208739"
"64333226142","Manychat","24000.0","Manychat","Classic","119.0","Qualified","2026-08-31","","","Demo / Presentation ","Demo / Presentation","2027-03-12 18:36","2026-08-25 21:37","Matt Bilsland","Logan Loisel","EMEA MM","Mid-Market","57786103352"
"64293650484","KPN- New Deal","","KPN","Classic","2000.0","Unqualified","","Closed after first discovery call, not quite the right persona. Pursuing other avenues","Other","Closed Lost","SDR / Omitted OPP","2026-09-08 14:15","2026-08-25 14:28","Jamie Summers","William Nagle","EMEA Ent","Enterprise","56573775461"
"64279274274","JumpCloud - New Deal","","JumpCloud ","Classic","","Unqualified","","Duplicate","Other","Closed Lost","SDR / Omitted OPP","2026-08-24 17:26","2026-08-24 10:37","John Romano","","US MM","Mid-Market","9881577744"
"64248549394","RBC - AI Platform Team","","RBC","Classic","5796.0","Not happened yet","","","","SDR / Omitted  Opp","SDR / Omitted OPP","2027-06-01 20:45","2026-08-21 20:46","Jeff Graham","Rachel Jean","US Ent","Enterprise","31957405056"
"64246750483","Culqi","50000.0","Softland Peru S.A.;Culqi (CrediCorp)","Classic","72.0","Qualified","2026-09-10","","","Demo / Presentation ","Demo / Presentation","2027-03-29 19:15","2026-08-21 19:40","Ignacio De Loera","Luis Martinez","LATAM","Mid-Market","25007470402;28280851973"
"64241535155","Ontario Teachers' Pension Plan","100000.0","Ontario Teachers' Pension Plan","Classic","194.0","Qualified","2026-08-24","","","Demo / Presentation ","Demo / Presentation","2026-12-15 20:35","2026-08-21 17:21","Jill Countey","Wren Huston","US MM","Mid-Market","10485365299"
"64175316488","BAWAG Group ","","BAWAG Group","Classic","117.0","Unqualified","","No show to meeting and unresponsive","No-show","Closed Lost","SDR / Omitted OPP","2026-09-16 15:55","2026-08-21 16:52","Jordan Aspis","Jordan Aspis","SDR EMEA","Mid-Market","53244326013"
"64229515313","Infomedia Ltd","","Infomedia Ltd","Classic","109.0","Unqualified","","no real initiative + not responsive. ","Other; Unable to connect","Closed Lost","SDR / Omitted OPP","2026-09-14 13:55","2026-08-21 04:01","Sharon Peretz","Jordan Aspis","EMEA MM","Mid-Market","56816786810"
"64175286123","Matillion ","80000.0","Matillion","Classic","176.0","Qualified","2026-08-25","","","Demo / Presentation ","Demo / Presentation","2027-08-20 17:21","2026-08-20 17:21","Matt Bilsland","William Nagle","EMEA MM","Mid-Market","32130089820"
"64178135614","Boomi ","","Boomi","Classic","","Not happened yet","","","","SDR / Omitted  Opp","SDR / Omitted OPP","2026-12-19 00:14","2026-08-20 16:58","John Romano","","US MM","Mid-Market","18935186098"
"64203031945","PepsiCo - API Catalog","150000.0","PepsiCo","Classic","350.0","Qualified","2026-09-03","","","Demo / Presentation ","Demo / Presentation","2027-03-26 16:28","2026-08-20 10:37","Evan Smith","Logan Loisel","US Ent","Enterprise","10163307300"
"64524628618","El Puerto de Liverpool ","60000.0","23052830289;Liverpool","Classic","255.0","Qualified","2026-09-02","","","Demo / Presentation ","Demo / Presentation","2026-11-18 03:08","2026-08-20 03:08","Ignacio De Loera","Luis Martinez","LATAM","Enterprise","23052830289;47072935032"
"64178119502","SS&C","","SS&C Technologies","Classic","3036.0","Unqualified","","leadership wasn't interested in exploring anything further","No value","Closed Lost","SDR / Omitted OPP","2026-09-17 18:27","2026-08-20 00:18","Rick Walker","Dylan Leija","US Ent","Enterprise","10259163676"
"64175332442","Levi's (Brazil)","142200.0","Levi's","Classic","997.0","Qualified","2026-09-15","","","Demo / Presentation ","Demo / Presentation","2026-12-07 23:53","2026-08-20 00:01","Ignacio De Loera","Luis Martinez","LATAM","Enterprise","10259193766"
"64877297424","Phreesia","","Phreesia","Classic","394.0","Not happened yet","","","","SDR / Omitted  Opp","SDR / Omitted OPP","2026-12-19 00:14","2026-08-19 21:08","John Romano","Aaron Marans","US MM","Mid-Market","10067647138"
"64133431661","Uline","","Uline","Classic","356.0","Discovery","","","","SDR / Omitted  Opp","SDR / Omitted OPP","2027-08-19 16:50","2026-08-19 16:51","Rick Walker","Dylan Leija","US Ent","Enterprise","9906823743"
"64137571933","NN Group","","NN Group","Classic","700.0","Unqualified","","Not the right person. Focused mainly on Databricks.","Not right company/ persona","Closed Lost","SDR / Omitted OPP","2026-08-26 13:59","2026-08-19 12:31","John Barnes","Subby Makinde","EMEA Ent","Enterprise","14929258788"
"64147845987","Optum- New Deal","","Optum","Classic","","Not happened yet","","","","SDR / Omitted  Opp","SDR / Omitted OPP","2026-11-17 00:35","2026-08-19 00:35","Logan Loisel","","SDR US","","10163250036"
"64133524598","Mastercard","","Mastercard","Classic","15000.0","Unqualified","","Duplicate Opp","Unable to connect","Closed Lost","SDR / Omitted OPP","2026-09-02 17:08","2026-08-18 18:24","Evan Smith","Logan Loisel","US Ent","Enterprise","10259163670"
"64059121933","AIS ","","AIS","Classic","578.0","Not happened yet","","","","SDR / Omitted  Opp","SDR / Omitted OPP","2026-12-12 09:46","2026-08-18 16:28","Sharon Peretz","William Nagle","EMEA MM","Enterprise","18406383770"
"64084085085","Omnio","","Omnio","Classic","80.0","Not happened yet","","","","SDR / Omitted  Opp","SDR / Omitted OPP","2026-11-16 12:22","2026-08-18 12:22","James Butcher","William Nagle","EMEA MM","Mid-Market","38964885260"
"64054398980","Trustpilot- New Deal","","Trustpilot","Classic","","Not happened yet","","","","SDR / Omitted  Opp","SDR / Omitted OPP","2026-11-15 22:22","2026-08-17 22:22","William Nagle","William Nagle","SDR EMEA","Mid-Market","32172450817"
"63929513476","Cencosud - Chile","80000.0","Cencosud","Classic","5000.0","Qualified","2026-09-01","","","Demo / Presentation ","Demo / Presentation","2027-03-19 20:48","2026-08-17 20:03","Ignacio De Loera","Luis Martinez","LATAM","Enterprise","15726870056"
"63925335351","Barclays | Application Modernisation | AEP","200000.0","Barclays PLC","Classic","10000.0","Qualified","2026-08-17","","","Demo / Presentation ","Demo / Presentation","2028-03-30 16:12","2026-08-17 16:12","John Barnes","Adrian Sandu","EMEA Ent","Enterprise","18490406436"
"63925274690","Kamstrup ","","Kamstrup","Classic","317.0","Unqualified","","2028 project","Bad timing","Closed Lost","SDR / Omitted OPP","2026-09-22 17:13","2026-08-17 14:56","Matt Bilsland","William Nagle","EMEA MM","Mid-Market","18863535633"
"63925207928","Österreichische Post | IDP RFP | 100 Users | Blind RFP","150000.0","Österreichische Post","Classic","400.0","Qualified","2026-08-17","Blind RFP. Cost highlighted as a challenge.","Other","Closed Lost","Demo / Presentation","2026-08-27 14:06","2026-08-17 11:45","John Barnes","Adrian Sandu","EMEA Ent","Enterprise","10077009217"
"63929536885","AJE Group","","AJE Group","Classic","425.0","Unqualified","","0","Other","Closed Lost","SDR / Omitted OPP","2026-09-02 20:46","2026-08-15 02:24","Ignacio De Loera","Luis Martinez","LATAM","Enterprise","37532182567"
"63929531941","Prex","40000.0","Prex","Classic","156.0","Qualified","2026-09-02","","","Demo / Presentation ","Demo / Presentation","2027-03-26 21:55","2026-08-14 22:38","Ignacio De Loera","Luis Martinez","LATAM","Mid-Market","44998848573"
"63836990825","Simetrik - New Deal","70000.0","Simetrik","Classic","120.0","Qualified","2026-08-29","","","Demo / Presentation ","Demo / Presentation","2026-10-20 18:23","2026-08-14 18:23","Ignacio De Loera","Luis Martinez","LATAM","Mid-Market","46461022872"
"63912757166","BetterMe: Health Coaching","24000.0","BetterMe: Health Coaching","Classic","300.0","Qualified","2026-09-02","","","Formal Pilot","Formal Pilot","2026-12-31 12:39","2026-08-14 15:16","James Butcher","Adrian Sandu","EMEA MM","Mid-Market","53011036498"
"63874572630","Datacom","","Datacom","Classic","1125.0","Unqualified","","MSP researching the market","Early stage","Closed Lost","SDR / Omitted OPP","2026-08-21 02:27","2026-08-14 10:35","Scott Dunion","Adrian Sandu","APJ","Enterprise","16717981533"
"63840209547","JumpCloud v3","","JumpCloud ","Classic","300.0","Unqualified","","Hi John,

Sorry for the delay, I was traveling and unable to get back to you earlier.

Our team currently relies on some internal customized tools that cover our use cases for now. We will reach back out to you as we evaluate further and dive deeper into our AI strategy.

Thanks,
Diwakar","UNQ","Closed Lost","SDR / Omitted OPP","2026-09-08 19:37","2026-08-13 20:36","John Romano","","US MM","Mid-Market","9881577744"
"63815078161","BBVA","","BBVA","Classic","3207.0","Not happened yet","","","","SDR Discovery","SDR / Omitted OPP","2026-11-11 15:50","2026-08-13 15:50","Benjamin Duckworth","Adrian Sandu","EMEA Ent","Enterprise","32143683597"
"63783668632","Zippy's Restaurants","24000.0","Zippy's Restaurants","Classic","17.0","Qualified","2026-08-14","","","Demo / Presentation ","Demo / Presentation","2026-10-30 19:37","2026-08-12 22:25","Daniel Alper","Wren Huston","US MM","Mid-Market","57376439896"
"63929567764","Fubo","100000.0","Fubo","Classic","174.0","Qualified","2026-09-14","","","Demo / Presentation ","Demo / Presentation","2026-12-18 16:25","2026-08-12 22:04","EJ Rauseo","Aaron Marans","US MM","Mid-Market","39750531879"
"63772583257","TomTom- New Deal","200000.0","TomTom","Classic","150.0","Qualified","2026-09-02","","","Business Validation","Pilot Prep","2027-03-26 13:07","2026-08-12 19:51","Matt Bilsland","William Nagle","EMEA MM","Mid-Market","9958643263"
"63718125733","Siemens Healthineers","","Siemens Healthineers","Classic","5172.0","Unqualified","","No show. Unable to connect.","No-show; Unable to connect","Closed Lost","SDR / Omitted OPP","2026-09-03 11:02","2026-08-12 13:36","John Barnes","Adrian Sandu","EMEA Ent","Enterprise","10163156747"
"63739352974","Regal Entertainment Group","60000.0","Regal Entertainment Group","Classic","77.0","Qualified","2026-08-19","","","Negotiation / Legal","Negotiation / Legal","2026-11-26 20:00","2026-08-12 01:14","Jeff Graham","Rachel Jean","US Ent","Enterprise","44009845884"
"63717535921","State St - New Deal Engineering & Technology","","State Street","Classic","4761.0","Not happened yet","","","","SDR Discovery","SDR / Omitted OPP","2027-06-01 19:07","2026-08-11 19:08","Rachel Jean","Rachel Jean","SDR US","Enterprise","56468756300"
"63715115637","Electrolux","","Electrolux","Classic","939.0","Unqualified","","Not the right person. Not capable of articulating pain and not champion material","Not right company/ persona","Closed Lost","SDR / Omitted OPP","2026-09-09 11:24","2026-08-11 18:15","John Barnes","Adrian Sandu","EMEA Ent","Enterprise","42293568575"
"63718083947","State St - New Deal","","State Street","Classic","4761.0","Discovery","","","","SDR Discovery","SDR / Omitted OPP","2027-06-01 18:11","2026-08-11 18:10","Rachel Jean","Rachel Jean","SDR US","Enterprise","56468756300"
"64333735451","The Carlyle Group","","The Carlyle Group","Classic","122.0","Not happened yet","","","","SDR / Omitted  Opp","SDR / Omitted OPP","2026-12-15 17:13","2026-08-11 17:18","Jill Countey","Wren Huston","US MM","Mid-Market","57762353159"
"63706751332","The Marketing Store, NA","","The Marketing Store, NA","Classic","27.0","Discovery","","Prospect does not have use case at TMS but will help introduce to Arrowstreet Capital decision makers","Other","Closed Lost","","2026-08-14 22:05","2026-08-11 16:08","Wren Huston","","SDR US","Mid-Market","57248638742"
"63701781612","Photon","","Photon","Classic","","","","Repeated efforts to connect, via email and call","No-show; Unable to connect","Closed Lost","","2026-08-21 21:56","2026-08-11 15:41","Wren Huston","","SDR US","Mid-Market","36510916666"
"63702437191","Riverside.fm- New Deal","","Riverside.fm","Classic","","Unqualified","","no show","Other","Closed Lost","SDR / Omitted OPP","2026-09-03 16:30","2026-08-11 13:57","William Nagle","William Nagle","SDR EMEA","Mid-Market","23158672196"
"63700583345","Novo Nordisk","300000.0","Novo Nordisk","Classic","3089.0","Qualified","2026-08-28","","","Demo / Presentation ","Demo / Presentation","2027-02-24 14:26","2026-08-11 12:55","John Barnes","Adrian Sandu","EMEA Ent","Enterprise","32781051195"
"63646808594","Euromonitor International","","Euromonitor International","Classic","217.0","Not happened yet","","","","SDR Discovery","SDR / Omitted OPP","2027-01-31 12:39","2026-08-10 18:39","James Butcher","Jordan Aspis","EMEA MM","Mid-Market","32143683584"
"63550064687","Snoonu","","Snoonu","Classic","135.0","Unqualified","","No real initiative. Eric tried pushing internally, we met with the CTO, but not moving forward with an IDP at this time. ","Early stage; Price","Closed Lost","SDR / Omitted OPP","2026-09-02 09:31","2026-08-08 00:35","Sharon Peretz","Wren Huston","EMEA MM","Mid-Market","57104874617"
"63572731037","ACI Worldwide- New Deal","","ACI Worldwide","Classic","","Not happened yet","","","","SDR / Omitted  Opp","SDR / Omitted OPP","2026-11-05 21:16","2026-08-07 21:16","Aaron Marans","","SDR US","","10259256675"
"63532412467","ICW Group","48000.0","ICW Group","Classic","141.0","Qualified","2026-08-12","After walking them through the POC process and time investment needed, they emailed us saying that they would not be progressing. I am pushing back but this is closed lost for now","Bad timing","Closed Lost","Demo / Presentation","2026-08-19 22:48","2026-08-07 00:26","EJ Rauseo","Wren Huston","US MM","Mid-Market","46747047865"
"63434057990","Fedex - Platform Evaluation","150000.0","Fedex","Classic","","Qualified","2026-08-06","","","Demo / Presentation ","Demo / Presentation","2026-12-18 16:32","2026-08-06 18:12","Evan Smith","Logan Loisel","US Ent","Enterprise","31309579579"
"63533422152","Deutsche Telekom","","Deutsche Telekom","Classic","3000.0","Unqualified","","Consistent no shows","Other","Closed Lost","SDR / Omitted OPP","2026-09-01 16:33","2026-08-06 13:40","Jamie Summers","Subby Makinde","EMEA Ent","Enterprise","38254101009"
"63530860053","Erste Digital","","Erste Digital;Erste Group","Classic","604.0","Not happened yet","","","","SDR / Omitted  Opp","SDR / Omitted OPP","2026-11-04 13:03","2026-08-06 13:03","James Pritchard","Adrian Sandu","EMEA Ent","Enterprise","36107101736;31653317938"
"63434214935","3Shape ","","3Shape","Classic","409.0","Not happened yet","","","","SDR Discovery","SDR / Omitted OPP","2027-08-06 11:32","2026-08-06 11:33","James Butcher","William Nagle","EMEA MM","Mid-Market","16247484737"
"63433870734","N26 ","","N26","Classic","819.0","Not happened yet","","","","SDR / Omitted  Opp","SDR / Omitted OPP","2027-08-05 13:14","2026-08-05 13:14","Sharon Peretz","William Nagle","EMEA MM","Mid-Market","26326907953"
"63433663238","Vialto","250000.0","Vialto","Classic","137.0","Qualified","2026-08-06","","","Demo / Presentation ","Demo / Presentation","2026-12-19 06:48","2026-08-04 20:42","Rick Walker","Dylan Leija","US Ent","Enterprise","35135390883"
"63433656959","Zocdoc ","","Zocdoc","Classic","264.0","Unqualified","","We were low in the account but the contact saw value in Port. They were not able to get others involved in the conversations at this time but said he will work over the next 3 - 6 months to get more people involved","Early stage","Closed Lost","SDR / Omitted OPP","2026-08-27 16:30","2026-08-04 18:25","EJ Rauseo","Aaron Marans","US MM","Mid-Market","31921448104"
"63454693009","Allianz","","Allianz","Classic","3000.0","Unqualified","","Not ready to commit yet to a project - not completely dead, just putting back in to the pool for SDR to carry on working as well","Early stage","Closed Lost","SDR / Omitted OPP","2026-09-08 14:16","2026-08-04 14:08","Jamie Summers","William Nagle","EMEA Ent","Enterprise","10067608668"
"63445559121","Brevo","","Brevo","Classic","296.0","Unqualified","","Other priorities, picking up later this year.","Bad timing","Closed Lost","SDR / Omitted OPP","2026-09-22 17:03","2026-08-04 11:03","Matt Bilsland","William Nagle","EMEA MM","Mid-Market","42091242384"
"63433682500","Life360","","Life360","Classic","194.0","Unqualified","","Went dark after saying he was going to loop in his team. Agentic focused conversation. Re-PG into other people","UNQ","Closed Lost","SDR / Omitted OPP","2026-09-17 15:49","2026-08-03 18:32","EJ Rauseo","Aaron Marans","US MM","Mid-Market","20639949094"
"63425463317","solutions ","","Solutions by stc","Classic","1755.0","Unqualified","","cancelled ","No-show","Closed Lost","SDR / Omitted OPP","2026-08-25 12:26","2026-08-03 15:03","William Nagle","William Nagle","SDR EMEA","Mid-Market","57215066220"
"63360920360","Atrias","24000.0","Atrias;CloudLand B.V.","Classic","50.0","Qualified","2026-08-05","","","Closed Won","Negotiation / Legal","2026-08-05 18:45","2026-08-03 11:28","James Butcher","Adrian Sandu","EMEA MM","Mid-Market","57248096016;56180718477"
"63366547082","Saviynt","","Saviynt","Classic","600.0","Not happened yet","","","","SDR / Omitted  Opp","SDR / Omitted OPP","2026-10-30 09:43","2026-08-01 09:43","EJ Rauseo","Aaron Marans","US MM","Mid-Market","35913727130"
"63223220899","Transbank","","transbank","Classic","172.0","Unqualified","","no budget","Bad timing","Closed Lost","SDR / Omitted OPP","2026-08-06 22:30","2026-07-31 22:22","Ignacio De Loera","Luis Martinez","LATAM","Enterprise","26542271755"
"63327605648","NVIDIA","","Nvidia","Classic","22524.0","Not happened yet","","","","SDR Discovery","SDR / Omitted OPP","2027-05-30 18:23","2026-07-31 18:23","Rachel Jean","Rachel Jean","SDR US","Enterprise","57249801649"
"63294984515","Nedbank","","Nedbank","Classic","898.0","Unqualified","",".","No-show","Closed Lost","SDR / Omitted OPP","2026-08-18 14:48","2026-07-31 13:10","James Pritchard","Subby Makinde","EMEA Ent","Enterprise","18487288479"
"63307683218","Computacenter","150000.0","Computacenter Plc","Classic","1500.0","Qualified","2026-08-24","","","Demo / Presentation ","Demo / Presentation","2027-03-31 16:18","2026-07-31 11:30","Benjamin Duckworth","Adrian Sandu","EMEA Ent","Enterprise","10077073531"
"63290883676","Comerica","100000.0","Comerica","Classic","595.0","Qualified","2026-08-11","Contact leaving organization.","Unable to connect","Closed Lost","Demo / Presentation","2026-08-19 18:56","2026-07-30 23:11","Evan Smith","Logan Loisel","US Ent","Enterprise","21467244841"
"63223091868","Lowes","","Lowes","Classic","3243.0","Unqualified","","no show","No-show","Closed Lost","SDR / Omitted OPP","2026-09-11 16:12","2026-07-30 22:00","Rachel Jean","Rachel Jean","SDR US","Enterprise","31457369401"
"63290753875","Aliando","","Aliando","Classic","123.0","Unqualified","","They are Potential Partner NOt User","Other","Closed Lost","SDR / Omitted OPP","2026-08-19 17:22","2026-07-30 20:54","Ignacio De Loera","Luis Martinez","LATAM","Mid-Market","56394159023"
"63285049003","Pernod Ricard","","Pernod Ricard","Classic","228.0","Unqualified","","main contact leaving business - back to SDR","Champion left/ Company cuts","Closed Lost","SDR / Omitted OPP","2026-09-08 14:17","2026-07-30 18:01","Jamie Summers","William Nagle","EMEA Ent","Enterprise","18722404955"
"63222953088","Cargill","","Cargill","Classic","1921.0","Unqualified","","no show","No-show","Closed Lost","SDR / Omitted OPP","2026-09-11 16:12","2026-07-30 17:39","Rachel Jean","Rachel Jean","SDR US","Enterprise","12487210307"
"63282467905","Alfa Laval - New Deal","","Alfa Laval","Classic","","Unqualified","","Wrong title","UNQ","Closed Lost","SDR / Omitted OPP","2026-08-11 11:19","2026-07-30 17:25","Subby Makinde","","SDR EMEA","","17887692174"
"63222650253","Aviv Group GmbH ","","Aviv Group GmbH","Classic","299.0","Not happened yet","","","","SDR Discovery","SDR / Omitted OPP","2027-07-30 17:11","2026-07-30 17:12","James Butcher","Jordan Aspis","EMEA MM","Mid-Market","53240008110"
"63222863253","Honeywell","","Honeywell","Classic","14770.0","Unqualified",""," -","No-show","Closed Lost","SDR / Omitted OPP","2026-08-04 20:04","2026-07-30 16:18","Jeff Graham","Rachel Jean","US Ent","Enterprise","10067393567"
"63256156849","Polygon UK","","Polygon UK","Classic","205.0","Unqualified","","Prospect didn't know what we do. wrong persona","No value","Closed Lost","SDR / Omitted OPP","2026-08-11 11:13","2026-07-30 14:04","Matt Bilsland","","EMEA MM","Mid-Market","57127165015"
"63222966054","Cority","","Cority Software Inc;Meddbase","Classic","24.0","Not happened yet","","","","SDR / Omitted  Opp","SDR / Omitted OPP","2026-10-28 13:18","2026-07-30 13:18","William Nagle","William Nagle","SDR EMEA","Mid-Market","10312833687;56007555857"
"65077081695","A1 Wholesale","120000.0","A1 Wholesale","Classic","354.0","Qualified","2026-08-20","","","Demo / Presentation ","Demo / Presentation","2027-04-22 14:19","2026-07-30 11:35","Jamie Summers","Subby Makinde","EMEA Ent","Enterprise","58429172232"
"63270578773","Carrier Global Corporation","175000.0","Carrier Global Corporation","Classic","1000.0","Qualified","2026-08-06","","","Demo / Presentation ","Demo / Presentation","2027-03-19 20:35","2026-07-30 09:32","Evan Smith","Logan Loisel","US Ent","Enterprise","10163200940"
"63222421778","Casaideas","50000.0","Casaideas","Classic","58.0","Qualified","2026-08-11","","","Demo / Presentation ","Demo / Presentation","2027-07-29 22:40","2026-07-29 22:42","Ignacio De Loera","Luis Martinez","LATAM","Enterprise","17973374360"
"63222911133","Intel","","Intel","Classic","33082.0","Unqualified","","no show","No-show","Closed Lost","SDR / Omitted OPP","2026-09-11 16:15","2026-07-29 18:48","Rachel Jean","Rachel Jean","SDR US","Enterprise","27782178895"
"63222834872","AT&T","","AT&T","Classic","15610.0","Unqualified","","Not the right person","Not right company/ persona","Closed Lost","SDR / Omitted OPP","2026-08-18 19:26","2026-07-29 15:48","Jeff Graham","Rachel Jean","US Ent","Enterprise","35262417981"
"63222885953","Northern Trust Corp","","Northern Trust Corp","Classic","1602.0","Unqualified","","no shiw","No-show; Unable to connect","Closed Lost","SDR / Omitted OPP","2026-08-18 17:18","2026-07-28 23:08","Evan Smith","Logan Loisel","US Ent","Enterprise","10067624850"
"63222816291","Solutis Tecnologias","60000.0","Solutis","Classic","548.0","Qualified","2026-08-11","","","Demo / Presentation ","Demo / Presentation","2028-01-15 01:38","2026-07-28 21:47","Ignacio De Loera","Luis Martinez","LATAM","Enterprise","56413004845"
"63222380932","McKesson - New Deal ","","McKesson","Classic","128.0","Unqualified","","no show","No-show","Closed Lost","SDR / Omitted OPP","2026-09-11 16:14","2026-07-28 19:28","Rachel Jean","Rachel Jean","SDR US","Enterprise","10163254884"
"63222251921","Publicis Sapient","","Publicis Sapient","Classic","10450.0","Unqualified","","no show","No-show","Closed Lost","SDR / Omitted OPP","2026-09-11 16:14","2026-07-28 17:42","Rachel Jean","Rachel Jean","SDR US","Enterprise","53969060425"
"63186793333","Thermo Fisher ","","Thermo Fisher","Classic","5652.0","Unqualified","","no show","No-show","Closed Lost","SDR / Omitted OPP","2026-09-11 16:14","2026-07-28 15:58","Rachel Jean","Rachel Jean","SDR US","Enterprise","9661149192"
"63189324856","Bayer","","Bayer","Classic","3860.0","Discovery","","","","SDR Discovery","","2027-07-28 11:03","2026-07-28 11:03","Benjamin Duckworth","Adrian Sandu","EMEA Ent","Enterprise","10067400973"
"63189376109","Informatica ","","Informatica","Classic","1963.0","Unqualified","","no show","No-show","Closed Lost","SDR / Omitted OPP","2026-09-11 16:13","2026-07-27 23:34","Rachel Jean","Rachel Jean","SDR US","Enterprise","9408694181"
"63192901515","Caja Los Andes","","Caja Los Andes","Classic","304.0","Not happened yet","","","","SDR / Omitted  Opp","SDR / Omitted OPP","2026-10-25 23:01","2026-07-27 23:01","Ignacio De Loera","Luis Martinez","LATAM","Enterprise","56383313435"
"63077025960","Trendyol","","Trendyol Group","Classic","1500.0","Unqualified","","Unable to reconnect with contact at Trendyol","Unable to connect","Closed Lost","SDR / Omitted OPP","2026-08-18 15:52","2026-07-24 10:42","John Barnes","Adrian Sandu","EMEA Ent","Enterprise","9714726070"
"63027927605","QHR Tech","180000.0","qhrtech.com","Classic","157.0","Qualified","2026-08-21","","","Demo / Presentation ","Demo / Presentation","2026-12-19 00:14","2026-07-23 21:57","John Romano","Dylan Leija","US MM","Mid-Market","20998543010"
"63051351643","Foundation Building Materials","24000.0","Foundation Building Materials","Classic","39.0","Qualified","2026-08-14","","","Business Validation","Pilot Prep","2026-12-19 00:14","2026-07-23 19:43","John Romano","Aaron Marans","US MM","Mid-Market","56961965919"
"63027670314","Ingram Micro Inc.","150000.0","Ingram Micro Inc.","Classic","1000.0","Qualified","2026-08-05","","","Business Validation","Pilot Prep","2026-12-18 16:32","2026-07-23 18:40","Evan Smith","Logan Loisel","US Ent","Enterprise","10163254874"
"63027858075","Opera ","","Opera","Classic","350.0","Not happened yet","","","","SDR / Omitted  Opp","SDR / Omitted OPP","2027-07-23 18:09","2026-07-23 18:10","James Butcher","William Nagle","EMEA MM","Mid-Market","20717490805"
"63027370151","OS Enterprise","","Os Enterprise","Classic","14.0","Unqualified","","They want to be a partner not a user","Partnership","Closed Lost","SDR / Omitted OPP","2026-08-19 17:23","2026-07-23 17:59","Ignacio De Loera","Luis Martinez","LATAM","Mid-Market","53735168428"
"63027783963","Legora ","100000.0","Legora","Classic","148.0","Qualified","2026-07-30","The problem the customer had was addressed with teams leveraging internally developed agentic process.","Internal Build","Closed Lost","Demo / Presentation","2026-09-17 09:14","2026-07-23 11:01","Matt Bilsland","William Nagle","EMEA MM","Mid-Market","42614129841"
"63066360597","Basler Kantonalbank ","","Basler Kantonalbank","Classic","50.0","Not happened yet","","","","SDR / Omitted  Opp","SDR / Omitted OPP","2027-01-31 13:08","2026-07-23 08:06","James Butcher","William Nagle","EMEA MM","Mid-Market","52924879397"
"63055843088","National Grid","","National Grid","Classic","","Unqualified","","Prospect asked for placeholder then ghosted","Unable to connect","Closed Lost","SDR / Omitted OPP","2026-08-05 12:32","2026-07-22 23:28","Subby Makinde","Subby Makinde","SDR EMEA","Enterprise","10259284321"
"63053397510","Salesforce","","Salesforce","Classic","25089.0","Not happened yet","","","","SDR Discovery","SDR / Omitted OPP","2027-05-24 22:20","2026-07-22 22:20","Jeff Graham","Rachel Jean","US Ent","Enterprise","55549873991"
"62985442715","Lexgo","","Lexgo","Classic","","Unqualified","","No meeting scheduled","No-show","Closed Lost","SDR / Omitted OPP","2026-08-29 13:52","2026-07-22 17:18","Ignacio De Loera","Luis Martinez","LATAM","Mid-Market","56414240518"
"62939513261","Nexigroup","","Nexigroup","Classic","378.0","Unqualified","","Kept rescheduling the meeting. Didn't show up the 3rd time","No-show; Unable to connect","Closed Lost","SDR / Omitted OPP","2026-09-21 16:01","2026-07-22 13:51","Benjamin Duckworth","Adrian Sandu","EMEA Ent","Enterprise","18487386891"
"63002423078","Syngenta","","Syngenta","Classic","650.0","Not happened yet","","","","SDR / Omitted  Opp","SDR / Omitted OPP","2026-10-20 12:45","2026-07-22 12:45","Benjamin Duckworth","Adrian Sandu","EMEA Ent","Enterprise","18406488458"
"63008973989","Oura","100000.0","Oura","Classic","506.0","Qualified","2026-08-04","getting more details but chris said they are going with another solution","Competition","Closed Lost","Demo / Presentation","2026-09-08 21:02","2026-07-22 02:16","Jill Countey","Wren Huston","US MM","Enterprise","34544541509"
"63027279691","RBC Platform Team","","RBC","Classic","5756.0","Unqualified","","no right person","Not right company/ persona","Closed Lost","SDR / Omitted OPP","2026-09-11 16:13","2026-07-21 23:10","Rachel Jean","Rachel Jean","SDR US","Enterprise","31957405056"
"62962769501","Reply","","Go Reply","Classic","200.0","Unqualified","","Not a relevant opp or persona - partner driven","No value","Closed Lost","SDR / Omitted OPP","2026-08-06 11:32","2026-07-21 18:34","Jamie Summers","Subby Makinde","EMEA Ent","Enterprise","56573764465"
"62939070317","The Access Group","","The Access Group","Classic","1120.0","Unqualified","","Spoke a load of rubbish, not the right persona. Backstage in the business but not right person for that. ","Not right company/ persona","Closed Lost","SDR / Omitted OPP","2026-08-11 11:59","2026-07-21 18:16","James Pritchard","Subby Makinde","EMEA Ent","Enterprise","18487854248"
"62921039114","Aize","50000.0","Aize;Aize","Classic","120.0","Qualified","2026-07-30","Aize could not quantify their pain and want to to pick this up towards the end of the year","Early stage","Closed Lost","Demo / Presentation","2026-08-06 10:50","2026-07-21 16:47","Matt Bilsland","William Nagle","EMEA MM","Mid-Market","55869255321;56028120956"
"62875677830","Keppel","","Keppel","Classic","127.0","Unqualified","","Failed to keep comms going after first meeting","No-show","Closed Lost","SDR / Omitted OPP","2026-08-21 02:32","2026-07-21 16:27","Scott Dunion","Adrian Sandu","APJ","Enterprise","56828018552"
"62950529834","Cato Networks ","","Cato Networks","Classic","436.0","Not happened yet","","","","SDR Discovery","SDR / Omitted OPP","2026-10-19 14:12","2026-07-21 14:01","William Nagle","William Nagle","SDR EMEA","Mid-Market","22123485706"
"62907433333","Aidoc","","Aidoc","Classic","108.0","Unqualified","","unresponsive. ","No-show","Closed Lost","SDR / Omitted OPP","2026-09-15 09:55","2026-07-21 10:10","Sharon Peretz","William Nagle","EMEA MM","Mid-Market","9408659875"
"62704521516","Sagent ","","Sagent","Classic","306.0","Unqualified","","Solid first outbound meeting but they are in the information gathering phase. We are early here but are positioned to start things in '27","Early stage","Closed Lost","SDR / Omitted OPP","2026-08-27 16:39","2026-07-17 21:40","EJ Rauseo","Aaron Marans","US MM","Mid-Market","30975757203"
"62746008921","Autopay SA","40000.0","Autopay","Classic","79.0","Qualified","2026-07-30","","","Demo / Presentation ","Demo / Presentation","2026-11-08 10:10","2026-07-17 19:08","Sharon Peretz","William Nagle","EMEA MM","Mid-Market","56520972410"
"62744441934","Westwing","24000.0","Westwing","Classic","86.0","Qualified","2026-09-01","","","Business Validation","Pilot Prep","2026-12-31 12:44","2026-07-17 15:12","James Butcher","William Nagle","EMEA MM","Mid-Market","10077111163"
"62759289857","Boston Consulting Group, Inc.","0.0","Fedex;Boston Consulting Group, Inc.","Classic","3000.0","Unqualified","","Duplicate Opportunity","Other","Closed Lost","SDR / Omitted OPP","2026-08-26 16:39","2026-07-16 23:34","Evan Smith","Logan Loisel","US Ent","Enterprise","31309579579;10135448226"
"62703966102","Billgo","","BillGO","Classic","50.0","Not happened yet","","","","SDR Discovery","SDR / Omitted OPP","2026-10-14 18:17","2026-07-16 18:17","Aaron Marans","Aaron Marans","SDR US","Mid-Market","47633654371"
"62704241213","Prudential","","Prudential Financial","Classic","2136.0","Unqualified",""," -","No-show","Closed Lost","SDR / Omitted OPP","2026-08-04 20:03","2026-07-16 17:28","Jeff Graham","Rachel Jean","US Ent","Enterprise","10067631674"
"62661058856","Flutterwave","","Flutterwave","Classic","179.0","Unqualified","","Prospect not responding","No-show","Closed Lost","SDR / Omitted OPP","2026-08-05 12:37","2026-07-16 16:49","Matt Bilsland","William Nagle","EMEA MM","Mid-Market","9958746288"
"62657817675","Etisalat","","Emirates Telecommunications Group Company PJSC","Classic","1300.0","Not happened yet","","","","SDR / Omitted  Opp","SDR / Omitted OPP","2027-07-15 20:38","2026-07-15 20:39","Jamie Summers","William Nagle","EMEA Ent","Enterprise","43922395826"
"62661096626","JetBlue","200000.0","JetBlue","Classic","900.0","Qualified","2026-07-29","","","Demo / Presentation ","Demo / Presentation","2027-12-17 18:24","2026-07-15 20:38","Evan Smith","Logan Loisel","US Ent","Enterprise","32144149644"
"62657817398","Smile Doctors","24000.0","Smile Doctors","Classic","50.0","Qualified","2026-07-28","","","Business Case Confirmation","Business case confirmation","2026-12-15 20:45","2026-07-15 20:32","Jill Countey","Logan Loisel","US MM","Mid-Market","56616897044"
"62657898889","Knowit ","","Knowit","Classic","1111.0","Unqualified","","Could be a partner conversation but there was pushback on working with Port.","Not right company/ persona","Closed Lost","SDR / Omitted OPP","2026-07-22 15:45","2026-07-15 17:07","Matt Bilsland","William Nagle","EMEA MM","Mid-Market","56591765026"
"62652089911","GSK ","","GSK","Classic","2800.0","Unqualified","","No real opp here after good discovery, head of COE said no point in continuing","Internal Build","Closed Lost","SDR / Omitted OPP","2026-08-04 14:40","2026-07-15 13:14","Jamie Summers","Subby Makinde","EMEA Ent","Enterprise","36510916460"
"62639930451","Aguas Andinas","24000.0","Aguas Andinas;Aguas Andinas","Classic","334.0","Unqualified","","Partner sourced but not meeting ","No-show; Unable to connect","Closed Lost","SDR / Omitted OPP","2026-08-10 22:39","2026-07-15 00:00","Ignacio De Loera","Luis Martinez","LATAM","Mid-Market","56549212490;56577654197"
"62639571324","Bentley Systems","75000.0","Bentley Systems","Classic","1798.0","Qualified","2026-08-10","","","Business Validation","Pilot Prep","2027-04-23 23:50","2026-07-14 23:04","Rick Walker","Dylan Leija","US Ent","Enterprise","10067400979"
"62631783001","BNP Paribas - New Deal","","BNP Paribas","Classic","","Unqualified","","Not putting us in touch with the right person as he clearly stated he wouldn't be the right person to take this forward - will chase in background without live opp","Bad timing","Closed Lost","SDR / Omitted OPP","2026-08-25 17:22","2026-07-14 14:58","Jamie Summers","Subby Makinde","EMEA Ent","Enterprise","38741035697"
"62625016238","Solita ","","Solita","Classic","807.0","Unqualified","","The guys were not engaged, too much on the consultancy side","Not right company/ persona","Closed Lost","SDR / Omitted OPP","2026-07-22 11:13","2026-07-14 13:57","Matt Bilsland","William Nagle","EMEA MM","Mid-Market","21528170784"
"62629935221","ASOS - New Deal","","ASOS","Classic","","Unqualified","","no show from cold call","No-show","Closed Lost","SDR / Omitted OPP","2026-09-01 18:03","2026-07-14 13:46","William Nagle","William Nagle","SDR EMEA","Mid-Market","10338534167"
"62622498718","UniSuper - New Deal","72000.0","UniSuper","Classic","","Qualified","2026-07-14","","","Business Validation","Pilot Prep","2026-11-30 23:18","2026-07-14 01:19","Sharon Peretz","William Nagle","EMEA MM","Mid-Market","30208210259"
"62543929856","OCBC Bank","","OCBC Bank","Classic","1000.0","Unqualified","","no show","No-show","Closed Lost","SDR / Omitted OPP","2026-08-11 07:13","2026-07-12 04:15","Scott Dunion","Subby Makinde","APJ","Enterprise","10312903426"
"62494455918","La Positiva Seguros","60000.0","La Positiva Seguros","Classic","153.0","Qualified","2026-09-02","","","Demo / Presentation ","Demo / Presentation","2027-07-10 23:09","2026-07-10 23:10","Ignacio De Loera","Luis Martinez","LATAM","Enterprise","56463387766"
"62465539398","Bank of America","","Bank of America","Classic","26110.0","Unqualified","","not the right person","Not right company/ persona","Closed Lost","SDR / Omitted OPP","2026-08-18 19:31","2026-07-10 14:44","Jeff Graham","Rachel Jean","US Ent","Enterprise","56468722302"
"62475771571","BMW ","200000.0","Bayerische Motoren Werke","Classic","4500.0","Qualified","2026-09-08","","","Demo / Presentation ","Demo / Presentation","2027-07-10 14:06","2026-07-10 14:07","Jamie Summers","William Nagle","EMEA Ent","Enterprise","10163322913"
"62448749868","BancoEstado","","BancoEstado","Classic","682.0","Unqualified","","No show  and no reply to emails","No-show","Closed Lost","SDR / Omitted OPP","2026-08-29 13:41","2026-07-09 19:04","Ignacio De Loera","Luis Martinez","LATAM","Enterprise","35992766290"
"62446517914","Scotia Bank","","Scotia Bank","Classic","5329.0","Unqualified","","Bad timing / unable to connect","Bad timing; No-show","Closed Lost","SDR / Omitted OPP","2026-08-18 19:30","2026-07-09 18:45","Jeff Graham","Rachel Jean","US Ent","Enterprise","10077009216"
"62443086941","Swiss Post","","Swiss Post","Classic","616.0","Unqualified","","No champion, not able to provide metrics and no identified pain. Also fearful of making introductions to those above or other colleagues.","Not right company/ persona","Closed Lost","SDR / Omitted OPP","2026-07-27 12:24","2026-07-09 18:05","John Barnes","Adrian Sandu","EMEA Ent","Enterprise","34738070419"
"62444756148","PROS Inc ","","PROS Inc","Classic","512.0","Unqualified","","""Apologies, I will have to cancel demo entirely for the foreseeable future"" - Garrett

Going to try to figure out what challenge he was looking to solve and reach out to others there. 

Garrett is very new org and low","Bad timing","Closed Lost","SDR / Omitted OPP","2026-07-10 17:16","2026-07-09 18:01","John Romano","Aaron Marans","US MM","Mid-Market","21468363931"
"62437590913","CMA CGM | IDP Implementation | GCP | Spain + France","400000.0","CEVA Logistics","Classic","","Qualified","2026-07-09","","","Demo / Presentation ","Demo / Presentation","2027-06-17 15:13","2026-07-09 15:12","Jamie Summers","Subby Makinde","EMEA Ent","Enterprise","56572822874"
"62423260856","ACB - Asia Commercial Bank","","Ngân hàng Á Châu ACB","Classic","233.0","Unqualified","","no show","No-show","Closed Lost","SDR / Omitted OPP","2026-08-11 07:13","2026-07-09 11:21","Scott Dunion","Adrian Sandu","APJ","Enterprise","54037976892"
"62428988520","Inabia - New Deal","","Inabia","Classic","50.0","Unqualified","","They were looking for an observability tool rather than an Agentic SDLC Platform. They have 20 engineers so it is also very small","Not right company/ persona","Closed Lost","SDR / Omitted OPP","2026-07-20 22:31","2026-07-09 08:08","EJ Rauseo","Aaron Marans","US MM","Mid-Market","56520482116"
"62115648287","Cocos Capital","24000.0","Cocos Capital","Classic","35.0","Qualified","2026-07-10","","","Demo / Presentation ","Demo / Presentation","2027-07-08 19:35","2026-07-08 19:37","Ignacio De Loera","Luis Martinez","LATAM","Mid-Market","56388127596"
"62406438936","Accenture - New Deal","","Accenture","Classic","150000.0","Unqualified","","Not an op, potential relationship with Accenture more generally ","Consultant","Closed Lost","SDR / Omitted OPP","2026-07-21 13:10","2026-07-08 18:54","James Pritchard","","EMEA Ent","","37505544871"
"62394803628","Redare Pharmacy ","","redcare pharmacy","Classic","170.0","Unqualified","","Joined a call, not responded to follow up","Unable to connect","Closed Lost","SDR / Omitted OPP","2026-08-03 17:45","2026-07-08 13:00","Matt Bilsland","William Nagle","EMEA MM","Mid-Market","19467758897"
"62393947136","Iberostar Group","","Iberostar","Classic","59.0","Unqualified","","Too junior - said all the right things but didn't follow through. Would need to move several levels above, not active initiative -  70 devs internal there so not worth pursuing. ","Not right company/ persona","Closed Lost","SDR / Omitted OPP","2026-08-11 11:58","2026-07-08 12:11","James Pritchard","Subby Makinde","EMEA Ent","Enterprise","54854582088"
"62122068151","Molinos","50000.0","Molinos","Classic","108.0","Qualified","2026-08-07","","","Business Validation","Pilot Prep","2026-11-28 01:09","2026-07-07 23:32","Ignacio De Loera","Luis Martinez","LATAM","Mid-Market","46439413369"
"62115380033","Stix - New Deal","24000.0","zup;Stix","Classic","","Qualified","2026-07-14","","","Business Validation","Pilot Prep","2028-06-24 00:03","2026-07-06 20:07","Ignacio De Loera","Luis Martinez","LATAM","Mid-Market","9958703178;54750516609"
"62313704960","Motorola Solutions Inc","","MOTOROLA SOLUTIONS","Classic","380.0","Not happened yet","","","","SDR / Omitted  Opp","SDR / Omitted OPP","2027-01-15 22:19","2026-07-06 20:05","Jeff Graham","Logan Loisel","US Ent","Enterprise","10067613532"
"62310588513","Tide ","","Tide","Classic","581.0","Not happened yet","","","","SDR Discovery","SDR / Omitted OPP","2027-02-28 13:14","2026-07-06 18:13","James Butcher","Jordan Aspis","EMEA MM","Mid-Market","10339190905"
"62121770768","Western University","","Western University","Classic","175.0","Unqualified","","Preliminary market research, no budget, no buying motion","UNQ; Budget; Early stage","Closed Lost","SDR / Omitted OPP","2026-07-30 14:55","2026-07-06 15:46","Daniel Alper","Wren Huston","US MM","Mid-Market","54176884387"
"62045325129","RBC","","RBC","Classic","5642.0","Unqualified","","no show","No-show","Closed Lost","SDR / Omitted OPP","2026-08-04 16:37","2026-07-02 18:34","Rachel Jean","Rachel Jean","SDR US","Enterprise","31957405056"
"62111886975","Giesecke+Devrient","","Giesecke+Devrient","Classic","1246.0","Unqualified","","Never spoke or connected","No-show","Closed Lost","SDR / Omitted OPP","2026-08-04 22:27","2026-07-02 18:08","John Barnes","Adrian Sandu","EMEA Ent","Enterprise","10259232406"
"62068369433","UltraGroup - New Deal","","Linex Travel | UltraGroup","Classic","32.0","Unqualified","","no show","No-show","Closed Lost","SDR / Omitted OPP","2026-08-29 13:36","2026-07-02 17:17","Ignacio De Loera","Luis Martinez","LATAM","Mid-Market","56443761825"
"62045500473","Air Space Intelligence ","181000.0","Air Space Intelligence","Classic","150.0","Qualified","2026-07-06","Had 1 demo meeting (They were post POC with cortex). They decided to move forward with Cortex: 
""Sorry for leaving you hanging - I completely overlooked your previous message.

Regarding the call, we've decided to stop evaluating Port. That decision wasn't based solely on our conversation and the demo, but on a number of factors we considered throughout our evaluation process. At this point we're comfortable with the direction we've chosen, so I don't think another call would change the outcome. That said, I genuinely think you're building a great product that solves real problems. It just turned out that we're looking for something a bit different.

Thank you again for your time and the conversation. I really appreciate it, and I wish you and the team all the best.""","Competition","Closed Lost","Demo / Presentation","2026-07-23 09:36","2026-07-02 14:31","Sharon Peretz","William Nagle","EMEA MM","Mid-Market","21684315240"
"62044817263","Nayax ","","Nayax","Classic","165.0","Unqualified","","no show ","No-show","Closed Lost","SDR / Omitted OPP","2026-07-23 18:39","2026-07-02 12:43","William Nagle","William Nagle","SDR EMEA","Mid-Market","32164500803"
"62065864598","Chainalysis ","","Chainalysis","Classic","196.0","Unqualified","","Not enough pain around lack of agent governance and orchestration yet","No value","Closed Lost","SDR / Omitted OPP","2026-07-16 18:58","2026-07-02 12:01","John Romano","Aaron Marans","US MM","Mid-Market","9881242477"
"62092779858","Cribl ","","Cribl","Classic","307.0","Unqualified","","Pushed us off to September, following up but seems like a tire kicker at best","Unable to connect","Closed Lost","SDR / Omitted OPP","2026-09-01 19:08","2026-07-02 06:33","John Romano","Aaron Marans","US MM","Mid-Market","37512828831"
"62045070738","Wompi S.A.S.","48000.0","Wompi S.A.S.","Classic","75.0","Qualified","2026-07-13","","","Business Validation","Pilot Prep","2026-12-18 23:35","2026-07-01 23:23","Ignacio De Loera","Logan Loisel","LATAM","Mid-Market","56410217369"
"62045124881","Doxo","24000.0","Doxo","Classic","31.0","Qualified","2026-07-10","After making progress during the self-led POC, they stopped responding and have not answered any emails / calls","No-show","Closed Lost","Demo / Presentation","2026-08-14 22:57","2026-07-01 20:12","EJ Rauseo","Aaron Marans","US MM","Mid-Market","50807460259"
"61873082199","Holland & Barrett","","Holland & Barrett","Classic","286.0","Unqualified","","Prospect took the meeting on a purely speculative basis.  Decent conversation, but no existing initiative and no motivation to commence one at this point.  Was just observing the market to see what new solutions there were - no buying motion.","Early stage; Not right company/ persona","Closed Lost","SDR / Omitted OPP","2026-08-18 00:47","2026-07-01 13:25","Benjamin Duckworth","Adrian Sandu","EMEA Ent","Enterprise","32127608950"
"61951815052","One NZ ","","Vodafone NZ","Classic","217.0","Unqualified","","no show","No-show","Closed Lost","SDR / Omitted OPP","2026-08-11 07:15","2026-07-01 09:41","Scott Dunion","William Nagle","APJ","Mid-Market","26617745265"
"61873132112","MasterControl","99000.0","MasterControl Solutions, Inc.","Classic","200.0","Qualified","2026-07-14","","","Closed Won","Negotiation / Legal","2026-08-31 08:44","2026-06-30 23:56","John Romano","Aaron Marans","US MM","Mid-Market","18031441704"
"61870292621","Adidas","","Adidas","Classic","","Unqualified","","No show and unable to connect with prospect since","No-show","Closed Lost","SDR / Omitted OPP","2026-08-05 12:33","2026-06-30 18:08","Subby Makinde","Subby Makinde","SDR EMEA","Enterprise","53052591458"
"61848804641","SoSafe ","","SoSafe","Classic","93.0","Unqualified","","Decided to move forward with Metrics- LinearB/ Swarmia at this stage. Trying to push to meeting with CTO.","Early stage; Competition","Closed Lost","SDR / Omitted OPP","2026-07-27 10:48","2026-06-30 16:48","Sharon Peretz","William Nagle","EMEA MM","Mid-Market","56194025490"
"61852739253","CYE ","","CYE","Classic","77.0","Unqualified","","not responsive, small team.","Unable to connect","Closed Lost","SDR / Omitted OPP","2026-07-27 11:00","2026-06-30 10:38","Sharon Peretz","William Nagle","EMEA MM","Mid-Market","56207987266"
"61810634361","Salt Security ","","Salt Security","Classic","82.0","Unqualified","","no show","No-show","Closed Lost","SDR / Omitted OPP","2026-07-23 18:33","2026-06-30 00:07","William Nagle","William Nagle","SDR EMEA","Mid-Market","21522425384"
"61749900115","Bank of America","","Bank of America","Classic","26110.0","Unqualified","","No show","No-show","Closed Lost","SDR / Omitted OPP","2026-08-18 19:27","2026-06-29 19:56","Jeff Graham","Rachel Jean","US Ent","Enterprise","56468722302"
"61724292266","Varonis System Ltd ","","Varonis System Ltd","Classic","901.0","Unqualified","","unresponsive","Unable to connect","Closed Lost","SDR / Omitted OPP","2026-07-09 10:52","2026-06-29 12:12","Sharon Peretz","William Nagle","EMEA MM","Mid-Market","9409052965"
"61678859836","American Airlines - New Deal","","American Airlines","Classic","","Unqualified",""," -","No-show","Closed Lost","SDR / Omitted OPP","2026-08-04 20:05","2026-06-26 22:36","Jeff Graham","Rachel Jean","US Ent","Enterprise","10457635624"
"61685715852","Nomura International PLC","","Nomura International plc","Classic","2336.0","Unqualified","","Not aligned right now","Bad timing","Closed Lost","SDR / Omitted OPP","2026-08-04 17:20","2026-06-26 22:36","Aaron Marans","Aaron Marans","SDR US","Mid-Market","10067617046"
"61690927383","American Express - Incident Management (AI)","200000.0","American Express","Classic","","Qualified","2026-07-07","","","Demo / Presentation ","Demo / Presentation","2027-12-17 18:24","2026-06-26 22:36","Evan Smith","Logan Loisel","US Ent","Enterprise","33651666069"
"61673609864","Adaptavist - New Deal","","Adaptavist","Classic","205.0","Unqualified","","no show from event","No-show","Closed Lost","SDR / Omitted OPP","2026-08-25 13:54","2026-06-26 22:36","William Nagle","William Nagle","SDR EMEA","Mid-Market","56678154557"
"61694251319","JetBlue","","JetBlue","Classic","","Not happened yet","","","","SDR Discovery","SDR / Omitted OPP","","2026-06-26 22:36","Logan Loisel","Logan Loisel","SDR US","Enterprise","32144149644"
"61695798400","MindCloud Tech - New Deal","","MindCloud Tech","Classic","36.0","Unqualified","","No show ","No-show","Closed Lost","SDR / Omitted OPP","2026-08-03 17:44","2026-06-26 22:36","Aaron Marans","Aaron Marans","SDR US","Mid-Market","56044394540"
"62660936332","IntraFi","","IntraFi","Classic","62.0","Not happened yet","","","","SDR / Omitted  Opp","SDR / Omitted OPP","","2026-06-26 22:36","Aaron Marans","Aaron Marans","SDR US","Mid-Market","39249501795"
"61693094237","Sap National Security Services ","","SAP NS2","Classic","226.0","Unqualified","","Not the right fit right now ","Bad timing","Closed Lost","SDR / Omitted OPP","2026-09-16 17:51","2026-06-26 22:36","Aaron Marans","Aaron Marans","SDR US","Mid-Market","10163183380"
"61685562469","CoreWeave - New Deal","","CoreWeave","Classic","670.0","Unqualified","","Signed up trade show. Declined meeting and never responded to followup ","No-show","Closed Lost","SDR / Omitted OPP","2026-07-16 16:51","2026-06-26 22:36","Aaron Marans","Aaron Marans","SDR US","Mid-Market","19161630748"
"61690290523","Marriott International - PlatformCon NY","","Marriott","Classic","1132.0","Not happened yet","","","","SDR Discovery","SDR / Omitted OPP","","2026-06-26 22:36","Logan Loisel","Logan Loisel","SDR US","Enterprise","18853673257"
"61683037613","Cardworks","","Cardworks","Classic","41.0","Unqualified","","PlatformCon NYC no show","No-show; Unable to connect","Closed Lost","SDR / Omitted OPP","2026-08-10 17:57","2026-06-26 22:36","Wren Huston","","SDR US","Mid-Market","30435145030"
"61670071676","Bank of America","","Bank of America","Classic","16000.0","Not happened yet","","","","SDR / Omitted  Opp","SDR / Omitted OPP","","2026-06-26 22:36","Jeff Graham","Rachel Jean","US Ent","Enterprise","56468722302"
"61685685416","Tangerine","","Tangerine Bank","Classic","241.0","Not happened yet","","","","SDR / Omitted  Opp","SDR / Omitted OPP","2026-12-15 17:13","2026-06-26 19:41","Jill Countey","Wren Huston","US MM","Mid-Market","10135598517"
"61630922551","Ares Management Corporation ","","Ares Management Corporation","Classic","133.0","Unqualified","","Prospect did not show to intro, and did not respond to outreach in weeks following","No-show; Unable to connect","Closed Lost","SDR / Omitted OPP","2026-07-17 16:54","2026-06-26 17:16","Wren Huston","Wren Huston","SDR US","Mid-Market","21468363791"
"61625324312","Takealot","","Takealot","Classic","225.0","Not happened yet","","","","SDR / Omitted  Opp","SDR / Omitted OPP","2027-06-26 14:37","2026-06-26 14:38","James Pritchard","Adrian Sandu","EMEA Ent","Enterprise","36154271583"
"61625201199","Mr D","24000.0","Mr D","Classic","","Qualified","2026-06-29","","","Negotiation / Legal","Negotiation / Legal","2027-11-19 11:08","2026-06-26 14:31","James Pritchard","Subby Makinde","EMEA Ent","Enterprise","56046697909"
"61625384486","Skandia","","Skandia","Classic","345.0","Discovery","","","","SDR Discovery","SDR / Omitted OPP","2027-06-26 13:11","2026-06-26 13:11","William Nagle","William Nagle","SDR EMEA","Mid-Market","32135597213"
"61625562383","SURA Chile","","SURA Chile","Classic","48.0","Unqualified","","Duplicate opportunity","Other","Closed Lost","SDR / Omitted OPP","2026-07-01 19:55","2026-06-26 00:14","Ignacio De Loera","Luis Martinez","LATAM","Mid-Market","56062622772"
"61623647833","Duolingo","","Duolingo","Classic","148.0","Unqualified","","Cancelled our call saying that they already have things in place - Did not get back to us on our push back","No-show","Closed Lost","SDR / Omitted OPP","2026-07-13 17:55","2026-06-25 23:03","EJ Rauseo","Aaron Marans","US MM","","17545054811"
"61600622769","Hunter Engineering","","Hunter Engineering","Classic","107.0","Unqualified","","They need to build out their backends before engaging with Port. A platform engineer left the company and they lack the bandwidth to work on this now","Early stage","Closed Lost","SDR / Omitted OPP","2026-09-03 16:00","2026-06-25 17:10","EJ Rauseo","Aaron Marans","US MM","Mid-Market","56011434630"
"61582955308","Ripley Corp S.A.","","Ripley;Ripley Corp S.A.","Classic","156.0","Unqualified","","","","Closed Lost","SDR / Omitted OPP","2026-08-04 18:35","2026-06-25 14:25","Ignacio De Loera","Logan Loisel","LATAM","Enterprise","35033395741;56016847465"
"61507374220","BMO","","BMO","Classic","3415.0","Unqualified","","Persona was cloud strategy. Need to find either the Backstage team or the AIops team. ","UNQ","Closed Lost","SDR / Omitted OPP","2026-08-18 19:49","2026-06-25 00:55","Jeff Graham","Dylan Leija","US Ent","Enterprise","10091443811"
"61600694696","AWS - New Deal","","","Classic","","Not happened yet","","","","SDR / Omitted  Opp","SDR / Omitted OPP","","2026-06-25 00:44","Johana Ochoa","Logan Loisel","Channel","Enterprise",""
"61580227899","NIBC Bank ","","NIBC","Classic","91.0","Unqualified","","no show from event","No-show","Closed Lost","SDR / Omitted OPP","2026-09-03 16:19","2026-06-25 00:44","William Nagle","William Nagle","SDR EMEA","Mid-Market","56463488849"
"61593235822","American Express - PlatformCon London","","American Express","Classic","10000.0","Not happened yet","","","","SDR Discovery","SDR / Omitted OPP","","2026-06-25 00:44","Logan Loisel","Logan Loisel","SDR US","Enterprise","56001621147"
"61873566781","YouLend - New Deal","","YouLend","Classic","","Unqualified","","no show from event","No-show","Closed Lost","SDR / Omitted OPP","2026-08-25 13:57","2026-06-25 00:41","William Nagle","","SDR EMEA","Mid-Market","30163073386"
"61592306210","Datasentics - New Deal","","Datasentics","Classic","","Unqualified","","no show after event","No-show","Closed Lost","SDR / Omitted OPP","2026-08-25 13:57","2026-06-25 00:41","William Nagle","","SDR EMEA","Enterprise","55882417275"
"61594161821","CYAN BLUE ODDS ","","CYAN BLUE ODDS LIMITED","Classic","","Unqualified","","didnt connect with him after follow up call post event ","Unable to connect","Closed Lost","SDR / Omitted OPP","2026-09-03 16:21","2026-06-25 00:41","William Nagle","William Nagle","SDR EMEA","Mid-Market","55872740528"
"61604108816","IMP Software - New Deal","","IMP Software","Classic","","Not happened yet","","","","SDR Discovery","SDR / Omitted OPP","","2026-06-25 00:38","William Nagle","William Nagle","SDR EMEA","Mid-Market","56002549668"
"61550516007","Truckstop","30000.0","Truckstop","Classic","240.0","Qualified","2026-07-08","","","Formal Pilot","Formal Pilot","2026-12-15 15:57","2026-06-24 19:44","Jill Countey","Wren Huston","US MM","Mid-Market","10259330640"
"61535826867","Audio Network - New Deal","","Audio Network","Classic","9.0","Unqualified","","No show ","No-show","Closed Lost","SDR / Omitted OPP","2026-07-16 16:56","2026-06-24 12:47","Aaron Marans","Aaron Marans","SDR US","Mid-Market","55864585787"
"61507400260","Jefferies ","0.0","Jefferies","Classic","678.0","Discovery","","","","SDR Discovery","Demo / Presentation","2027-06-23 23:35","2026-06-23 23:36","Jeff Graham","Rachel Jean","US Ent","Enterprise","22396598082"
"61465667968","State Street","","State Street","Classic","4487.0","Unqualified",""," -","Bad timing","Closed Lost","SDR / Omitted OPP","2026-06-29 17:04","2026-06-23 22:50","Jeff Graham","Rachel Jean","US Ent","Enterprise","56468756300"
"61463220762","Sveriges Radio P3 ","50000.0","Sveriges Radio P3","Classic","142.0","Qualified","2026-09-01","Been advised project is on hold","Early stage","Closed Lost","Demo / Presentation","2026-09-03 10:44","2026-06-23 17:02","Matt Bilsland","William Nagle","EMEA MM","Mid-Market","55885045143"
"61460840620","FlixBus - New Deal","","FlixBus","Classic","286.0","Unqualified","","PlatformCon meeting - no show","No-show; Unable to connect","Closed Lost","SDR / Omitted OPP","2026-08-05 11:27","2026-06-23 16:26","Adrian Sandu","Adrian Sandu","SDR EMEA","Enterprise","51213124949"
"61460362866","easyJet | IDP Project | UK","350000.0","easyJet","Classic","","Qualified","2026-06-30","","","Business Validation","Pilot Prep","2026-12-11 15:00","2026-06-23 15:15","Jamie Summers","Subby Makinde","EMEA Ent","Enterprise","18487523999"
"61460063865","EMIS - New Deal","","EMIS Health","Classic","","Not happened yet","","","","SDR Discovery","SDR / Omitted OPP","2026-09-21 15:11","2026-06-23 15:11","William Nagle","William Nagle","SDR EMEA","Enterprise","55880615763"
"61459280997","Kraken Technologies ","","Kraken Technologies","Classic","637.0","Unqualified","","Closed lost last year - spoke with friend who's a PM at Kraken, Cortex is being deeply embedded and y1 of a 3-year+ rollout with direct COO backing, unlikely to be able to break in this FY. Possible to revisit in the future but not worth focusing on now","Competition; Bad timing","Closed Lost","SDR / Omitted OPP","2026-08-27 17:20","2026-06-23 14:32","James Butcher","Jordan Aspis","EMEA MM","Mid-Market","25191225195"
"61459401103","Dynatrace","","dynatrace","Classic","2016.0","Not happened yet","","","","SDR / Omitted  Opp","SDR / Omitted OPP","2026-09-21 14:15","2026-06-23 14:15","Rick Walker","Dylan Leija","US Ent","Enterprise","10163272709"
"61458979912","Meddbase","","Cority","Classic","30.0","Unqualified","","""I'm afraid we're not going to be taking this any further. Our priorities have shifted and we don't have the capacity to run an evaluation.""","Bad timing; Other","Closed Lost","SDR / Omitted OPP","2026-09-16 18:45","2026-06-23 13:17","William Nagle","William Nagle","SDR EMEA","Mid-Market","55887489101"
"61453451831","ista ","100000.0","ista","Classic","131.0","Qualified","2026-08-18","","","Demo / Presentation ","Demo / Presentation","2027-06-30 11:33","2026-06-23 13:15","James Butcher","William Nagle","EMEA MM","Mid-Market","56400228185"
"61453844995","Climate X","","Climate X","Classic","34.0","Unqualified","","event no show to meeting ","No-show","Closed Lost","SDR / Omitted OPP","2026-09-03 16:19","2026-06-23 12:43","William Nagle","William Nagle","SDR EMEA","Mid-Market","55866289080"
"61452577311","Solidicon","","Solidicon","Classic","15.0","Unqualified","","too small, starting to explore the space but not enough urgency/need right now","UNQ; Early stage","Closed Lost","SDR / Omitted OPP","2026-08-18 12:18","2026-06-23 11:20","William Nagle","William Nagle","SDR EMEA","Mid-Market","54919607411"
"61451526512","Hyundai Motor Europe","","Hyundai Motor Europe","Classic","1011.0","Unqualified","","Not a use case Port will support.","No value","Closed Lost","SDR / Omitted OPP","2026-07-16 14:41","2026-06-23 10:24","John Barnes","Adrian Sandu","EMEA Ent","Enterprise","55886866083"
"61436670056","Exxon Mobil Corporation","200000.0","Exxon Mobil Corporation","Classic","2932.0","Qualified","2026-06-29","","","Demo / Presentation ","Demo / Presentation","2027-03-19 20:35","2026-06-22 22:08","Evan Smith","Logan Loisel","US Ent","Enterprise","56245960528"
"61435345826","Space Xfinity","","","Classic","","Unqualified","","Founder. Team of 1. The tech stack is limited to a repository on an Apple USB-C storage. Hasn't developed code.","Freemium","Closed Lost","SDR / Omitted OPP","2026-06-22 23:05","2026-06-22 18:44","Dylan Leija","","SDR US","",""
"61355767928","1Password","200000.0","AgileBits Inc.","Classic","488.0","Qualified","2026-06-22","","","Formal Pilot","Formal Pilot","2026-11-27 17:35","2026-06-22 18:36","Daniel Alper","Wren Huston","US MM","Mid-Market","10485191208"
"61223430453","State Street","","State Street","Classic","2530.0","Unqualified",""," -","No-show","Closed Lost","SDR / Omitted OPP","2026-06-29 17:05","2026-06-18 18:01","Jeff Graham","Rachel Jean","US Ent","Enterprise","56468756300"
"61245034105","Boku ","100000.0","Boku","Classic","195.0","Qualified","2026-07-22","","","Demo / Presentation ","Demo / Presentation","2027-02-17 10:59","2026-06-18 17:46","James Butcher","William Nagle","EMEA MM","Mid-Market","48414930853"
"61176429088","Sagent -","","Sagent","Classic","299.0","Unqualified","","We met with a SRE who is a fan of IDPs but does not make decisions. He gave us solid information and will try to intro us to others in the account while we continue to PG into the account. There is something here but he thinks it will be likely in 2027","Early stage","Closed Lost","SDR / Omitted OPP","2026-06-26 17:41","2026-06-17 19:57","EJ Rauseo","Aaron Marans","US MM","Mid-Market","30975757203"
"61129589249","BCI Seguros","","BCI Seguros","Classic","109.0","Unqualified","","no show","No-show","Closed Lost","SDR / Omitted OPP","2026-07-07 04:45","2026-06-17 16:42","Ignacio De Loera","Logan Loisel","LATAM","Mid-Market","55070424730"
"61163349929","National Research Group","","National Research Group","Classic","45.0","Unqualified","","to be rescheduled","No-show","Closed Lost","SDR / Omitted OPP","2026-06-30 18:29","2026-06-17 16:25","Jill Countey","Wren Huston","US MM","Mid-Market","55656588310"
"61173757983","Mercedes-Benz","","Mecedes-Benz","Classic","5000.0","Unqualified","","Prospect re-scheduled meeting 3 times, and just outright didn't show up to last one.","No-show","Closed Lost","SDR / Omitted OPP","2026-07-29 16:15","2026-06-17 13:53","James Pritchard","Subby Makinde","EMEA Ent","Enterprise","55078170253"
"61179073030","Hollard Insurance Australia","","Hollard Insurance Australia","Classic","43.0","Not happened yet","","","","SDR / Omitted  Opp","SDR / Omitted OPP","2027-02-17 06:24","2026-06-17 04:58","Scott Dunion","William Nagle","APJ","Mid-Market","25009698412"
"61129843029","Charter Communications","","Charter Communications","Classic","4842.0","Unqualified","","OOO
","Bad timing","Closed Lost","SDR / Omitted OPP","2026-09-02 23:40","2026-06-16 18:28","Rachel Jean","Rachel Jean","SDR US","Enterprise","18049157470"
"61130689340"," FDJ United","","36321997897;FDJ United","Classic","500.0","Unqualified","","no Show ","No-show","Closed Lost","SDR / Omitted OPP","2026-07-13 12:37","2026-06-16 18:14","James Pritchard","Subby Makinde","EMEA Ent","Enterprise","36321997897;36370798404"
"61129836194","Booking.com - AEP","200000.0","Booking.com","Classic","4300.0","Qualified","2026-06-16","Unable to reconnect with core decision makers","Unable to connect","Closed Lost","Demo / Presentation","2026-08-18 15:36","2026-06-16 17:46","John Barnes","Adrian Sandu","EMEA Ent","Enterprise","58388009061"
"61128589171","Randstad Digital","","randstaddigital.com","Classic","575.0","Unqualified","","Randstad Digital - trying to find a way to partnership rather than purchasing from us","Other","Closed Lost","SDR / Omitted OPP","2026-06-30 14:19","2026-06-16 17:33","Jamie Summers","Subby Makinde","EMEA Ent","Enterprise","32124331644"
"61113546753","HPE","","Hewlett Packard Enterprise","Classic","24924.0","Unqualified","","Canceled","No-show","Closed Lost","SDR / Omitted OPP","2026-06-22 22:15","2026-06-15 23:29","Tali Cohen (Deactivated User)","Dylan Leija","US Ent","Enterprise","10067631686"
"61113535821","Metlife","200000.0","MetLife","Classic","3803.0","Qualified","2026-06-30","No show","Bad timing; No-show","Closed Lost","Demo / Presentation","2026-08-18 19:29","2026-06-15 23:16","Jeff Graham","Rachel Jean","US Ent","Enterprise","55128143617"
"61110097312","Versa Networks","50000.0","Versa Networks","Classic","250.0","Qualified","2026-06-23","""We are going slow on platform side of the things hence we are not looking at Port or any other solution for IDP implementation as of now. I will connect once I will have more clarity on our direction on this front.""","Bad timing","Closed Lost","Demo / Presentation","2026-07-10 16:43","2026-06-15 17:40","Jill Countey","Wren Huston","US MM","Mid-Market","25215867447"
"61054513442","Calendly","","Calendly;Calendly;Calendly","Classic","184.0","Unqualified","","Said they weren't interested after no showing demo","No-show","Closed Lost","SDR / Omitted OPP","2026-08-03 17:46","2026-06-12 23:33","Aaron Marans","Aaron Marans","SDR US","Mid-Market","36510916269;55537022339;55551540050"
"61052856233","Staples","","Staples","Classic","1057.0","Unqualified",""," -","No-show","Closed Lost","SDR / Omitted OPP","2026-08-04 20:05","2026-06-12 21:52","Jeff Graham","Rachel Jean","US Ent","Enterprise","10259302181"
"61051411220","Greater New York Mutual Insurance","","Greater New York Insurance;Greater New York Mutual Insurance;Greater New York Mutual Insurance","Classic","18.0","Unqualified","","DASH no show","No-show; Unable to connect","Closed Lost","SDR / Omitted OPP","2026-07-06 21:11","2026-06-12 20:30","Wren Huston","Wren Huston","SDR US","Mid-Market","55491357297;55519848547;55537228931"
"61048621141","Conde Nast ","","Conde Nast;Conde Nast;Conde Nast","Classic","","Not happened yet",""," -","No-show","Closed Lost","SDR / Omitted OPP","2026-08-04 20:02","2026-06-12 18:30","Jeff Graham","Rachel Jean","US Ent","Enterprise","10163297559;55542708338;55546929193"
"61047413913","Nvidia ","","Nvidia;NVIDIA","Classic","15423.0","Unqualified",""," -","Bad timing","Closed Lost","SDR / Omitted OPP","2026-06-29 17:06","2026-06-12 16:49","Jeff Graham","Rachel Jean","US Ent","Enterprise","57249801649;55544005945"
"61047216288","HSBC - New Deal","","HSBC;HSBC","Classic","10000.0","Unqualified","","Meeting from DASH NYC. Unable to get a hold of prospect","Unable to connect","Closed Lost","SDR / Omitted OPP","2026-07-15 13:20","2026-06-12 16:40","Adrian Sandu","Adrian Sandu","SDR EMEA","Enterprise","32497509960;55544320914"
"61047866139","Uber Freight ","","Uber Freight;Uber Freight;Uber Freight;Uber Freight","Classic","","Unqualified","","No show after DASH","No-show","Closed Lost","SDR / Omitted OPP","2026-06-29 18:18","2026-06-12 16:29","Rachel Jean","Rachel Jean","SDR US","Enterprise","55515928498;55521602925;55521713504;55528556695"
"61035027013","Attentive - New Deal","","Attentive","Classic","","Unqualified","","no show due to events","No-show","Closed Lost","SDR / Omitted OPP","2026-08-25 13:58","2026-06-11 23:01","William Nagle","William Nagle","SDR EMEA","Mid-Market","57724625306"
"61031624600","Tishman Speyer","","Tishman Speyer","Classic","41.0","Unqualified","","Intro held 6/18 to confirm use case not relevant","Not right company/ persona","Closed Lost","SDR / Omitted OPP","2026-06-24 21:54","2026-06-11 19:22","Daniel Alper","Wren Huston","US MM","Mid-Market","55655848028"
"61031712390","Resy","","Resy;Resy","Classic","","Unqualified","","No show ","No-show","Closed Lost","SDR / Omitted OPP","2026-08-04 17:27","2026-06-11 19:22","Aaron Marans","Aaron Marans","SDR US","Mid-Market","55542395815;43044562498"
"61022547342","Experian","75000.0","Experian","Classic","4254.0","Qualified","2026-08-11","","","Demo / Presentation ","Demo / Presentation","2026-11-20 17:53","2026-06-11 19:22","Rick Walker","Dylan Leija","US Ent","Enterprise","57252308064"
"61129294964","CaseWorthy","","CaseWorthy","Classic","43.0","Unqualified","","Brian no longer with CaseWorthy, not worth pursuing further based on Company/Engineering org size","Champion left/ Company cuts","Closed Lost","SDR / Omitted OPP","2026-07-08 18:13","2026-06-11 19:22","John Romano","Aaron Marans","US MM","Mid-Market","55605082002"
"61030451722","Nulab","","Nulab;Nulab","Classic","31.0","Unqualified","","DASY NYC meeting - no show","No-show; Unable to connect","Closed Lost","SDR / Omitted OPP","2026-08-05 11:30","2026-06-11 19:22","Adrian Sandu","Adrian Sandu","SDR EMEA","Enterprise","55525787489;55515960661"
"61030278543","TextNow","","TextNow;TextNow","Classic","","Unqualified","","No show","No-show","Closed Lost","SDR / Omitted OPP","2026-08-04 17:31","2026-06-11 19:18","Aaron Marans","Aaron Marans","SDR US","Mid-Market","55539633819;55539197495"
"61022696778","RTX (Raytheon)","","RTX (Raytheon);Pratt and Whitney","Classic","3210.0","Unqualified","","no show","No-show","Closed Lost","SDR / Omitted OPP","2026-08-03 17:43","2026-06-11 19:18","Dylan Leija","Dylan Leija","SDR US","Enterprise","55520065121;18031658518"
"61031619728","RiotGames","","RiotGames","Classic","1523.0","Unqualified","","Customer never showed for scheduled call","No-show","Closed Lost","SDR / Omitted OPP","2026-08-11 15:36","2026-06-11 19:18","Evan Smith","Logan Loisel","US Ent","Enterprise","57268065185"
"61031530842","Appian Corporation","","Appian Corporation;Appian Corporation","Classic","","Unqualified","","They were researching into Port but let me know that they were at the beginning of their project and had competing priorities ","UNQ","Closed Lost","SDR / Omitted OPP","2026-09-22 18:37","2026-06-11 19:18","EJ Rauseo","Aaron Marans","US MM","Mid-Market","55522393167;18937203595"
"61030132242","Qualcomm","","Qualcomm;Qualcomm","Classic","","Not happened yet","","","","SDR Discovery","SDR / Omitted OPP","","2026-06-11 19:18","Logan Loisel","Logan Loisel","SDR US","Enterprise","55547159814;32000727091"
"61030104906","Attentive","","Attentive","Classic","","Unqualified","","No show post conference ","No-show","Closed Lost","SDR / Omitted OPP","2026-08-04 17:31","2026-06-11 19:18","Aaron Marans","Aaron Marans","SDR US","Mid-Market","57724625306"
"61030084485","Progressive","","Progressive;Progressive","Classic","3015.0","Unqualified","","Canceled","Unable to connect","Closed Lost","SDR / Omitted OPP","2026-08-18 19:42","2026-06-11 19:18","Dylan Leija","Dylan Leija","SDR US","Enterprise","55538106521;18939616691"
"61030022695","Allstate","","Allstate;Allstate","Classic","2387.0","Unqualified","","no show","No-show","Closed Lost","SDR / Omitted OPP","2026-08-03 17:43","2026-06-11 19:18","Dylan Leija","Dylan Leija","SDR US","Enterprise","55530412807;10163307116"
"61031704852","Morgan Stanley","","Morgan Stanley;Morgan Stanley","Classic","14839.0","Unqualified","","went dark after 1st meeting","Unable to connect","Closed Lost","SDR / Omitted OPP","2026-09-16 17:44","2026-06-11 19:18","Dylan Leija","Dylan Leija","SDR US","Enterprise","55544513069;9881228800"
"61031641671","Wesco Anxiter","75000.0","Wesco","Classic","531.0","Qualified","2026-08-11","","","Demo / Presentation ","Demo / Presentation","2026-11-20 17:54","2026-06-11 19:18","Rick Walker","Dylan Leija","US Ent","Enterprise","56142606674"
"61031608232","Copart","","Copart, Inc.","Classic","397.0","Unqualified","","no show","No-show","Closed Lost","SDR / Omitted OPP","2026-08-03 17:44","2026-06-11 19:18","Dylan Leija","Dylan Leija","SDR US","Enterprise","56400222620"
"61030019686","Bayer","","Bayer;Bayer","Classic","","Unqualified","","DASH NYC meeting. no show and unable to connect with the prospect","Unable to connect","Closed Lost","SDR / Omitted OPP","2026-07-24 13:31","2026-06-11 19:18","Adrian Sandu","Adrian Sandu","SDR EMEA","Enterprise","55525787488;10067400973"
"61031708748","Adaptavist","","Adaptavist","Classic","","Unqualified","","no show form event","No-show","Closed Lost","SDR / Omitted OPP","2026-08-25 13:56","2026-06-11 19:18","William Nagle","William Nagle","SDR EMEA","Mid-Market","56678154557"
"61031653669","SmarterDx","","SmarterDx;SmarterDx","Classic","","Unqualified","","No show","No-show","Closed Lost","SDR / Omitted OPP","2026-08-04 17:32","2026-06-11 19:18","Aaron Marans","Aaron Marans","SDR US","Mid-Market","55525193037;55537958457"
"61030380560","Sunrun","","Sunrun Inc;Sunrun Inc","Classic","290.0","Unqualified","","no show","No-show","Closed Lost","SDR / Omitted OPP","2026-08-03 17:42","2026-06-11 19:18","Dylan Leija","Dylan Leija","SDR US","Enterprise","55530112847;10163239069"
"61030321058","Conde Nast","","Conde Nast;Conde Nast","Classic","","Unqualified",""," -","No-show","Closed Lost","SDR / Omitted OPP","2026-08-04 20:03","2026-06-11 19:18","Jeff Graham","Rachel Jean","US Ent","Enterprise","55542708338;10163297559"
"61030129823","Uber Freight","","Uber Freight;Uber Freight","Classic","","Unqualified","","no show ","No-show","Closed Lost","SDR / Omitted OPP","2026-08-04 16:38","2026-06-11 19:18","Rachel Jean","Rachel Jean","SDR US","Enterprise","55521602925;55515928498"
"61030129822","Hallmark","","Hallmark;Hallmark","Classic","","Unqualified","","no show","No-show","Closed Lost","SDR / Omitted OPP","2026-08-03 17:42","2026-06-11 19:18","Dylan Leija","Dylan Leija","SDR US","Enterprise","55524216657;26530008461"
"61030417475","Apple","","Apple;Apple","Classic","","Unqualified",""," -","No-show","Closed Lost","SDR / Omitted OPP","2026-06-29 17:03","2026-06-11 19:18","Jeff Graham","Rachel Jean","US Ent","Enterprise","55523153822;9881145500"
"61030183203","EY","","EY;EY","Classic","17000.0","Unqualified","","Not the right contact, more partner focused","Not right company/ persona","Closed Lost","SDR / Omitted OPP","2026-07-02 16:14","2026-06-11 19:18","Evan Smith","Logan Loisel","US Ent","Enterprise","55528927802;10067674800"
"61017351307","WHOOP","","WHOOP;WHOOP","Classic","","Unqualified","","no show","No-show","Closed Lost","SDR / Omitted OPP","2026-08-04 16:09","2026-06-11 19:18","Jill Countey","Wren Huston","US MM","Mid-Market","55532274836;26127933557"
"61031754004","Liberty Mutual","","Liberty Mutual;Liberty Mutual","Classic","3587.0","Unqualified","","no show","No-show","Closed Lost","SDR / Omitted OPP","2026-08-03 17:42","2026-06-11 19:18","Dylan Leija","Dylan Leija","SDR US","Enterprise","55547972463;30995050918"
"61030196236","AlgaeCal","","AlgaeCal;AlgaeCal","Classic","12.0","Unqualified","","No show / no response","No-show; Unable to connect","Closed Lost","SDR / Omitted OPP","2026-06-22 16:43","2026-06-11 19:18","Wren Huston","Wren Huston","SDR US","Mid-Market","55520232758;55518084228"
"61030120230","Paul, Weiss","","Paul, Weiss;Paul, Weiss","Classic","","Unqualified","","No show post conference","No-show","Closed Lost","SDR / Omitted OPP","2026-08-04 17:33","2026-06-11 19:18","Aaron Marans","Aaron Marans","SDR US","Mid-Market","55527074686;55516968586"
"61030132241","Rakuten Group, Inc.","","Rakuten Group, Inc.;Rakuten Group, Inc.","Classic","","Unqualified","","declined meeting","No-show","Closed Lost","SDR / Omitted OPP","2026-07-16 16:50","2026-06-11 19:18","Rachel Jean","Rachel Jean","SDR US","Enterprise","55535393369;10091360366"
"61030278542","Qualified","","Qualified","Classic","","Unqualified","","declined meeting on the follow up","No-show","Closed Lost","SDR / Omitted OPP","2026-07-16 16:51","2026-06-11 19:18","Rachel Jean","Rachel Jean","SDR US","Enterprise","58511251975"
"61031595592","Cellular Sales","","Cellular Sales;Cellular Sales","Classic","","Unqualified","","No show","Unable to connect; No-show","Closed Lost","SDR / Omitted OPP","2026-07-02 20:04","2026-06-11 19:18","Wren Huston","Wren Huston","SDR US","Mid-Market","55540696683;9965712532"
"61030333764","Maximus Inc","","Maximus Inc;Maximus Inc","Classic","","Unqualified",""," -","No-show","Closed Lost","SDR / Omitted OPP","2026-08-04 20:04","2026-06-11 19:18","Jeff Graham","Rachel Jean","US Ent","Enterprise","55551825031;10339148816"
"61031115554","Daloopa","","Daloopa;Daloopa","Classic","28.0","Unqualified","","Steve responded not interest in rebooking 6/25","No-show","Closed Lost","SDR / Omitted OPP","2026-06-25 23:37","2026-06-11 19:18","Daniel Alper","Wren Huston","US MM","Mid-Market","55550996807;49596093186"
"61129217102","eGifter","","eGifter","Classic","7.0","Unqualified","","Too small to support, 5 devs. Are interested in Agentic Workflows though. Told them to DIY with free Port and let us know if the need any help. Left open ended. Follow up in a few weeks to see how they are doing.","Other","Closed Lost","SDR / Omitted OPP","2026-06-16 22:37","2026-06-11 19:18","John Romano","Aaron Marans","US MM","Mid-Market","55537413034"
"61031716472","TherapyNotes","","TherapyNotes;TherapyNotes","Classic","150.0","Unqualified","","No show DASH","No-show; Unable to connect","Closed Lost","SDR / Omitted OPP","2026-07-02 20:05","2026-06-11 19:18","Wren Huston","Wren Huston","SDR US","Mid-Market","55541614402;55533769548"
"61031666029","Versant Media","","VERSANT MEDIA;VERSANT MEDIA","Classic","61.0","Unqualified","","Conference lead. Wrong persona, trying to get intro to Platform team","Not right company/ persona; UNQ","Closed Lost","SDR / Omitted OPP","2026-07-30 14:58","2026-06-11 19:18","Daniel Alper","Wren Huston","US MM","Mid-Market","55521449793;46812375152"
"61031632386","DoubleVerify","","DoubleVerify;DoubleVerify","Classic","","Unqualified","","Prior churn. Port doesn't want to work with them. ","Terminated","Closed Lost","SDR / Omitted OPP","2026-09-16 17:58","2026-06-11 19:18","Aaron Marans","Aaron Marans","SDR US","Mid-Market","55547972464;31446734684"
"61030101558","Copart","","Copart, Inc.","Classic","397.0","Unqualified","","ghost","No-show; Unable to connect","Closed Lost","SDR / Omitted OPP","2026-07-24 23:23","2026-06-11 19:18","Dylan Leija","Dylan Leija","SDR US","Enterprise","56400222620"
"61031757573","Grupo DPSP","","Grupo DPSP;Grupo DPSP","Classic","719.0","Not happened yet","","","","SDR Discovery","SDR / Omitted OPP","","2026-06-11 19:18","Luis Martinez","Luis Martinez","SDR US","Enterprise","55545606260;52752116753"
"61029797983","Wells Fargo","","Wells Fargo","Classic","","Not happened yet","","","","SDR Discovery","SDR / Omitted OPP","","2026-06-11 19:18","Logan Loisel","Logan Loisel","SDR US","Enterprise","57366556697"
"61624660231","SharkNinja","","SharkNinja","Classic","356.0","Unqualified","","Enzo didn't show up for demo","No-show","Closed Lost","SDR / Omitted OPP","2026-08-03 22:23","2026-06-11 19:18","John Romano","Aaron Marans","US MM","Mid-Market","57979387812"
"61030303641","Calendly","","Calendly;Calendly","Classic","","Unqualified","","Did not show after the tradeshow","No-show","Closed Lost","SDR / Omitted OPP","2026-06-30 19:00","2026-06-11 19:18","EJ Rauseo","Aaron Marans","US MM","Mid-Market","55551540050;36510916269"
"61030248302","PayPal","","PayPal;PayPal","Classic","","Unqualified","","no show","No-show","Closed Lost","SDR / Omitted OPP","2026-08-04 16:38","2026-06-11 19:18","Rachel Jean","Rachel Jean","SDR US","Enterprise","55544213019;31459700889"
"61030116685","IBM","","IBM;IBM","Classic","","Unqualified","","he does not own anything related to port's value
","Not right company/ persona","Closed Lost","SDR / Omitted OPP","2026-07-16 17:00","2026-06-11 19:18","Rachel Jean","Rachel Jean","SDR US","Enterprise","55544674660;46795319958"
"61031746226","Sony Music","","Sony Music;Sony Music","Classic","","Unqualified","","no show","No-show","Closed Lost","SDR / Omitted OPP","2026-08-04 16:40","2026-06-11 19:18","Rachel Jean","Rachel Jean","SDR US","Enterprise","55523616841;27395332445"
"61031737139","Texas Capital","","Texas Capital;Texas Capital","Classic","","Not happened yet","","","","SDR Discovery","SDR / Omitted OPP","","2026-06-11 19:18","Logan Loisel","Logan Loisel","SDR US","Enterprise","55528016293;46469975340"
"61030014897","Sandbox Wealth","","Sandbox Wealth;Sandbox Wealth","Classic","6.0","Unqualified","","Could not enrich contact to reconnect","No-show","Closed Lost","SDR / Omitted OPP","2026-06-24 22:04","2026-06-11 19:18","Wren Huston","Wren Huston","SDR US","Mid-Market","55518775834;55533919873"
"61031804574","Right Networks LLC","","Right Networks LLC;Right Networks LLC","Classic","","Unqualified","","No show post conference","No-show","Closed Lost","SDR / Omitted OPP","2026-08-04 17:34","2026-06-11 19:18","Aaron Marans","Aaron Marans","SDR US","Mid-Market","55547963547;19484218935"
"61030104905","Disney","","Disney;Disney","Classic","","Unqualified","","Declined post conference ","No-show","Closed Lost","SDR / Omitted OPP","2026-07-16 16:39","2026-06-11 19:18","Rachel Jean","Rachel Jean","SDR US","Enterprise","55530569373;10163215990"
"61030154622","WalkMe LTD.","","WalkMe LTD.;WalkMe LTD.","Classic","293.0","Unqualified","","no show event","No-show","Closed Lost","SDR / Omitted OPP","2026-07-23 18:35","2026-06-11 19:18","William Nagle","William Nagle","SDR EMEA","Mid-Market","55524530960;20717600526"
"61031728569","Hearst","","Hearst;Hearst","Classic","","Not happened yet","","","","SDR Discovery","SDR / Omitted OPP","","2026-06-11 19:18","Logan Loisel","Logan Loisel","SDR US","Enterprise","55531788146;22468368815"
"61028536469","JPMorgan Chase & Co.","","JPMorgan Chase","Classic","37875.0","Unqualified","","Priority shift","Bad timing","Closed Lost","SDR / Omitted OPP","2026-08-18 19:29","2026-06-11 16:48","Jeff Graham","Dylan Leija","US Ent","Enterprise","56468356204"
"61018377780","Vialto","72000.0","Vialto","Classic","121.0","Qualified","2026-06-24","I'm not seeing the right level of engagement from these guys... classic case of they say one thing on a call, we agree a next action, something they need to do... and then they do nothing.  But they do keep coming back over Teams or through Knock to ask for other demos etc.

The key stakeholders here are based in the US, so  I'm close-losing this and it can be picked up by the US team.","Other","Closed Lost","Pilot Prep","2026-08-04 16:40","2026-06-11 12:42","Benjamin Duckworth","Adrian Sandu","EMEA Ent","Enterprise","35135390883"
"61024964457","DAT Freight & Analytics","","DAT Freight & Analytics","Classic","360.0","Unqualified","","Declined follow up meeting without context. Have Datadog IDP and seeing value. Some interest in having a way to better see and control cloud cost but may be better suited for a point solution.","No-show","Closed Lost","SDR / Omitted OPP","2026-07-15 19:16","2026-06-11 02:00","John Romano","Aaron Marans","US MM","Mid-Market","11464790388"
"61024916650","M&T Bank","","M&T Bank","Classic","2086.0","Unqualified","","Inherited deal - no progress","Unable to connect","Closed Lost","SDR / Omitted OPP","2026-08-26 16:42","2026-06-10 23:25","Evan Smith","Dylan Leija","US Ent","Enterprise","55554424949"
"62625011882","AIS ","","AIS","Classic","576.0","Unqualified","","no show","No-show","Closed Lost","SDR / Omitted OPP","2026-08-11 07:11","2026-06-10 17:13","Scott Dunion","William Nagle","APJ","Enterprise","18406383770"
"60999834634","Kambi ","","Kambi","Classic","243.0","Not happened yet","","","","SDR Discovery","SDR / Omitted OPP","2027-01-31 17:26","2026-06-10 14:49","James Butcher","Jordan Aspis","EMEA MM","Mid-Market","10457644864"
"61024720954","Heimerle + Meule GmbH","24000.0","Heimerle + Meule GmbH","Classic","55.0","Qualified","2026-06-10","","","Closed Won","Negotiation / Legal","2026-08-06 17:13","2026-06-10 12:12","Matt Bilsland","William Nagle","EMEA MM","Mid-Market","32040202603"
"61009931110","UT MD Anderson","","MD Anderson Cancer Center","Classic","591.0","Unqualified","","Not the right team","Not right company/ persona","Closed Lost","SDR / Omitted OPP","2026-09-17 06:48","2026-06-09 20:42","Rick Walker","Dylan Leija","US Ent","Enterprise","55530428455"
"60981257295","4G Capital ","24000.0","4G Capital","Classic","","Qualified","2026-06-11","SSU - tested against DX, having migrated away from Compass. Focused only on narrow DORA metrics use case, didn't engage with wider Port Engineering Intelligence proposition as only wanted dashboards - existing Atlassian customer and bundled DX with that. ","UNQ; Other","Closed Lost","Demo / Presentation","2026-06-24 22:23","2026-06-09 17:47","James Butcher","William Nagle","EMEA MM","Mid-Market","55403561616"
"60962173028","Nvidia","","Nvidia","Classic","22298.0","Unqualified",""," -","Bad timing","Closed Lost","SDR / Omitted OPP","2026-06-29 17:07","2026-06-08 19:41","Jeff Graham","Rachel Jean","US Ent","Enterprise","57249801649"
"60917166087","Getnet.net ","","Getnet.net","Classic","489.0","Unqualified","","called, emailed multiple times, linkedin messaged - no answer ","Unable to connect","Closed Lost","SDR / Omitted OPP","2026-08-18 11:37","2026-06-06 23:57","Sharon Peretz","William Nagle","EMEA MM","Mid-Market","55605074808"
"60893104482","Prove","","Prove","Classic","119.0","Unqualified","","no show","No-show","Closed Lost","SDR / Omitted OPP","2026-08-04 16:09","2026-06-05 19:36","Jill Countey","Wren Huston","US MM","Mid-Market","26633906494"
"60869731598","Wells Fargo","","Wells Fargo","Classic","20000.0","Unqualified","","No call no show","Unable to connect","Closed Lost","SDR / Omitted OPP","2026-09-17 06:46","2026-06-04 23:20","Rick Walker","Logan Loisel","US Ent","Enterprise","57366556697"
"60857702658","SoftwareONE US ","","Google;SoftwareONE US","Classic","20.0","Discovery","","","","SDR Discovery","","2027-06-04 17:11","2026-06-04 17:12","Logan Loisel","Logan Loisel","SDR US","Enterprise","56573766815;10077081400"
"60852951361","WTW ","","WTW","Classic","2000.0","Unqualified","","Pure exploratory at the moment, no plans to resume exploring this until next year. ","Bad timing","Closed Lost","SDR / Omitted OPP","2026-07-21 13:09","2026-06-04 11:59","James Pritchard","Subby Makinde","EMEA Ent","Enterprise","16247608337"
"60850615835","KPMG Australia ","","KPMG Australia","Classic","427.0","Unqualified","","Early exploring stage","Early stage; Not right company/ persona; Consultant","Closed Lost","SDR / Omitted OPP","2026-06-17 06:08","2026-06-04 09:50","Scott Dunion","William Nagle","APJ","Enterprise","54801206362"
"60846305970","Mastercard Inc.","","Mastercard","Classic","12500.0","Unqualified","","Dupe Opp","Other","Closed Lost","SDR / Omitted OPP","2026-07-30 21:33","2026-06-03 22:18","Evan Smith","Logan Loisel","US Ent","Enterprise","10259163670"
"60844058939","Cox Automotive","","Cox Automotive","Classic","2092.0","Unqualified","","Rohit dropped off the radar","Unable to connect","Closed Lost","SDR / Omitted OPP","2026-09-17 06:41","2026-06-03 19:48","Rick Walker","Wren Huston","US Ent","Enterprise","17038879239"
"60844048443","Distyl AI","","Distyl AI","Classic","79.0","Unqualified","","Meeting with a team of lower level people who said they do not have the bandwidth to explore Port deeper","Bad timing","Closed Lost","SDR / Omitted OPP","2026-07-15 22:23","2026-06-03 19:44","EJ Rauseo","Aaron Marans","US MM","Mid-Market","37447956070"
"60843590429","Personify Health","","Personify Health","Classic","413.0","Unqualified","","No response to continued outreach to reschedule","No-show; Unable to connect","Closed Lost","SDR / Omitted OPP","2026-06-22 16:41","2026-06-03 19:08","Wren Huston","Wren Huston","SDR US","Mid-Market","32134539404"
"60842283400","DTE Energy","179000.0","DTE Energy","Classic","1400.0","Qualified","2026-06-29","","","Business Validation","Pilot Prep","2026-12-11 18:25","2026-06-03 18:24","Evan Smith","Logan Loisel","US Ent","Enterprise","22884835126"
"60844021360","Helsana ","150000.0","Helsana","Classic","134.0","Qualified","2026-06-11","","","Business Case Confirmation","Business case confirmation","2026-12-31 13:21","2026-06-03 18:20","James Butcher","William Nagle","EMEA MM","Mid-Market","10091434854"
"60838814869","NOBA Bank Group ","","55380993158;NOBA","Classic","54.0","Not happened yet","","","","SDR Discovery","SDR / Omitted OPP","2027-03-31 13:22","2026-06-03 13:30","James Butcher","Jordan Aspis","EMEA MM","Mid-Market","55380993158;55405392222"
"60788057125","Rokt","","Rokt","Classic","195.0","Unqualified","","They have Cortex and are in early stage of exploring AI governance no company initiative yet. Not sure if there's an appetite to move off of Cortex.  Liam interested in science project Port on his own","Early stage","Closed Lost","SDR / Omitted OPP","2026-07-08 18:20","2026-06-02 22:28","John Romano","Aaron Marans","US MM","Mid-Market","19300016425"
"60790970261","Pandora","200000.0","Pandora","Classic","325.0","Qualified","2026-06-08","","","Formal Pilot","Formal Pilot","2026-12-18 13:44","2026-06-02 16:47","James Pritchard","Subby Makinde","EMEA Ent","Enterprise","55405428376"
"60797215370","Silverfort ","","Silverfort","Classic","","Unqualified","","decided to move a different route","On-prem","Closed Lost","SDR / Omitted OPP","2026-06-30 09:29","2026-06-02 15:27","Sharon Peretz","William Nagle","EMEA MM","Mid-Market","55422677285"
"60734504279","Omnissa ","","Omnissa","Classic","","Unqualified","","Sai went dark, seemed like Agentic SDLC is something of interest but not a high priority, lack of bandwidth was mentioned on initial call. Trying to outbound and find new contacts to work with there","Unable to connect","Closed Lost","SDR / Omitted OPP","2026-09-01 19:07","2026-05-30 16:42","John Romano","Aaron Marans","US MM","Mid-Market","35449045136"
"60715105079","ICE (Intercontinental Exchange)","","ICE (Intercontinental Exchange)","Classic","2096.0","Unqualified","","Specific use case and didn't see value beyond using n8n","Other","Closed Lost","SDR / Omitted OPP","2026-06-04 17:48","2026-05-29 22:46","Tali Cohen (Deactivated User)","Dylan Leija","US Ent","Enterprise","10414171651"
"60712705797","Amdocs ","","Amdocs","Classic","16000.0","Unqualified","","spoke with a guy from yess.ai that was aquired by Amdocs. not the right contact, not strategic enough. small startup","Not right company/ persona","Closed Lost","SDR / Omitted OPP","2026-07-29 14:27","2026-05-29 19:18","Sharon Peretz","William Nagle","EMEA MM","Enterprise","9408693930"
"60711930519","TMHCC - New Deal","","TMHCC;Tokio Marine HCC","Classic","50.0","Unqualified","","no show from event no real deal","No-show","Closed Lost","SDR / Omitted OPP","2026-09-01 18:03","2026-05-29 19:11","William Nagle","William Nagle","SDR EMEA","Mid-Market","21467416382;53951299633"
"60711409045","miro - New Deal","","miro","Classic","330.0","Unqualified","","Non-engineering contact with a use case that wouldn't fit Port. Continue to work AI and engineering contacts there","Not right company/ persona","Closed Lost","SDR / Omitted OPP","2026-06-03 23:12","2026-05-29 17:31","EJ Rauseo","Aaron Marans","US MM","Mid-Market","9751847038"
"60703787824","Zero Networks ","","Zero Networks","Classic","47.0","Unqualified","","""After internal discussion, we decided to move forward with internal solution.""
","Internal Build","Closed Lost","SDR / Omitted OPP","2026-06-09 12:42","2026-05-29 11:08","Sharon Peretz","William Nagle","EMEA MM","Mid-Market","55322408012"
"60696757594","Etsy","150000.0","Etsy","Classic","1000.0","Qualified","2026-06-08","N/A - unresponsive","Unable to connect","Closed Lost","Demo / Presentation","2026-08-19 18:53","2026-05-29 00:30","Evan Smith","Logan Loisel","US Ent","Enterprise","20717462851"
"60694376579","Realtor.com","","Realtor.com","Classic","","Unqualified","","no show","No-show","Closed Lost","SDR / Omitted OPP","2026-06-30 21:01","2026-05-28 23:15","Jill Countey","Wren Huston","US MM","Mid-Market","27769452875"
"60694340149","Kiabi | IDP project | France","120000.0","Kiabi","Classic","150.0","Qualified","2026-06-10","","","Business Validation","Pilot Prep","2026-12-04 11:09","2026-05-28 18:40","Jamie Summers","Subby Makinde","EMEA Ent","Enterprise","56399727542"
"60691180936","U.S. Bank ","50000.0","u.s. bank","Classic","7214.0","Qualified","2026-09-17","","","Demo / Presentation ","Demo / Presentation","2027-05-28 18:05","2026-05-28 18:08","Rick Walker","Kevin Tarbell","US Ent","Enterprise","31446070170"
"60686327418","Intel ","","Intel","Classic","51000.0","Unqualified","","sales call","Other","Closed Lost","SDR / Omitted OPP","2026-06-11 18:16","2026-05-28 15:05","Johana Ochoa","Logan Loisel","Channel","Enterprise","31309580052"
"60683860663","Elbit Systems","","Elbit Systems","Classic","1817.0","Unqualified","","outbound ","No-show","Closed Lost","SDR / Omitted OPP","2026-06-15 15:42","2026-05-28 12:32","Sharon Peretz","William Nagle","EMEA MM","Mid-Market","32123426463"
"60677856259","Poalim","","Bank Hapoalim","Classic","690.0","Unqualified","","unresponsive - sharon will keep chasing.","Unable to connect","Closed Lost","SDR / Omitted OPP","2026-06-15 15:46","2026-05-28 08:47","Sharon Peretz","William Nagle","EMEA MM","Mid-Market","57849117498"
"60668491367","Servicio Agricola Ganadero","","Servicio Agrícola y Ganadero;Servicio Agricola Ganadero","Classic","","Unqualified","","No partner contacted me about this","No-show; Unable to connect","Closed Lost","SDR / Omitted OPP","2026-08-29 13:35","2026-05-27 18:39","Ignacio De Loera","Logan Loisel","LATAM","Mid-Market","28356413503;55324787985"
"60669444926","AFP HABITAT","","AFP Habitat","Classic","","Unqualified","","This says partner lead but no partner contacted me on this. ","No-show","Closed Lost","SDR / Omitted OPP","2026-08-29 13:29","2026-05-27 18:38","Ignacio De Loera","Logan Loisel","LATAM","Enterprise","55059876021"
"60683777647","Payoneer ","","Payoneer Research & Development Ltd.","Classic","500.0","Unqualified","","event lead","Unable to connect","Closed Lost","SDR / Omitted OPP","2026-06-15 15:48","2026-05-27 12:02","Sharon Peretz","William Nagle","EMEA MM","Mid-Market","9893507101"
"60642931760","Vision Service Plan","","Vision Service Plan","Classic","","Unqualified","","no show - keep nurturing","No-show","Closed Lost","SDR / Omitted OPP","2026-06-09 22:47","2026-05-26 18:10","Jill Countey","Wren Huston","US MM","Mid-Market","17588887470"
"60643783241","Payroc","150000.0","Payroc","Classic","242.0","Qualified","2026-06-01","no response, will OB","No-show; Unable to connect","Closed Lost","Demo / Presentation","2026-09-17 16:24","2026-05-26 18:06","Jill Countey","Wren Huston","US MM","Mid-Market","55291847073"
"60646071381","Avenga ","","Avenga","Classic","1592.0","Unqualified","","Customer is a partner with no interest in internal use","Partnership","Closed Lost","SDR / Omitted OPP","2026-07-08 14:43","2026-05-26 17:51","Matt Bilsland","William Nagle","EMEA MM","Mid-Market","10135600301"
"60644183217","Maersk ","","AP Moller - Maersk","Classic","4000.0","Unqualified","","Prospect ","Other; No-show","Closed Lost","SDR / Omitted OPP","2026-07-13 11:53","2026-05-26 17:39","James Pritchard","Subby Makinde","EMEA Ent","Enterprise","30995048977"
"60643564103","RIU Hotels & Resorts","","RIU Hotels & Resorts","Classic","115.0","Unqualified","","Would not have the money for the platform and we are far too advanced for them","Price; Budget; Not right company/ persona","Closed Lost","SDR / Omitted OPP","2026-06-03 16:45","2026-05-26 17:24","John Barnes","Adrian Sandu","EMEA Ent","Enterprise","22425658630"
"60640261934","Nice Actimize ","72000.0","NICE Actimize","Classic","800.0","Qualified","2026-06-04","","","Business Case Confirmation","Business case confirmation","2026-10-28 09:56","2026-05-26 15:19","Sharon Peretz","William Nagle","EMEA MM","Mid-Market","18937179566"
"60640095252","Unity Technologies","","Unity","Classic","2739.0","Unqualified","","event lead","Unable to connect","Closed Lost","SDR / Omitted OPP","2026-06-15 15:40","2026-05-26 15:11","Sharon Peretz","William Nagle","EMEA MM","Enterprise","10135577718"
"60639150995","Semperis Technologies Inc ","","Semperis Technologies Inc","Classic","166.0","Unqualified","","no show","No-show","Closed Lost","SDR / Omitted OPP","2026-06-29 12:00","2026-05-26 14:17","Sharon Peretz","William Nagle","EMEA MM","Mid-Market","10338581791"
"60638787997","Lendbuzz - PlatforMa","","Lendbuzz","Classic","","Unqualified","","no show -- Jill to follow up (her deal)","Unable to connect","Closed Lost","SDR / Omitted OPP","2026-06-02 13:36","2026-05-26 14:14","Sharon Peretz","Netta Borowitsh","EMEA MM","Mid-Market","29169586032"
"60638687669","Biocatch ","","Biocatch","Classic","150.0","Unqualified","","no show after event ","No-show","Closed Lost","SDR / Omitted OPP","2026-07-23 18:41","2026-05-26 14:02","William Nagle","William Nagle","SDR EMEA","Mid-Market","20717605009"
"60637783184","Fullpath ","","Fullpath","Classic","82.0","Unqualified","","""While the platform is impressive, we’ve concluded that it isn't the right fit for our current priorities and internal roadmap.""","Bad timing","Closed Lost","SDR / Omitted OPP","2026-06-09 09:50","2026-05-26 13:28","Sharon Peretz","William Nagle","EMEA MM","Mid-Market","55289948985"
"60637292674","Omnisend","","Omnisend","Classic","80.0","Unqualified","","no show - came from event","No-show","Closed Lost","SDR / Omitted OPP","2026-06-15 14:59","2026-05-26 12:19","Sharon Peretz","William Nagle","EMEA MM","Mid-Market","35449632143"
"60635787538","SecuriThings ","","SecuriThings","Classic","31.0","Unqualified","","no show event","No-show","Closed Lost","SDR / Omitted OPP","2026-06-22 10:12","2026-05-26 11:58","Sharon Peretz","William Nagle","EMEA MM","Mid-Market","22281476117"
"60635844628","Navina ","","Navina","Classic","81.0","Unqualified","","event - no show","No-show","Closed Lost","SDR / Omitted OPP","2026-06-18 08:48","2026-05-26 11:48","Sharon Peretz","William Nagle","EMEA MM","Mid-Market","26775535008"
"60635829917","Venice ","","Venice","Classic","6.0","Unqualified","","40 people startup, will have a look at the free tier. ","Early stage","Closed Lost","SDR / Omitted OPP","2026-06-09 14:01","2026-05-26 11:47","Sharon Peretz","William Nagle","EMEA MM","Mid-Market","55288715885"
"60637004883","Aqua Security Software","","Aqua Security Software Ltd","Classic","173.0","Unqualified","","Came in from Event - no show & not responsive","No-show","Closed Lost","SDR / Omitted OPP","2026-06-04 11:02","2026-05-26 11:35","Sharon Peretz","William Nagle","EMEA MM","Mid-Market","9957970209"
"60635765151","ONE ZERO BANK ","","ONE ZERO BANK","Classic","92.0","Unqualified","","on prem requirement","On-prem","Closed Lost","SDR / Omitted OPP","2026-06-30 17:11","2026-05-26 11:33","Sharon Peretz","William Nagle","EMEA MM","Mid-Market","20650418437"
"60636739657","Noma Security","","Noma Security","Classic","30.0","Unqualified","","Event lead","Unable to connect","Closed Lost","SDR / Omitted OPP","2026-06-04 11:03","2026-05-26 11:14","Sharon Peretz","William Nagle","EMEA MM","Mid-Market","54983099999"
"60636844039","Cato Networks","","Cato Networks","Classic","434.0","Unqualified","","no show to meeting","No-show","Closed Lost","SDR / Omitted OPP","2026-06-09 16:27","2026-05-26 11:10","Sharon Peretz","William Nagle","EMEA MM","Mid-Market","22123485706"
"60635313924","DoorLoop","","DoorLoop","Classic","65.0","Unqualified","","no show - event","No-show","Closed Lost","SDR / Omitted OPP","2026-06-15 15:01","2026-05-26 10:25","Sharon Peretz","William Nagle","EMEA MM","Mid-Market","33755224738"
"60612100778","Cellebrite ","","Cellebrite","Classic","371.0","Unqualified","","1 meeting - ","Unable to connect","Closed Lost","SDR / Omitted OPP","2026-06-22 10:04","2026-05-26 09:24","Sharon Peretz","William Nagle","EMEA MM","Mid-Market","31660347828"
"60635087248","Skai","","Skai Ltd","Classic","160.0","Unqualified","","came from event, window shopping. didn't even know why they signed up.. need to get to different contacts in the org.","Early stage","Closed Lost","SDR / Omitted OPP","2026-07-07 10:43","2026-05-26 09:17","Sharon Peretz","William Nagle","EMEA MM","Mid-Market","16247464026"
"60525083265","Sun Life","","Sun Life Financial Inc","Classic","2627.0","Unqualified","","AE never chased the leads","Unable to connect","Closed Lost","SDR / Omitted OPP","2026-08-18 19:39","2026-05-22 23:09","Jeff Graham","Dylan Leija","US Ent","Enterprise","10135606180"
"60486841776","Shell","","Shell","Classic","8917.0","Unqualified","","Still in discussion but v early expoloration niche use case ","Not right company/ persona","Closed Lost","SDR / Omitted OPP","2026-06-25 17:55","2026-05-22 10:32","James Pritchard","Subby Makinde","EMEA Ent","Enterprise","9906733241"
"60547699062","Bowman Consulting Group","50000.0","Bowman Consulting Group","Classic","74.0","Qualified","2026-06-03","","","Business Validation","Pilot Prep","2026-12-11 17:05","2026-05-21 22:22","Daniel Alper","Wren Huston","US MM","Mid-Market","55211209596"
"60550480564","Capgemini","","Capgemini","Classic","80000.0","Discovery","","","","SDR / Omitted  Opp","SDR / Omitted OPP","2026-08-19 21:33","2026-05-21 21:33","Logan Loisel","Logan Loisel","SDR US","Enterprise","46734926431"
"60524923975","Lightcast","","Lightcast","Classic","216.0","Unqualified","","No show","No-show","Closed Lost","SDR / Omitted OPP","2026-05-28 16:43","2026-05-21 21:05","EJ Rauseo","Aaron Marans","US MM","Mid-Market","54630464868"
"60487390984","KODE Labs","70800.0","KODE Labs","Classic","110.0","Qualified","2026-05-22","Not forecastable - CISO punted multiple go/no-go decision points. Nurturing while they continue eval on Freemium.","Budget; Bad timing","Closed Lost","Negotiation / Legal","2026-07-10 00:04","2026-05-21 19:45","Daniel Alper","Logan Loisel","US MM","Mid-Market","21414724151"
"60487451062","SURA Chile [Kyndryl]","130000.0","SURA Chile;Kyndryl España S.A.U.","Classic","376.0","Qualified","2026-07-01","This was registered by the partner in 2025.  Our partner said they are not active","Unable to connect","Business Validation","Pilot Prep","2026-10-30 18:30","2026-05-21 19:18","Ignacio De Loera","Luis Martinez","LATAM","Mid-Market","56062622772;10077058175"
"60458920530","Comarch","","Comarch","Classic","1985.0","Unqualified","","Decent first demo, but prospect went quiet after that, asked for more time, said there was complexity at board level in getting the initiative approved, eventually went completely silent.","No value; Early stage","Closed Lost","SDR / Omitted OPP","2026-08-18 00:49","2026-05-21 14:04","Benjamin Duckworth","Adrian Sandu","EMEA Ent","Enterprise","18487614559"
"60419918721","MediaMarktSaturn | IDP Project | DACH + SEMEA","300000.0","MediaMarktSaturn","Classic","482.0","Qualified","2026-06-01","","","Formal Pilot","Formal Pilot","2026-12-18 18:13","2026-05-21 11:40","Jamie Summers","Subby Makinde","EMEA Ent","Enterprise","18487434010"
"60457998701","Dewan Staff Finders Pvt","","Dewan Staff Finders Pvt","Classic","2.0","Unqualified","","no show, demo request ","No-show; Not right company/ persona","Closed Lost","SDR / Omitted OPP","2026-06-09 15:57","2026-05-21 10:41","Sharon Peretz","William Nagle","EMEA MM","Mid-Market","55109669515"
"60448464416","Stand Together","24000.0","Stand Together, Inc.","Classic","68.0","Qualified","2026-05-29","","","Closed Won","Negotiation / Legal","2026-08-25 18:02","2026-05-20 20:13","John Romano","Aaron Marans","US MM","Mid-Market","53865744722"
"60423815351","G-P/Globalization Partners","","G-P/Globalization Partners","Classic","399.0","Unqualified","","Champion left","Champion left/ Company cuts","Closed Lost","SDR / Omitted OPP","2026-08-04 17:37","2026-05-20 18:04","Aaron Marans","Aaron Marans","SDR US","Mid-Market","10338543713"
"60379325725","Simpro Group","100000.0","Simpro","Classic","144.0","Qualified","2026-05-26","Champion left and after engaging with various Simpro stakeholders there was no clear opp","Champion left/ Company cuts","Closed Lost","Demo / Presentation","2026-09-02 10:04","2026-05-20 16:20","Matt Bilsland","William Nagle","EMEA MM","Mid-Market","54996287104"
"60383598692","Phoenix Energy","18000.0","Phoenix Energy","Classic","13.0","Qualified","2026-06-03","CTO / Co-founder we were working with left the company unexpectedly ","Champion left/ Company cuts","Closed Lost","Demo / Presentation","2026-06-11 16:10","2026-05-20 02:57","EJ Rauseo","Aaron Marans","US MM","Mid-Market","55045016329"
"60401994567","Fulcrum Technology ","","Fulcrum Technology","Classic","38.0","Unqualified","","Wanted to be an implementation services provider for us then no showed our next call","No-show","Closed Lost","SDR / Omitted OPP","2026-06-11 16:16","2026-05-20 01:37","EJ Rauseo","Aaron Marans","US MM","Mid-Market","55049506214"
"60353144235","Staples ","","Staples","Classic","1068.0","Unqualified",""," -","No-show","Closed Lost","SDR / Omitted OPP","2026-06-29 17:04","2026-05-20 00:54","Jeff Graham","Rachel Jean","US Ent","Enterprise","10259302181"
"60371652702","West Coast University","","West Coast University","Classic","50.0","Unqualified","","Unresponsive after initial demo","Early stage; Unable to connect","Closed Lost","SDR / Omitted OPP","2026-06-11 15:53","2026-05-20 00:31","Daniel Alper","Wren Huston","US MM","Mid-Market","55047952985"
"60379236952","SIX ","200000.0","SIX","Classic","557.0","Qualified","2026-05-22","","","Demo / Presentation ","Demo / Presentation","2026-11-20 15:18","2026-05-19 23:29","Matt Bilsland","William Nagle","EMEA MM","Mid-Market","29735364928"
"60355661133","Bancolombia","","Bancolombia S.A.","Classic","1875.0","Discovery","","duplicate Deal ","Other","Closed Lost","","2026-05-20 00:25","2026-05-19 22:32","Ignacio De Loera","Logan Loisel","LATAM","Enterprise","54759677732"
"60400271736","Zup","","zup","Classic","1690.0","Unqualified","","Zup wants to be a reseller, not an end customer","Other","Closed Lost","SDR / Omitted OPP","2026-06-03 21:21","2026-05-19 21:55","Ignacio De Loera","Logan Loisel","LATAM","Enterprise","9958703178"
"60398560117","Zup - Partner","","zup","Classic","1690.0","Unqualified","","partner opp","Partnership","Closed Lost","SDR / Omitted OPP","2026-06-22 20:10","2026-05-19 21:34","Johana Ochoa","Logan Loisel","Channel","Enterprise","9958703178"
"60343196539","Mercedes-Benz","","Mecedes-Benz","Classic","5000.0","Unqualified","","Wrong person","Not right company/ persona","Closed Lost","SDR / Omitted OPP","2026-06-25 17:51","2026-05-19 13:48","James Pritchard","Subby Makinde","EMEA Ent","Enterprise","55078170253"
"60343394212","Ericsson - New Deal","","Ericsson","Classic","15336.0","Unqualified","","No show","No-show","Closed Lost","SDR / Omitted OPP","2026-08-25 12:46","2026-05-19 13:44","Adrian Sandu","Adrian Sandu","SDR EMEA","Enterprise","32765689764"
"60331877298","Intersystems","","InterSystems","Classic","632.0","Unqualified","","tire kicker, poor fit","Early stage; Not right company/ persona","Closed Lost","SDR / Omitted OPP","2026-06-30 18:16","2026-05-19 00:02","Daniel Alper","Wren Huston","US MM","Mid-Market","21467190905"
"60330285989","InstaLILY AI","24000.0","InstaLILY","Classic","54.0","Qualified","2026-05-18","","","Negotiation / Legal","Negotiation / Legal","2026-09-30 14:55","2026-05-18 18:42","Jill Countey","Wren Huston","US MM","Mid-Market","54951437711"
"60321306909","Yoco","","Yoco","Classic","92.0","Unqualified","","11/06: Didn't join follow up meeting, gone silent - for a slightly different use case. To go higher in the org. 
","No-show","Closed Lost","SDR / Omitted OPP","2026-08-10 13:43","2026-05-18 11:33","William Nagle","William Nagle","SDR EMEA","Mid-Market","53216262181"
"60273525053","Hartford HealthCare","100000.0","Hartford Healthcare","Classic","200.0","Qualified","2026-06-25","","","Business Validation","Pilot Prep","2026-09-30 22:38","2026-05-15 17:56","Jeff Graham","Logan Loisel","US Ent","Enterprise","49063943735"
"60272589093","Raptor Technologies","24000.0","Raptor Technologies","Classic","70.0","Qualified","2026-07-30","technical contact unresponsive after internal meeting with leadership","Internal Build; Price; Early stage; Budget","Closed Lost","Demo / Presentation","2026-08-27 18:25","2026-05-15 17:56","Daniel Alper","Wren Huston","US MM","Mid-Market","54750626398"
"60264241809","Paysafe ","100000.0","Paysafe","Classic","624.0","Qualified","2026-05-26","","","Demo / Presentation ","Demo / Presentation","2027-06-25 13:34","2026-05-15 12:16","Matt Bilsland","William Nagle","EMEA MM","Mid-Market","10077095206"
"60260217235","SoftwareONE","","SoftwareONE US","Classic","1000.0","Unqualified","","Duplicate- there is another deal open with SoftwareOne","Partnership","Closed Lost","SDR / Omitted OPP","2026-08-05 11:32","2026-05-15 04:51","Adrian Sandu","Logan Loisel","SDR EMEA","Enterprise","10077081400"
"60243996450","Jarden Australia","","Jarden Australia","Classic","24.0","Unqualified","","They wanted to have 15 licenses and did not want to invest beyond this cost","Price; Not right company/ persona","Closed Lost","SDR / Omitted OPP","2026-06-10 02:16","2026-05-14 08:20","Scott Dunion","Adrian Sandu","APJ","Mid-Market","53999594248"
"60238524488","ABASTIBLE","","Abastible","Classic","111.0","Unqualified","","Partner registered but did not schedule a call","No-show","Closed Lost","SDR / Omitted OPP","2026-08-29 13:22","2026-05-13 22:46","Ignacio De Loera","Logan Loisel","LATAM","Mid-Market","54896545081"
"60236801205","Procter & Gamble","","Procter & Gamble","Classic","5457.0","Unqualified","","not the right person","Other","Closed Lost","SDR / Omitted OPP","2026-05-28 20:20","2026-05-13 22:01","Jeff Graham","Rachel Jean","US Ent","Enterprise","10067668524"
"60233879819","NBCUniversal","0.0","NBCUniversal","Classic","3000.0","Unqualified","","N/A","Unable to connect","Closed Lost","SDR / Omitted OPP","2026-07-30 21:31","2026-05-13 18:19","Evan Smith","Logan Loisel","US Ent","Enterprise","31012466034"
"60208746603","Sunbit Inc ","","Sunbit Inc","Classic","109.0","Unqualified","","Not responsive","Unable to connect","Closed Lost","SDR / Omitted OPP","2026-06-04 11:01","2026-05-13 17:02","Sharon Peretz","William Nagle","EMEA MM","Mid-Market","19466950984"
"60177810695","Nike ","","Nike","Classic","4987.0","Unqualified","","No show","No-show","Closed Lost","SDR / Omitted OPP","2026-05-26 19:32","2026-05-12 18:35","Rick Walker","Charity Lee","US Ent","Enterprise","10091376394"
"60199979418","Harri","","harri","Classic","167.0","Unqualified","","No budget approval and have been asked by leadership to cut spending. Sending over free tier and will need to build momentum there to help them move past Backstage","Budget","Closed Lost","SDR / Omitted OPP","2026-06-08 20:51","2026-05-12 18:35","EJ Rauseo","Aaron Marans","US MM","Mid-Market","43477180775"
"60177498890","Air France-KLM","","Air France;Air France-KLM","Classic","2200.0","Unqualified","","Prospect has had a 'change in roles/priorities' - so no longer interested in IDP topic","Other","Closed Lost","SDR / Omitted OPP","2026-06-01 18:08","2026-05-12 18:10","Jamie Summers","Subby Makinde","EMEA Ent","Enterprise","53547069111;10338727271"
"60203619489","HRDF ","","هدف","Classic","108.0","Unqualified","","didnt show went cold ","No-show","Closed Lost","SDR / Omitted OPP","2026-06-04 17:15","2026-05-12 11:58","William Nagle","William Nagle","SDR EMEA","Mid-Market","50571062905"
"60179590730","Adidas","","Adidas","Classic","2225.0","Unqualified","","consistent no show after promising initial call","No-show","Closed Lost","SDR / Omitted OPP","2026-06-24 18:08","2026-05-12 10:47","Jamie Summers","Subby Makinde","EMEA Ent","Enterprise","53052591458"
"60182252458","Guidepoint v2","193000.0","Guidepoint","Classic","300.0","Qualified","2026-05-22","Budget completed froze for 2026. no hope or a Q4 deal. FU in January","Budget","Closed Lost","Pilot Prep","2026-09-02 16:52","2026-05-11 21:57","John Romano","Aaron Marans","US MM","Mid-Market","31012464981"
"60178496781","NationsBenefits","","NationsBenefits","Classic","94.0","Unqualified","","no buying motion, early research stages, nurture for Q4 2026 / Q1 2027","Early stage; Other; Budget","Closed Lost","SDR / Omitted OPP","2026-07-06 20:49","2026-05-11 20:00","Daniel Alper","Wren Huston","US MM","Mid-Market","32316639048"
"60173821864","Felix Technologies","100000.0","Félix Pago","Classic","74.0","Qualified","2026-06-26","","","Business Case Confirmation","Business case confirmation","2026-10-29 16:58","2026-05-11 17:02","Ignacio De Loera","Logan Loisel","LATAM","Mid-Market","54769538073"
"60168646678","Netto Marken-Discount ","150000.0","Netto Marken-Discount","Classic","100.0","Qualified","2026-06-01","Team too small and junior to make decisions.","Early stage","Closed Lost","Demo / Presentation","2026-08-17 16:22","2026-05-11 10:27","John Barnes","Subby Makinde","EMEA Ent","Enterprise","54887651591"
"60132806829","Knowbe4","","Knowbe4","Classic","388.0","Unqualified","","This was an outbound meeting. They are using Backstage and had some interest in AEP but did not have it budgeted or a clear vision for agentic engineering yet. Will need to find someone that is thinking about moving away from Backstage as this is the main opposition to going deeper on Port","No-show","Closed Lost","SDR / Omitted OPP","2026-05-28 16:50","2026-05-08 19:34","EJ Rauseo","Aaron Marans","US MM","Mid-Market","25247409519"
"60124995138","Itau","72000.0","Kyndryl España S.A.U.;Itaú","Classic","","Qualified","2026-05-20","","","Demo / Presentation ","Demo / Presentation","2027-03-20 03:40","2026-05-08 18:09","Ignacio De Loera","Logan Loisel","LATAM","Mid-Market","10077058175;46455393670"
"60072627485","HID Global","72000.0","HID Global","Classic","791.0","Qualified","2026-05-12","","","Business Validation","Pilot Prep","2026-10-30 15:32","2026-05-07 17:19","Daniel Alper","Wren Huston","US MM","Mid-Market","10238823233"
"60066719277","Red Bull","","Red Bull","Classic","1057.0","Unqualified","","Wrong part of the business - re evaluating","Other","Closed Lost","SDR / Omitted OPP","2026-06-10 12:50","2026-05-07 12:15","Jamie Summers","Subby Makinde","EMEA Ent","Enterprise","53052591782"
"60036388465","HireVue","38000.0","HireVue","Classic","100.0","Qualified","2026-05-13","","","Closed Won","Negotiation / Legal","2026-09-10 22:24","2026-05-05 22:27","EJ Rauseo","Logan Loisel","US MM","Mid-Market","39402028132"
"60033483862","Tailored Brands","75000.0","Tailored Brands","Classic","178.0","Qualified","2026-05-14","Satya isn't the right contact for us, need to find someone more prone to action.","Unable to connect; No-show; No value","Closed Lost","Demo / Presentation","2026-08-13 23:54","2026-05-05 18:42","Rick Walker","Adrian Sandu","US Ent","Enterprise","54735389470"
"60032563035","BANCOLOMBIA S.A","0.0","Bancolombia S.A.","Classic","1869.0","Unqualified","","The contact reached by the partner has no power ","Not right company/ persona","Closed Lost","SDR / Omitted OPP","2026-07-07 04:52","2026-05-05 16:58","Ignacio De Loera","Logan Loisel","LATAM","Enterprise","54759677732"
"60025523819","Lloyds Banking Group | AEP + Backstage | UK","","Lloyds Banking Group;Lloyds Banking Group","Classic","4641.0","Unqualified","","Not my account anymore due to highly sophisticated Backstage implementation and no plans to move on anytime soon","Other","Closed Lost","SDR / Omitted OPP","2026-08-20 17:19","2026-05-05 12:26","Jamie Summers","Subby Makinde","EMEA Ent","Enterprise","56463491695;56572733305"
"60025179905","Harel Insurance","100000.0","harel-ins.co.il","Classic","261.0","Qualified","2026-05-18","unresponsive - calls.texts ect. will keep chasing, but cannot be i pipeline right now. ","Unable to connect","Closed Lost","Demo / Presentation","2026-07-07 10:18","2026-05-05 10:58","Sharon Peretz","William Nagle","EMEA MM","Mid-Market","57849117337"
"59915238779","Meijer - '26 RFI","150000.0","Meijer","Classic","576.0","Qualified","2026-06-03","Frequent attempts to continue to engage and define next steps with zero response from the prospect.","Bad timing","Closed Lost","Pilot Prep","2026-07-14 22:09","2026-05-04 22:56","Tali Cohen (Deactivated User)","Dylan Leija","US Ent","Enterprise","10259256670"
"60013098397","National Indemnity Company ","","National Indemnity Company","Classic","","Unqualified","","Building Homegrown IDP - Their natural mindset as a company is to build not buy, tried my best to sway them towards buying but they are determined to give it a shot internally first","Other","Closed Lost","SDR / Omitted OPP","2026-05-27 00:46","2026-05-04 22:47","John Romano","Aaron Marans","US MM","Mid-Market","21861367885"
"60012747019","HTC Global Services","","HTC Global Services","Classic","3693.0","Not happened yet","","","","SDR / Omitted  Opp","SDR / Omitted OPP","2026-11-04 16:13","2026-05-04 21:32","Johana Ochoa","Wren Huston","Channel","Enterprise","46752180808"
"59812453930","Adobe","250000.0","Adobe","Classic","16295.0","Qualified","2026-05-14","","","Demo / Presentation ","Demo / Presentation","2027-11-19 17:45","2026-04-30 17:57","Rick Walker","Charity Lee","US Ent","Enterprise","30995050554"
"59838211987","bolttech","125000.0","bolttech","Classic","181.0","Qualified","2026-05-05","Cancelled 2 set discussions, will PG back into them","Unable to connect","Closed Lost","Demo / Presentation","2026-08-13 03:57","2026-04-30 07:51","Scott Dunion","Adrian Sandu","APJ","Mid-Market","15757895439"
"59822594325","Garner - New Deal","","Garner","Classic","","Unqualified","","duplicate","Product","Closed Lost","SDR / Omitted OPP","2026-05-14 16:27","2026-04-29 23:46","Jill Countey","","US MM","Mid-Market","55289932694"
"59823300114","Garner Health - New Deal","","Garner","Classic","","Unqualified","","looking for just a knowledge graph","Product","Closed Lost","SDR / Omitted OPP","2026-05-14 16:27","2026-04-29 23:46","Jill Countey","","US MM","Mid-Market","55289932694"
"59814393266","Holcim","","Holcim Limited - [Colombia]","Classic","70.0","Unqualified","","Customer started to ghost communication, they had mentioned they had other projects","No-show","Closed Lost","SDR / Omitted OPP","2026-06-29 17:14","2026-04-29 23:17","Ignacio De Loera","Logan Loisel","LATAM","Mid-Market","26705647226"
"59777791777","Falabella","","Falabella.com","Classic","700.0","Unqualified","","Partner did not qualify well ","No-show","Closed Lost","SDR / Omitted OPP","2026-08-11 16:56","2026-04-28 22:05","Ignacio De Loera","Logan Loisel","LATAM","Enterprise","54512062137"
"59764618837","Chemist4U","","Lean Tree Limited ;Chemist4U","Classic","25.0","Unqualified","","no real value ","No-show","Closed Lost","SDR / Omitted OPP","2026-07-14 15:52","2026-04-28 16:13","William Nagle","William Nagle","SDR EMEA","Mid-Market","25810596786;54541715736"
"59769856002","Codelco","48000.0","DXC Technology;Codelco","Classic","2500.0","Qualified","2026-07-01","","","Demo / Presentation ","Demo / Presentation","2027-04-23 22:35","2026-04-28 16:13","Ignacio De Loera","Logan Loisel","LATAM","Enterprise","10312924721;54511380001"
"59729757344","Just Retirement ","","Just Retirement","Classic","92.0","Unqualified","","No show","No-show","Closed Lost","SDR / Omitted OPP","2026-07-09 12:08","2026-04-28 13:28","Matt Bilsland","William Nagle","EMEA MM","Mid-Market","52932735141"
"59644509580","Procter & Gamble ","","Procter & Gamble","Classic","4000.0","Unqualified","","Waiting to reschedule for innovation week ","Bad timing","Closed Lost","SDR / Omitted OPP","2026-04-28 19:30","2026-04-27 23:57","Jeff Graham","Rachel Jean","US Ent","Enterprise","10067668524"
"59680154632","Walmart","","Walmart","Classic","8500.0","Unqualified","","They're already pretty far along automating a lot of their SRE remediation workflows, we had trouble finding a thread/pain that resonated with him (that he wasn't already solving)","Internal Build","Closed Lost","SDR / Omitted OPP","2026-09-17 06:34","2026-04-27 23:10","Rick Walker","Logan Loisel","US Ent","Enterprise","9881228729"
"59698147218","Mizrahi Tefahot Bank","","Mizrahi Tefahot Bank;54452748878","Classic","148.0","Unqualified","","infrastructure not ready","Not right company/ persona","Closed Lost","SDR / Omitted OPP","2026-05-14 14:13","2026-04-27 16:53","Sharon Peretz","William Nagle","EMEA MM","Enterprise","32154203769;54452748878"
"59718756018","Y Tree ","","Y TREE","Classic","38.0","Unqualified","","Y-tree recognises that they are not mature enough in their PPT to require a need for Port","Early stage","Closed Lost","SDR / Omitted OPP","2026-05-19 18:08","2026-04-27 15:32","Matt Bilsland","William Nagle","EMEA MM","Mid-Market","54369026333"
"59634067067","St. Jude Children's Research Hospital ","9600.0","St. Jude Children's Research Hospital","Classic","160.0","Qualified","2026-05-06","","","Closed Won","Negotiation / Legal","2026-05-29 21:42","2026-04-24 21:23","John Romano","Aaron Marans","US MM","Mid-Market","18347060281"
"59655650567","Cerberus Capital Management - New Deal","","Cerberus Capital Management","Classic","","Unqualified","","Duplicate Deal","Other","Closed Lost","SDR / Omitted OPP","2026-05-08 16:13","2026-04-24 21:22","John Romano","","US MM","Mid-Market","54449641911"
"59638544392","ATOS - Greenfield IDP (New Business)","100000.0","Atos Syntel Inc.","Classic","12000.0","Qualified","2026-04-30","We have decided to move forward with Backstage. I appreciate your team’s time last week showing us Port and answering our questions.","Competition","Closed Lost","Demo / Presentation","2026-05-06 11:31","2026-04-24 18:49","John Barnes","Adrian Sandu","EMEA Ent","Enterprise","10076986646"
"59578862701","Caylent","","caylent","Classic","321.0","Unqualified","","We met with a PM who is doing research for his company. We will need to get to the technical team for this to evolve into a deal","Not right company/ persona","Closed Lost","SDR / Omitted OPP","2026-04-30 15:47","2026-04-24 16:30","EJ Rauseo","Aaron Marans","US MM","Mid-Market","10163189513"
"59576208797","Macquarie Group Limited - New Deal","","Macquarie Group Limited","Classic","3512.0","Unqualified","","Wrong use cases and more looking at identity","Not right company/ persona","Closed Lost","SDR / Omitted OPP","2026-05-04 05:54","2026-04-24 03:59","Scott Dunion","Corey Wu (Deactivated User)","APJ","Enterprise","56572816692"
"59470491242","CARFAX","","CARFAX","Classic","349.0","Unqualified","","""We are still exploring all options and will reach out if we want to proceed.""","Early stage","Closed Lost","SDR / Omitted OPP","2026-05-07 18:26","2026-04-23 18:46","Daniel Alper","Wren Huston","US MM","Mid-Market","20655313030"
"59477370433","BD","","Becton, Dickinson and Company","Classic","","Discovery","","no show","No-show","Closed Lost","","2026-08-20 16:20","2026-04-23 17:56","Dylan Leija","","SDR US","Enterprise","10338581796"
"59459918009","Egym ","50000.0","EGYM","Classic","220.0","Qualified","2026-05-07","EGYM CTO believes that AI will do a 'good enough' job of delivering on the capabilities of Port. He did not see enough value to justify the cost of Port despite ROI and cost savings being presented for both short and long term business goals. We had 2 strong champions in Kola and Marty but the CTO held all the decision authority.","Internal Build","Closed Lost","Business case confirmation","2026-07-29 09:28","2026-04-23 16:14","Matt Bilsland","William Nagle","EMEA MM","Mid-Market","53531822157"
"59471085578","Credo Bank ","","Credo Bank / კრედო ბანკი","Classic","189.0","Unqualified","","not ready (infra) for IDP.. & more window shopping","Early stage","Closed Lost","SDR / Omitted OPP","2026-05-05 11:06","2026-04-23 13:33","Sharon Peretz","William Nagle","EMEA MM","Mid-Market","53191530760"
"59446102632","Zenity ","","Zenity","Classic","54.0","Unqualified","","not responsive ","Unable to connect","Closed Lost","SDR / Omitted OPP","2026-05-12 17:45","2026-04-23 10:48","Sharon Peretz","William Nagle","EMEA MM","Mid-Market","52730787235"
"59419156125","Capital Group","","Capital Group","Classic","1143.0","Unqualified","","Not directly associated with AI strategy team","Not right company/ persona","Closed Lost","SDR / Omitted OPP","2026-05-18 22:58","2026-04-23 00:19","Tali Cohen (Deactivated User)","Dylan Leija","US Ent","Enterprise","55520379672"
"59419155098","Meta","","Facebook","Classic","11558.0","Unqualified","","No show","No-show","Closed Lost","SDR / Omitted OPP","2026-05-26 19:33","2026-04-22 23:48","Rick Walker","Charity Lee","US Ent","Enterprise","10067602282"
"59418916701","Happening ","100000.0","Happening","Classic","185.0","Qualified","2026-05-28","Outbound, engaged across a variety of stakeholders. Champion identified, connected with the EB who would sponsor a formal POC evaluation and own budget, stated not a priority for now but to reconnect in Q4. Closing out of pipe - continuing outreach to other stakeholders","Bad timing","Closed Lost","Demo / Presentation","2026-07-11 18:24","2026-04-22 17:50","James Butcher","William Nagle","EMEA MM","Mid-Market","55404661785"
"59428546933","Incode Technologies ","","Incode Technologies","Classic","172.0","Unqualified","","Tire kicker, no project","Early stage; No value","Closed Lost","SDR / Omitted OPP","2026-05-19 16:20","2026-04-22 10:27","Daniel Alper","Logan Loisel","US MM","Mid-Market","55274799016"
"59379318924","Garda Capital Partners - New Deal","","Garda Capital Partners","Classic","31.0","Unqualified","","need to get in touch with CTO, will nurture tommy","Early stage; Not right company/ persona","Closed Lost","SDR / Omitted OPP","2026-04-23 23:08","2026-04-21 18:41","Jill Countey","Wren Huston","US MM","Mid-Market","54197077314"
"59370049454","KLA Corporation USA","","KLA Corporation USA","Classic","5500.0","Unqualified","","No ","Unable to connect","Closed Lost","SDR / Omitted OPP","2026-06-29 17:22","2026-04-21 16:50","Evan Smith","Logan Loisel","US Ent","Enterprise","20329124245"
"59369926986","Candescent","100000.0","Candescent","Classic","626.0","Qualified","2026-05-12","Itesh trying to get manager on a call, Wren and I will keep following up","Bad timing","Closed Lost","Demo / Presentation","2026-07-30 16:41","2026-04-21 14:59","Jill Countey","Wren Huston","US MM","Mid-Market","36117022737"
"59384762533","Wellmark Inc","250000.0","Wellmark Inc","Classic","290.0","Qualified","2026-04-24","","","Business Validation","Pilot Prep","2026-12-15 22:01","2026-04-21 00:10","Jill Countey","Wren Huston","US MM","Mid-Market","10259204413"
"59369971499","FinThrive ","","FinThrive","Classic","","Discovery","","Couldn't get the the right people on the phone","Not right company/ persona","Closed Lost","","2026-08-04 17:38","2026-04-20 23:02","Aaron Marans","Aaron Marans","SDR US","Mid-Market","31382405137"
"59391298117","Ovative Group","18000.0","Ovative Group","Classic","55.0","Qualified","2026-04-21","","","Closed Won","Business case confirmation","2026-06-16 17:14","2026-04-20 20:11","Jill Countey","Wren Huston","US MM","Mid-Market","29357644854"
"59364904202","Singlife","","Singlife","Classic","146.0","Unqualified","","No show","No-show","Closed Lost","SDR / Omitted OPP","2026-05-28 08:00","2026-04-20 13:21","Scott Dunion","Adrian Sandu","APJ","Mid-Market","54155824700"
"59336275820","Eleos ","","Eleos","Classic","64.0","Unqualified","","not responsive.","Unable to connect","Closed Lost","SDR / Omitted OPP","2026-05-21 10:52","2026-04-20 00:51","Sharon Peretz","William Nagle","EMEA MM","Mid-Market","39089502568"
"59273870769","MX - New Deal","","MX","Classic","","Discovery","","Emailed saying that after he spoke with his team, an IDP is not on their radar ","No-show","Closed Lost","","2026-04-24 22:51","2026-04-17 18:47","EJ Rauseo","Aaron Marans","US MM","Mid-Market","25745060441"
"59273867795","PSL Group","50000.0","PSL Group","Classic","143.0","Qualified","2026-04-20","Haven't heard from them to schedule demo with team","No-show","Closed Lost","Demo / Presentation","2026-05-28 16:34","2026-04-17 18:26","Jill Countey","Logan Loisel","US MM","Mid-Market","26881803700"
"59273256315","GardaWorld Security","206000.0","GardaWorld","Classic","229.0","Qualified","2026-04-17","","","Negotiation / Legal","Negotiation / Legal","2026-09-23 15:34","2026-04-17 17:46","Jeff Graham","Dylan Leija","US Ent","Enterprise","56468418207"
"59273252988","Banorte","72000.0","SHI International Corp.;Kyndryl;Banorte","Classic","101.0","Qualified","2026-04-24","","","Business Validation","Pilot Prep","2026-11-28 00:47","2026-04-17 17:30","Ignacio De Loera","Logan Loisel","LATAM","Enterprise","10076986660;53948115565;32157365824"
"59186349701","Kering S.A","200000.0","Kering;Lean Tree Limited ","Classic","308.0","Qualified","2026-06-01","","","Demo / Presentation ","Demo / Presentation","2027-03-31 13:40","2026-04-17 12:12","Benjamin Duckworth","Adrian Sandu","EMEA Ent","Enterprise","10067613516;25810596786"
"59267533731","Aramex","","Aramex","Classic","258.0","Unqualified","","Rescheduled 3 times. Will continue to chase but closing this for now","No-show; Unable to connect","Closed Lost","SDR / Omitted OPP","2026-06-04 16:57","2026-04-17 05:34","Adrian Sandu","Adrian Sandu","SDR EMEA","Enterprise","18488076329"
"59230311697","Otto ","","OTTO Payments","Classic","591.0","Unqualified","","Looking for docs management ","Other","Closed Lost","SDR / Omitted OPP","2026-06-25 17:50","2026-04-16 22:19","James Pritchard","Subby Makinde","EMEA Ent","Enterprise","10067621303"
"59186188450","Monash University","","Monash University","Classic","1040.0","Unqualified","","Declined meeting set by BDR","No-show; Bad timing","Closed Lost","SDR / Omitted OPP","2026-05-12 06:05","2026-04-16 05:04","Scott Dunion","Corey Wu (Deactivated User)","APJ","Mid-Market","31570708874"
"59184044935","AstraZeneca","","AstraZeneca","Classic","4000.0","Unqualified","","No show","No-show","Closed Lost","SDR / Omitted OPP","2026-06-01 11:20","2026-04-15 15:49","John Barnes","Adrian Sandu","EMEA Ent","Enterprise","56468758812"
"59170284983","BDO","","bdo.io","Classic","375.0","Unqualified","","No opp for now at junior level - no money ever assigned","Other","Closed Lost","SDR / Omitted OPP","2026-06-16 18:25","2026-04-14 19:09","Jamie Summers","Subby Makinde","EMEA Ent","Enterprise","56468756839"
"59162471018","OTP Bank - New Business - Greenfield IDP","100000.0","OTP Bank","Classic","1000.0","Qualified","2026-04-14","Unable to connect with key people and decision maker","Unable to connect","Closed Lost","Demo / Presentation","2026-08-20 12:58","2026-04-14 11:19","John Barnes","Adrian Sandu","EMEA Ent","Enterprise","56572748078"
"59138766914","Lego","350000.0","the LEGO Group","Classic","1730.0","Qualified","2026-05-28","Contact moved into a different role, some changes in DevEx who own the platform strategy, will take a couple of months before we can get the new lay of the land. Killing for now until they are stable and clear project on the table ","Champion left/ Company cuts","Closed Lost","Demo / Presentation","2026-09-15 15:55","2026-04-13 10:57","James Pritchard","Subby Makinde","EMEA Ent","Enterprise","9881113269"
"59130423629","Nayax ","","Nayax","Classic","177.0","Unqualified","","didnt have a meeting.","No-show","Closed Lost","SDR / Omitted OPP","2026-05-07 11:46","2026-04-12 17:58","Sharon Peretz","William Nagle","EMEA MM","Mid-Market","32164500803"
"59129725033","Arcos Dorados Argentina S.A.","","53950567333;Arcos Dorados Argentina S.A.","Classic","116.0","Unqualified","","Partner never fully qualified this opp, Catherine ask if we can close lost this","Unable to connect","Closed Lost","SDR / Omitted OPP","2026-06-09 01:58","2026-04-12 17:24","Ignacio De Loera","Logan Loisel","LATAM","Enterprise","53950567333;53969098023"
"59079896760","Citi","","Citi","Classic","","Unqualified","","N/A","No-show","Closed Lost","SDR / Omitted OPP","2026-05-14 16:45","2026-04-10 22:07","Evan Smith","","US Ent","Enterprise","53947185513"
"59119895971","Testhouse Ltd","","Testhouse Ltd","Classic","","Unqualified","","Not aware of this ","No-show","Closed Lost","SDR / Omitted OPP","2026-04-14 09:36","2026-04-10 22:07","Matt Bilsland","William Nagle","EMEA MM","Mid-Market","53943523928"
"59099324198","RDT Limited","","RDT Limited","Classic","","Unqualified","","decide against IDP before meeting","No-show","Closed Lost","SDR / Omitted OPP","2026-04-29 15:51","2026-04-10 22:07","William Nagle","William Nagle","SDR EMEA","Mid-Market","53952534540"
"59097942303","Canada Life","","Canada Life","Classic","","Unqualified","","No show","No-show","Closed Lost","SDR / Omitted OPP","2026-05-18 22:59","2026-04-10 22:07","Tali Cohen (Deactivated User)","","US Ent","Enterprise","53945634085"
"59079134102","Aqovia","","Aqovia","Classic","41.0","Unqualified","","No show to initial meeting and unable to re engage","No-show","Closed Lost","SDR / Omitted OPP","2026-04-28 12:17","2026-04-10 22:07","Subby Makinde","","SDR EMEA","Mid-Market","53964006825"
"59079594565","Virtusa","","Virtusa","Classic","","Unqualified","","Ongoing Partner Discussions","Partnership","Closed Lost","SDR / Omitted OPP","2026-05-22 21:52","2026-04-10 22:07","Johana Ochoa","","Channel","","53956847737"
"59098243200","Transport Exchange Group","","Transport Exchange Group","Classic","","Unqualified","","too small ","Not right company/ persona","Closed Lost","SDR / Omitted OPP","2026-04-29 15:53","2026-04-10 22:07","William Nagle","William Nagle","SDR EMEA","Mid-Market","53942751900"
"59095283826","Attaro","","Attaro","Classic","","Unqualified","","no show","No-show","Closed Lost","SDR / Omitted OPP","2026-05-12 11:53","2026-04-10 22:07","William Nagle","","SDR EMEA","Mid-Market","53950530476"
"59084426341","Elekta","","Elekta","Classic","","Unqualified","","Met at an event, works in a small team and not willing to intro to wider team. Advised Elekta has a dedicated AI team making decisions on new tech. Working to indentify.","Not right company/ persona","Closed Lost","SDR / Omitted OPP","2026-05-07 14:05","2026-04-10 22:07","Matt Bilsland","William Nagle","EMEA MM","Mid-Market","53953158312"
"59099790700","FLAG Telecom","","FLAG Telecom","Classic","","Unqualified","","unable to find company and no update since jamie summers spoke to him post event ","Unable to connect","Closed Lost","SDR / Omitted OPP","2026-04-29 15:58","2026-04-10 22:07","William Nagle","William Nagle","SDR EMEA","Mid-Market","53947185512"
"59093755265","Aker Systems","","Aker Systems","Classic","53.0","Unqualified","","No show and unresponsive","No-show","Closed Lost","SDR / Omitted OPP","2026-04-28 12:18","2026-04-10 22:07","Subby Makinde","","SDR EMEA","Mid-Market","53962678643"
"59119579956","Channel 4","","Channel 4","Classic","","Unqualified","","No show","No-show","Closed Lost","SDR / Omitted OPP","2026-04-13 15:50","2026-04-10 22:07","Matt Bilsland","William Nagle","EMEA MM","Mid-Market","53960356978"
"59092989276","HCLSoftware","","HCLSoftware","Classic","10000.0","Unqualified","","Ongoing Partner Discussions","Partnership","Closed Lost","SDR / Omitted OPP","2026-05-22 21:52","2026-04-10 22:07","Johana Ochoa","","Channel","Enterprise","53953738758"
"59081588649","Central Bank of Ireland","","Central Bank of Ireland","Classic","","Unqualified","","Duplicate","Other","Closed Lost","SDR / Omitted OPP","2026-04-14 09:38","2026-04-10 22:07","Matt Bilsland","William Nagle","EMEA MM","Mid-Market","53945479805"
"59105297954","Brillanz Group","","Brillanz Group","Classic","6.0","Unqualified","","Was never a real opp","Other","Closed Lost","SDR / Omitted OPP","2026-04-27 21:23","2026-04-10 22:07","Jamie Summers","","EMEA Ent","Mid-Market","53974418218"
"59103904819","Kyndryl","","Kyndryl","Classic","","Unqualified","","Ongoing Partner Discussions","Partnership","Closed Lost","SDR / Omitted OPP","2026-05-22 21:52","2026-04-10 22:07","Johana Ochoa","","Channel","","53948115565"
"59088496305","Deloitte","","Deloitte","Classic","","Unqualified","","Ongoing Partner Discussions","Partnership","Closed Lost","SDR / Omitted OPP","2026-05-22 21:52","2026-04-10 22:07","Johana Ochoa","","Channel","","53955910439"
"59107826993","iProov","","iProov","Classic","","Unqualified","","Ongoing Partner Discussions","Partnership","Closed Lost","SDR / Omitted OPP","2026-05-22 21:52","2026-04-10 22:07","Johana Ochoa","","Channel","","53962678644"
"59099618901","Astuto","","Astuto","Classic","","Unqualified","","nothing since booking demo at event ","No-show","Closed Lost","SDR / Omitted OPP","2026-04-29 15:59","2026-04-10 22:07","William Nagle","William Nagle","SDR EMEA","Mid-Market","53974577501"
"59081420613","GSC Technologies Limited","","GSC Technologies Limited","Classic","","Unqualified","","event no show ","No-show","Closed Lost","SDR / Omitted OPP","2026-04-29 16:00","2026-04-10 22:07","William Nagle","William Nagle","SDR EMEA","Mid-Market","53959585442"
"59077871959","CDK Global","","CDK Global","Classic","","Unqualified","","no show will chase ","No-show","Closed Lost","SDR / Omitted OPP","2026-04-29 16:05","2026-04-10 22:07","William Nagle","William Nagle","SDR EMEA","Mid-Market","53980296773"
"59103260548","Softcodix","","Softcodix","Classic","10.0","Unqualified","","No show","No-show","Closed Lost","SDR / Omitted OPP","2026-04-28 12:22","2026-04-10 22:07","Subby Makinde","","SDR EMEA","Mid-Market","53982305921"
"59087692647","Virgin Money","","Virgin Money","Classic","410.0","Unqualified","","invalid contact details","Unable to connect; No-show","Closed Lost","SDR / Omitted OPP","2026-04-28 11:23","2026-04-10 22:07","Benjamin Duckworth","","EMEA Ent","Enterprise","53964470931"
"59100700842","TSB Bank","","TSB Bank","Classic","240.0","Unqualified","","No show","No-show","Closed Lost","SDR / Omitted OPP","2026-04-15 15:52","2026-04-10 22:07","John Barnes","","EMEA Ent","Enterprise","53947645819"
"59081264642","Cognizant","","Cognizant","Classic","117000.0","Unqualified","","Ongoing Partner Discussions","Partnership","Closed Lost","SDR / Omitted OPP","2026-05-22 21:52","2026-04-10 22:07","Johana Ochoa","","Channel","Enterprise","53959895428"
"59096386666","InnoverTEK UK","","InnoverTEK UK","Classic","1.0","Unqualified","","no show + unqualified","No-show","Closed Lost","SDR / Omitted OPP","2026-05-13 18:14","2026-04-10 22:07","Dylan Leija","","SDR US","Mid-Market","53953304208"
"59099324197","Citipost Mail","","Citipost Mail","Classic","","Unqualified","","Not aware of a call here ","No-show","Closed Lost","SDR / Omitted OPP","2026-04-14 09:37","2026-04-10 22:07","Matt Bilsland","William Nagle","EMEA MM","Mid-Market","53958968635"
"59079594563","Resmed","","Resmed","Classic","1200.0","Unqualified","","Not met","Unable to connect","Closed Lost","SDR / Omitted OPP","2026-05-28 07:59","2026-04-10 22:07","Scott Dunion","","APJ","Enterprise","53951763994"
"59108465239","Petroineos Trading Limited","","Petroineos Trading Limited","Classic","23.0","Unqualified","","No show, unresponsive","No-show","Closed Lost","SDR / Omitted OPP","2026-04-28 12:23","2026-04-10 22:07","Subby Makinde","","SDR EMEA","Mid-Market","53968447507"
"59079594564","Knight Optical","","Knight Optical","Classic","","Unqualified","","too small ","Not right company/ persona","Closed Lost","SDR / Omitted OPP","2026-04-29 16:04","2026-04-10 22:07","William Nagle","William Nagle","SDR EMEA","Mid-Market","53953304207"
"59104207958","Natwest Group","","Natwest","Classic","7000.0","Unqualified","","DevOps Live meeting - no show","No-show; Unable to connect","Closed Lost","SDR / Omitted OPP","2026-04-28 17:14","2026-04-10 22:07","Benjamin Duckworth","","EMEA Ent","Enterprise","58142754350"
"59097292611","King's College London","","King's College London","Classic","525.0","Unqualified","","DevOps live follow up meeting, just a placeholder. no show","No-show; Unable to connect","Closed Lost","SDR / Omitted OPP","2026-05-22 16:46","2026-04-10 22:07","Benjamin Duckworth","","EMEA Ent","Enterprise","53950375017"
"59085042072","Centology","","Centology","Classic","","Unqualified","","no show and small ","No-show","Closed Lost","SDR / Omitted OPP","2026-04-29 16:06","2026-04-10 22:07","William Nagle","William Nagle","SDR EMEA","Mid-Market","53944301476"
"59087561370","Tj Thouhid Portfolio","","Tj Thouhid Portfolio","Classic","","Unqualified","","no show ","No-show","Closed Lost","SDR / Omitted OPP","2026-04-29 16:06","2026-04-10 22:07","William Nagle","William Nagle","SDR EMEA","Mid-Market","53959731507"
"59081906833","Mazars in the UK","","Mazars in the UK","Classic","95.0","Unqualified","","No show, and wrong persona entirely","Other","Closed Lost","SDR / Omitted OPP","2026-04-28 16:50","2026-04-10 22:07","James Pritchard","Subby Makinde","EMEA Ent","Enterprise","53961124646"
"59083803298","Infosys","","Infosys Limited","Classic","10000.0","Unqualified","","Ongoing Partner Discussions","Partnership","Closed Lost","SDR / Omitted OPP","2026-05-22 21:52","2026-04-10 22:07","Johana Ochoa","","Channel","Enterprise","56572712315"
"59100547876","Airplane Solutions","","Airplane Solutions","Classic","","Unqualified","","no show after event ","No-show","Closed Lost","SDR / Omitted OPP","2026-04-29 16:26","2026-04-10 22:07","William Nagle","William Nagle","SDR EMEA","Mid-Market","53952228221"
"59080646420","MENA Cloud Alliance","","MENA Cloud Alliance","Classic","","Unqualified","","Ongoing Partner Discussions","Partnership","Closed Lost","SDR / Omitted OPP","2026-05-22 21:52","2026-04-10 22:07","Johana Ochoa","","Channel","","53958350352"
"59094352714","T-Systems International","","T-Systems International","Classic","1560.0","Unqualified","","Ongoing Partner Discussions","Partnership","Closed Lost","SDR / Omitted OPP","2026-05-22 21:52","2026-04-10 22:07","Johana Ochoa","","Channel","Enterprise","53969214577"
"59091573409","BT Group","","BT Group plc","Classic","6000.0","Unqualified","","Old tradeshow op with SWE, not relevant ","Not right company/ persona","Closed Lost","SDR / Omitted OPP","2026-05-15 13:10","2026-04-10 22:07","James Pritchard","","EMEA Ent","Enterprise","56548110682"
"59088157874","Air Business Limited","","Air Business Limited","Classic","","Unqualified","","no show after event ","No-show","Closed Lost","SDR / Omitted OPP","2026-04-29 16:29","2026-04-10 22:07","William Nagle","William Nagle","SDR EMEA","Mid-Market","53951763996"
"59084718916","Edgewater Markets","","Edgewater Markets","Classic","24.0","Unqualified","","No show","No-show","Closed Lost","SDR / Omitted OPP","2026-04-28 12:27","2026-04-10 22:07","Subby Makinde","","SDR EMEA","Mid-Market","53954062963"
"59103415220","Bank of England","","Bank of England","Classic","493.0","Unqualified","","Duplicate deal","Other","Closed Lost","SDR / Omitted OPP","2026-04-28 16:28","2026-04-10 22:07","Jamie Summers","Subby Makinde","EMEA Ent","Enterprise","53951612953"
"59078953354","Mahindra Group","","Mahindra & Mahindra Ltd","Classic","616.0","Unqualified","","Ongoing Partner Discussions","Partnership","Closed Lost","SDR / Omitted OPP","2026-05-22 21:52","2026-04-10 22:07","Johana Ochoa","","Channel","Enterprise","56573714801"
"59082818225","Westcoast Cloud","","Westcoast Cloud","Classic","7.0","Unqualified","","Was never a real opp","Other","Closed Lost","SDR / Omitted OPP","2026-04-27 21:24","2026-04-10 22:07","Jamie Summers","","EMEA Ent","Mid-Market","53966631987"
"59094218518","Gfk - An Niq Company","","Gfk - An Niq Company","Classic","","Unqualified","","didnt happen ","No-show","Closed Lost","SDR / Omitted OPP","2026-04-29 16:31","2026-04-10 22:07","William Nagle","William Nagle","SDR EMEA","Mid-Market","53950530475"
"59096543057","Temenos","","Temenos","Classic","2470.0","Unqualified","","no show/ghosting ","No-show","Closed Lost","SDR / Omitted OPP","2026-05-12 12:59","2026-04-10 22:07","James Pritchard","Subby Makinde","EMEA Ent","Enterprise","53943382097"
"59087561369","AGITO","","AGITO","Classic","","Unqualified","","too small ","Not right company/ persona","Closed Lost","SDR / Omitted OPP","2026-04-29 16:41","2026-04-10 22:07","William Nagle","William Nagle","SDR EMEA","Mid-Market","53960967737"
"59097942302","Skipton Building Society","","Skipton Building Society","Classic","","Unqualified","","wrong person ","Not right company/ persona","Closed Lost","SDR / Omitted OPP","2026-04-29 16:42","2026-04-10 22:07","William Nagle","William Nagle","SDR EMEA","Mid-Market","53956068262"
"59108465238","NHS England","","NHS England","Classic","1144.0","Unqualified","","No show and unresponsive","No-show","Closed Lost","SDR / Omitted OPP","2026-04-28 16:57","2026-04-10 22:07","James Pritchard","Subby Makinde","EMEA Ent","Enterprise","53944455083"
"59107975078","Hudson&Hayes","","Hudson&Hayes","Classic","3.0","Unqualified","","No show","No-show","Closed Lost","SDR / Omitted OPP","2026-04-28 12:28","2026-04-10 22:07","Subby Makinde","","SDR EMEA","Mid-Market","53941987430"
"59100086327","BAE Systems","","BAE Systems","Classic","1164.0","Unqualified","","was never a real opp - from event","Other","Closed Lost","SDR / Omitted OPP","2026-05-14 22:24","2026-04-10 22:07","Jamie Summers","Subby Makinde","EMEA Ent","Enterprise","53965079719"
"59184851054","Tokio Marine HCC","","Tokio Marine HCC;Tokio Marine HCC","Classic","","Unqualified","","no show ","No-show","Closed Lost","SDR / Omitted OPP","2026-04-29 16:38","2026-04-10 22:07","William Nagle","William Nagle","SDR EMEA","Mid-Market","53951763995;53951299633"
"59104515160","DevOps Live London 2026 - Florian Piquemal","","","Classic","","Unqualified","","no show ","No-show","Closed Lost","SDR / Omitted OPP","2026-04-29 16:38","2026-04-10 22:07","William Nagle","William Nagle","SDR EMEA","Mid-Market",""
"59092509278","Accenture","","Accenture","Classic","293.0","Unqualified","","no show ","No-show","Closed Lost","SDR / Omitted OPP","2026-05-12 12:59","2026-04-10 22:07","James Pritchard","","EMEA Ent","Enterprise","53945172630"
"59092202297","Schroders","","Schroders","Classic","400.0","Unqualified","","No show and incorrect persona","No-show","Closed Lost","SDR / Omitted OPP","2026-04-15 15:57","2026-04-10 22:07","John Barnes","Adrian Sandu","EMEA Ent","Enterprise","53963544239"
"59120973706","Ford Motor Company","","Ford Motor Company","Classic","","Unqualified","","no show + dark. (Kubecon) Ford is a big backstage shop.","No-show","Closed Lost","SDR / Omitted OPP","2026-04-22 18:46","2026-04-10 22:07","Tom Skarzynski (Deactivated User)","","US Ent","Enterprise","54896430426"
"59105442902","Amazon","","Amazon","Classic","","Unqualified","","interest from devops live but isnt involved in internal use of IDP","Not right company/ persona","Closed Lost","SDR / Omitted OPP","2026-04-29 12:52","2026-04-10 22:07","William Nagle","","SDR EMEA","Enterprise","53946716238"
"59078823428","J.P. Morgan","","JPMorgan Chase","Classic","","Unqualified","","No show","No-show","Closed Lost","SDR / Omitted OPP","2026-05-18 22:59","2026-04-10 22:07","Tali Cohen (Deactivated User)","","US Ent","Enterprise","56468356204"
"59103904818","Axoflow","","Axoflow","Classic","24.0","Unqualified","","was not a real opp","Other","Closed Lost","SDR / Omitted OPP","2026-04-27 21:26","2026-04-10 22:07","Jamie Summers","","EMEA Ent","Mid-Market","53941514678"
"59080051096","PRS for Music","","PRS for Music","Classic","","Unqualified","","no show ","No-show","Closed Lost","SDR / Omitted OPP","2026-04-29 16:39","2026-04-10 22:07","William Nagle","William Nagle","SDR EMEA","Mid-Market","56573722999"
"59088796750","Winds E Pvt Ltd","","Winds E Pvt Ltd","Classic","0.0","Unqualified","","random event lead","No value; Other","Closed Lost","SDR / Omitted OPP","2026-05-18 11:22","2026-04-10 22:07","Adrian Sandu","","SDR EMEA","Mid-Market","53967559956"
"59102966281","Grupo Elektra, S.A.B. de C.V.","75000.0","Grupo Elektra, S.A.B. de C.V.;Banco Azteca","Classic","500.0","Qualified","2026-04-17","We sent the MNDA for signature and customer is not responding to us nor to the partner. ","Bad timing","Closed Lost","Demo / Presentation","2026-07-07 04:56","2026-04-10 20:53","Ignacio De Loera","Logan Loisel","LATAM","Enterprise","53947802908;53980293737"
"59082192781","JYSK","","JYSK","Classic","250.0","Not happened yet","","","","SDR / Omitted  Opp","SDR / Omitted OPP","2027-02-12 14:28","2026-04-10 18:42","James Pritchard","Adrian Sandu","EMEA Ent","Enterprise","25503868560"
"59086426894","Visa - Cloud & Infra Team","100000.0","Visa","Classic","","Qualified","2026-06-18","","","Business Validation","Pilot Prep","2026-11-30 22:41","2026-04-10 17:52","Jeff Graham","Logan Loisel","US Ent","Enterprise","37564125253"
"59087042713","Fireflies.ai","","Fireflies.ai","Classic","61.0","Discovery","","Not interested","Other","Closed Lost","","2026-04-12 19:51","2026-04-10 17:05","Jill Countey","Wren Huston","US MM","Mid-Market","36104161202"
"59086416170","Reece","","Reece","Classic","75.0","Unqualified","","Was not in the right area and would not sponsor us in","Not right company/ persona","Closed Lost","SDR / Omitted OPP","2026-05-14 09:42","2026-04-10 11:01","Scott Dunion","Corey Wu (Deactivated User)","APJ","Enterprise","30207286024"
"59048476025","Walker Digital Table Systems","","Walker Digital Table Systems","Classic","121.0","Unqualified","","No show","No-show","Closed Lost","SDR / Omitted OPP","2026-04-24 02:19","2026-04-09 20:21","Scott Dunion","Adrian Sandu","APJ","Mid-Market","53894120875"
"59048628853","Hyland","300000.0","Hyland","Classic","975.0","Qualified","2026-04-23","","","Business Case Confirmation","Business case confirmation","2026-11-20 17:43","2026-04-09 20:12","EJ Rauseo","Aaron Marans","US MM","Mid-Market","9958694039"
"59050023244","Hyland","","Hyland","Classic","1259.0","Unqualified","","This is a duplicate opp","Other","Closed Lost","SDR / Omitted OPP","2026-05-15 15:41","2026-04-09 20:12","EJ Rauseo","Aaron Marans","US MM","Mid-Market","9958694039"
"59018144669","Akamai","","Akamai","Classic","4493.0","Unqualified","","No show","No-show","Closed Lost","SDR / Omitted OPP","2026-05-08 17:12","2026-04-09 17:54","Tali Cohen (Deactivated User)","Dylan Leija","US Ent","Enterprise","9881617209"
"59021411082","KubeCon EU 2026 - Commerzbank 2","","Commerzbank AG","Classic","1370.0","Unqualified","","Needs much more work with wider team to align on a project, exploratory from their side. ","Bad timing","Closed Lost","SDR / Omitted OPP","2026-06-25 17:48","2026-04-09 17:16","James Pritchard","Subby Makinde","EMEA Ent","Enterprise","10312838676"
"58938099570","Finova ","72000.0","Finova","Classic","","Qualified","2026-04-30","Early stage greenfield with 50 devs, no pain today as there's no engineering chaos and PE budget tightening - touch base scheduled for Q4","Bad timing; Early stage","Closed Lost","Formal Pilot","2026-06-24 11:46","2026-04-09 13:28","James Butcher","William Nagle","EMEA MM","Mid-Market","53718382941"
"59004376224","Volvo","","Volvo Group","Classic","4000.0","Unqualified","","No show and can't reach prospect","No-show","Closed Lost","SDR / Omitted OPP","2026-05-11 18:37","2026-04-09 12:35","Jamie Summers","Subby Makinde","EMEA Ent","Enterprise","34346345588"
"58961003433","GE Healthcare","","GE HealthCare","Classic","12000.0","Unqualified","","no show","No-show","Closed Lost","SDR / Omitted OPP","2026-05-28 20:22","2026-04-09 08:11","Jeff Graham","Logan Loisel","US Ent","Enterprise","20656452369"
"59004969889","Arauco","72000.0","Arauco","Classic","50.0","Qualified","2026-04-18","","","Demo / Presentation ","Demo / Presentation","2027-04-17 04:10","2026-04-09 00:44","Ignacio De Loera","Logan Loisel","LATAM","Mid-Market","53815250017"
"58999876220","Globokas","0.0","53797394463;Globokas","Classic","60.0","Unqualified","","Not reposponding to us nor to the partner ","Bad timing","Closed Lost","SDR / Omitted OPP","2026-08-11 16:55","2026-04-08 23:23","Ignacio De Loera","Logan Loisel","LATAM","Mid-Market","53797394463;53806820979"
"58962341208","Thales Group","","Thales Group","Classic","11000.0","Unqualified","","Wrong persona ","Not right company/ persona","Closed Lost","SDR / Omitted OPP","2026-05-12 12:56","2026-04-08 17:50","James Pritchard","Subby Makinde","EMEA Ent","Enterprise","10077001869"
"58905978032","Worldpay, Inc. - New Deal","","Worldpay","Classic","","Discovery","","Chris's team is being merged with Jay's at GPN. Duplicate opp with Global Payments","Other","Closed Lost","","2026-04-22 18:46","2026-04-08 17:29","Tom Skarzynski (Deactivated User)","Charity Lee","US Ent","Enterprise","19667561556"
"59185227899","Dragonpass","","DragonPass;Dragonpass","Classic","","Unqualified","","not heard of since initial call ","Unable to connect","Closed Lost","SDR / Omitted OPP","2026-05-13 11:35","2026-04-08 11:55","William Nagle","William Nagle","SDR EMEA","Mid-Market","53952381872;52604059756"
"58906339878","La Caisse (Caisse de dépôt et placement du Québec)","100000.0","Caisse de dépôt et placement du québec","Classic","244.0","Qualified","2026-04-30","unresponsive after initial demo. still defining project specs. They will be back but no active buying motion right now.","Early stage; Unable to connect; Bad timing","Closed Lost","Demo / Presentation","2026-08-06 15:30","2026-04-07 21:57","Daniel Alper","Wren Huston","US MM","Mid-Market","36627108945"
"58897477194","Ping Identity","","Ping Identity","Classic","771.0","Unqualified","","Ghosted me","No-show; Early stage","Closed Lost","SDR / Omitted OPP","2026-05-22 23:08","2026-04-07 18:47","Daniel Alper","Wren Huston","US MM","Mid-Market","10414020117"
"58899346753","Ecolab","","Ecolab","Classic","1075.0","Unqualified","","Sergei didn't see any value we could drive for their environment","No value","Closed Lost","SDR / Omitted OPP","2026-05-14 17:47","2026-04-07 18:40","Rick Walker","Charity Lee","US Ent","Enterprise","10338620978"
"58895579967","BAWAG Group","","BAWAG Group","Classic","108.0","Unqualified","","No show","No-show","Closed Lost","SDR / Omitted OPP","2026-04-13 10:39","2026-04-07 16:21","Matt Bilsland","William Nagle","EMEA MM","Mid-Market","53244326013"
"60638786429","Basware ","170000.0","Basware","Classic","390.0","Qualified","2026-04-29","","","Business Case Confirmation","Business case confirmation","2027-02-19 09:24","2026-04-07 14:51","Matt Bilsland","William Nagle","EMEA MM","Mid-Market","32172604254"
"58878538555","Flatiron Health","90300.0","Flatiron Health","Classic","200.0","Qualified","2026-04-17","","","Closed Won","Negotiation / Legal","2026-05-30 01:09","2026-04-06 19:23","EJ Rauseo","Aaron Marans","US MM","Mid-Market","33580991753"
"58686882206","Nuvei","","Nuvei Corporation","Classic","401.0","Unqualified","","event follow up no show ","No-show","Closed Lost","SDR / Omitted OPP","2026-06-16 13:07","2026-04-03 18:13","William Nagle","William Nagle","SDR EMEA","Mid-Market","17687836060"
"58737063052","FullStack Labs Inc","","FullStack Labs Inc","Classic","469.0","Unqualified","","Ongoing Partner Discussions","Partnership","Closed Lost","SDR / Omitted OPP","2026-05-22 21:52","2026-04-03 17:45","Johana Ochoa","Logan Loisel","Channel","","19161695637"
"58686319032","Planview","","Planview","Classic","517.0","Unqualified","","Tire kicker","Not right company/ persona; Early stage","Closed Lost","SDR / Omitted OPP","2026-04-15 15:44","2026-04-03 01:53","Daniel Alper","Wren Huston","US MM","Mid-Market","21467348065"
"58681473920","Elekta","","Elekta","Classic","634.0","Unqualified","","Met at an event, works in a small team and not willing to intro to wider team. Advised Elekta has a dedicated AI team making decisions on new tech. Working to indentify.","Not right company/ persona","Closed Lost","SDR / Omitted OPP","2026-05-12 11:57","2026-04-02 17:03","William Nagle","","SDR EMEA","Mid-Market","22468336719"
"58630778021","Malt ","","Malt","Classic","263.0","Unqualified","","churned customer but no real interest in re-engaging","No value","Closed Lost","SDR / Omitted OPP","2026-08-10 13:27","2026-04-01 17:19","William Nagle","William Nagle","SDR EMEA","Mid-Market","17703478789"
"58636638080","deepset GmbH - New Deal","","deepset","Classic","33.0","Unqualified","","No show post event","No-show","Closed Lost","SDR / Omitted OPP","2026-05-12 10:58","2026-04-01 14:58","Matt Bilsland","William Nagle","EMEA MM","Mid-Market","53248893768"
"58634216857","Experian","50000.0","Experian","Classic","4088.0","Qualified","2026-09-17","","","Demo / Presentation ","Demo / Presentation","","2026-03-31 19:25","Rick Walker","Dylan Leija","US Ent","Enterprise","57252308064"
"58650221321","Banco Macro - New Deal","0.0","Banco Macro","Classic","524.0","Unqualified","","No Show","No-show","Closed Lost","SDR / Omitted OPP","2026-08-11 16:55","2026-03-31 18:40","Ignacio De Loera","Logan Loisel","LATAM","Enterprise","50800304249"
"58567514750","GFT Technologies - IDP - 13k Users","200000.0","GFT Technologies SE","Classic","13000.0","Qualified","2026-03-31","","","Business Validation","Pilot Prep","2027-03-31 16:31","2026-03-31 17:43","John Barnes","Adrian Sandu","EMEA Ent","Enterprise","10067397471"
"58566892082","WHOOP","","WHOOP","Classic","274.0","Unqualified","","Jill reached out to reschedule multiple times but no response","Unable to connect","Closed Lost","SDR / Omitted OPP","2026-05-16 00:53","2026-03-31 16:27","Jill Countey","Wren Huston","US MM","Mid-Market","26127933557"
"58592288036","VTEX - New Deal","","Vtex","Classic","750.0","Unqualified","","No show","No-show","Closed Lost","SDR / Omitted OPP","2026-05-15 15:49","2026-03-31 13:47","Matt Bilsland","","EMEA MM","Mid-Market","19161691825"
"58560206935","EMBURSE - New Deal","","EMBURSE","Classic","","Unqualified","","Felt that OpsLevel would be easier and faster to setup. Moving forward with POC but would come back to Port if they faced challenges","Competition","Closed Lost","SDR / Omitted OPP","2026-04-09 17:12","2026-03-30 18:38","EJ Rauseo","","US MM","Mid-Market","15238825989"
"58553534881","Ellison Institute of Technology - New Deal","","Ellison Institute of Technology","Classic","51.0","Unqualified","","no show","No-show","Closed Lost","SDR / Omitted OPP","2026-04-07 12:53","2026-03-30 15:34","Matt Bilsland","William Nagle","EMEA MM","Mid-Market","53177628830"
"58543352200","Vodafone","","Vodafone","Classic","6000.0","Unqualified","","Seem like the correct stakeholders from a title perspective, but just can't get their focus on this.  Have had a couple of calls, but getting them to engage is difficult, and one of the stakeholders in particular even said that he's not sure he really cares about this as a priority at the moment.  Clearly many problems to solve at Vodafone, but their focus isn't here currently.","Early stage; No value","Closed Lost","SDR / Omitted OPP","2026-08-20 13:10","2026-03-30 11:47","Benjamin Duckworth","Adrian Sandu","EMEA Ent","Enterprise","10076948298"
"58543171454","Onepoint","","Onepoint","Classic","946.0","Unqualified","","Consultancy, they're putting together a POC proposal for Credit Agricole ahead of an RFP in Q3/Q4 this year.

They spoke to us at kubecon to book this demo, but then came back to me yesterday to tell me that CA are favouring an open-source / on-prem solution, so they don't need the demo.

We've been speaking to CA for nearly 2 years now, so I know that a) CA have already selected E&Y for this work, they just don't seem to have told OnePoint and b) they are open to SaaS, but only with a strong champion.

In short; we don't need this partner relationship, they're out of the loop.","On-prem","Closed Lost","SDR / Omitted OPP","2026-03-31 10:56","2026-03-30 10:49","Benjamin Duckworth","","EMEA Ent","Mid-Market","10077050435"
"58479614795","Token Security LTD","74700.0","Token Security LTD","Classic","","Qualified","2026-03-29","","","Closed Won","Negotiation / Legal","2026-03-30 09:47","2026-03-29 22:40","Shlomi Cohen","","Exec","Mid-Market","22281203841"
"58479536241","Starbucks","","Starbucks","Classic","2114.0","Unqualified","","Canceled","No-show","Closed Lost","SDR / Omitted OPP","2026-09-16 18:21","2026-03-27 23:02","Rick Walker","Dylan Leija","US Ent","Enterprise","10312827768"
"58500514346","LucidLink Ltd.","","LucidLink","Classic","86.0","Unqualified","","Went dark after saying they needed time for feedback ","No-show","Closed Lost","SDR / Omitted OPP","2026-05-20 23:31","2026-03-27 20:43","EJ Rauseo","Aaron Marans","US MM","Mid-Market","32783299848"
"58404196937","KubeCon EU 2026 - Enercity","","Enercity","Classic","104.0","Unqualified","","no show","No-show","Closed Lost","SDR / Omitted OPP","2026-04-07 12:54","2026-03-27 14:08","Matt Bilsland","William Nagle","EMEA MM","Mid-Market","52933964671"
"58441996083","Netease","","","Classic","810.0","Unqualified","","never confirmed","No-show","Closed Lost","SDR / Omitted OPP","2026-05-12 06:12","2026-03-27 10:01","Scott Dunion","Adrian Sandu","APJ","Enterprise",""
"58430946481","KubeCon EU 2026 - SRC d.o.o.","","SRC","Classic","93.0","Unqualified","","no show","No-show","Closed Lost","SDR / Omitted OPP","2026-05-15 15:44","2026-03-26 23:26","Matt Bilsland","William Nagle","EMEA MM","Mid-Market","53181346647"
"58439798455","KubeCon EU 2026 - Open Systems","","","Classic","103.0","Unqualified","","no show","No-show","Closed Lost","SDR / Omitted OPP","2026-04-07 12:56","2026-03-26 23:26","Matt Bilsland","William Nagle","EMEA MM","Mid-Market",""
"58435073560","KubeCon EU 2026 - Admiral Group PLC","","","Classic","690.0","Unqualified","","no show from Kubecon","No-show; Unable to connect","Closed Lost","SDR / Omitted OPP","2026-05-08 16:58","2026-03-26 23:26","Benjamin Duckworth","Adrian Sandu","EMEA Ent","Enterprise",""
"58434300697","KubeCon EU 2026 - Neon free","","","Classic","","Unqualified","","no show","No-show","Closed Lost","SDR / Omitted OPP","2026-04-07 13:09","2026-03-26 23:26","Matt Bilsland","William Nagle","EMEA MM","Mid-Market",""
"58450879097","KubeCon EU 2026 - ASML","","","Classic","9000.0","Unqualified","","kubecon no show","No-show; Unable to connect","Closed Lost","SDR / Omitted OPP","2026-04-15 16:02","2026-03-26 23:26","John Barnes","Adrian Sandu","EMEA Ent","Enterprise",""
"58448080054","KubeCon EU 2026 - Kivra AB","","Kivra","Classic","105.0","Unqualified","","said they dont see the need to explore port right now ","No-show","Closed Lost","SDR / Omitted OPP","2026-05-13 11:37","2026-03-26 23:26","William Nagle","William Nagle","SDR EMEA","Mid-Market","53392114088"
"58450259242","KubeCon EU 2026 - Contentsquare","","Contentsquare","Classic","368.0","Unqualified","","no show","No-show","Closed Lost","SDR / Omitted OPP","2026-04-16 11:06","2026-03-26 23:26","Sharon Peretz","William Nagle","EMEA MM","Mid-Market","10006248206"
"58440416869","KubeCon EU 2026 - Deutsche Telekom","","","Classic","12000.0","Unqualified","","was never a real opp - from event","Other","Closed Lost","SDR / Omitted OPP","2026-05-14 22:27","2026-03-26 23:26","Jamie Summers","Subby Makinde","EMEA Ent","Enterprise",""
"58451655971","KubeCon EU 2026 - ista SE","","ista","Classic","132.0","Unqualified","","no show","No-show","Closed Lost","SDR / Omitted OPP","2026-04-07 12:56","2026-03-26 23:26","Matt Bilsland","William Nagle","EMEA MM","Mid-Market","56400228185"
"58445760372","KubeCon EU 2026 - BAWAG Group","","","Classic","105.0","Unqualified","","No show","No-show","Closed Lost","SDR / Omitted OPP","2026-04-13 10:32","2026-03-26 23:26","Matt Bilsland","William Nagle","EMEA MM","Mid-Market",""
"58444830360","KubeCon EU 2026 - Relex Solutions","","","Classic","530.0","Unqualified","","no show","Unable to connect","Closed Lost","SDR / Omitted OPP","2026-04-09 17:09","2026-03-26 23:26","Sharon Peretz","William Nagle","EMEA MM","Mid-Market",""
"58442663046","KubeCon EU 2026 - Ericsson","","","Classic","25000.0","Unqualified","","Speculative conversation after a KubeCon meeting.  Guy we met with was open... but he didn't want to make introductions, he wanted to take away the information that we gave him, circulate it internally, and see what came back.  We followed up with him but it didn't go any further. ","Early stage; Not right company/ persona","Closed Lost","SDR / Omitted OPP","2026-05-26 18:26","2026-03-26 23:26","Benjamin Duckworth","Adrian Sandu","EMEA Ent","Enterprise",""
"58432292933","KubeCon EU 2026 - Millennium bcp","","","Classic","219.0","Unqualified","","No show ","No-show","Closed Lost","SDR / Omitted OPP","2026-05-12 12:58","2026-03-26 23:26","James Pritchard","Subby Makinde","EMEA Ent","Enterprise",""
"58430485278","KubeCon EU 2026 - Schwarz Group","","","Classic","62.0","Unqualified","","no meeting booked. no reply from the cotnact","No-show; Unable to connect","Closed Lost","SDR / Omitted OPP","2026-04-28 17:19","2026-03-26 23:26","Adrian Sandu","Adrian Sandu","SDR EMEA","Enterprise",""
"59186350238","UZ Leuven | Enterprise Digital | Platform Team","50000.0","UZ Leuven","Classic","109.0","Qualified","2026-05-07","Using free version as not enough devs to justfiy costs","Freemium","Closed Lost","Pilot Prep","2026-08-06 14:20","2026-03-26 23:26","Jamie Summers","Subby Makinde","EMEA Ent","Enterprise","53304943508"
"58451655970","KubeCon EU 2026 - Enercity Netz","","","Classic","104.0","Unqualified","","no show","No-show","Closed Lost","SDR / Omitted OPP","2026-04-07 12:55","2026-03-26 23:26","Matt Bilsland","William Nagle","EMEA MM","Mid-Market",""
"58447153005","KubeCon EU 2026 - Virtual7","","","Classic","31.0","Unqualified","","no show event","No-show","Closed Lost","SDR / Omitted OPP","2026-05-13 11:39","2026-03-26 23:26","William Nagle","William Nagle","SDR EMEA","Mid-Market",""
"58435697298","KubeCon EU 2026 - Mercedes-Benz.io","","","Classic","","Unqualified","","decided to continue building with backstage and didnt want to explore alternatives yet ","Competition","Closed Lost","SDR / Omitted OPP","2026-05-12 12:00","2026-03-26 23:26","William Nagle","","SDR EMEA","Enterprise",""
"58434768955","KubeCon EU 2026 - RTL Tech GmbH","","","Classic","243.0","Unqualified","","Already heavy Backstage users across org, haven't felt pain yet - plan to onboard more teams to Backstage - suggested potential op in 1-2 years","Bad timing","Closed Lost","SDR / Omitted OPP","2026-04-15 16:41","2026-03-26 23:26","James Butcher","William Nagle","EMEA MM","Mid-Market",""
"58434459240","KubeCon EU 2026 - DataWalk","","","Classic","","Unqualified","","didnt go ahead ","No-show","Closed Lost","SDR / Omitted OPP","2026-05-12 12:02","2026-03-26 23:26","William Nagle","William Nagle","SDR EMEA","Mid-Market",""
"58432911375","KubeCon EU 2026 - helmsentinel","","","Classic","1836.0","Unqualified","","no show after event","No-show","Closed Lost","SDR / Omitted OPP","2026-05-13 11:40","2026-03-26 23:26","William Nagle","William Nagle","SDR EMEA","Mid-Market",""
"58435073559","KubeCon EU 2026 - Motorola Solutions","","","Classic","6000.0","Unqualified","","No Show","No-show","Closed Lost","SDR / Omitted OPP","2026-05-08 17:17","2026-03-26 23:26","Dylan Leija","Dylan Leija","SDR US","Enterprise",""
"58434768954","KubeCon EU 2026 - kirk-pedersen","","","Classic","","Unqualified","","handed to Will","No-show","Closed Lost","SDR / Omitted OPP","2026-04-07 13:52","2026-03-26 23:26","Matt Bilsland","William Nagle","EMEA MM","Mid-Market",""
"58447153004","KubeCon EU 2026 - Alerant","","","Classic","55.0","Unqualified","","no show","No-show","Closed Lost","SDR / Omitted OPP","2026-04-07 12:50","2026-03-26 23:26","Matt Bilsland","William Nagle","EMEA MM","Mid-Market",""
"58436783238","KubeCon EU 2026 - HCLTech","","","Classic","","Unqualified","","Did not show","No-show","Closed Lost","SDR / Omitted OPP","2026-04-16 01:15","2026-03-26 23:26","Scott Dunion","William Nagle","APJ","Mid-Market",""
"58429400873","Tango - KubeCon EU 2026","","Tango","Classic","186.0","Unqualified","","Kubecon lead","Other","Closed Lost","SDR / Omitted OPP","2026-04-23 15:28","2026-03-26 23:26","Sharon Peretz","William Nagle","EMEA MM","Mid-Market","39096094744"
"58445603154","KubeCon EU 2026 - Chess.com","","Chess.com","Classic","210.0","Unqualified","","Building their own, build not buy mindset","Bad timing","Closed Lost","SDR / Omitted OPP","2026-04-22 13:16","2026-03-26 23:26","Matt Bilsland","William Nagle","EMEA MM","Mid-Market","18580539701"
"58430946480","KubeCon EU 2026 - Tceu","","","Classic","50.0","Unqualified","","no show after event ","No-show","Closed Lost","SDR / Omitted OPP","2026-06-16 13:09","2026-03-26 23:26","William Nagle","William Nagle","SDR EMEA","Mid-Market",""
"58427933309","KubeCon EU 2026 - Deepset","","","Classic","34.0","Unqualified","","KubeCon no show","No-show","Closed Lost","SDR / Omitted OPP","2026-05-05 09:16","2026-03-26 23:26","Matt Bilsland","William Nagle","EMEA MM","Mid-Market",""
"60170835606","KubeCon EU 2026 - vinci energies","","VINCI Energies","Classic","333.0","Unqualified","","some interest - but not problems they want to solve any time soon. Project for 2027.","Bad timing","Closed Lost","SDR / Omitted OPP","2026-05-12 12:57","2026-03-26 23:26","James Pritchard","Subby Makinde","EMEA Ent","Enterprise","53295575400"
"58446996041","KubeCon EU 2026 - Saab","","","Classic","3370.0","Unqualified","","Message from prospect - 'Hello! No need to reschedule, I'm not really driving that forward in the company at the moment. '","Other","Closed Lost","SDR / Omitted OPP","2026-05-14 22:27","2026-03-26 23:26","Jamie Summers","Subby Makinde","EMEA Ent","Enterprise",""
"58442120485","KubeCon EU 2026 - MIC","","","Classic","","Unqualified","","no show","No-show","Closed Lost","SDR / Omitted OPP","2026-04-07 12:52","2026-03-26 23:26","Matt Bilsland","William Nagle","EMEA MM","Mid-Market",""
"58440265326","KubeCon EU 2026 - Swedbank AB","","Swedbank","Classic","1900.0","Unqualified","","no show after kubecon","No-show","Closed Lost","SDR / Omitted OPP","2026-04-15 15:58","2026-03-26 23:26","John Barnes","Adrian Sandu","EMEA Ent","Enterprise","34668488333"
"58443902313","KubeCon EU 2026 - VTEX","","","Classic","437.0","Unqualified","","no show","No-show","Closed Lost","SDR / Omitted OPP","2026-04-07 12:53","2026-03-26 23:26","Matt Bilsland","William Nagle","EMEA MM","Mid-Market",""
"58441970703","KubeCon EU 2026 - DB Systel GmbH","","Deutsche Bahn","Classic","861.0","Unqualified","","Couple of initial discussions, but they've got a fairly mature existing Backstage implementation and I'm not hearing pain-points significant enough to drive change.  Add to that; the personas we're connected with are fairly junior, definitely not senior enough to make something happen themselves.","No value; Not right company/ persona","Closed Lost","SDR / Omitted OPP","2026-06-25 11:40","2026-03-26 23:26","Benjamin Duckworth","Adrian Sandu","EMEA Ent","Enterprise","15548304569"
"58437401372","KubeCon EU 2026 - Onepoint","","","Classic","1021.0","Unqualified","","Partner, on behalf of Credit Agricole - partner concluded that CA want an on-prem solution, which is partly true.  Partner is not engaged on the project, so wouldn't be an effective route for us anyway.","On-prem","Closed Lost","SDR / Omitted OPP","2026-05-26 18:20","2026-03-26 23:26","Benjamin Duckworth","William Nagle","EMEA Ent","Mid-Market",""
"58437401371","KubeCon EU 2026 - Mastercard","","","Classic","14000.0","Unqualified","","No longer a priority, customer will come back to us if topic reopened","Bad timing","Closed Lost","SDR / Omitted OPP","2026-05-11 18:34","2026-03-26 23:26","Jamie Summers","Subby Makinde","EMEA Ent","Enterprise",""
"58447153003","KubeCon EU 2026 - ITQ","","","Classic","40.0","Unqualified","","no show","No-show","Closed Lost","SDR / Omitted OPP","2026-04-07 12:50","2026-03-26 23:26","Matt Bilsland","William Nagle","EMEA MM","Mid-Market",""
"58450108976","KubeCon EU 2026 - MTU Aero Engines Polska","","","Classic","72.0","Unqualified","","no show","No-show","Closed Lost","SDR / Omitted OPP","2026-04-07 12:51","2026-03-26 23:26","Matt Bilsland","","EMEA MM","Mid-Market",""
"58436317209","KubeCon EU 2026 - Adfinis gmbh","","","Classic","61.0","Unqualified","","no show","No-show","Closed Lost","SDR / Omitted OPP","2026-04-07 12:51","2026-03-26 23:26","Matt Bilsland","William Nagle","EMEA MM","Mid-Market",""
"58452737812","KubeCon EU 2026 - Fronius International GmbH","","","Classic","268.0","Unqualified","","Not able to make any contact after an initial discussion.  Didn't see much initiative to change.","Unable to connect","Closed Lost","SDR / Omitted OPP","2026-06-25 11:41","2026-03-26 23:26","Benjamin Duckworth","Adrian Sandu","EMEA Ent","Enterprise",""
"58676845059","KubeCon EU 2026 - Nedap","","","Classic","125.0","Unqualified","","no show after event","No-show","Closed Lost","SDR / Omitted OPP","2026-05-13 11:40","2026-03-26 23:26","William Nagle","William Nagle","SDR EMEA","Mid-Market",""
"58446996040","KubeCon EU 2026 - Azerion","","","Classic","108.0","Unqualified","","no show","No-show","Closed Lost","SDR / Omitted OPP","2026-04-16 11:07","2026-03-26 23:26","Sharon Peretz","William Nagle","EMEA MM","Mid-Market",""
"58446996039","KubeCon EU 2026 - Booz Allen Hamilton","","Booz Allen Hamilton","Classic","8200.0","Unqualified","","No Show","No-show","Closed Lost","SDR / Omitted OPP","2026-05-21 16:00","2026-03-26 23:26","Dylan Leija","Dylan Leija","SDR US","Enterprise","53462389808"
"58443902312","KubeCon EU 2026 - delaware International","","","Classic","13.0","Unqualified","","no show after event","No-show","Closed Lost","SDR / Omitted OPP","2026-05-13 11:41","2026-03-26 23:26","William Nagle","","SDR EMEA","Mid-Market",""
"58430175514","Chainalysis - KubeCon EU 2026","","Chainalysis","Classic","179.0","Unqualified","","Leena has been unresponsive ever since scheduling call at Kubecon Amsterdam, also opted out of email","Unable to connect","Closed Lost","SDR / Omitted OPP","2026-05-06 17:28","2026-03-26 23:26","John Romano","Aaron Marans","US MM","Mid-Market","9881242477"
"58427627610","KubeCon EU 2026 - Plumery","","Plumery","Classic","18.0","Unqualified","","small users base, looks like James started them off on free tier for them to grow into port ","Unable to connect","Closed Lost","SDR / Omitted OPP","2026-05-13 11:42","2026-03-26 23:26","William Nagle","William Nagle","SDR EMEA","Mid-Market","35454203923"
"58685788072","KubeCon EU 2026 - Qube Research and Technologies","","Qube RT","Classic","736.0","Unqualified","","21/04: Security team didn't greenlight exploring Port yet and want to validate OS ROI - going to run 3-6 month Backstage internal POC but recognise the heavy investment. Building out wider org chart to target in prep of that internal POC finishing.
","Bad timing","Closed Lost","SDR / Omitted OPP","2026-08-10 13:37","2026-03-26 23:26","William Nagle","William Nagle","SDR EMEA","Mid-Market","31660039193"
"58437089193","KubeCon EU 2026 - trivago","","","Classic","247.0","Unqualified","","""after another consolidation with our DX team and speaking to Nick, I have to decline this Meeting early. Since I left the team to the backend squad I missed some important things where not yet communicated outside their Team."" - to James B","No-show","Closed Lost","SDR / Omitted OPP","2026-05-13 11:44","2026-03-26 23:26","William Nagle","William Nagle","SDR EMEA","Mid-Market",""
"58436624011","KubeCon EU 2026 - Kharon","","","Classic","30.0","Not happened yet","","no show/unq
","No-show","SDR / Omitted  Opp","SDR / Omitted OPP","","2026-03-26 23:26","Logan Loisel","Logan Loisel","SDR US","Mid-Market",""
"58433376050","KubeCon EU 2026 - Meetic","","","Classic","79.0","Unqualified","","no show after event","No-show","Closed Lost","SDR / Omitted OPP","2026-05-13 11:45","2026-03-26 23:26","William Nagle","William Nagle","SDR EMEA","Mid-Market",""
"58442663045","KubeCon EU 2026 - OMP","","","Classic","270.0","Unqualified","","no show after event","No-show","Closed Lost","SDR / Omitted OPP","2026-05-13 11:45","2026-03-26 23:26","William Nagle","William Nagle","SDR EMEA","Mid-Market",""
"58442278502","KubeCon EU 2026 - Opentext","","Opentext","Classic","6579.0","Unqualified","","Rescheduled and then no showed","No-show","Closed Lost","SDR / Omitted OPP","2026-06-03 23:23","2026-03-26 23:26","Tali Cohen (Deactivated User)","Dylan Leija","US Ent","Enterprise","53465911385"
"58432445609","KubeCon EU 2026 - ProgressSoft","","","Classic","309.0","Unqualified","","no show after event","No-show","Closed Lost","SDR / Omitted OPP","2026-05-13 11:47","2026-03-26 23:26","William Nagle","William Nagle","SDR EMEA","Mid-Market",""
"58441347079","KubeCon EU 2026 - DrAnsay AU-Schein GmbH","","","Classic","13.0","Unqualified","","no show since event ","No-show","Closed Lost","SDR / Omitted OPP","2026-05-13 11:48","2026-03-26 23:26","William Nagle","William Nagle","SDR EMEA","Mid-Market",""
"58437244981","KubeCon EU 2026 - Yoco","","","Classic","89.0","Unqualified","","no show since event","No-show","Closed Lost","SDR / Omitted OPP","2026-05-13 11:49","2026-03-26 23:26","William Nagle","William Nagle","SDR EMEA","Mid-Market",""
"58430175513","KubeCon EU 2026 - Koerber Pharma Software GmbH","","","Classic","300.0","Unqualified","","no show","No-show; Unable to connect","Closed Lost","SDR / Omitted OPP","2026-05-08 17:11","2026-03-26 23:26","John Barnes","Adrian Sandu","EMEA Ent","Enterprise",""
"59185348162","KubeCon EU 2026 - Julius baer","","Julius Baer Group Ltd.","Classic","641.0","Unqualified","","No show and prospect unreachable","No-show; Unable to connect","Closed Lost","SDR / Omitted OPP","2026-05-11 18:32","2026-03-26 23:26","Jamie Summers","Subby Makinde","EMEA Ent","Enterprise","10456605787"
"58452737811","KubeCon EU 2026 - Ellison Institute of Technology","","","Classic","44.0","Unqualified","","no show","No-show","Closed Lost","SDR / Omitted OPP","2026-04-07 12:49","2026-03-26 23:26","Matt Bilsland","William Nagle","EMEA MM","Mid-Market",""
"60083647828","KubeCon EU 2026 - BAUHAUS","","Bauhaus;BAHAG Handelsgesellschaft","Classic","136.0","Unqualified","","was never a real opp - from event","Other","Closed Lost","SDR / Omitted OPP","2026-05-14 22:28","2026-03-26 23:26","Jamie Summers","Subby Makinde","EMEA Ent","Enterprise","52912178501;53177629834"
"58453670057","KubeCon EU 2026 - Strava","","","Classic","","Unqualified","","Booked a meeting at Kubecon. Never followed up or answered outreach.
","No-show","Closed Lost","SDR / Omitted OPP","2026-05-14 21:47","2026-03-26 23:26","Aaron Marans","Aaron Marans","SDR US","Mid-Market",""
"58451500154","KubeCon EU 2026 - TNG Technology Consulting GmbH","","TNG Technology","Classic","345.0","Unqualified","","kubecon lead","Consultant","Closed Lost","SDR / Omitted OPP","2026-04-23 15:29","2026-03-26 23:26","Sharon Peretz","William Nagle","EMEA MM","Mid-Market","19636241285"
"58441040282","KubeCon EU 2026 - Credo Bank","","","Classic","176.0","Unqualified","","not mature team - window shopping","Early stage","Closed Lost","SDR / Omitted OPP","2026-04-28 12:08","2026-03-26 23:26","Sharon Peretz","William Nagle","EMEA MM","Mid-Market",""
"58436004226","KubeCon EU 2026 - AWS","","","Classic","10000.0","Unqualified","","invalid contact details. cannot locate him online","Unable to connect","Closed Lost","SDR / Omitted OPP","2026-03-27 16:43","2026-03-26 23:26","Adrian Sandu","Adrian Sandu","SDR EMEA","Enterprise",""
"58427627609","KubeCon EU 2026 - Trafikverket","","","Classic","437.0","Unqualified","","they are not able to use SaaS products","On-prem","Closed Lost","SDR / Omitted OPP","2026-04-08 15:44","2026-03-26 23:26","John Barnes","Adrian Sandu","EMEA Ent","Enterprise",""
"60256607330","LucidLink Ltd.","","LucidLink","Classic","","Unqualified","","They didn't follow up","Bad timing","Closed Lost","SDR / Omitted OPP","2026-09-16 18:09","2026-03-26 23:26","Aaron Marans","Aaron Marans","SDR US","Mid-Market","32783299848"
"58447462017","KubeCon EU 2026 - Snyk","","","Classic","387.0","Unqualified","","no show - kubecon","No-show","Closed Lost","SDR / Omitted OPP","2026-04-27 13:55","2026-03-26 23:26","Sharon Peretz","William Nagle","EMEA MM","Mid-Market",""
"58441659474","KubeCon EU 2026 - Accenture","","","Classic","293.0","Unqualified","","Not a real opp","Other","Closed Lost","SDR / Omitted OPP","2026-04-27 21:29","2026-03-26 23:26","Jamie Summers","Subby Makinde","EMEA Ent","Enterprise",""
"58444367007","KubeCon EU 2026 - RV","","","Classic","327.0","Unqualified","","Developer met us at KubeCon, then made an intro to a friend of his in the platform engineering team - who currently support a Backstage instance.  The PE contact was low-level, definitely not engaged in decision-making.  Didn't get much traction on the call and have struggled to reestablish contact since then.  Didn't see / hear much evidence of meaningful pain-points.","No value; Not right company/ persona","Closed Lost","SDR / Omitted OPP","2026-05-26 18:21","2026-03-26 23:26","Benjamin Duckworth","Adrian Sandu","EMEA Ent","Enterprise",""
"58444367006","KubeCon EU 2026 - Lumitec Technologies","","","Classic","3.0","Unqualified","","no show- kubecon","No-show","Closed Lost","SDR / Omitted OPP","2026-04-16 11:07","2026-03-26 23:26","Sharon Peretz","William Nagle","EMEA MM","Mid-Market",""
"58435073558","KubeCon EU 2026 - TomTom","","","Classic","1942.0","Unqualified","","KubeCon no show","No-show","Closed Lost","SDR / Omitted OPP","2026-05-05 09:16","2026-03-26 23:26","Matt Bilsland","William Nagle","EMEA MM","Mid-Market",""
"58452121653","KubeCon EU 2026 - Iberdrola","","","Classic","1000.0","Unqualified","","Deep into Backstage - no plans to switch in the next few months despite frustrations - into plugin building phase currently, agreed to touch base every 2-3 months. 

Think Port is a very compelling solution, but committing to SaaS and vendor fees currently not on their plan or budgets - they may resort to it next year if BS fails - keep in touch until then. ","Competition","Closed Lost","SDR / Omitted OPP","2026-04-07 14:04","2026-03-26 23:26","James Pritchard","Subby Makinde","EMEA Ent","Enterprise",""
"58450570048","KubeCon EU 2026 - SimCorp","","","Classic","1083.0","Unqualified","","no show ","No-show","Closed Lost","SDR / Omitted OPP","2026-05-12 12:07","2026-03-26 23:26","William Nagle","","SDR EMEA","Mid-Market",""
"58447618186","KubeCon EU 2026 - Cineca","","CINECA","Classic","327.0","Unqualified","","no show","No-show","Closed Lost","SDR / Omitted OPP","2026-04-13 16:22","2026-03-26 23:26","Sharon Peretz","William Nagle","EMEA MM","Mid-Market","53257440035"
"58445914624","KubeCon EU 2026 - andsafe AG","","","Classic","26.0","Unqualified","","declined meeting & not responsive to emails","Unable to connect","Closed Lost","SDR / Omitted OPP","2026-04-10 12:35","2026-03-26 23:26","Sharon Peretz","William Nagle","EMEA MM","Mid-Market",""
"58436624010","KubeCon EU 2026 - Unikraft GmbH","","","Classic","12.0","Unqualified","","30 people company & no budget","Not right company/ persona","Closed Lost","SDR / Omitted OPP","2026-04-09 17:15","2026-03-26 23:26","Sharon Peretz","William Nagle","EMEA MM","Mid-Market",""
"58432292932","KubeCon EU 2026 - Siemens","","","Classic","10000.0","Unqualified","","no meeting actually booked. Contact unsubscribed from communication","Other","Closed Lost","SDR / Omitted OPP","2026-04-01 13:35","2026-03-26 23:26","Adrian Sandu","","SDR EMEA","Enterprise",""
"58431823984","KubeCon EU 2026 - BMW","","","Classic","5300.0","Unqualified","","Not a real opp","Other","Closed Lost","SDR / Omitted OPP","2026-04-27 21:29","2026-03-26 23:26","Jamie Summers","Subby Makinde","EMEA Ent","Enterprise",""
"58431672224","KubeCon EU 2026 - Ericsson","","","Classic","24000.0","Unqualified","","Kubecon no show - unsubscribed from communication. ","No-show; Unable to connect","Closed Lost","SDR / Omitted OPP","2026-04-30 16:26","2026-03-26 23:26","Benjamin Duckworth","Adrian Sandu","EMEA Ent","Enterprise",""
"58427781890","KubeCon EU 2026 - Nitin Kasana","","","Classic","0.0","Unqualified","","KubeCon meeting, no show. not working for a specific company","No-show; Unable to connect","Closed Lost","SDR / Omitted OPP","2026-04-28 17:24","2026-03-26 23:26","Adrian Sandu","Adrian Sandu","SDR EMEA","Mid-Market",""
"58451967102","KubeCon EU 2026 - Commerzbank","","","Classic","1370.0","Unqualified","","Hi John,

 

thanks for the nice talk at KubeCon with your team. Being back at work we discussed it internally and agreed that so far is nothing we can implement yet. Hence I would like to cancel this meeting.

 

Many Thanks and kind Regards

Patrick","Bad timing","Closed Lost","SDR / Omitted OPP","2026-03-31 17:48","2026-03-26 23:26","John Barnes","Adrian Sandu","EMEA Ent","Enterprise",""
"58450879096","KubeCon EU 2026 - Antonios Angelakia","","","Classic","65.0","Unqualified","","Not responsive ","No-show","Closed Lost","SDR / Omitted OPP","2026-04-09 17:16","2026-03-26 23:26","Sharon Peretz","William Nagle","EMEA MM","Mid-Market",""
"58450570047","KubeCon EU 2026 - GoReel","","Adimen","Classic","","Unqualified","","they deleted the invite","No-show","Closed Lost","SDR / Omitted OPP","2026-04-09 17:09","2026-03-26 23:26","Sharon Peretz","William Nagle","EMEA MM","Mid-Market","53144900216"
"58447618187","Infineon Technologies (KC) - Backstage Replacement","250000.0","Infineon Technologies","Classic","6400.0","Qualified","2026-04-09","Have reprioritised internal projects. IDP not a focus at the minute but will be in the future.","Bad timing; Early stage","Closed Lost","Pilot Prep","2026-07-21 11:20","2026-03-26 23:26","John Barnes","Adrian Sandu","EMEA Ent","Enterprise","56573704603"
"58446844979","KubeCon EU 2026 - Mirantis","","","Classic","214.0","Unqualified","","Signed up for a demo at Kubecon. Never answered followup or outreach. ","Unable to connect; No-show","Closed Lost","SDR / Omitted OPP","2026-05-14 21:50","2026-03-26 23:26","Aaron Marans","Aaron Marans","SDR US","Mid-Market",""
"58441505462","KubeCon EU 2026 - New10","","New10","Classic","54.0","Unqualified","","contact is leaving the company - tried getting to other people ","No-show","Closed Lost","SDR / Omitted OPP","2026-04-09 17:12","2026-03-26 23:26","Sharon Peretz","William Nagle","EMEA MM","Mid-Market","23628980549"
"58439178848","KubeCon EU 2026 - Data Troops, UAB (Decodo)","","","Classic","40.0","Unqualified","","Went with Backstage","Competition","Closed Lost","SDR / Omitted OPP","2026-04-10 14:29","2026-03-26 23:26","Subby Makinde","","SDR EMEA","Mid-Market",""
"58435697297","KubeCon EU 2026 - INTERPOL","","","Classic","61.0","Unqualified","","no show","No-show","Closed Lost","SDR / Omitted OPP","2026-04-28 12:07","2026-03-26 23:26","Sharon Peretz","William Nagle","EMEA MM","Mid-Market",""
"58434611755","KubeCon EU 2026 - Banca Transilvania","","","Classic","405.0","Unqualified","","No show","No-show; Unable to connect","Closed Lost","SDR / Omitted OPP","2026-05-21 16:55","2026-03-26 23:26","John Barnes","Adrian Sandu","EMEA Ent","Enterprise",""
"58432292931","KubeCon EU 2026 - PSI Software SE","","","Classic","156.0","Unqualified","","no show since event","No-show","Closed Lost","SDR / Omitted OPP","2026-05-13 11:49","2026-03-26 23:26","William Nagle","William Nagle","SDR EMEA","Mid-Market",""
"58431672225","KubeCon EU 2026 - nordea","","","Classic","3350.0","Unqualified","","No show","No-show","Closed Lost","SDR / Omitted OPP","2026-04-15 15:59","2026-03-26 23:26","John Barnes","Adrian Sandu","EMEA Ent","Enterprise",""
"58428246186","KubeCon EU 2026 - Telstra","","Telstra","Classic","4012.0","Unqualified","","Didnt show up","No-show","Closed Lost","SDR / Omitted OPP","2026-05-12 06:05","2026-03-26 23:26","Scott Dunion","William Nagle","APJ","Enterprise","26628407150"
"58428090943","KubeCon EU 2026 - OP Financial","","","Classic","1100.0","Unqualified","","No show","No-show","Closed Lost","SDR / Omitted OPP","2026-04-15 15:52","2026-03-26 23:26","John Barnes","Subby Makinde","EMEA Ent","Enterprise",""
"58447924877","KubeCon EU 2026 - Amazon","","","Classic","100000.0","Unqualified","","works at amazon - couldn't find him on linkedin. Emailed to offer partnership discussion. no opp here - closed/lost","Partnership","Closed Lost","SDR / Omitted OPP","2026-04-01 13:16","2026-03-26 23:26","Adrian Sandu","Adrian Sandu","SDR EMEA","Enterprise",""
"58441814434","KubeCon EU 2026 - JPMorgan","","JPMorgan Chase","Classic","50000.0","Unqualified","","No Show","No-show","Closed Lost","SDR / Omitted OPP","2026-05-08 17:16","2026-03-26 23:26","Tali Cohen (Deactivated User)","Dylan Leija","US Ent","Enterprise","56468356204"
"58437401370","KubeCon EU 2026 - TOPdesk","","","Classic","","Unqualified","","no show ","No-show","Closed Lost","SDR / Omitted OPP","2026-05-12 12:08","2026-03-26 23:26","William Nagle","","SDR EMEA","Mid-Market",""
"58436471941","KubeCon EU 2026 - Jakub","","","Classic","32.0","Unqualified","","Added this prospect to existing meeting, that was then cancelled by MTU Polska (no reason given)","No value","Closed Lost","SDR / Omitted OPP","2026-04-02 12:19","2026-03-26 23:26","Subby Makinde","","SDR EMEA","Enterprise",""
"58432755339","KubeCon EU 2026 - 6WIND","","","Classic","46.0","Unqualified","","no show ","No-show","Closed Lost","SDR / Omitted OPP","2026-05-12 12:26","2026-03-26 23:26","William Nagle","","SDR EMEA","Mid-Market",""
"58430946479","KubeCon EU 2026 - Belfius","","","Classic","356.0","Unqualified","","We decided internally not to go for another IDP solution and won’t be considering other solutions for the foreseeable future.

Thank you in any case for the interesting demo at Kubecon!","Competition","Closed Lost","SDR / Omitted OPP","2026-04-09 14:57","2026-03-26 23:26","John Barnes","Adrian Sandu","EMEA Ent","Enterprise",""
"58429400872","KubeCon EU 2026 - Servers.com","","","Classic","67.0","Unqualified","","unsure what has happened since event ","No-show","Closed Lost","SDR / Omitted OPP","2026-05-12 12:28","2026-03-26 23:26","William Nagle","","SDR EMEA","Mid-Market",""
"58435073557","KubeCon EU 2026 - BCG","","","Classic","3000.0","Unqualified","","N/A","No-show","Closed Lost","SDR / Omitted OPP","2026-05-14 16:45","2026-03-26 23:26","Evan Smith","Logan Loisel","US Ent","Enterprise",""
"58437944362","KubeCon EU 2026 - JPMorgan Chase & Co.","","","Classic","50000.0","Unqualified","","No show","No-show","Closed Lost","SDR / Omitted OPP","2026-05-08 17:16","2026-03-26 23:26","Tali Cohen (Deactivated User)","Dylan Leija","US Ent","Enterprise",""
"58427933308","KubeCon EU 2026 - 123inkt.nl","","","Classic","68.0","Unqualified","","didnt happen ","No-show","Closed Lost","SDR / Omitted OPP","2026-05-12 12:48","2026-03-26 23:26","William Nagle","","SDR EMEA","Mid-Market",""
"58450259241","KubeCon EU 2026 - Mpiric Software","","","Classic","9.0","Unqualified","","9 devs","Not right company/ persona","Closed Lost","SDR / Omitted OPP","2026-04-01 13:43","2026-03-26 23:26","Adrian Sandu","","SDR EMEA","Mid-Market",""
"58446996038","KubeCon EU 2026 - shiv y","","","Classic","0.0","Unqualified","","no show - cannot locate him online","No-show","Closed Lost","SDR / Omitted OPP","2026-04-01 13:33","2026-03-26 23:26","Adrian Sandu","","SDR EMEA","Mid-Market",""
"58440884110","KubeCon EU 2026 - UDI","","","Classic","32.0","Unqualified","","no show since event","No-show","Closed Lost","SDR / Omitted OPP","2026-05-13 11:53","2026-03-26 23:26","William Nagle","William Nagle","SDR EMEA","Mid-Market",""
"58439646298","KubeCon EU 2026 - ABB","","ABB","Classic","7500.0","Unqualified","","KubeCon - no meeting booked. chased but never heard back","Unable to connect","Closed Lost","SDR / Omitted OPP","2026-05-22 16:50","2026-03-26 23:26","Benjamin Duckworth","Adrian Sandu","EMEA Ent","Enterprise","48157614625"
"58434921891","KubeCon EU 2026 - Uber","","Uber","Classic","6000.0","Unqualified","","no show","No-show","Closed Lost","SDR / Omitted OPP","2026-05-29 16:26","2026-03-26 23:26","Jeff Graham","Logan Loisel","US Ent","Enterprise","9715250843"
"58430020452","KubeCon EU 2026 - Lloyds Banking Group","","","Classic","4641.0","Unqualified","","Other Lloyd deal in flight with relevant stakeholder","Other","Closed Lost","SDR / Omitted OPP","2026-06-10 12:52","2026-03-26 23:26","Jamie Summers","Subby Makinde","EMEA Ent","Enterprise",""
"60108241768","KubeCon EU 2026 - DNB ASA","","DNB ASA","Classic","757.0","Unqualified","","Opp only had one call and was not ready for the next step - clean up","Other","Closed Lost","SDR / Omitted OPP","2026-06-16 18:24","2026-03-26 23:26","Jamie Summers","Subby Makinde","EMEA Ent","Enterprise","18487962890"
"58446222707","KubeCon EU 2026 - SETAR N.V.","","SETAR","Classic","25.0","Unqualified","","No show post-KubeCon","No-show","Closed Lost","SDR / Omitted OPP","2026-03-30 23:51","2026-03-26 23:26","Daniel Alper","Wren Huston","US MM","Mid-Market","9907680141"
"58445138791","KubeCon EU 2026 - ICEYE","","","Classic","269.0","Unqualified","","Spoke to in the past, messaged me saying not ready to speak. ","No-show","Closed Lost","SDR / Omitted OPP","2026-04-09 15:26","2026-03-26 23:26","Sharon Peretz","William Nagle","EMEA MM","Mid-Market",""
"58440884111","KubeCon EU 2026 - Mastercard Inc.","","","Classic","10000.0","Unqualified","","no meeting booked","No-show","Closed Lost","SDR / Omitted OPP","2026-03-31 23:47","2026-03-26 23:26","Logan Loisel","Logan Loisel","SDR US","Enterprise",""
"58439955994","KubeCon EU 2026 - Intralot","","","Classic","278.0","Unqualified","","no meeting booked - KubeCon deal","No-show; Unable to connect","Closed Lost","SDR / Omitted OPP","2026-04-28 17:28","2026-03-26 23:26","Adrian Sandu","","SDR EMEA","Enterprise",""
"58414337024","Phreesia ","","Phreesia","Classic","426.0","Unqualified","","Michael Was supposed to send me an NDA after first call and schedule demo with leadership but went dark","Unable to connect","Closed Lost","SDR / Omitted OPP","2026-05-12 14:41","2026-03-26 19:48","John Romano","","US MM","","10067647138"
"58369081867","Confluent IO","200000.0","Confluent IO","Classic","1328.0","Qualified","2026-03-30","IBM acquisition - need to wait to sync with IBM leadership","Bad timing","Closed Lost","Demo / Presentation","2026-05-11 22:08","2026-03-26 17:44","Jill Countey","Wren Huston","US MM","Mid-Market","9881648947"
"58365889617","Opacity","","53182002361","Classic","4.0","Unqualified","","Unqualified. Too small","UNQ","Closed Lost","SDR / Omitted OPP","2026-05-14 21:57","2026-03-26 16:55","Aaron Marans","Aaron Marans","SDR US","Mid-Market","53182002361"
"58332118853","Genpact - IDP / EDP New Logo - Vidya Rao (CTO)","0.0","Genpact","Classic","","Unqualified","","No Response","Unable to connect","Closed Lost","SDR / Omitted OPP","2026-07-02 16:12","2026-03-26 16:37","Evan Smith","Logan Loisel","US Ent","Enterprise","10067366447"
"58332174001","Kingfisher","","Kingfisher","Classic","411.0","Unqualified","","Positive first call... until we ran into the question of ""how does Port deal with the fact that our existing mapping and naming conventions are very scattered and inconsistent?""  We struggled to clearly articulate the solution here - Kingfisher were definitely left with a sense that the implementation of Port would be long and challenging.  We provided some good clarifications to our response over follow-up email, but didn't get traction after that.","No value","Closed Lost","SDR / Omitted OPP","2026-05-26 18:23","2026-03-26 14:23","Benjamin Duckworth","Adrian Sandu","EMEA Ent","Enterprise","10067400972"
"58380750744","Danske bank (KC) - Backstage Replacement & AEP","200000.0","Danske Bank","Classic","4000.0","Qualified","2026-04-15","Mature implementation of Backstage","Competition","Closed Lost","Demo / Presentation","2026-07-07 12:23","2026-03-26 11:59","John Barnes","Adrian Sandu","EMEA Ent","Enterprise","57848301173"
"58295959359","Tensure","","Tensure Consulting","Classic","","Discovery","","","","SDR Discovery","","2027-03-25 17:29","2026-03-25 17:29","Logan Loisel","Logan Loisel","SDR US","Mid-Market","49197730842"
"58325433945","KubeCon EU 2026 - Visma","","Visma","Classic","950.0","Unqualified","","Prospect on maternity leave and cancelled meeting","Other","Closed Lost","SDR / Omitted OPP","2026-05-12 12:17","2026-03-25 12:44","James Pritchard","Subby Makinde","EMEA Ent","Enterprise","15504506750"
"58320191337","checkout.com - New Deal","200000.0","checkout.com","Classic","526.0","Qualified","2026-04-08","","","Demo / Presentation ","Demo / Presentation","2027-10-22 12:22","2026-03-25 12:33","Matt Bilsland","William Nagle","EMEA MM","Mid-Market","10338662830"
"58311762564","Canonical ","","Canonical","Classic","769.0","Unqualified","","no show","No-show","Closed Lost","SDR / Omitted OPP","2026-04-07 13:52","2026-03-25 11:50","Matt Bilsland","William Nagle","EMEA MM","Mid-Market","25811214243"
"58317066101","KubeCon EU 2026 - Woven Planet","","Woven Planet","Classic","1270.0","Unqualified","","no show","No-show","Closed Lost","SDR / Omitted OPP","2026-04-17 06:18","2026-03-25 11:38","Scott Dunion","Adrian Sandu","APJ","Enterprise","10987683205"
"58317991448","MongoDB","","MongoDB","Classic","1651.0","Unqualified","","Visited booth at Kubecon - no real opportunity","No-show","Closed Lost","SDR / Omitted OPP","2026-05-14 16:44","2026-03-25 11:36","Evan Smith","Logan Loisel","US Ent","Enterprise","10135587987"
"58327252511","Compartamos Banco","","Compartamos Banco","Classic","200.0","Unqualified","","The partner did not qualify properly ","Other","Closed Lost","SDR / Omitted OPP","2026-03-31 02:19","2026-03-24 23:40","Ignacio De Loera","Logan Loisel","LATAM","Mid-Market","53213735964"
"58328941910","Okta, Inc. - New Deal","","Okta, Inc.","Classic","1500.0","Unqualified","","looking for niche agentic use case, not a platform","Product","Closed Lost","SDR / Omitted OPP","2026-04-22 18:45","2026-03-24 21:08","Tom Skarzynski (Deactivated User)","Charity Lee","US Ent","Enterprise","9958675240"
"58303862656","Liberty Mutual","2000000.0","Liberty Mutual","Classic","3465.0","Qualified","2026-05-27","","","Business Validation","Pilot Prep","2027-01-31 20:17","2026-03-24 18:11","Jeff Graham","Dylan Leija","US Ent","Enterprise","30995050918"
"58309831982","Kubecon EU 2026 - Shell","","Shell","Classic","6000.0","Unqualified","","Prsopect requested to cancel meeting - not interested in product generally","Product","Closed Lost","SDR / Omitted OPP","2026-05-12 12:19","2026-03-24 17:33","James Pritchard","Subby Makinde","EMEA Ent","Enterprise","9906733241"
"58254694027","GSK | DevOps | Self-Healing","","GSK","Classic","3850.0","Unqualified","","was never a real opp - from event","Other","Closed Lost","SDR / Omitted OPP","2026-05-14 22:29","2026-03-24 14:02","Jamie Summers","Subby Makinde","EMEA Ent","Enterprise","36510916460"
"58255212432","Mindera ","","EngMindera","Classic","620.0","Unqualified","","no show will chase ","No-show","Closed Lost","SDR / Omitted OPP","2026-05-13 12:33","2026-03-24 13:58","William Nagle","William Nagle","SDR EMEA","Mid-Market","19161717009"
"58254632059","Novo Nordisk","","Novo Nordisk","Classic","2600.0","Unqualified","","No show","No-show","Closed Lost","SDR / Omitted OPP","2026-04-15 16:03","2026-03-24 13:57","John Barnes","Adrian Sandu","EMEA Ent","Enterprise","32781051195"
"58251331891","Teamviewer ","","Teamviewer","Classic","576.0","Unqualified","","event follow up no show, will rework ","Unable to connect","Closed Lost","SDR / Omitted OPP","2026-05-13 18:05","2026-03-23 20:37","William Nagle","William Nagle","SDR EMEA","Mid-Market","10135585548"
"58248565098","RIMAC Seguros y Reaseguros S.A.","","RIMAC Seguros;18487019176","Classic","232.0","Unqualified","","No show","No-show","Closed Lost","SDR / Omitted OPP","2026-08-11 16:54","2026-03-23 17:49","Ignacio De Loera","Logan Loisel","LATAM","Enterprise","57848300863;18487019176"
"58248075678","Sainsburys Supermarkets","","Lean Tree Limited ;Sainsburys supermarkets","Classic","827.0","Unqualified","","This was a partner registered opp, but it never materialised.","Unable to connect","Closed Lost","SDR / Omitted OPP","2026-05-26 18:24","2026-03-23 17:47","Benjamin Duckworth","Adrian Sandu","EMEA Ent","Enterprise","25810596786;39128303638"
"58247704735","Regeneron","","Regeneron","Classic","874.0","Unqualified","","no show","No-show","Closed Lost","SDR / Omitted OPP","2026-05-13 18:09","2026-03-23 17:29","Evan Smith","Dylan Leija","US Ent","Enterprise","10259215442"
"58247238926","Kubex - New Deal","","Kubex","Classic","50.0","Unqualified","","Hi,

I have to try out port before chatting with you. Will likely be a few weeks out

Will reach out again

- Julien","Bad timing","Closed Lost","SDR / Omitted OPP","2026-03-31 18:15","2026-03-23 15:42","John Romano","William Nagle","US MM","Mid-Market","53153111821"
"65027349544","Optum","","United Health Group / Optum;Optum","Classic","17639.0","Unqualified","","Alex's team is looking to solve a very narrow problem that Port isn't a great fit for.  Alex is reaching out to the tools team that would own Port (IDP) to see if they're interested","Product","Closed Lost","SDR / Omitted OPP","2026-09-17 06:27","2026-03-23 14:29","Rick Walker","Dylan Leija","US Ent","Enterprise","32162953365;10163250036"
"58246266259","Kaufland | Ecommerce Team | Backstage Replacement | New Business | Germany","150000.0","Kaufland e-commerce","Classic","220.0","Qualified","2026-04-09","loss of contact after pushing and testing ""champion"" for things in return for resources. Will be picked back up next year.","Other","Closed Lost","SDR / Omitted OPP","2026-08-14 16:55","2026-03-23 13:50","Jamie Summers","Subby Makinde","EMEA Ent","Enterprise","10163229979"
"58243879597","ASML - KubeCon 2026","","ASML","Classic","6500.0","Unqualified","","No show","No-show","Closed Lost","SDR / Omitted OPP","2026-04-16 12:04","2026-03-23 11:52","John Barnes","Adrian Sandu","EMEA Ent","Enterprise","10076994577"
"58241701383","KubeCon EU 2026 - E.ON","","E.ON","Classic","1500.0","Unqualified","","Prospect unresponsive after first meeting cancelled (technical glitch)","Unable to connect","Closed Lost","SDR / Omitted OPP","2026-05-20 16:12","2026-03-23 11:38","James Pritchard","Subby Makinde","EMEA Ent","Enterprise","33099435317"
"58244068389","KubeCon EU 2026 - Freedom Cloud","","Freedom Cloud","Classic","50.0","Unqualified","","No show","No-show","Closed Lost","SDR / Omitted OPP","2026-04-24 02:18","2026-03-23 11:17","Scott Dunion","","APJ","Mid-Market","53158071054"
"58241598784","Zscaler","","Zscaler","Classic","2505.0","Unqualified","","Team said they do not have any SaaS tools - all on prem. If SaaS is approved (unlikely), Port would not be able to support large portion of devs who touch highly regulated industries.","Security","Closed Lost","SDR / Omitted OPP","2026-04-17 00:04","2026-03-23 11:14","Tom Skarzynski (Deactivated User)","Charity Lee","US Ent","Enterprise","9800702772"
"58243979947","Kaizengaming ","","Kaizengaming","Classic","500.0","Unqualified","","need to work different people at account ","Unable to connect","Closed Lost","SDR / Omitted OPP","2026-05-13 11:59","2026-03-23 10:57","William Nagle","William Nagle","SDR EMEA","Mid-Market","31669114787"
"58208321371","The AES Corporation","","The AES Corporation","Classic","255.0","Unqualified","","no show 2x","No-show","Closed Lost","SDR / Omitted OPP","2026-04-22 18:45","2026-03-20 22:44","Tom Skarzynski (Deactivated User)","Charity Lee","US Ent","Enterprise","18937122376"
"58208194902","Canada Life","","Canada Life","Classic","984.0","Unqualified","","IC without executive buy-in. Objection concerning whether data would only live in Canada, given the strict Canadian insurance industry.","Not right company/ persona","Closed Lost","SDR / Omitted OPP","2026-05-13 18:05","2026-03-20 21:29","Tali Cohen (Deactivated User)","Dylan Leija","US Ent","Enterprise","18937115713"
"58211070822","Boostlingo","24000.0","Boostlingo","Classic","41.0","Qualified","2026-03-23","looking for a DORA easy button, think they can vibe-code a portal","Product; No value; Price","Closed Lost","Pilot Prep","2026-04-15 15:47","2026-03-20 18:41","Daniel Alper","Aaron Marans","US MM","Mid-Market","53153054012"
"58208250137","Geotab Inc. - New Deal","","Geotab Inc.","Classic","","Unqualified","","This was an outbound conversation that was more of an educational opp. They have a better understanding of what we can do and we know more about their agentic timelines. Need to get higher","Early stage","Closed Lost","SDR / Omitted OPP","2026-04-09 17:16","2026-03-20 18:38","EJ Rauseo","","US MM","Mid-Market","10067613523"
"58162086178","Brilliance Financial Pty Ltd","80000.0","DevOps1;BxFin","Classic","13.0","Qualified","2026-03-30","Partner led & didn't win foundational business. Moving to direct, but reports are went with a consultant to build/run vs buy","Unable to connect; Other","Closed Lost","Demo / Presentation","2026-07-08 07:41","2026-03-20 02:18","Scott Dunion","Adrian Sandu","APJ","Mid-Market","26872630567;48990713390"
"58134795333","Haleon | Backstage Replacement | Product Team","250000.0","Haleon plc","Classic","729.0","Qualified","2026-04-13","Went cold - suspicion of Backstage SaaS after talking with SoftCat","Other","Closed Lost","Demo / Presentation","2026-08-18 11:14","2026-03-19 17:31","Jamie Summers","Subby Makinde","EMEA Ent","Enterprise","18722557985"
"58134916897","Adobe","","Adobe","Classic","15843.0","Discovery","","Contact said he wasn't ready to engage with Port","Bad timing","Closed Lost","","2026-03-26 17:04","2026-03-19 17:00","Rick Walker","Charity Lee","US Ent","Enterprise","30995050554"
"58135989394","FTMO ","","FTMO","Classic","153.0","Unqualified","","Had positive first call with junior employee, no response to follow up actions","Unable to connect","Closed Lost","SDR / Omitted OPP","2026-05-15 15:46","2026-03-19 16:50","Matt Bilsland","William Nagle","EMEA MM","Mid-Market","52931648579"
"58182338308","Central Bank of Ireland - New Deal","50000.0","Central Bank of Ireland","Classic","1500.0","Qualified","2026-05-15","Reach back out in September, had no show from key stakeholder, spoke with another colleague and he said they are planning their 2027 roadmap","Bad timing","Closed Lost","Demo / Presentation","2026-07-22 11:42","2026-03-19 16:47","Matt Bilsland","William Nagle","EMEA MM","Mid-Market","52493411446"
"58165118895","Uber","","Uber","Classic","6000.0","Unqualified","","no show","Unable to connect","Closed Lost","SDR / Omitted OPP","2026-05-28 20:21","2026-03-19 14:30","Jeff Graham","Rachel Jean","US Ent","Enterprise","9715250843"
"58180614835","Roche","","Roche","Classic","6000.0","Unqualified","","Cloud Team projext ""Cancelled"" but never got any insight - we chasing it and wider org, but CL for now ","Other","Closed Lost","SDR / Omitted OPP","2026-06-25 17:46","2026-03-19 13:29","James Pritchard","Subby Makinde","EMEA Ent","Enterprise","10077087832"
"58162021925","Smartsheet","250000.0","Smartsheet","Classic","811.0","Qualified","2026-03-27","Went with Cortex due to Port's significant operational load.

Both evaluations used dummy data and Cortex's opinions out of the box led the team to select Cortex - connecting data integrations together in Port represented operational load the team was unwilling to take on. We mentioned vibe building / MCP connections as an area they did not spend enough time on, but decision has been made.

We also offered free solution services and highly discounted contract, but that did not move the needle.","Competition","Closed Lost","Pilot Prep","2026-06-26 16:49","2026-03-19 13:08","John Romano","Aaron Marans","US MM","Mid-Market","20718505894"
"58135851009","Questrade","100000.0","Questrade Financial Group","Classic","461.0","Qualified","2026-03-25","Gone dark - will keep nurturing in 5x5","Unable to connect","Closed Lost","Demo / Presentation","2026-05-28 16:35","2026-03-18 19:04","Jill Countey","Wren Huston","US MM","Mid-Market","10135604151"
"58132524819","Dept. of Corrections, State of Wisconsin","89100.0","Wisconsin;SHI International Corp.","Classic","276.0","Qualified","2026-03-30","","","Closed Won","Negotiation / Legal","2026-06-10 16:56","2026-03-18 18:18","Tali Cohen (Deactivated User)","Dylan Leija","US Ent","Enterprise","57262261870;10076986660"
"58135331152","Grupo Credito SA","","Grupo Credito S.A.","Classic","","Unqualified","","Duplicate Deal ","Other","Closed Lost","SDR / Omitted OPP","2026-03-31 02:35","2026-03-18 17:40","Ignacio De Loera","Logan Loisel","LATAM","","53656890429"
"58158685341","Alteryx Inc ","200000.0","Alteryx Inc","Classic","662.0","Qualified","2026-03-26","Sara said priorities changed - most likely they chose to build on their own","Product; Price","Closed Lost","Demo / Presentation","2026-05-18 23:48","2026-03-18 16:20","Jill Countey","Wren Huston","US MM","Mid-Market","10259336280"
"59184758601","The Pensions Regulator","","The Pensions Regulator;The Pensions Regulator","Classic","75.0","Unqualified","","Catch up mid-June but given procurement process (similar to DWP) and low number of devs (~100) - not worth the time investment in process until DWP closes and can ride the same path
","Bad timing","Closed Lost","SDR / Omitted OPP","2026-08-10 13:26","2026-03-18 13:19","William Nagle","William Nagle","SDR EMEA","Mid-Market","53960510858;34964091658"
"58029797809","Lowes","","Lowes","Classic","2800.0","Unqualified","","no show","Unable to connect","Closed Lost","SDR / Omitted OPP","2026-05-28 20:21","2026-03-17 18:25","Jeff Graham","Logan Loisel","US Ent","Enterprise","31457369401"
"58025125985","TTEC Holdings Inc ","","TTEC Holdings Inc","Classic","787.0","Unqualified","","no show","No-show","Closed Lost","SDR / Omitted OPP","2026-05-28 20:21","2026-03-17 18:12","Jeff Graham","Logan Loisel","US Ent","Enterprise","15732036503"
"58025303185","Plaid","100000.0","Plaid","Classic","425.0","Qualified","2026-03-26","will keep prospecting","No-show","Closed Lost","Demo / Presentation","2026-09-22 18:38","2026-03-17 15:16","Jill Countey","Wren Huston","US MM","Mid-Market","16177885747"
"58054040175","Tesco Mobile","","Tesco PLC","Classic","1920.0","Unqualified","","Hello,

I hope you’re well.

Due to a shift in priorities on my side, I’d like to cancel our upcoming session for the time being. I will reach out again once we are in a position to continue.

Thank you for your understanding.","Bad timing; Early stage","Closed Lost","SDR / Omitted OPP","2026-06-26 11:59","2026-03-17 13:04","Benjamin Duckworth","Adrian Sandu","EMEA Ent","Enterprise","19649619241"
"58004537992","BP (via Infosys)","","BP","Classic","8000.0","Unqualified","","Opp was no good - wrong persona - still trying to break in at BP via a new avenue","Other","Closed Lost","SDR / Omitted OPP","2026-05-14 22:30","2026-03-13 16:24","Jamie Summers","Subby Makinde","EMEA Ent","Enterprise","10414020115"
"57973458182","Janus Henderson Investors","341000.0","Janus HendersonInvestors US LLC","Classic","274.0","Qualified","2026-03-31","","","Business Case Confirmation","Business case confirmation","2026-09-30 12:53","2026-03-13 08:24","James Butcher","William Nagle","EMEA MM","Mid-Market","32132835723"
"57941030509","Bankdata ","","Bankdata","Classic","577.0","Unqualified","","Bankdata has parked discussions of changing developer portal for now. ","Bad timing","Closed Lost","SDR / Omitted OPP","2026-05-15 15:47","2026-03-12 16:59","Matt Bilsland","William Nagle","EMEA MM","Mid-Market","30397843475"
"57941152534","Elsevier","","Elsevier","Classic","1000.0","Unqualified","","Outbound booked by SDR - guy cancelled the meeting before it happened saying "" Ive looked at you guys, you are a dev portal I believe. We already have Backstage and the company is not going to move away from this so we can cancel the call"". 

Back to SDR, looking for another route in + James working with Eficode obtain introduction","Not right company/ persona","Closed Lost","SDR / Omitted OPP","2026-03-31 13:08","2026-03-12 16:36","James Pritchard","Subby Makinde","EMEA Ent","Enterprise","56572829853"
"57938986788","Audacy","24000.0","Audacy","Classic","99.0","Qualified","2026-03-18","Misalignment on IDP value and approach","Price; Partnership; Not right company/ persona; Other","Closed Lost","Pilot Prep","2026-04-22 17:48","2026-03-12 16:23","Daniel Alper","Wren Huston","US MM","Mid-Market","22873698436"
"57938986310","Pernambucanas","","DXC Technology;Pernambucanas","Classic","","Unqualified","","Language was a barrier, then our partner was going to help them. ","Other","Closed Lost","SDR / Omitted OPP","2026-04-30 16:07","2026-03-12 16:14","Ignacio De Loera","","LATAM","Enterprise","10312924721;33644007001"
"57941150342","McCain Foods Global","","Kyndryl España S.A.U.;McCain Foods Global","Classic","","Unqualified","","duplicate","Other","Closed Lost","SDR / Omitted OPP","2026-03-31 23:58","2026-03-12 15:45","Logan Loisel","","SDR US","Enterprise","10077058175;52912925219"
"57939105432","The AA","","The AA","Classic","300.0","Unqualified","","no show","No-show; Unable to connect","Closed Lost","SDR / Omitted OPP","2026-05-28 13:06","2026-03-12 13:28","John Barnes","Subby Makinde","EMEA Ent","Enterprise","56463488836"
"57950079356","Breakthrough","","Breakthrough","Classic","45.0","Unqualified","","Won't be able to POC for another few months.  50 devs competitive against Cortex, will continue to follow up but not worth bumping up right now","Bad timing","Closed Lost","SDR / Omitted OPP","2026-03-30 21:42","2026-03-11 22:25","John Romano","Aaron Marans","US MM","Mid-Market","52864031372"
"57909138305","Betsson Group ","80000.0","Betsson Group","Classic","791.0","Qualified","2026-04-14","","","Business Validation","Pilot Prep","2026-12-11 12:45","2026-03-11 18:28","Matt Bilsland","William Nagle","EMEA MM","Mid-Market","20718528049"
"59728317461","Fico","","FICO","Classic","1529.0","Unqualified","","No show","No-show","Closed Lost","SDR / Omitted OPP","2026-05-15 20:43","2026-03-11 15:15","Daniel Alper","Wren Huston","US MM","Mid-Market","10163189516"
"57894295872","Keyloop - New Deal","","Keyloop","Classic","","Unqualified","","no show event ","No-show","Closed Lost","SDR / Omitted OPP","2026-06-16 13:11","2026-03-11 11:15","William Nagle","William Nagle","SDR EMEA","Mid-Market","32133610654"
"57913288087","Cochlear","125000.0","Cochlear","Classic","534.0","Qualified","2026-03-26","Communication came last month they couldn't fund or run a project in the next 6 months, but full debrief session keeps getting delayed. Closing for now, but AI play here once they start planning production usage of agents","Freemium; Budget; Internal Build","Closed Lost","Demo / Presentation","2026-07-14 01:25","2026-03-11 05:53","Scott Dunion","Adrian Sandu","APJ","Enterprise","26627324522"
"57898910089","Bosch Brazil","70000.0","Bosch Global;DXC Technology","Classic","875.0","Qualified","2026-03-24","Customer has not responded to us nor to the partner","No-show","Closed Lost","Demo / Presentation","2026-07-07 04:38","2026-03-11 02:41","Ignacio De Loera","Logan Loisel","LATAM","Mid-Market","29334937866;10312924721"
"57902115955","Pacifico Salud","","Pacifico Seguros;Pacifico Salud","Classic","","Unqualified","","duplicate opp - won","Other","Closed Lost","SDR / Omitted OPP","2026-04-01 00:01","2026-03-11 02:40","Logan Loisel","Logan Loisel","SDR US","","21136606585;52885948977"
"57856028171","NerdWallet","","NerdWallet","Classic","158.0","Unqualified","","just renewed with opslevel, keeping 6 month meeting cadence","Bad timing","Closed Lost","SDR / Omitted OPP","2026-03-18 21:03","2026-03-10 21:05","Jill Countey","Wren Huston","US MM","Mid-Market","9587400472"
"59184762490","Close Brothers","72000.0","Close Brothers","Classic","100.0","Qualified","2026-04-10","New Head of Engineering joined, prioritisation is on changing and establishing new tech stack. IDP pushed out to 2027","Bad timing","Closed Lost","Pilot Prep","2026-09-09 16:52","2026-03-10 18:33","James Butcher","William Nagle","EMEA MM","Mid-Market","55405347617"
"57830091286","iProov","100000.0","iProov","Classic","85.0","Qualified","2026-03-31","Despite multiple attempts, customer has cancelled recent meetings and is not in a position to adopt Port right now","Not right company/ persona","Closed Lost","Demo / Presentation","2026-07-08 14:43","2026-03-10 13:05","Matt Bilsland","William Nagle","EMEA MM","Mid-Market","25215421767"
"57851498844","OBI","150000.0","OBI","Classic","400.0","Qualified","2026-06-01","","","Demo / Presentation ","Demo / Presentation","2027-03-31 13:47","2026-03-10 12:35","Benjamin Duckworth","Adrian Sandu","EMEA Ent","Enterprise","21576969568"
"57830124658","Fanduel","","fanduel","Classic","1235.0","Unqualified","","need to keep finding right person","Not right company/ persona","Closed Lost","SDR / Omitted OPP","2026-03-30 20:26","2026-03-09 17:52","Jill Countey","Wren Huston","US MM","Mid-Market","10259302175"
"57823032853","Swan ","24000.0","Swan","Classic","68.0","Qualified","2026-03-23","Built their own IDP internally with AI. Had a call with Zohar & yonatan to review it. Setting up a follow up 2 months from today to see how the progress was.","Other","Closed Lost","Business case confirmation","2026-05-27 12:12","2026-03-09 16:37","Sharon Peretz","William Nagle","EMEA MM","Mid-Market","16034329880"
"59271792907","Bank of England | IDP | UK","100000.0","Bank of England;Bank of England","Classic","450.0","Qualified","2026-04-29","consistent no shows and can't get them back to the table - keen at the start but recently added next steps have been consistently ignored","No-show","Closed Lost","Demo / Presentation","2026-08-25 17:52","2026-03-09 12:25","Jamie Summers","Subby Makinde","EMEA Ent","Enterprise","53947498328;10457619780"
"57789726474","Körber","","Körber","Classic","300.0","Unqualified","","Unable to connect","Unable to connect","Closed Lost","SDR / Omitted OPP","2026-05-21 16:55","2026-03-09 11:29","John Barnes","Adrian Sandu","EMEA Ent","Enterprise","29260295961"
"57801789196","CommerceIQ","","CommerceIQ","Classic","168.0","Unqualified","","In discovery meetings they where clearly not quite looking for IDP. Drove to build value with them, but starting to ghost us. Closing out for now","Unable to connect; Other","Closed Lost","SDR / Omitted OPP","2026-04-24 02:17","2026-03-09 10:48","Scott Dunion","Adrian Sandu","APJ","Mid-Market","21125741077"
"57746760879","Equifax // Pipeline (Early Qual) // Q4 2026","125000.0","Equifax","Classic","3326.0","Unqualified","","No show","No-show","Closed Lost","SDR / Omitted OPP","2026-05-08 17:12","2026-03-06 22:11","Dylan Leija","Dylan Leija","SDR US","Enterprise","10259215439"
"57669124146","Life360","","Life360","Classic","194.0","Unqualified","","In a contract with Cortex. He's not on the team that manages that. We went outbound to him and he just wanted to learn more","Other","Closed Lost","SDR / Omitted OPP","2026-04-09 21:05","2026-03-06 21:31","EJ Rauseo","Dylan Leija","US MM","Mid-Market","20639949094"
"57700573023","Davivienda Bank SA","","Banco Davivienda S.A.;Davivienda Bank SA","Classic","400.0","Unqualified","","This is a Duplicate opportunity ","Other","Closed Lost","SDR / Omitted OPP","2026-06-04 02:11","2026-03-06 18:40","Ignacio De Loera","Logan Loisel","LATAM","Enterprise","50196420752;52704375685"
"60228229777","BNP Paribas CIB ","","BNP Paribas","Classic","7633.0","Unqualified","","No show and can't reach prospect","No-show","Closed Lost","SDR / Omitted OPP","2026-05-13 14:05","2026-03-06 18:08","Jamie Summers","Subby Makinde","EMEA Ent","Enterprise","56556925507"
"57619601947","WHOOP","","WHOOP","Classic","258.0","Not happened yet","","no show, will keep working","No-show","Closed Lost","SDR / Omitted OPP","2026-03-31 16:25","2026-03-06 16:13","Jill Countey","Wren Huston","US MM","Mid-Market","26127933557"
"57576687105","Hubtel Limited ","100000.0","Hubtel","Classic","189.0","Qualified","2026-03-09","Senior stakeholders pushed for Humanitec because the requirement was more infrastructure as a code","Product","Closed Lost","Demo / Presentation","2026-05-12 10:16","2026-03-05 18:07","Matt Bilsland","William Nagle","EMEA MM","Mid-Market","18261480746"
"57601625172","Lendbuzz","54000.0","Lendbuzz","Classic","94.0","Qualified","2026-03-06","No response since intro call, need to schedule demo with Israel team. Will keep nurturing ","Unable to connect; No-show","Closed Lost","Demo / Presentation","2026-06-08 16:45","2026-03-05 16:46","Jill Countey","Wren Huston","US MM","Mid-Market","29169586032"
"57553788857","CVS Pharmacy","","CVS Pharmacy","Classic","7823.0","Unqualified","","no show","No-show","Closed Lost","SDR / Omitted OPP","2026-05-28 20:22","2026-03-05 02:23","Jeff Graham","Rachel Jean","US Ent","Enterprise","38826052534"
"57539046692","BlinkRx","","Blink Health","Classic","118.0","Unqualified","","No showed the call","No-show","Closed Lost","SDR / Omitted OPP","2026-03-16 20:43","2026-03-04 22:52","EJ Rauseo","Aaron Marans","US MM","Mid-Market","36576582054"
"57487605362","Kaseya","40000.0","Kaseya","Classic","746.0","Qualified","2026-03-31","Price","Price","Closed Lost","Negotiation / Legal","2026-07-30 17:03","2026-03-04 15:29","Jeff Graham","Dylan Leija","US Ent","Enterprise","18937053791"
"57506769827","Wells Fargo","","Wells Fargo","Classic","20000.0","Unqualified","","unable to connect but interested in port dinner","Unable to connect","Closed Lost","SDR / Omitted OPP","2026-06-04 23:17","2026-03-04 04:08","Rick Walker","Logan Loisel","US Ent","Enterprise","57366556697"
"57485531953","Capital Group","","Capital Group","Classic","1068.0","Unqualified","","Discovery call with Platform Engineer - no power or willingness to influence. ","Not right company/ persona","Closed Lost","SDR / Omitted OPP","2026-03-30 17:32","2026-03-04 01:07","Tali Cohen (Deactivated User)","Dylan Leija","US Ent","Enterprise","55520379672"
"57463468919","European Bank for Reconstruction and Development ","","European Bank for Reconstruction and Development","Classic","168.0","Unqualified","","went cold after cancelling meeting, rework ","No-show","Closed Lost","SDR / Omitted OPP","2026-05-13 11:56","2026-03-03 19:03","William Nagle","William Nagle","SDR EMEA","Mid-Market","35455650426"
"57447604003","thoughtworks","","thoughtworks","Classic","3421.0","Unqualified","","silent","Unable to connect","Closed Lost","SDR / Omitted OPP","2026-06-30 22:14","2026-03-03 19:01","Rick Walker","Logan Loisel","US Ent","Enterprise","10338610209"
"57417386788","Creative Capsule ","","Creative Capsule","Classic","167.0","Unqualified","","Early stage reviewing what IDPs can do","Early stage","Closed Lost","SDR / Omitted OPP","2026-03-09 10:03","2026-03-03 14:44","Scott Dunion","William Nagle","APJ","Mid-Market","34652786966"
"57443126368","EY GDS","","EY","Classic","250.0","Unqualified","","No showed first meeting and unable to connect","Unable to connect","Closed Lost","SDR / Omitted OPP","2026-06-04 16:33","2026-03-03 13:44","Subby Makinde","Subby Makinde","SDR EMEA","Enterprise","36059316612"
"57350939216","Capital One","","Capital One","Classic","19650.0","Unqualified","","Unable to connect","Unable to connect","Closed Lost","SDR / Omitted OPP","2026-05-26 19:19","2026-03-02 22:36","Tali Cohen (Deactivated User)","Charity Lee","US Ent","Enterprise","9907650663"
"62115442559","Mastercard - AI Focused","250000.0","Mastercard","Classic","12000.0","Qualified","2026-03-25","Duplicate Opp","No-show","Demo / Presentation ","Demo / Presentation","2027-06-18 17:04","2026-03-02 19:38","Evan Smith","Charity Lee","US Ent","Enterprise","10259163670"
"57206155319","JBS","0.0","JBS USA","Classic","2170.0","Unqualified","","Did not get buy in to move the entire company to use Port. ","Other","Closed Lost","SDR / Omitted OPP","2026-06-04 02:50","2026-03-01 00:20","Ignacio De Loera","Logan Loisel","LATAM","Enterprise","52294310913"
"57134041863","Nationwide Mutual Insurance Company - New Deal","","Nationwide Mutual Insurance Company","Classic","1797.0","Unqualified","","email about changed directions","Bad timing","Closed Lost","SDR / Omitted OPP","2026-05-12 22:58","2026-02-27 23:19","Charity Lee","","","","10162185334"
"57139260277","Accurate","","Accurate","Classic","175.0","Unqualified","","Went dark after initial demo, most likely not ready for an IDP","Unable to connect","Closed Lost","SDR / Omitted OPP","2026-04-15 19:19","2026-02-27 03:30","John Romano","Logan Loisel","US MM","Mid-Market","32133460027"
"57132080721","ITOCHU Techno-Solutions America","","ITOCHU Techno-Solutions America","Classic","53.0","Unqualified","","Potential partner - booked intro with Johana","Partnership","Closed Lost","SDR / Omitted OPP","2026-03-17 15:40","2026-02-27 00:59","Adrian Sandu","Adrian Sandu","SDR EMEA","Enterprise","25805076149"
"57129764475","Collectors Holdings Inc","150000.0","Collectors Holdings Inc","Classic","103.0","Qualified","2026-03-02","Elected to continue self-guided eval after POC","Unable to connect; Freemium","Closed Lost","Business case confirmation","2026-06-30 18:13","2026-02-26 23:04","Daniel Alper","Dylan Leija","US MM","Mid-Market","9881169420"
"57096040081","Booksy ","","Booksy","Classic","124.0","Unqualified","","budget - sharon will keep chasing. ","Bad timing; Budget","Closed Lost","SDR / Omitted OPP","2026-06-09 12:45","2026-02-26 19:02","Sharon Peretz","William Nagle","EMEA MM","Mid-Market","19627550735"
"57060469513","Telesat","","Telesat","Classic","237.0","Unqualified","","keep nurturing, directed them to free version to start","Early stage","Closed Lost","SDR / Omitted OPP","2026-04-23 19:56","2026-02-26 18:41","Jill Countey","Wren Huston","US MM","Mid-Market","52097781639"
"57019218691","Capital One","200000.0","Capital One","Classic","16000.0","Qualified","2026-03-03","We had an initial meeting but have not heard back since. ","Unable to connect","Closed Lost","Demo / Presentation","2026-06-03 15:52","2026-02-25 22:28","Tali Cohen (Deactivated User)","Dylan Leija","US Ent","Enterprise","9907650663"
"57019395000","Lincoln Financial","","Lincoln National Corporation","Classic","620.0","Unqualified","","initial conversations were strong around AI but the team went dark. Continuing to reach out.","Unable to connect","Closed Lost","SDR / Omitted OPP","2026-05-15 23:42","2026-02-25 20:44","Tali Cohen (Deactivated User)","Logan Loisel","US Ent","Enterprise","10412970251"
"56928113431","Bosch","300000.0","Bosch","Classic","7000.0","Qualified","2026-02-27","","","Business Case Confirmation","Formal Pilot","2027-02-19 13:49","2026-02-25 12:58","James Pritchard","Subby Makinde","EMEA Ent","Enterprise","31309580452"
"56935802284","doTERRA","","doTERRA","Classic","131.0","Unqualified","","Didn't show to first call","No-show","Closed Lost","SDR / Omitted OPP","2026-03-30 21:41","2026-02-24 23:40","John Romano","Charity Lee","US MM","Enterprise","17397440008"
"56896649241","Innowise","","","Classic","","Unqualified","","Artsiom was not the right person for this opportunity and has not connected me internally","Early stage","Closed Lost","SDR / Omitted OPP","2026-03-31 15:13","2026-02-24 19:38","Matt Bilsland","William Nagle","EMEA MM","Mid-Market",""
"56935791685","Kainos","","Kainos","Classic","1000.0","Unqualified","","Cold outbound, Mihai is in the wrong team. Conversation was valuable. Mb to continue chasing others within the account.","Not right company/ persona","Closed Lost","SDR / Omitted OPP","2026-05-15 15:48","2026-02-24 19:36","Matt Bilsland","William Nagle","EMEA MM","Mid-Market","10339148815"
"56941773568","Sky","","Skyscanner;Sky","Classic","7000.0","Unqualified","","No show ","Other","Closed Lost","SDR / Omitted OPP","2026-05-12 12:57","2026-02-24 17:36","James Pritchard","Subby Makinde","EMEA Ent","Enterprise","19161802832;34680023692"
"56896764237","Travelport","","Travelport","Classic","843.0","Unqualified","","Graham very low down and cannot open doors. He advised on who to speak with so I have reached out on Linkedin.","Not right company/ persona","Closed Lost","SDR / Omitted OPP","2026-05-15 11:48","2026-02-24 16:37","Matt Bilsland","William Nagle","EMEA MM","Mid-Market","10259221927"
"56935782418","dunnhumby","100000.0","dunnhumby","Classic","","Qualified","2026-05-15","","","Demo / Presentation ","Demo / Presentation","2027-12-17 15:44","2026-02-24 16:34","Matt Bilsland","William Nagle","EMEA MM","Mid-Market","20717577031"
"61085526439","Booking.com - Backstage Replacement - 6k Users","200000.0","Booking.com","Classic","4300.0","Qualified","2026-03-10","Have a very mature implementation of Backstage which they will not be replacing. Have another agentic opportunity though.","Competition","Closed Lost","Demo / Presentation","2026-06-11 17:48","2026-02-24 16:31","John Barnes","Adrian Sandu","EMEA Ent","Enterprise","58388009061"
"62704664066","Ki Insurance","100000.0","kigsl;Ki","Classic","230.0","Qualified","2026-03-27","A separate team at Ki insurance has purchased GetDX and wants to leverage its IDP capabilities","Competition","Closed Lost","Demo / Presentation","2026-07-30 16:45","2026-02-24 16:25","Matt Bilsland","Adrian Sandu","EMEA MM","Mid-Market","53399262780;41203125316"
"56946969889","Tata Consultancy Services Ltd ","","Tata Consultancy Services","Classic","100000.0","Unqualified","","not an opp - partnership discussion ","Partnership","Closed Lost","SDR / Omitted OPP","2026-03-26 15:17","2026-02-24 15:54","Johana Ochoa","Adrian Sandu","Channel","Enterprise","10067647144"
"59728215661","Direct Supply","153000.0","Direct Supply","Classic","187.0","Qualified","2026-03-04","After completing their evaluation, Direct Supply has decided not to move forward with Port at this time. Here's a quick summary:

Why they're passing (for now):
• High internal maintenance burden — requires a minimum of 3 people knowledgeable in Port for ongoing management
• Risk of single-person dependency (a pain point they've experienced before with abandoned tools)
• Significant data modeling work upfront with high likelihood of redesigns as their understanding matures
• ROI/business value doesn't justify the investment given their current org capacity

They liked Port's flexibility and customization power were genuinely impressive — it just requires more internal ownership than they can commit to right now.

Where things stand:
• Cortex evaluation is still ongoing — not a guaranteed pick either (has an extensibility ceiling)
• Professional services option (Callibrity partner) declined due to additional licensing costs
• Other developer platform initiatives are also competing for resources","Competition","Closed Lost","Formal Pilot","2026-04-29 21:51","2026-02-23 22:35","John Romano","Logan Loisel","US MM","Mid-Market","54511307327"
"56829011383","Wayve","200000.0","Wayve","Classic","500.0","Qualified","2026-03-09","","","Demo / Presentation ","Demo / Presentation","2027-01-22 15:19","2026-02-23 20:09","Matt Bilsland","Dylan Leija","EMEA MM","Mid-Market","21703886109"
"56709484473","Cynet ","","Cynet","Classic","90.0","Unqualified","","Third time meeting with this team. They are not serious. No actual sales motion here, no timeline, no budget. Just window shopping. ","Other","Closed Lost","SDR / Omitted OPP","2026-03-03 13:47","2026-02-23 15:45","Sharon Peretz","William Nagle","EMEA MM","Mid-Market","16625410909"
"56841004596","Cynet ","","Cynet","Classic","49.0","Unqualified","","nothing since initial call ","Unable to connect","Closed Lost","SDR / Omitted OPP","2026-05-13 12:00","2026-02-23 15:01","William Nagle","William Nagle","SDR EMEA","Mid-Market","16625410909"
"56709395481","CGI","","CGI","Classic","19000.0","Unqualified","","consultant - no end customer","Freemium; Consultant","Closed Lost","SDR / Omitted OPP","2026-02-26 21:24","2026-02-20 23:07","Travis Dadoly (Deactivated User)","Logan Loisel","US Ent","Enterprise","51690773831"
"56709395208","Bank of New York Mellon","100000.0","EBRD","Classic","11000.0","Unqualified","","No Immediate Opportunity","Bad timing","Closed Lost","SDR / Omitted OPP","2026-04-06 16:31","2026-02-20 22:58","Evan Smith","Logan Loisel","US Ent","Enterprise","29066998369"
"56726801182","Foot Locker","150000.0","Foot Locker","Classic","257.0","Qualified","2026-04-21","","","Demo / Presentation ","Demo / Presentation","2027-05-29 06:39","2026-02-20 19:59","Rick Walker","Charity Lee","US Ent","Enterprise","10163278447"
"56707032452","financiera confianza s.a.a","","financiera confianza s.a.a","Classic","150.0","Unqualified","","Not qualified ","Other; Champion left/ Company cuts","Closed Lost","SDR / Omitted OPP","2026-03-11 23:48","2026-02-20 19:46","Ignacio De Loera","Logan Loisel","LATAM","Mid-Market","51766089048"
"56706533227","Genius Sports ","150000.0","Genius Sports","Classic","373.0","Qualified","2026-02-25","After stating they would move to POV, leadership has asked they pull back on their exploration for now. They bhave a Backstage instance, but have not been able to get any value from it.","Early stage","Closed Lost","Demo / Presentation","2026-04-01 09:41","2026-02-20 16:48","Matt Bilsland","William Nagle","EMEA MM","Mid-Market","18056394300"
"56697417911","OutSystems","150000.0","OutSystems","Classic","660.0","Qualified","2026-03-27","Built an AI in house solution. Seems they were looking into Port to get inspiration for what they've been building.. tried brining the decision maker to a call with zohar  & getting pushed back. Now unresponsive. Marked as competitor closed lost since we don't have a ""reason"" for build.  a","Competition","Closed Lost","Pilot Prep","2026-06-04 10:56","2026-02-20 13:43","Sharon Peretz","Logan Loisel","EMEA MM","Mid-Market","18935196066"
"56650645600","Klaviyo","","Klaviyo","Classic","717.0","Unqualified","","They were looking at the ADP functionality but own Cortex. Cortex owner is OOO on sabbatical so we will try to pick things back up in Q2 ","Bad timing","Closed Lost","SDR / Omitted OPP","2026-03-04 16:12","2026-02-19 17:22","EJ Rauseo","Dylan Leija","US MM","Mid-Market","9893438133"
"56645824352","Admiral Group Plc","","Admiral Group Plc","Classic","593.0","Unqualified","","No budget for 2026 or 2027.  But an engaged contact so will try and use this to approach from another angle - e.g. AI / agentic.","Budget","Closed Lost","SDR / Omitted OPP","2026-06-25 11:42","2026-02-19 16:43","Benjamin Duckworth","Subby Makinde","EMEA Ent","Enterprise","57268968099"
"56626886954","CSL - Seqirus","","Seqirus","Classic","345.0","Unqualified","","Initial demo to one stakeholder that has never reconnected","Unable to connect","Closed Lost","SDR / Omitted OPP","2026-04-17 06:22","2026-02-19 12:47","Scott Dunion","Adrian Sandu","APJ","Enterprise","50965320620"
"56566446879","Davies Group","","Davies Group Ltd","Classic","155.0","Unqualified","","No Show, unable to pin down since. SDR is on it. ","No-show","Closed Lost","SDR / Omitted OPP","2026-03-31 13:00","2026-02-18 18:51","James Pritchard","Subby Makinde","EMEA Ent","Enterprise","18487270693"
"56545062962","Asurion - 1200 User - Q2","476784.0","Asurion","Classic","1200.0","Qualified","2026-02-18","","","Closed Won","Negotiation / Legal","2026-06-30 09:34","2026-02-18 15:42","Tali Cohen (Deactivated User)","Dylan Leija","US Ent","Enterprise","10259302180"
"56516642716","Mace Group","","Mace Limited","Classic","555.0","Unqualified","","Wrong company and persona. Guy was looking to automate some actions for business analysts, but only 20-30 of them. Not punchy at all - tested the water with price first and he disappeared into the ether. Small Dev count overall, very backwards (construction business). ","Not right company/ persona","Closed Lost","SDR / Omitted OPP","2026-03-31 13:02","2026-02-18 12:53","James Pritchard","Subby Makinde","EMEA Ent","Enterprise","18722395827"
"56463771756","San Disk","100000.0","San Disk","Classic","3041.0","Qualified","2026-03-25","Non responsive","Unable to connect","Closed Lost","Demo / Presentation","2026-06-11 17:02","2026-02-18 00:08","Evan Smith","Logan Loisel","US Ent","Enterprise","46439104311"
"56460923421","Morgan Stanley","","Morgan Stanley","Classic","15000.0","Unqualified","","Went dark after discovery. Tried to book demo with team.","Unable to connect","Closed Lost","SDR / Omitted OPP","2026-04-28 19:14","2026-02-17 19:33","Tali Cohen (Deactivated User)","Charity Lee","US Ent","Enterprise","9881228800"
"56487043610","IKEA","350000.0","IKEA","Classic","1693.0","Qualified","2026-02-27","","","Formal Pilot","Formal Pilot","2026-12-18 16:19","2026-02-17 17:32","Benjamin Duckworth","Adrian Sandu","EMEA Ent","Enterprise","51763023688"
"56443023897","BBC - New Business","","BBC","Classic","1566.0","Unqualified","","No show","No-show","Closed Lost","SDR / Omitted OPP","2026-03-31 17:38","2026-02-17 12:54","John Barnes","Adrian Sandu","EMEA Ent","Enterprise","35673409897"
"56434613776","Paramount Commerce","50000.0","Paramount Commerce","Classic","50.0","Qualified","2026-02-19","No response after intro meeting","Unable to connect","Closed Lost","Demo / Presentation","2026-03-16 16:24","2026-02-16 20:45","Jill Countey","Logan Loisel","US MM","Mid-Market","32133610633"
"56400973062","Ryan","100000.0","Ryan LLC","Classic","214.0","Qualified","2026-03-12","No response from customer","Unable to connect","Closed Lost","Pilot Prep","2026-07-02 16:12","2026-02-16 19:09","Evan Smith","Logan Loisel","US Ent","Enterprise","10163167032"
"56443887264","L'Oreal","150000.0","L'Oreal","Classic","1990.0","Qualified","2026-02-20","Hello,
Thank you very much for the follow-up and for providing such a detailed summary of our initial conversation, as well as the session recording.
We appreciated the demo and the clarity with which you mapped your solution to our current challenges regarding developer experience, manual initialization, and governance. It was helpful to see how your solution aligns with GCP-heavy environments and existing tools like ServiceNow.
After internal review and further alignment on our roadmap, we have decided not to move forward with a deep-dive workshop or a demo at this stage. We have determined that our current priorities and internal approach to this initiative are taking a different direction for the time being.
Thank you again for your time and for the insights shared during our session. We wish you and the team the best of luck.
Best regards,","Product; No value","Closed Lost","Demo / Presentation","2026-03-17 17:27","2026-02-16 18:06","Benjamin Duckworth","Adrian Sandu","EMEA Ent","Enterprise","15441567872"
"56405911059","Bajaj Finserv Limited","","Bajaj Finserv Limited","Classic","2000.0","Unqualified","","Stuck on needing India based DC","Security","Closed Lost","SDR / Omitted OPP","2026-04-28 06:49","2026-02-16 09:35","Scott Dunion","Adrian Sandu","APJ","Enterprise","18479803508"
"56288447039","Applied Systems ","393000.0","Applied Systems","Classic","1000.0","Qualified","2026-03-03","Their team had challenges with the POC. They hit some bugs early on and also made some errors while setting up their org. They then trialed Cortex and found it easier to setup. They have decided to move forward with Cortex","Product; Competition","Closed Lost","Formal Pilot","2026-06-10 21:09","2026-02-14 00:20","EJ Rauseo","Logan Loisel","US MM","Mid-Market","21468334368"
"56214714179","Life360","","Life360","Classic","194.0","Unqualified","","Already have Cortex in place. Oleksii is too low. They are not using the portal correctly and only use Cortex for the service catalog - Slowly moving to agentic engineering but not there yet. Worth trying to go higher","Bad timing","Closed Lost","SDR / Omitted OPP","2026-02-26 00:34","2026-02-13 22:36","EJ Rauseo","Dylan Leija","US MM","Mid-Market","20639949094"
"56182473019","Principal Financial","","Principal Financial","Classic","","Unqualified","","Couldn't get him to meet","Unable to connect","Closed Lost","SDR / Omitted OPP","2026-05-12 23:01","2026-02-13 17:09","Charity Lee","","","","20149160570"
"56200270644","Principal Financial - New Deal","100000.0","Principal Financial","Classic","","Qualified","2026-03-03","Connor intro'd us to backstage team (Director level down) for IDP and AEP demo. Team has invested 4+ years into Backstage (""PDP"") and is hoping to find a complimentary solution rather than rip & replace it. Justin (Dir of DevEx) was keenest on AEP -> nurture.","Early stage","Closed Lost","Demo / Presentation","2026-03-25 20:56","2026-02-13 17:08","Tom Skarzynski (Deactivated User)","Charity Lee","US Ent","Enterprise","20149160570"
"56179260839","Cigna","100000.0","Cigna","Classic","2390.0","Qualified","2026-04-16","No show","Unable to connect; No-show","Closed Lost","Demo / Presentation","2026-08-18 19:27","2026-02-12 23:36","Jeff Graham","Charity Lee","US Ent","Enterprise","10312909333"
"56135881308","Coforma","29900.0","Coforma","Classic","56.0","Qualified","2026-02-17","They are starting with their Innovation team that only has 10 users and will re-engage if they are able to get momentum from their other teans","Early stage","Closed Lost","Demo / Presentation","2026-02-19 00:39","2026-02-12 21:54","EJ Rauseo","Logan Loisel","US MM","Mid-Market","49501272601"
"56145451124","Seekwell / 1-800 CONTACTS","","Seekwell","Classic","125.0","Unqualified","","demo'd to individual contributors, unable to land next steps with VP","Unable to connect; Early stage","Closed Lost","SDR / Omitted OPP","2026-04-01 16:20","2026-02-12 20:03","Daniel Alper","Logan Loisel","US MM","Mid-Market","46911528352"
"56127367428","Mastercard Inc.","","Mastercard","Classic","10591.0","Discovery","","arpit doesnt have any juice but shared decent intel. MCard has high adoption with homegrown portal. agentic enablement + governance are priorities. Gave Evan (Port AM for the acct now) the latest - Thazi Shabat, VP of DevEx + AI Enablement - follows Port on LinkedIn - Reach out!","Not right company/ persona","Closed Lost","","2026-02-24 23:50","2026-02-12 17:36","Tom Skarzynski (Deactivated User)","Charity Lee","US Ent","","10259163670"
"56136030288","Grammarly","","Grammarly","Classic","326.0","Unqualified","","will revisit in 6 months","Bad timing","Closed Lost","SDR / Omitted OPP","2026-03-25 15:30","2026-02-12 17:16","Jill Countey","Dylan Leija","US MM","Mid-Market","17547882168"
"56129087759","Downer Group","150000.0","Downer Group;50853379980","Classic","178.0","Qualified","2026-02-17","After starting to plan POV use cases they have now missed 2 agreed check ins. Closing for now and will continue to connect","Unable to connect","Closed Lost","Demo / Presentation","2026-04-24 02:34","2026-02-12 11:02","Scott Dunion","Adrian Sandu","APJ","Enterprise","31577011979;50853379980"
"56127355786","x15 Ventures","","x15 Ventures","Classic","31.0","Unqualified","","Not connected since intro call","Unable to connect","Closed Lost","SDR / Omitted OPP","2026-03-09 02:27","2026-02-12 10:54","Scott Dunion","Adrian Sandu","APJ","Mid-Market","48617442992"
"55927357232","Société Générale","250000.0","Société Générale","Classic","6000.0","Qualified","2026-02-24","Still assessing Backstage.","Competition","Closed Lost","Demo / Presentation","2026-04-15 15:27","2026-02-11 11:30","John Barnes","Subby Makinde","EMEA Ent","Enterprise","57849179831"
"56043470354","Parloa ","","Parloa","Classic","114.0","Unqualified","","Company more focused on security use cases than developer use cases. Not the right fit.","No value","Closed Lost","SDR / Omitted OPP","2026-03-30 17:49","2026-02-11 11:30","Matt Bilsland","William Nagle","EMEA MM","Mid-Market","35704078232"
"55922554486","Take-Two Interactive","150000.0","Take-Two Interactive","Classic","2024.0","Qualified","2026-02-24","","","Demo / Presentation ","Demo / Presentation","2027-06-18 17:16","2026-02-10 20:46","Evan Smith","Dylan Leija","US Ent","Enterprise","25509857580"
"55927582607","Patterson Companies Inc. ","200000.0","Patterson Companies Inc.","Classic","150.0","Qualified","2026-03-06","","","Business Validation","Pilot Prep","2026-11-17 00:15","2026-02-10 19:04","Jill Countey","Logan Loisel","US MM","Mid-Market","21355339054"
"55927580542","Equinix","","Equinix","Classic","1538.0","Unqualified","","silent","Unable to connect","Closed Lost","SDR / Omitted OPP","2026-06-30 22:14","2026-02-10 18:21","Rick Walker","Kevin Tarbell","US Ent","Enterprise","34502364556"
"55927702657","Navteca / NASA","","44618155629","Classic","6900.0","Unqualified","","Consultant and not DM - also required FedRAMP","Consultant","Closed Lost","SDR / Omitted OPP","2026-03-04 03:41","2026-02-10 18:08","Jeff Graham","Logan Loisel","US Ent","Enterprise","44618155629"
"55941721168","Vontobel ","","Vontobel","Classic","200.0","Unqualified","","I’ve aligned internally and we agreed that we are happy with the technology we have and instead are launching an initiative on how to change are Target Operating Model to plug some of the gaps we have.","Not right company/ persona","Closed Lost","SDR / Omitted OPP","2026-03-30 17:46","2026-02-10 17:54","Matt Bilsland","William Nagle","EMEA MM","Mid-Market","51053438841"
"55903717028","Bank Leumi","","bankleumi.co.il","Classic","351.0","Unqualified","","not responsive ","Unable to connect","Closed Lost","SDR / Omitted OPP","2026-02-23 09:47","2026-02-10 11:18","Sharon Peretz","William Nagle","EMEA MM","Mid-Market","10190538165"
"55827456417","Laerdal Medical","80000.0","Laerdal Medical","Classic","125.0","Qualified","2026-03-18","Project on hold following budget reviews at Laerdal","Bad timing","Closed Lost","Business case confirmation","2026-09-03 12:44","2026-02-09 22:49","Matt Bilsland","Logan Loisel","EMEA MM","Mid-Market","50974318700"
"55786876308","NTT DATA Corporation","","NTT DATA Corporation","Classic","7000.0","Unqualified","","Short first into, seemed more keen on free version","Unable to connect","Closed Lost","SDR / Omitted OPP","2026-03-09 02:43","2026-02-09 11:59","Scott Dunion","Adrian Sandu","APJ","Enterprise","56572712313"
"55716750184","Achs","48000.0","Achs","Classic","140.0","Qualified","2026-06-29","","","Business Validation","Pilot Prep","2027-07-30 22:51","2026-02-06 22:46","Ignacio De Loera","Logan Loisel","LATAM","Enterprise","50801038422"
"55682426384","Optum Inc","500000.0","Optum","Classic","26000.0","Qualified","2026-03-31","Contacts keep changing bc of shifting leadership vision/strategy","Champion left/ Company cuts; Not right company/ persona","Closed Lost","Demo / Presentation","2026-08-13 23:58","2026-02-06 20:38","Rick Walker","Logan Loisel","US Ent","Enterprise","10163250036"
"55670208842","Delfia","","Delfia","Classic","31.0","Unqualified","","partner opp","Partnership","Closed Lost","SDR / Omitted OPP","2026-03-04 03:41","2026-02-06 15:18","Logan Loisel","Logan Loisel","SDR US","Mid-Market","46769425798"
"55645652781","Clarín Comercial  - 50 seats","0.0","Clarín","Classic","","Unqualified","","Customer showed up once and then did not respond to more emails","Other","Closed Lost","SDR / Omitted OPP","2026-07-07 04:53","2026-02-06 03:10","Ignacio De Loera","Logan Loisel","LATAM","Enterprise","50677905256"
"55643609418","Nextera/FPL","250000.0","Nextera/FPL","Classic","2000.0","Qualified","2026-02-25","No show / Went Dark","No-show; Unable to connect","Closed Lost","Demo / Presentation","2026-08-18 19:31","2026-02-06 02:21","Jeff Graham","Logan Loisel","US Ent","Enterprise","18935281771"
"55581050502","FM - OpsLevel Rip/Replace","450000.0","FM","Classic","477.0","Qualified","2026-02-05","Can't get attention from the new group who owns their IDP (which is opslevel)","Bad timing; Unable to connect","Closed Lost","Demo / Presentation","2026-08-14 00:00","2026-02-05 18:53","Rick Walker","Kevin Tarbell","US Ent","Enterprise","15144050778"
"55504576876","Ventura International Limited. Belcorp.  ","84150.0","Softland Peru S.A.;Ventura International Limited (Belcorp)","Classic","174.0","Qualified","2026-03-03","They will send an email with details on their decision.","Other","Closed Lost","Business case confirmation","2026-04-18 02:29","2026-02-05 18:10","Ignacio De Loera","Logan Loisel","LATAM","Enterprise","25007470402;50685622635"
"55624027796","Collectors","","Collectors Holdings Inc","Classic","100.0","Unqualified","","Informational call - no active project","Bad timing; Early stage","Closed Lost","SDR / Omitted OPP","2026-02-12 16:21","2026-02-05 17:38","Daniel Alper","Dylan Leija","US MM","Mid-Market","9881169420"
"55475388454","Mastercard","","Mastercard","Classic","10595.0","Discovery","","No show'd after rescheduling once. Create new opp if she reengages ","No-show","Closed Lost","","2026-02-17 20:17","2026-02-05 00:00","Tom Skarzynski (Deactivated User)","Charity Lee","US Ent","Enterprise","31473925260"
"55556229997","Crowe","160550.0","Crowe LLP","Classic","380.0","Qualified","2026-02-10","","","Closed Won","Negotiation / Legal","2026-06-29 14:14","2026-02-04 22:17","Tali Cohen (Deactivated User)","Dylan Leija","US Ent","Enterprise","10259193771"
"55511165781","Airbnb","","Airbnb","Classic","3458.0","Unqualified","","Wrong persona/person","Not right company/ persona","Closed Lost","SDR / Omitted OPP","2026-06-30 22:15","2026-02-04 21:01","Rick Walker","Kevin Tarbell","US Ent","Enterprise","19161720352"
"55475181167","Jisr | Bridge HR","70000.0","Jisr","Classic","103.0","Qualified","2026-02-12","JISR has one specific use case and see Port as being too much of a heavy lift for this.","Product","Closed Lost","Demo / Presentation","2026-02-18 17:11","2026-02-04 16:03","Matt Bilsland","Adrian Sandu","EMEA MM","Mid-Market","17690892563"
"55562245931","Blue Bay Tech - Government Client","","Blue Bay Tech","Classic","9.0","Unqualified","","Consultant working a long term project with a Government customer","Not right company/ persona; Consultant","Closed Lost","SDR / Omitted OPP","2026-03-09 02:49","2026-02-04 13:13","Scott Dunion","Adrian Sandu","APJ","Enterprise","26832155307"
"55358177448","CGI","","CGI","Classic","16480.0","Unqualified","","no show","No-show","Closed Lost","SDR / Omitted OPP","2026-05-28 20:22","2026-02-03 21:54","Jeff Graham","Rachel Jean","US Ent","Enterprise","51690773831"
"55466139466","Human Resources Development Fund - Saudi Arabia","","هدف","Classic","108.0","Unqualified","","No show","No-show","Closed Lost","SDR / Omitted OPP","2026-02-25 11:52","2026-02-03 21:39","Matt Bilsland","Adrian Sandu","EMEA MM","Mid-Market","50571062905"
"55396682529","Capital One","","Capital One","Classic","16070.0","Unqualified","","Unable to connect","No-show","Closed Lost","SDR / Omitted OPP","2026-03-12 23:06","2026-02-03 17:35","Travis Dadoly (Deactivated User)","Charity Lee","US Ent","Enterprise","9907650663"
"55411791115","Nationwide Building Society","400000.0","Nationwide","Classic","990.0","Qualified","2026-02-06","","","Business Case Confirmation","Business case confirmation","2026-11-27 16:19","2026-02-03 14:48","Benjamin Duckworth","Adrian Sandu","EMEA Ent","Enterprise","10339080749"
"55389460902","Arbor ","80000.0","Arbor","Classic","109.0","Qualified","2026-02-25","Arbor had other priorities before engaging on IDP","Early stage","Closed Lost","Demo / Presentation","2026-08-12 15:23","2026-02-03 13:53","Matt Bilsland","William Nagle","EMEA MM","Mid-Market","19233003297"
"55312450398","DSV - Greenfield IDP & AEP - New Business","150000.0","DSV - Global Transport and Logistics","Classic","2500.0","Qualified","2026-02-18","No champion able to influence execs. No EB alignment when required and competition aligned at most senior levels. No drop down option but we lost to Anthropic.","Competition; Other; Internal Build; AI","Closed Lost","Business case confirmation","2026-09-10 17:32","2026-02-03 11:22","John Barnes","Adrian Sandu","EMEA Ent","Enterprise","20840666720"
"55396424731","Barclays (KC) - AEP - New Business ","100000.0","Barclays PLC","Classic","8919.0","Qualified","2026-02-04","Wasn't able to connect with the quantum engineering team","Unable to connect","Closed Lost","Demo / Presentation","2026-08-17 16:16","2026-02-02 17:08","John Barnes","Adrian Sandu","EMEA Ent","Enterprise","58428741381"
"55067978546","Banco Davivienda -12 mths","168300.0","TSOFT Colombia S.A.S;Banco Davivienda S.A.","Classic","1000.0","Qualified","2026-02-24","","","Closed Won","Negotiation / Legal","2026-07-27 07:18","2026-01-29 23:29","Ignacio De Loera","Logan Loisel","LATAM","Enterprise","18776252331;50196420752"
"55031420013","NTT DATA Corporation","","NTT DATA Corporation","Classic","10000.0","Discovery","","No opp here","Other","Closed Lost","","2026-03-05 21:34","2026-01-29 22:53","Ignacio De Loera","Logan Loisel","LATAM","Enterprise","17504922667"
"54970549588","Gelato","21000.0","Gelato","Classic","71.0","Qualified","2026-03-03","Misalignment - Platform expected full end-to-end framework including backend execution. ","No value","Closed Lost","Demo / Presentation","2026-04-09 11:17","2026-01-29 12:03","Sharon Peretz","Adrian Sandu","EMEA MM","Mid-Market","9751786510"
"54955881839","Izuma Networks","","Izuma Networks","Classic","6.0","Discovery","","No show","No-show","Closed Lost","","2026-05-26 19:00","2026-01-28 21:18","Charity Lee","Charity Lee","","Mid-Market","44403199270"
"54835486782","GAC","","GAC","Classic","150.0","Unqualified","","No show","No-show","Closed Lost","SDR / Omitted OPP","2026-05-15 11:46","2026-01-28 13:35","Matt Bilsland","William Nagle","EMEA MM","Mid-Market","49869114698"
"54800648352","Exclaimer","","Exclaimer Ltd","Classic","80.0","Unqualified","","No show","No-show","Closed Lost","SDR / Omitted OPP","2026-02-25 11:51","2026-01-28 11:15","Matt Bilsland","Adrian Sandu","EMEA MM","Mid-Market","10457606461"
"54626750366","Henkel","300000.0","Henkel","Classic","690.0","Qualified","2026-02-11","","","Business Case Confirmation","Business case confirmation","2026-10-31 13:11","2026-01-27 13:15","Benjamin Duckworth","Adrian Sandu","EMEA Ent","Enterprise","18347988582"
"54596568107","Die Mobiliar ","","Die Mobiliar","Classic","350.0","Unqualified","","No show and unresponsive","No-show","Closed Lost","SDR / Omitted OPP","2026-03-13 12:50","2026-01-26 16:36","Subby Makinde","Subby Makinde","SDR EMEA","Enterprise","10091353345"
"54605040704","Vhi Healthcare","50000.0","Vhi Healthcare","Classic","107.0","Qualified","2026-02-12","Ann-Marie no showed for a catch-up call. Have sent a follow up but closing this out. Not ICP.","No-show","Closed Lost","Demo / Presentation","2026-04-14 09:38","2026-01-26 16:30","Matt Bilsland","Adrian Sandu","EMEA MM","Mid-Market","22242908857"
"54394287468","Appcharge","24000.0","Appcharge","Classic","50.0","Qualified","2026-02-26","On reserve duty for a few months now, has gone silent not responsive. ","Unable to connect","Closed Lost","Demo / Presentation","2026-05-28 10:12","2026-01-23 16:27","Sharon Peretz","William Nagle","EMEA MM","Mid-Market","48958973194"
"54347296353","OP Financial Group","","OP Financial Group","Classic","650.0","Unqualified","","Has invested heavily in Backstage and not willing to put his head above the parapet to support Port ","Competition","Closed Lost","SDR / Omitted OPP","2026-03-09 11:33","2026-01-23 15:26","John Barnes","Subby Makinde","EMEA Ent","Enterprise","19611391037"
"54352722779","Jifiti","","Jifiti","Classic","35.0","Unqualified","","small company, 20 dev, no show ","Early stage","Closed Lost","SDR / Omitted OPP","2026-02-19 12:34","2026-01-22 20:10","Sharon Peretz","Logan Loisel","EMEA MM","Mid-Market","44590288031"
"54352277645","Navitus","60000.0","Navitus","Classic","153.0","Qualified","2026-01-22","no contact after leadership meeting, they expressed during meeting Port may be too complex for their needs","Product; Unable to connect","Closed Lost","Pilot Prep","2026-04-03 20:52","2026-01-22 19:14","Jill Countey","Dylan Leija","US MM","Mid-Market","37434066209"
"54321175220","Mobileye Vision Technologies","400000.0","Mobileye Vision Technologies Ltd.","Classic","1920.0","Qualified","2026-02-20","Built internal solution. ","Internal Build","Closed Lost","Pilot Prep","2026-06-18 08:49","2026-01-22 07:59","Sharon Peretz","William Nagle","EMEA MM","Mid-Market","20718430245"
"54248329583","1Password","100000.0","AgileBits Inc.","Classic","488.0","Qualified","2026-01-22","Unresponsive following exec intro","Unable to connect; Bad timing","Closed Lost","Demo / Presentation","2026-05-07 16:33","2026-01-21 22:07","Daniel Alper","Logan Loisel","US MM","Mid-Market","10485191208"
"54314206131","GoFundMe ","200000.0","GoFundMe","Classic","400.0","Qualified","2026-01-23","Why They Chose Cortex 

Opinionated out-of-the-box experience — The core ask was a product that felt ready from day one. Cortex ships with pre-built scorecard templates and a homepage that populates immediately. Port's blank-canvas approach, while more powerful, created an initial impression of ""there's a lot of work to do here""

Initiatives product — Mark Vaughn was the most vocal internal voice and his entire use case was initiatives. He felt Cortex's initiatives feature was more purpose-built vs. Port's more composable approach

First-impression effect — Ben was candid: ""I actually asked Claude to recreate the Cortex homepage in Port because it just looked so immediately appealing."" The DevEx team leaned Cortex largely based on this. He called it ""a little bit misleading in some ways"" but acknowledged it was real

Company context shift — GoFundMe has had a rough few months with production outages. The entire org pivoted toward foundations and quality over AI/agentic work. That made the time-to-value on scorecards and initiatives more important than the agentic differentiators Port leads with","Competition","Closed Lost","Business case confirmation","2026-05-19 16:01","2026-01-21 17:06","John Romano","Logan Loisel","US MM","Mid-Market","27836208282"
"54218149647","Nordea - ICBT AEP - New Business","100000.0","Nordea","Classic","5500.0","Qualified","2026-02-06","Not able to get hold of core people in platform engineering and decided to proceed with Backstage.","Unable to connect","Closed Lost","Demo / Presentation","2026-05-06 14:03","2026-01-21 16:15","John Barnes","Adrian Sandu","EMEA Ent","Enterprise","32425082785"
"54311017053","GlassDollar (KSB)","","ksb company;GlassDollar","Classic","1000.0","Unqualified","","Hi all, thank you for preparing the upcoming demo session. Unfortunately, we need to put this project on hold for now and cancel the planned meeting. Due to current capacity constraints, the KSB team is not able to move forward in a meaningful way at this stage. This is not a reflection of your solution, which we found very interesting. I will reconnect mid year once there is more capacity to then take next steps. Thank you for your understanding. Best, Niklas","Bad timing","Closed Lost","SDR / Omitted OPP","2026-01-31 20:36","2026-01-21 15:48","John Barnes","Logan Loisel","EMEA Ent","Enterprise","49474089527;45135333724"
"54298799666","Open Bet","100000.0","Open Bet","Classic","528.0","Qualified","2026-02-12","Francis and the team have developed their own internal solution and could not see the requirement for Port on top of this for now. There is no project but Francis did leave the door open to be re-engaged in the future. The team also saw capabilities in Port that they do not currently have in their own solution, albeit, not compelling enough to make a change.","Bad timing","Closed Lost","Demo / Presentation","2026-04-08 09:16","2026-01-21 11:46","Matt Bilsland","William Nagle","EMEA MM","Mid-Market","20717589379"
"54286016304","Flutterwave ","","Flutterwave","Classic","181.0","Unqualified","","no show ","No-show","Closed Lost","SDR / Omitted OPP","2026-05-13 11:58","2026-01-21 00:50","William Nagle","William Nagle","SDR EMEA","Mid-Market","9958746288"
"54267209504","Perion","","GlobalDots;Perion","Classic","110.0","Unqualified","","not responsive","Unable to connect","Closed Lost","SDR / Omitted OPP","2026-05-14 14:12","2026-01-20 20:51","Sharon Peretz","William Nagle","EMEA MM","Mid-Market","46450042716;31730427491"
"54257697042","Bice","","Banco BICE;Bice","Classic","","Unqualified","","duplicate opp","Other","Closed Lost","SDR / Omitted OPP","2026-03-31 23:45","2026-01-20 20:46","Logan Loisel","","SDR US","","20903291139;49281952377"
"54212133906","Elbit Systems","","Elbit Systems","Classic","400.0","Unqualified","","not responsive","Unable to connect","Closed Lost","SDR / Omitted OPP","2026-02-23 15:07","2026-01-19 22:46","Sharon Peretz","Adrian Sandu","EMEA MM","Enterprise","32123426463"
"54078608508","Betclic Group ","","Betclic Group","Classic","370.0","Unqualified","","not responsive","Unable to connect","Closed Lost","SDR / Omitted OPP","2026-02-24 11:06","2026-01-19 17:57","Sharon Peretz","William Nagle","EMEA MM","Mid-Market","21037599855"
"54078595657","BEC Financial Technologies","","BEC Financial Technologies","Classic","573.0","Unqualified","","Not right person to speak with. Will continue to try to get BEC but through a management position. Mikkel is blocking us & is unclear of what he wants.","Budget; Not right company/ persona","Closed Lost","SDR / Omitted OPP","2026-01-21 12:17","2026-01-19 10:57","Sharon Peretz","William Nagle","EMEA MM","Mid-Market","10998269450"
"59180962443","Siigo 50 seats, enterprise ","61200.0","Craftech;Siigo","Classic","212.0","Qualified","2026-04-13","","","Closed Won","Negotiation / Legal","2026-04-30 17:45","2026-01-18 12:07","Ignacio De Loera","Logan Loisel","LATAM","Enterprise","14915458927;40252156336"
"54020099401","Ticketure ","","Ticketure","Classic","12.0","Unqualified","","never got in touch with us ","Early stage","Closed Lost","SDR / Omitted OPP","2026-06-30 19:40","2026-01-16 03:06","Chris Newsome","Logan Loisel","US MM","Mid-Market","47391097402"
"53999235887","HPE","","Hewlett Packard Enterprise","Classic","20000.0","Unqualified","","Michael is focused on orchestration for agents, does not want to spend time building out Port at this time. ","Competition","Closed Lost","SDR / Omitted OPP","2026-02-24 21:07","2026-01-15 23:31","Travis Dadoly (Deactivated User)","Logan Loisel","US Ent","Enterprise","10067631686"
"53852816952","The Sage Group plc","","The Sage Group plc","Classic","1960.0","Unqualified","","Too junior and not willing to introduce us to his manager. JB reached out to Head of IT based in the UK.","Not right company/ persona","Closed Lost","SDR / Omitted OPP","2026-02-02 18:15","2026-01-15 23:12","John Barnes","Adrian Sandu","EMEA Ent","Enterprise","10077087841"
"53886938723","Flashbots","","flashbots","Classic","40.0","Unqualified","","Hey John,

Sorry, I can’t make it today.

I think we need more time to evaluate. I was hoping to test Port with the free plan, but I’m struggling to find the time due to other priorities. Let’s reconnect in Q2.  I’m still interested in Port, but I just haven’t been able to dedicate enough time right now.

Appreciate your help,
Nico","Bad timing","Closed Lost","SDR / Omitted OPP","2026-02-18 17:30","2026-01-15 19:38","John Romano","Adrian Sandu","US MM","Mid-Market","55289921927"
"53886976006","Ahead (Hartford Healthcare)","","hartford healthcare;AHEAD","Classic","200.0","Unqualified","","Early stage opp reopened after 5 months","Early stage","Closed Lost","SDR / Omitted OPP","2026-05-13 18:07","2026-01-15 01:08","Jeff Graham","Logan Loisel","US Ent","Enterprise","49083235215;31804121935"
"53887211294","PayPal ","300000.0","PayPal","Classic","9500.0","Qualified","2026-01-20","Cortex won","Competition","Closed Lost","Pilot Prep","2026-08-18 19:28","2026-01-14 20:21","Jeff Graham","Logan Loisel","US Ent","Enterprise","31459700889"
"53754351161","nutanix","","nutanix","Classic","2338.0","Discovery","","No value for this team. Could be elsewhere","No value","Closed Lost","","2026-03-06 02:54","2026-01-14 00:46","Jeff Graham","Charity Lee","US Ent","Enterprise","10091434850"
"53696871741","Deutsche Telekom","","Deutsche Telekom","Classic","638.0","Unqualified","","was never a real opp - from event","Other","Closed Lost","SDR / Omitted OPP","2026-05-14 22:33","2026-01-13 18:49","Jamie Summers","Dylan Leija","EMEA Ent","Enterprise","38254101009"
"53696136050","Marsh & McLennan","","Marsh & McLennan","Classic","3203.0","Unqualified","","Never were able to meet - Contact was unresponsive","Unable to connect","Closed Lost","SDR / Omitted OPP","2026-03-12 22:57","2026-01-13 18:00","Travis Dadoly (Deactivated User)","Charity Lee","US Ent","Enterprise","10312827771"
"53696570701","BASF","","BASF","Classic","4000.0","Discovery","","Prospect cancelled meeting and stated that he aligned with his team and currently they are not focusing on a new IDP. ","Bad timing","Closed Lost","","2026-01-19 13:37","2026-01-13 17:54","James Pritchard","Subby Makinde","EMEA Ent","Enterprise","36306120551"
"53695439015","Intuit","","Intuit","Classic","7460.0","Discovery","","Have homegrown IDP in use by X,000 devs in use for 7 years. Looking for narrow plugins they can plug into their IDP to expand self-service capabilities (e.g. for day 2), but not looking to replace their IDP. ","Other","Closed Lost","","2026-02-17 20:16","2026-01-12 23:27","Tom Skarzynski (Deactivated User)","Charity Lee","US Ent","Enterprise","10067393558"
"53635027362","Lightrun - New Deal","","Lightrun","Classic","30.0","Unqualified","","Small engineering org","Price","Closed Lost","SDR / Omitted OPP","2026-03-26 15:16","2026-01-12 14:02","Adrian Sandu","","SDR EMEA","Mid-Market","35467503734"
"53444051221","Apple","","Apple","Classic","37198.0","Unqualified","","no reconnect","Unable to connect","Closed Lost","SDR / Omitted OPP","2026-05-12 23:04","2026-01-09 17:21","Jeff Graham","Charity Lee","US Ent","Enterprise","9881145500"
"53451541544","LinkedIn ","","LinkedIn","Classic","8577.0","Discovery","","No show","No-show","Closed Lost","","2026-05-26 18:18","2026-01-08 18:12","Charity Lee","Charity Lee","","","56468757591"
"53451540096","Aviva - Land Deal","100000.0","Aviva","Classic","816.0","Qualified","2026-01-22","Old opty, lost traction with contact, need to look for a different route in","Unable to connect","Closed Lost","Demo / Presentation","2026-09-15 15:57","2026-01-08 17:41","James Pritchard","Subby Makinde","EMEA Ent","Enterprise","10414211380"
"53409202176","Xebia","","Xebia","Classic","2000.0","Unqualified","","Reached out on behalf of client. Does not apply to Xebia team directly. ","Not right company/ persona","Closed Lost","SDR / Omitted OPP","2026-01-20 20:38","2026-01-07 20:12","Tali Cohen (Deactivated User)","Logan Loisel","US Ent","Mid-Market","10457695610"
"53393846835","PayPal","","PayPal","Classic","8679.0","Discovery","","No show demo","No-show","Closed Lost","","2026-01-21 19:59","2026-01-07 19:39","Jeff Graham","Charity Lee","US Ent","Enterprise","31459700889"
"53385096208","OhioHealth","","OhioHealth","Classic","115.0","Unqualified","","No DevOps practices, way immature","Early stage","Closed Lost","SDR / Omitted OPP","2026-03-23 17:06","2026-01-07 17:20","Daniel Alper","Charity Lee","US MM","Enterprise","25912654933"
"53381466163","Luminor","","Luminor","Classic","400.0","Unqualified","","not responsive ","Early stage; Not right company/ persona","Closed Lost","SDR / Omitted OPP","2026-02-18 13:21","2026-01-07 16:09","Sharon Peretz","William Nagle","EMEA MM","Mid-Market","48596558943"
"53377659718","Novo Nordisk","","Novo Nordisk","Classic","850.0","Unqualified","","Met at event in Oct/Nov, agreed Jan meet, they no show. Heavy BS user ","Unable to connect","Closed Lost","SDR / Omitted OPP","2026-02-03 13:12","2026-01-07 14:02","James Pritchard","","EMEA Ent","Enterprise","32781051195"
"53357972609","Upwind ","","Upwind","Classic","126.0","Unqualified","","Pre-Mature. Not ready on an infrastructure / automations level. ","Bad timing","Closed Lost","SDR / Omitted OPP","2026-01-13 10:25","2026-01-07 13:59","Sharon Peretz","Adrian Sandu","EMEA MM","Mid-Market","39114484409"
"53441965233","BMW","","BMW;Bayerische Motoren Werke","Classic","4500.0","Unqualified","","No engagement after first demo.","Unable to connect","Closed Lost","SDR / Omitted OPP","2026-03-18 13:00","2026-01-07 12:57","Benjamin Duckworth","Subby Makinde","EMEA Ent","Enterprise","20717462850;10163322913"
"53364012079","Takealot","","Takealot","Classic","232.0","Unqualified","","Small subsidiary - they might still buy in the next months but $20k Standard. They will come back to me when they want to buy. ","Not right company/ persona","Closed Lost","SDR / Omitted OPP","2026-05-15 13:15","2026-01-07 08:16","James Pritchard","Adrian Sandu","EMEA Ent","Enterprise","36154271583"
"53352745749","blankfactor (Globant)","","blankfactor","Classic","16000.0","Unqualified","","Main reason: Strong build vs buy mindset across the org at Finastra plus limited use-case around resource provisioning. Team didn't want to zoom out on the bigger picture for IDP. Had very positive feedback on Port.","Competition","Closed Lost","SDR / Omitted OPP","2026-02-03 12:44","2026-01-06 19:20","James Pritchard","Logan Loisel","EMEA Ent","Enterprise","48491267430"
"53014767140","Bullish","98000.0","Bullish","Classic","100.0","Qualified","2026-01-12","They decided to move forward with building out Backstage for the next 6 months. This decision came form their CTO being a Backstage fan and wanting his team to go in that direction.","Competition","Closed Lost","Formal Pilot","2026-04-09 16:54","2026-01-06 18:33","EJ Rauseo","Logan Loisel","US MM","Mid-Market","10135455896"
"53283305220","Cresta","72000.0","Cresta","Classic","141.0","Qualified","2026-03-30","Our primary contact is trying to sell this up the chain and seems to be getting push back on the ROI case. We will need to go higher with PG to help them see the value an IDP will bring ","No value","Closed Lost","Demo / Presentation","2026-05-07 16:36","2026-01-06 18:17","EJ Rauseo","Logan Loisel","US MM","Mid-Market","48327592878"
"53284612654","Expression","18000.0","Expression","Classic","54.0","Qualified","2026-01-21","FedRAMP requirements","Security","Closed Lost","Pilot Prep","2026-04-09 15:44","2026-01-06 18:05","Daniel Alper","Logan Loisel","US MM","Mid-Market","46579024199"
"55341866420","capital one","","Capital One","Classic","16094.0","Unqualified","","Unable to connect","Unable to connect","Closed Lost","SDR / Omitted OPP","2026-05-26 18:58","2026-01-06 17:41","Tali Cohen (Deactivated User)","Charity Lee","US Ent","Enterprise","9907650663"
"53265152309","Veolia","","Veolia","Classic","3000.0","Unqualified","","NO show, never managed to rebook. Killing until we can reconnect via SDR ","No-show","Closed Lost","SDR / Omitted OPP","2026-02-03 13:39","2026-01-06 12:52","James Pritchard","Subby Makinde","EMEA Ent","Enterprise","10077081399"
"53305014186","HCL Technologies Limited - New Deal","","HCL","Classic","120000.0","Unqualified","","Not an opp - meeting with partnerships team","Partnership","Closed Lost","SDR / Omitted OPP","2026-01-08 13:42","2026-01-06 11:33","Adrian Sandu","","SDR EMEA","Enterprise","52773845353"
"53264568207","Arrow International","","Arrow International","Classic","125.0","Unqualified","","no demo scheduled","Unable to connect","Closed Lost","SDR / Omitted OPP","2026-04-15 18:00","2026-01-05 21:37","Logan Loisel","Logan Loisel","SDR US","Mid-Market","48496807050"
"53014741042","Garmin","150000.0","Garmin","Classic","2850.0","Qualified","2026-01-20","Unable to re-engage","Unable to connect","Closed Lost","Demo / Presentation","2026-08-28 20:02","2026-01-05 20:25","Rick Walker","Adrian Sandu","US Ent","Enterprise","50428153183"
"53244091271","Demant","","Demant","Classic","312.0","Unqualified","","Good meeting, but Port isn't what they're looking for.  At this stage in their use case / journey, they need a solution like Kapa - something to train / fine-tune an LLM on their data, before then using Port to host it, orchestrate it.

They liked Port, clearly we taught them a lot, but we agreed that there were some intermediate steps in their roadmap before they'd be ready for Port.","No value; Early stage","Closed Lost","SDR / Omitted OPP","2026-01-21 15:03","2026-01-05 14:01","Benjamin Duckworth","Adrian Sandu","EMEA Ent","Enterprise","42267875713"
"53118258959","Bank Millennium","","Millennium bcp;Bank Millennium","Classic","200.0","Unqualified","","Didn't show up and non responsive","No-show","Closed Lost","SDR / Omitted OPP","2026-03-11 12:35","2026-01-02 16:17","Ross Geall (Deactivated User)","Adrian Sandu","EMEA Ent","Enterprise","9958739574;48311468389"
"53105348631","Data Axle","72000.0","Data Axle","Classic","100.0","Qualified","2026-01-16","Had to pull the plug due to limited resources and competing priorities that took precedent over Port

Also, they just found out the company bought Codex so need to focus what additional bandwidth they have implementing.

No idea when timing will be better to pick things back up","Bad timing","Closed Lost","Demo / Presentation","2026-03-10 20:11","2026-01-02 15:34","John Romano","Logan Loisel","US MM","Mid-Market","36107900794"
"53074187529","Greenstone Financial Services ","","Greenstone Financial Services","Classic","73.0","Unqualified","","New leader who has a lot of work ahead to bring IDP to Greenstone. Stay in touch","Early stage","Closed Lost","SDR / Omitted OPP","2026-03-09 02:50","2026-01-02 07:08","Scott Dunion","Adrian Sandu","APJ","Mid-Market","20854618160"
"53002862700"," HawkAI","","HAWK","Classic","44.0","Unqualified","","rework ","No-show","Closed Lost","SDR / Omitted OPP","2026-05-13 11:59","2026-01-01 03:12","William Nagle","William Nagle","SDR EMEA","Mid-Market","41390100485"
