Record ID,Deal Name,Amount,Associated Company,Pipeline,Eng group size,Qualified?,Qualified Date,Closed Lost Details,Closed Lost Reason,Deal Stage,Deal Stage Before Closed,Close Date,Create Date,Deal owner,SDR 1,HubSpot Team,Segment ,Associated Company IDs,eng_size,eng_size_group,closed_lost_category,create_date_quarter,hubspot_team_name_enriched
65162416183,Shawbrook,,Shawbrook,Classic,130.0,Not happened yet,,,,SDR / Omitted  Opp,SDR / Omitted OPP,2027-09-22 14:32,2026-09-22 14:33:00,James Butcher,Jordan Aspis,EMEA MM,Mid-Market,58470947142,130.0,101-250,Not Closed Lost,2026Q3,EMEA MM
65162412367,Playtika,,Playtika Ltd.,Classic,943.0,Not happened yet,,,,SDR / Omitted  Opp,SDR / Omitted OPP,2027-09-22 10:50,2026-09-22 10:51:00,Sharon Peretz,Adrian Sandu,EMEA MM,Mid-Market,9408644726,943.0,501-1000,Not Closed Lost,2026Q3,EMEA MM
65076769044,Cherry,48000.0,Cherry,Classic,88.0,Qualified,2026-09-22,,,Demo / Presentation ,Demo / Presentation,2026-12-18 20:03,2026-09-18 22:42:00,John Romano,Aaron Marans,US MM,Mid-Market,27516187474,88.0,51-100,Not Closed Lost,2026Q3,US MM
65109893978,Travelport,,Travelport,Classic,649.0,Not happened yet,,,,SDR / Omitted  Opp,SDR / Omitted OPP,2027-09-17 17:37,2026-09-18 19:30:00,Matt Bilsland,Daniel Davies,EMEA MM,Mid-Market,10259221927,649.0,501-1000,Not Closed Lost,2026Q3,EMEA MM
65027388694,Playtech ,,Playtech,Classic,999.0,Not happened yet,,,,SDR / Omitted  Opp,SDR / Omitted OPP,2027-09-18 13:04,2026-09-18 13:05:00,James Butcher,Jordan Aspis,EMEA MM,Mid-Market,18486570655,999.0,501-1000,Not Closed Lost,2026Q3,EMEA MM
65027802190,Protolabs,,Protolabs,Classic,190.0,Not happened yet,,,,SDR / Omitted  Opp,SDR / Omitted OPP,2026-12-15 18:36,2026-09-16 17:52:00,EJ Rauseo,Jordan Aspis,US MM,Mid-Market,39102681349,190.0,101-250,Not Closed Lost,2026Q3,US MM
65027771149,Elektrobit - New Deal,,Elektrobit,Classic,1127.0,Not happened yet,,,,SDR / Omitted  Opp,SDR / Omitted OPP,2027-09-16 13:38,2026-09-16 13:39:00,Matt Bilsland,Daniel Davies,EMEA MM,Mid-Market,20718631769,1127.0,1001-5000,Not Closed Lost,2026Q3,EMEA MM
65060654660,Upvest- New Deal,,Upvest,Classic,150.0,Not happened yet,,,,SDR / Omitted  Opp,SDR / Omitted OPP,2027-03-19 13:38,2026-09-16 11:58:00,Matt Bilsland,Daniel Davies,EMEA MM,Mid-Market,56924877134,150.0,101-250,Not Closed Lost,2026Q3,EMEA MM
64928173589,PNL Fintech,,PNL Fintech,Classic,119.0,Not happened yet,,,,SDR / Omitted  Opp,SDR / Omitted OPP,2026-12-31 14:13,2026-09-11 18:41:00,James Butcher,Jordan Aspis,EMEA MM,Mid-Market,57269129810,119.0,101-250,Not Closed Lost,2026Q3,EMEA MM
64880906800,Milliman,,Milliman,Classic,415.0,Not happened yet,,,,SDR / Omitted  Opp,SDR / Omitted OPP,2026-12-15 18:36,2026-09-10 17:03:00,Daniel Alper,Wren Huston,US MM,Mid-Market,31373190156,415.0,251-500,Not Closed Lost,2026Q3,US MM
64836807249,Doctronic,,Doctronic,Classic,39.0,Not happened yet,,,,SDR / Omitted  Opp,SDR / Omitted OPP,2026-12-15 18:43,2026-09-09 16:49:00,Daniel Alper,Wren Huston,US MM,Mid-Market,55509403929,39.0,15-50,Not Closed Lost,2026Q3,US MM
64837048700,GetYourGuide ,,GetYourGuide,Classic,334.0,Not happened yet,,,,SDR / Omitted  Opp,SDR / Omitted OPP,2027-09-09 13:25,2026-09-09 13:26:00,Matt Bilsland,William Nagle,EMEA MM,Mid-Market,38263865255,334.0,251-500,Not Closed Lost,2026Q3,EMEA MM
64827249585,NJ Sharing Network,,NJ Sharing Network,Classic,23.0,Unqualified,,immature DevOps practices,UNQ; Not right company/ persona; Early stage,Closed Lost,SDR / Omitted OPP,2026-09-22 18:38,2026-09-08 22:17:00,Daniel Alper,Wren Huston,US MM,Mid-Market,58213578291,23.0,15-50,Timing / Maturity,2026Q3,US MM
64802336136,Edelman Financial Engines LLC,50000.0,Edelman Financial Engines LLC,Classic,150.0,Qualified,2026-09-15,,,Demo / Presentation ,Demo / Presentation,2027-03-11 16:58,2026-09-08 18:45:00,Jill Countey,Wren Huston,US MM,Mid-Market,21467227552,150.0,101-250,Not Closed Lost,2026Q3,US MM
64627819539,Wireless Logic ,50000.0,Wireless Logic,Classic,66.0,Qualified,2026-09-09,,,Business Validation,Pilot Prep,2027-03-26 12:38,2026-09-04 15:15:00,Matt Bilsland,Jordan Aspis,EMEA MM,Mid-Market,32172906822,66.0,51-100,Not Closed Lost,2026Q3,EMEA MM
64986156980,Two Sigma Investments,,Two Sigma Investments,Classic,896.0,Not happened yet,,,,SDR / Omitted  Opp,SDR / Omitted OPP,2026-12-15 18:35,2026-09-02 16:38:00,Daniel Alper,Wren Huston,US MM,Mid-Market,9907710723,896.0,501-1000,Not Closed Lost,2026Q3,US MM
64519400535,Dayforce,,Dayforce,Classic,1400.0,Unqualified,,"no show
",No-show,Closed Lost,SDR / Omitted OPP,2026-09-11 16:11,2026-09-02 00:14:00,Rachel Jean,Rachel Jean,SDR US,Mid-Market,39482183280,1400.0,1001-5000,No Show / Can't Connect,2026Q3,SDR US
64524671817,Coforma,12000.0,Coforma,Classic,51.0,Qualified,2026-09-01,,,Negotiation / Legal,Negotiation / Legal,2026-09-25 22:28,2026-09-01 21:58:00,EJ Rauseo,Aaron Marans,US MM,Mid-Market,49501272601,51.0,51-100,Not Closed Lost,2026Q3,US MM
64519543211,EverBank,,EverBank,Classic,169.0,Not happened yet,,,,SDR / Omitted  Opp,SDR / Omitted OPP,2026-12-15 18:35,2026-08-31 22:46:00,Jill Countey,Wren Huston,US MM,Mid-Market,21467358729,169.0,101-250,Not Closed Lost,2026Q3,US MM
64434382088,Ipc Systems,,Ipc Systems,Classic,208.0,Unqualified,,They were not looking for what Port does. Focused more on how Port would run their pipelines rather than orchestrate them,UNQ,Closed Lost,SDR / Omitted OPP,2026-09-22 18:40,2026-08-28 21:52:00,EJ Rauseo,Aaron Marans,US MM,Mid-Market,58387957113,208.0,101-250,Other,2026Q3,US MM
64474882176,SentinelOne,,SentinelOne,Classic,1051.0,Unqualified,,no show,No-show; Early stage,Closed Lost,SDR / Omitted OPP,2026-09-17 15:47,2026-08-28 21:05:00,Daniel Alper,Wren Huston,US MM,Mid-Market,10339139683,1051.0,1001-5000,No Show / Can't Connect,2026Q3,US MM
64338355013,MediaRadar,48000.0,"Mediaradar, Inc.",Classic,79.0,Qualified,2026-09-16,,,Demo / Presentation ,Demo / Presentation,2026-12-19 00:14,2026-08-27 19:31:00,John Romano,Aaron Marans,US MM,Mid-Market,57152777123,79.0,51-100,Not Closed Lost,2026Q3,US MM
64338341228,Osttra ,,Osttra,Classic,472.0,Discovery,,,,SDR Discovery,,2027-08-27 13:01,2026-08-27 13:01:00,James Butcher,William Nagle,EMEA MM,Mid-Market,53944895584,472.0,251-500,Not Closed Lost,2026Q3,EMEA MM
64338582048,Alm. Brand ,,Alm. Brand,Classic,49.0,Unqualified,,not interested.,No value,Closed Lost,SDR / Omitted OPP,2026-09-14 09:52,2026-08-27 12:53:00,Sharon Peretz,Jordan Aspis,EMEA MM,Mid-Market,52918326538,49.0,15-50,No Value / Product,2026Q3,EMEA MM
64376812183,Kira Tech,,Kira Tech,Classic,200.0,Not happened yet,,,,SDR / Omitted  Opp,SDR / Omitted OPP,2026-11-25 10:57,2026-08-27 10:57:00,Sharon Peretz,Jordan Aspis,EMEA MM,Mid-Market,48192454278,200.0,101-250,Not Closed Lost,2026Q3,EMEA MM
64338510718,DeepHealth,100000.0,DeepHealth,Classic,132.0,Qualified,2026-09-01,,,Business Validation,Pilot Prep,2026-12-11 13:54,2026-08-26 23:39:00,Sharon Peretz,Wren Huston,EMEA MM,Mid-Market,46274970902,132.0,101-250,Not Closed Lost,2026Q3,EMEA MM
64376145736,Ivanti,,Ivanti,Classic,795.0,Unqualified,,Missing Feature: FedRamp,Early stage; Missing Feature,Closed Lost,SDR / Omitted OPP,2026-08-31 16:20,2026-08-26 21:09:00,Daniel Alper,Wren Huston,US MM,Mid-Market,18937208739,795.0,501-1000,Timing / Maturity,2026Q3,US MM
64333226142,Manychat,24000.0,Manychat,Classic,119.0,Qualified,2026-08-31,,,Demo / Presentation ,Demo / Presentation,2027-03-12 18:36,2026-08-25 21:37:00,Matt Bilsland,Logan Loisel,EMEA MM,Mid-Market,57786103352,119.0,101-250,Not Closed Lost,2026Q3,EMEA MM
64241535155,Ontario Teachers' Pension Plan,100000.0,Ontario Teachers' Pension Plan,Classic,194.0,Qualified,2026-08-24,,,Demo / Presentation ,Demo / Presentation,2026-12-15 20:35,2026-08-21 17:21:00,Jill Countey,Wren Huston,US MM,Mid-Market,10485365299,194.0,101-250,Not Closed Lost,2026Q3,US MM
64175316488,BAWAG Group ,,BAWAG Group,Classic,117.0,Unqualified,,No show to meeting and unresponsive,No-show,Closed Lost,SDR / Omitted OPP,2026-09-16 15:55,2026-08-21 16:52:00,Jordan Aspis,Jordan Aspis,SDR EMEA,Mid-Market,53244326013,117.0,101-250,No Show / Can't Connect,2026Q3,SDR EMEA
64229515313,Infomedia Ltd,,Infomedia Ltd,Classic,109.0,Unqualified,,no real initiative + not responsive. ,Other; Unable to connect,Closed Lost,SDR / Omitted OPP,2026-09-14 13:55,2026-08-21 04:01:00,Sharon Peretz,Jordan Aspis,EMEA MM,Mid-Market,56816786810,109.0,101-250,No Show / Can't Connect,2026Q3,EMEA MM
64175286123,Matillion ,80000.0,Matillion,Classic,176.0,Qualified,2026-08-25,,,Demo / Presentation ,Demo / Presentation,2027-08-20 17:21,2026-08-20 17:21:00,Matt Bilsland,William Nagle,EMEA MM,Mid-Market,32130089820,176.0,101-250,Not Closed Lost,2026Q3,EMEA MM
64877297424,Phreesia,,Phreesia,Classic,394.0,Not happened yet,,,,SDR / Omitted  Opp,SDR / Omitted OPP,2026-12-19 00:14,2026-08-19 21:08:00,John Romano,Aaron Marans,US MM,Mid-Market,10067647138,394.0,251-500,Not Closed Lost,2026Q3,US MM
64084085085,Omnio,,Omnio,Classic,80.0,Not happened yet,,,,SDR / Omitted  Opp,SDR / Omitted OPP,2026-11-16 12:22,2026-08-18 12:22:00,James Butcher,William Nagle,EMEA MM,Mid-Market,38964885260,80.0,51-100,Not Closed Lost,2026Q3,EMEA MM
63925274690,Kamstrup ,,Kamstrup,Classic,317.0,Unqualified,,2028 project,Bad timing,Closed Lost,SDR / Omitted OPP,2026-09-22 17:13,2026-08-17 14:56:00,Matt Bilsland,William Nagle,EMEA MM,Mid-Market,18863535633,317.0,251-500,Timing / Maturity,2026Q3,EMEA MM
63912757166,BetterMe: Health Coaching,24000.0,BetterMe: Health Coaching,Classic,300.0,Qualified,2026-09-02,,,Formal Pilot,Formal Pilot,2026-12-31 12:39,2026-08-14 15:16:00,James Butcher,Adrian Sandu,EMEA MM,Mid-Market,53011036498,300.0,251-500,Not Closed Lost,2026Q3,EMEA MM
63840209547,JumpCloud v3,,JumpCloud ,Classic,300.0,Unqualified,,"Hi John,

Sorry for the delay, I was traveling and unable to get back to you earlier.

Our team currently relies on some internal customized tools that cover our use cases for now. We will reach back out to you as we evaluate further and dive deeper into our AI strategy.

Thanks,
Diwakar",UNQ,Closed Lost,SDR / Omitted OPP,2026-09-08 19:37,2026-08-13 20:36:00,John Romano,,US MM,Mid-Market,9881577744,300.0,251-500,Other,2026Q3,US MM
63783668632,Zippy's Restaurants,24000.0,Zippy's Restaurants,Classic,17.0,Qualified,2026-08-14,,,Demo / Presentation ,Demo / Presentation,2026-10-30 19:37,2026-08-12 22:25:00,Daniel Alper,Wren Huston,US MM,Mid-Market,57376439896,17.0,15-50,Not Closed Lost,2026Q3,US MM
63929567764,Fubo,100000.0,Fubo,Classic,174.0,Qualified,2026-09-14,,,Demo / Presentation ,Demo / Presentation,2026-12-18 16:25,2026-08-12 22:04:00,EJ Rauseo,Aaron Marans,US MM,Mid-Market,39750531879,174.0,101-250,Not Closed Lost,2026Q3,US MM
63772583257,TomTom- New Deal,200000.0,TomTom,Classic,150.0,Qualified,2026-09-02,,,Business Validation,Pilot Prep,2027-03-26 13:07,2026-08-12 19:51:00,Matt Bilsland,William Nagle,EMEA MM,Mid-Market,9958643263,150.0,101-250,Not Closed Lost,2026Q3,EMEA MM
63717535921,State St - New Deal Engineering & Technology,,State Street,Classic,4761.0,Not happened yet,,,,SDR Discovery,SDR / Omitted OPP,2027-06-01 19:07,2026-08-11 19:08:00,Rachel Jean,Rachel Jean,SDR US,Enterprise,56468756300,4761.0,1001-5000,Not Closed Lost,2026Q3,SDR US
63718083947,State St - New Deal,,State Street,Classic,4761.0,Discovery,,,,SDR Discovery,SDR / Omitted OPP,2027-06-01 18:11,2026-08-11 18:10:00,Rachel Jean,Rachel Jean,SDR US,Enterprise,56468756300,4761.0,1001-5000,Not Closed Lost,2026Q3,SDR US
64333735451,The Carlyle Group,,The Carlyle Group,Classic,122.0,Not happened yet,,,,SDR / Omitted  Opp,SDR / Omitted OPP,2026-12-15 17:13,2026-08-11 17:18:00,Jill Countey,Wren Huston,US MM,Mid-Market,57762353159,122.0,101-250,Not Closed Lost,2026Q3,US MM
63706751332,"The Marketing Store, NA",,"The Marketing Store, NA",Classic,27.0,Discovery,,Prospect does not have use case at TMS but will help introduce to Arrowstreet Capital decision makers,Other,Closed Lost,,2026-08-14 22:05,2026-08-11 16:08:00,Wren Huston,,SDR US,Mid-Market,57248638742,27.0,15-50,Other,2026Q3,SDR US
63646808594,Euromonitor International,,Euromonitor International,Classic,217.0,Not happened yet,,,,SDR Discovery,SDR / Omitted OPP,2027-01-31 12:39,2026-08-10 18:39:00,James Butcher,Jordan Aspis,EMEA MM,Mid-Market,32143683584,217.0,101-250,Not Closed Lost,2026Q3,EMEA MM
63550064687,Snoonu,,Snoonu,Classic,135.0,Unqualified,,"No real initiative. Eric tried pushing internally, we met with the CTO, but not moving forward with an IDP at this time. ",Early stage; Price,Closed Lost,SDR / Omitted OPP,2026-09-02 09:31,2026-08-08 00:35:00,Sharon Peretz,Wren Huston,EMEA MM,Mid-Market,57104874617,135.0,101-250,Timing / Maturity,2026Q3,EMEA MM
63532412467,ICW Group,48000.0,ICW Group,Classic,141.0,Qualified,2026-08-12,"After walking them through the POC process and time investment needed, they emailed us saying that they would not be progressing. I am pushing back but this is closed lost for now",Bad timing,Closed Lost,Demo / Presentation,2026-08-19 22:48,2026-08-07 00:26:00,EJ Rauseo,Wren Huston,US MM,Mid-Market,46747047865,141.0,101-250,Timing / Maturity,2026Q3,US MM
63434214935,3Shape ,,3Shape,Classic,409.0,Not happened yet,,,,SDR Discovery,SDR / Omitted OPP,2027-08-06 11:32,2026-08-06 11:33:00,James Butcher,William Nagle,EMEA MM,Mid-Market,16247484737,409.0,251-500,Not Closed Lost,2026Q3,EMEA MM
63433870734,N26 ,,N26,Classic,819.0,Not happened yet,,,,SDR / Omitted  Opp,SDR / Omitted OPP,2027-08-05 13:14,2026-08-05 13:14:00,Sharon Peretz,William Nagle,EMEA MM,Mid-Market,26326907953,819.0,501-1000,Not Closed Lost,2026Q3,EMEA MM
63433656959,Zocdoc ,,Zocdoc,Classic,264.0,Unqualified,,We were low in the account but the contact saw value in Port. They were not able to get others involved in the conversations at this time but said he will work over the next 3 - 6 months to get more people involved,Early stage,Closed Lost,SDR / Omitted OPP,2026-08-27 16:30,2026-08-04 18:25:00,EJ Rauseo,Aaron Marans,US MM,Mid-Market,31921448104,264.0,251-500,Timing / Maturity,2026Q3,US MM
63445559121,Brevo,,Brevo,Classic,296.0,Unqualified,,"Other priorities, picking up later this year.",Bad timing,Closed Lost,SDR / Omitted OPP,2026-09-22 17:03,2026-08-04 11:03:00,Matt Bilsland,William Nagle,EMEA MM,Mid-Market,42091242384,296.0,251-500,Timing / Maturity,2026Q3,EMEA MM
63433682500,Life360,,Life360,Classic,194.0,Unqualified,,Went dark after saying he was going to loop in his team. Agentic focused conversation. Re-PG into other people,UNQ,Closed Lost,SDR / Omitted OPP,2026-09-17 15:49,2026-08-03 18:32:00,EJ Rauseo,Aaron Marans,US MM,Mid-Market,20639949094,194.0,101-250,Other,2026Q3,US MM
63425463317,solutions ,,Solutions by stc,Classic,1755.0,Unqualified,,cancelled ,No-show,Closed Lost,SDR / Omitted OPP,2026-08-25 12:26,2026-08-03 15:03:00,William Nagle,William Nagle,SDR EMEA,Mid-Market,57215066220,1755.0,1001-5000,No Show / Can't Connect,2026Q3,SDR EMEA
63360920360,Atrias,24000.0,Atrias;CloudLand B.V.,Classic,50.0,Qualified,2026-08-05,,,Closed Won,Negotiation / Legal,2026-08-05 18:45,2026-08-03 11:28:00,James Butcher,Adrian Sandu,EMEA MM,Mid-Market,57248096016;56180718477,50.0,15-50,Not Closed Lost,2026Q3,EMEA MM
63366547082,Saviynt,,Saviynt,Classic,600.0,Not happened yet,,,,SDR / Omitted  Opp,SDR / Omitted OPP,2026-10-30 09:43,2026-08-01 09:43:00,EJ Rauseo,Aaron Marans,US MM,Mid-Market,35913727130,600.0,501-1000,Not Closed Lost,2026Q3,US MM
63327605648,NVIDIA,,Nvidia,Classic,22524.0,Not happened yet,,,,SDR Discovery,SDR / Omitted OPP,2027-05-30 18:23,2026-07-31 18:23:00,Rachel Jean,Rachel Jean,SDR US,Enterprise,57249801649,22524.0,5001+,Not Closed Lost,2026Q3,SDR US
63223091868,Lowes,,Lowes,Classic,3243.0,Unqualified,,no show,No-show,Closed Lost,SDR / Omitted OPP,2026-09-11 16:12,2026-07-30 22:00:00,Rachel Jean,Rachel Jean,SDR US,Enterprise,31457369401,3243.0,1001-5000,No Show / Can't Connect,2026Q3,SDR US
63222953088,Cargill,,Cargill,Classic,1921.0,Unqualified,,no show,No-show,Closed Lost,SDR / Omitted OPP,2026-09-11 16:12,2026-07-30 17:39:00,Rachel Jean,Rachel Jean,SDR US,Enterprise,12487210307,1921.0,1001-5000,No Show / Can't Connect,2026Q3,SDR US
63222650253,Aviv Group GmbH ,,Aviv Group GmbH,Classic,299.0,Not happened yet,,,,SDR Discovery,SDR / Omitted OPP,2027-07-30 17:11,2026-07-30 17:12:00,James Butcher,Jordan Aspis,EMEA MM,Mid-Market,53240008110,299.0,251-500,Not Closed Lost,2026Q3,EMEA MM
63256156849,Polygon UK,,Polygon UK,Classic,205.0,Unqualified,,Prospect didn't know what we do. wrong persona,No value,Closed Lost,SDR / Omitted OPP,2026-08-11 11:13,2026-07-30 14:04:00,Matt Bilsland,,EMEA MM,Mid-Market,57127165015,205.0,101-250,No Value / Product,2026Q3,EMEA MM
63222966054,Cority,,Cority Software Inc;Meddbase,Classic,24.0,Not happened yet,,,,SDR / Omitted  Opp,SDR / Omitted OPP,2026-10-28 13:18,2026-07-30 13:18:00,William Nagle,William Nagle,SDR EMEA,Mid-Market,10312833687;56007555857,24.0,15-50,Not Closed Lost,2026Q3,SDR EMEA
63222911133,Intel,,Intel,Classic,33082.0,Unqualified,,no show,No-show,Closed Lost,SDR / Omitted OPP,2026-09-11 16:15,2026-07-29 18:48:00,Rachel Jean,Rachel Jean,SDR US,Enterprise,27782178895,33082.0,5001+,No Show / Can't Connect,2026Q3,SDR US
63222380932,McKesson - New Deal ,,McKesson,Classic,128.0,Unqualified,,no show,No-show,Closed Lost,SDR / Omitted OPP,2026-09-11 16:14,2026-07-28 19:28:00,Rachel Jean,Rachel Jean,SDR US,Enterprise,10163254884,128.0,101-250,No Show / Can't Connect,2026Q3,SDR US
63222251921,Publicis Sapient,,Publicis Sapient,Classic,10450.0,Unqualified,,no show,No-show,Closed Lost,SDR / Omitted OPP,2026-09-11 16:14,2026-07-28 17:42:00,Rachel Jean,Rachel Jean,SDR US,Enterprise,53969060425,10450.0,5001+,No Show / Can't Connect,2026Q3,SDR US
63186793333,Thermo Fisher ,,Thermo Fisher,Classic,5652.0,Unqualified,,no show,No-show,Closed Lost,SDR / Omitted OPP,2026-09-11 16:14,2026-07-28 15:58:00,Rachel Jean,Rachel Jean,SDR US,Enterprise,9661149192,5652.0,5001+,No Show / Can't Connect,2026Q3,SDR US
63189376109,Informatica ,,Informatica,Classic,1963.0,Unqualified,,no show,No-show,Closed Lost,SDR / Omitted OPP,2026-09-11 16:13,2026-07-27 23:34:00,Rachel Jean,Rachel Jean,SDR US,Enterprise,9408694181,1963.0,1001-5000,No Show / Can't Connect,2026Q3,SDR US
63027927605,QHR Tech,180000.0,qhrtech.com,Classic,157.0,Qualified,2026-08-21,,,Demo / Presentation ,Demo / Presentation,2026-12-19 00:14,2026-07-23 21:57:00,John Romano,Dylan Leija,US MM,Mid-Market,20998543010,157.0,101-250,Not Closed Lost,2026Q3,US MM
63051351643,Foundation Building Materials,24000.0,Foundation Building Materials,Classic,39.0,Qualified,2026-08-14,,,Business Validation,Pilot Prep,2026-12-19 00:14,2026-07-23 19:43:00,John Romano,Aaron Marans,US MM,Mid-Market,56961965919,39.0,15-50,Not Closed Lost,2026Q3,US MM
63027858075,Opera ,,Opera,Classic,350.0,Not happened yet,,,,SDR / Omitted  Opp,SDR / Omitted OPP,2027-07-23 18:09,2026-07-23 18:10:00,James Butcher,William Nagle,EMEA MM,Mid-Market,20717490805,350.0,251-500,Not Closed Lost,2026Q3,EMEA MM
63027783963,Legora ,100000.0,Legora,Classic,148.0,Qualified,2026-07-30,The problem the customer had was addressed with teams leveraging internally developed agentic process.,Internal Build,Closed Lost,Demo / Presentation,2026-09-17 09:14,2026-07-23 11:01:00,Matt Bilsland,William Nagle,EMEA MM,Mid-Market,42614129841,148.0,101-250,No Value / Product,2026Q3,EMEA MM
63066360597,Basler Kantonalbank ,,Basler Kantonalbank,Classic,50.0,Not happened yet,,,,SDR / Omitted  Opp,SDR / Omitted OPP,2027-01-31 13:08,2026-07-23 08:06:00,James Butcher,William Nagle,EMEA MM,Mid-Market,52924879397,50.0,15-50,Not Closed Lost,2026Q3,EMEA MM
63008973989,Oura,100000.0,Oura,Classic,506.0,Qualified,2026-08-04,getting more details but chris said they are going with another solution,Competition,Closed Lost,Demo / Presentation,2026-09-08 21:02,2026-07-22 02:16:00,Jill Countey,Wren Huston,US MM,Enterprise,34544541509,506.0,501-1000,Competitor,2026Q3,US MM
63027279691,RBC Platform Team,,RBC,Classic,5756.0,Unqualified,,no right person,Not right company/ persona,Closed Lost,SDR / Omitted OPP,2026-09-11 16:13,2026-07-21 23:10:00,Rachel Jean,Rachel Jean,SDR US,Enterprise,31957405056,5756.0,5001+,Not a Fit,2026Q3,SDR US
62921039114,Aize,50000.0,Aize;Aize,Classic,120.0,Qualified,2026-07-30,Aize could not quantify their pain and want to to pick this up towards the end of the year,Early stage,Closed Lost,Demo / Presentation,2026-08-06 10:50,2026-07-21 16:47:00,Matt Bilsland,William Nagle,EMEA MM,Mid-Market,55869255321;56028120956,120.0,101-250,Timing / Maturity,2026Q3,EMEA MM
62950529834,Cato Networks ,,Cato Networks,Classic,436.0,Not happened yet,,,,SDR Discovery,SDR / Omitted OPP,2026-10-19 14:12,2026-07-21 14:01:00,William Nagle,William Nagle,SDR EMEA,Mid-Market,22123485706,436.0,251-500,Not Closed Lost,2026Q3,SDR EMEA
62907433333,Aidoc,,Aidoc,Classic,108.0,Unqualified,,unresponsive. ,No-show,Closed Lost,SDR / Omitted OPP,2026-09-15 09:55,2026-07-21 10:10:00,Sharon Peretz,William Nagle,EMEA MM,Mid-Market,9408659875,108.0,101-250,No Show / Can't Connect,2026Q3,EMEA MM
62704521516,Sagent ,,Sagent,Classic,306.0,Unqualified,,Solid first outbound meeting but they are in the information gathering phase. We are early here but are positioned to start things in '27,Early stage,Closed Lost,SDR / Omitted OPP,2026-08-27 16:39,2026-07-17 21:40:00,EJ Rauseo,Aaron Marans,US MM,Mid-Market,30975757203,306.0,251-500,Timing / Maturity,2026Q3,US MM
62746008921,Autopay SA,40000.0,Autopay,Classic,79.0,Qualified,2026-07-30,,,Demo / Presentation ,Demo / Presentation,2026-11-08 10:10,2026-07-17 19:08:00,Sharon Peretz,William Nagle,EMEA MM,Mid-Market,56520972410,79.0,51-100,Not Closed Lost,2026Q3,EMEA MM
62744441934,Westwing,24000.0,Westwing,Classic,86.0,Qualified,2026-09-01,,,Business Validation,Pilot Prep,2026-12-31 12:44,2026-07-17 15:12:00,James Butcher,William Nagle,EMEA MM,Mid-Market,10077111163,86.0,51-100,Not Closed Lost,2026Q3,EMEA MM
62703966102,Billgo,,BillGO,Classic,50.0,Not happened yet,,,,SDR Discovery,SDR / Omitted OPP,2026-10-14 18:17,2026-07-16 18:17:00,Aaron Marans,Aaron Marans,SDR US,Mid-Market,47633654371,50.0,15-50,Not Closed Lost,2026Q3,SDR US
62661058856,Flutterwave,,Flutterwave,Classic,179.0,Unqualified,,Prospect not responding,No-show,Closed Lost,SDR / Omitted OPP,2026-08-05 12:37,2026-07-16 16:49:00,Matt Bilsland,William Nagle,EMEA MM,Mid-Market,9958746288,179.0,101-250,No Show / Can't Connect,2026Q3,EMEA MM
62657817398,Smile Doctors,24000.0,Smile Doctors,Classic,50.0,Qualified,2026-07-28,,,Business Case Confirmation,Business case confirmation,2026-12-15 20:45,2026-07-15 20:32:00,Jill Countey,Logan Loisel,US MM,Mid-Market,56616897044,50.0,15-50,Not Closed Lost,2026Q3,US MM
62657898889,Knowit ,,Knowit,Classic,1111.0,Unqualified,,Could be a partner conversation but there was pushback on working with Port.,Not right company/ persona,Closed Lost,SDR / Omitted OPP,2026-07-22 15:45,2026-07-15 17:07:00,Matt Bilsland,William Nagle,EMEA MM,Mid-Market,56591765026,1111.0,1001-5000,Not a Fit,2026Q3,EMEA MM
62625016238,Solita ,,Solita,Classic,807.0,Unqualified,,"The guys were not engaged, too much on the consultancy side",Not right company/ persona,Closed Lost,SDR / Omitted OPP,2026-07-22 11:13,2026-07-14 13:57:00,Matt Bilsland,William Nagle,EMEA MM,Mid-Market,21528170784,807.0,501-1000,Not a Fit,2026Q3,EMEA MM
62444756148,PROS Inc ,,PROS Inc,Classic,512.0,Unqualified,,"""Apologies, I will have to cancel demo entirely for the foreseeable future"" - Garrett

Going to try to figure out what challenge he was looking to solve and reach out to others there. 

Garrett is very new org and low",Bad timing,Closed Lost,SDR / Omitted OPP,2026-07-10 17:16,2026-07-09 18:01:00,John Romano,Aaron Marans,US MM,Mid-Market,21468363931,512.0,501-1000,Timing / Maturity,2026Q3,US MM
62428988520,Inabia - New Deal,,Inabia,Classic,50.0,Unqualified,,They were looking for an observability tool rather than an Agentic SDLC Platform. They have 20 engineers so it is also very small,Not right company/ persona,Closed Lost,SDR / Omitted OPP,2026-07-20 22:31,2026-07-09 08:08:00,EJ Rauseo,Aaron Marans,US MM,Mid-Market,56520482116,50.0,15-50,Not a Fit,2026Q3,US MM
62394803628,Redare Pharmacy ,,redcare pharmacy,Classic,170.0,Unqualified,,"Joined a call, not responded to follow up",Unable to connect,Closed Lost,SDR / Omitted OPP,2026-08-03 17:45,2026-07-08 13:00:00,Matt Bilsland,William Nagle,EMEA MM,Mid-Market,19467758897,170.0,101-250,No Show / Can't Connect,2026Q3,EMEA MM
62310588513,Tide ,,Tide,Classic,581.0,Not happened yet,,,,SDR Discovery,SDR / Omitted OPP,2027-02-28 13:14,2026-07-06 18:13:00,James Butcher,Jordan Aspis,EMEA MM,Mid-Market,10339190905,581.0,501-1000,Not Closed Lost,2026Q3,EMEA MM
62121770768,Western University,,Western University,Classic,175.0,Unqualified,,"Preliminary market research, no budget, no buying motion",UNQ; Budget; Early stage,Closed Lost,SDR / Omitted OPP,2026-07-30 14:55,2026-07-06 15:46:00,Daniel Alper,Wren Huston,US MM,Mid-Market,54176884387,175.0,101-250,Timing / Maturity,2026Q3,US MM
62045325129,RBC,,RBC,Classic,5642.0,Unqualified,,no show,No-show,Closed Lost,SDR / Omitted OPP,2026-08-04 16:37,2026-07-02 18:34:00,Rachel Jean,Rachel Jean,SDR US,Enterprise,31957405056,5642.0,5001+,No Show / Can't Connect,2026Q3,SDR US
62045500473,Air Space Intelligence ,181000.0,Air Space Intelligence,Classic,150.0,Qualified,2026-07-06,"Had 1 demo meeting (They were post POC with cortex). They decided to move forward with Cortex: 
""Sorry for leaving you hanging - I completely overlooked your previous message.

Regarding the call, we've decided to stop evaluating Port. That decision wasn't based solely on our conversation and the demo, but on a number of factors we considered throughout our evaluation process. At this point we're comfortable with the direction we've chosen, so I don't think another call would change the outcome. That said, I genuinely think you're building a great product that solves real problems. It just turned out that we're looking for something a bit different.

Thank you again for your time and the conversation. I really appreciate it, and I wish you and the team all the best.""",Competition,Closed Lost,Demo / Presentation,2026-07-23 09:36,2026-07-02 14:31:00,Sharon Peretz,William Nagle,EMEA MM,Mid-Market,21684315240,150.0,101-250,Competitor,2026Q3,EMEA MM
62044817263,Nayax ,,Nayax,Classic,165.0,Unqualified,,no show ,No-show,Closed Lost,SDR / Omitted OPP,2026-07-23 18:39,2026-07-02 12:43:00,William Nagle,William Nagle,SDR EMEA,Mid-Market,32164500803,165.0,101-250,No Show / Can't Connect,2026Q3,SDR EMEA
62065864598,Chainalysis ,,Chainalysis,Classic,196.0,Unqualified,,Not enough pain around lack of agent governance and orchestration yet,No value,Closed Lost,SDR / Omitted OPP,2026-07-16 18:58,2026-07-02 12:01:00,John Romano,Aaron Marans,US MM,Mid-Market,9881242477,196.0,101-250,No Value / Product,2026Q3,US MM
62092779858,Cribl ,,Cribl,Classic,307.0,Unqualified,,"Pushed us off to September, following up but seems like a tire kicker at best",Unable to connect,Closed Lost,SDR / Omitted OPP,2026-09-01 19:08,2026-07-02 06:33:00,John Romano,Aaron Marans,US MM,Mid-Market,37512828831,307.0,251-500,No Show / Can't Connect,2026Q3,US MM
62045124881,Doxo,24000.0,Doxo,Classic,31.0,Qualified,2026-07-10,"After making progress during the self-led POC, they stopped responding and have not answered any emails / calls",No-show,Closed Lost,Demo / Presentation,2026-08-14 22:57,2026-07-01 20:12:00,EJ Rauseo,Aaron Marans,US MM,Mid-Market,50807460259,31.0,15-50,No Show / Can't Connect,2026Q3,US MM
61951815052,One NZ ,,Vodafone NZ,Classic,217.0,Unqualified,,no show,No-show,Closed Lost,SDR / Omitted OPP,2026-08-11 07:15,2026-07-01 09:41:00,Scott Dunion,William Nagle,APJ,Mid-Market,26617745265,217.0,101-250,No Show / Can't Connect,2026Q3,APJ
61873132112,MasterControl,99000.0,"MasterControl Solutions, Inc.",Classic,200.0,Qualified,2026-07-14,,,Closed Won,Negotiation / Legal,2026-08-31 08:44,2026-06-30 23:56:00,John Romano,Aaron Marans,US MM,Mid-Market,18031441704,200.0,101-250,Not Closed Lost,2026Q2,US MM
61848804641,SoSafe ,,SoSafe,Classic,93.0,Unqualified,,Decided to move forward with Metrics- LinearB/ Swarmia at this stage. Trying to push to meeting with CTO.,Early stage; Competition,Closed Lost,SDR / Omitted OPP,2026-07-27 10:48,2026-06-30 16:48:00,Sharon Peretz,William Nagle,EMEA MM,Mid-Market,56194025490,93.0,51-100,Timing / Maturity,2026Q2,EMEA MM
61852739253,CYE ,,CYE,Classic,77.0,Unqualified,,"not responsive, small team.",Unable to connect,Closed Lost,SDR / Omitted OPP,2026-07-27 11:00,2026-06-30 10:38:00,Sharon Peretz,William Nagle,EMEA MM,Mid-Market,56207987266,77.0,51-100,No Show / Can't Connect,2026Q2,EMEA MM
61810634361,Salt Security ,,Salt Security,Classic,82.0,Unqualified,,no show,No-show,Closed Lost,SDR / Omitted OPP,2026-07-23 18:33,2026-06-30 00:07:00,William Nagle,William Nagle,SDR EMEA,Mid-Market,21522425384,82.0,51-100,No Show / Can't Connect,2026Q2,SDR EMEA
61724292266,Varonis System Ltd ,,Varonis System Ltd,Classic,901.0,Unqualified,,unresponsive,Unable to connect,Closed Lost,SDR / Omitted OPP,2026-07-09 10:52,2026-06-29 12:12:00,Sharon Peretz,William Nagle,EMEA MM,Mid-Market,9409052965,901.0,501-1000,No Show / Can't Connect,2026Q2,EMEA MM
61685715852,Nomura International PLC,,Nomura International plc,Classic,2336.0,Unqualified,,Not aligned right now,Bad timing,Closed Lost,SDR / Omitted OPP,2026-08-04 17:20,2026-06-26 22:36:00,Aaron Marans,Aaron Marans,SDR US,Mid-Market,10067617046,2336.0,1001-5000,Timing / Maturity,2026Q2,SDR US
61673609864,Adaptavist - New Deal,,Adaptavist,Classic,205.0,Unqualified,,no show from event,No-show,Closed Lost,SDR / Omitted OPP,2026-08-25 13:54,2026-06-26 22:36:00,William Nagle,William Nagle,SDR EMEA,Mid-Market,56678154557,205.0,101-250,No Show / Can't Connect,2026Q2,SDR EMEA
61695798400,MindCloud Tech - New Deal,,MindCloud Tech,Classic,36.0,Unqualified,,No show ,No-show,Closed Lost,SDR / Omitted OPP,2026-08-03 17:44,2026-06-26 22:36:00,Aaron Marans,Aaron Marans,SDR US,Mid-Market,56044394540,36.0,15-50,No Show / Can't Connect,2026Q2,SDR US
62660936332,IntraFi,,IntraFi,Classic,62.0,Not happened yet,,,,SDR / Omitted  Opp,SDR / Omitted OPP,,2026-06-26 22:36:00,Aaron Marans,Aaron Marans,SDR US,Mid-Market,39249501795,62.0,51-100,Not Closed Lost,2026Q2,SDR US
61693094237,Sap National Security Services ,,SAP NS2,Classic,226.0,Unqualified,,Not the right fit right now ,Bad timing,Closed Lost,SDR / Omitted OPP,2026-09-16 17:51,2026-06-26 22:36:00,Aaron Marans,Aaron Marans,SDR US,Mid-Market,10163183380,226.0,101-250,Timing / Maturity,2026Q2,SDR US
61685562469,CoreWeave - New Deal,,CoreWeave,Classic,670.0,Unqualified,,Signed up trade show. Declined meeting and never responded to followup ,No-show,Closed Lost,SDR / Omitted OPP,2026-07-16 16:51,2026-06-26 22:36:00,Aaron Marans,Aaron Marans,SDR US,Mid-Market,19161630748,670.0,501-1000,No Show / Can't Connect,2026Q2,SDR US
61690290523,Marriott International - PlatformCon NY,,Marriott,Classic,1132.0,Not happened yet,,,,SDR Discovery,SDR / Omitted OPP,,2026-06-26 22:36:00,Logan Loisel,Logan Loisel,SDR US,Enterprise,18853673257,1132.0,1001-5000,Not Closed Lost,2026Q2,SDR US
61683037613,Cardworks,,Cardworks,Classic,41.0,Unqualified,,PlatformCon NYC no show,No-show; Unable to connect,Closed Lost,SDR / Omitted OPP,2026-08-10 17:57,2026-06-26 22:36:00,Wren Huston,,SDR US,Mid-Market,30435145030,41.0,15-50,No Show / Can't Connect,2026Q2,SDR US
61685685416,Tangerine,,Tangerine Bank,Classic,241.0,Not happened yet,,,,SDR / Omitted  Opp,SDR / Omitted OPP,2026-12-15 17:13,2026-06-26 19:41:00,Jill Countey,Wren Huston,US MM,Mid-Market,10135598517,241.0,101-250,Not Closed Lost,2026Q2,US MM
61630922551,Ares Management Corporation ,,Ares Management Corporation,Classic,133.0,Unqualified,,"Prospect did not show to intro, and did not respond to outreach in weeks following",No-show; Unable to connect,Closed Lost,SDR / Omitted OPP,2026-07-17 16:54,2026-06-26 17:16:00,Wren Huston,Wren Huston,SDR US,Mid-Market,21468363791,133.0,101-250,No Show / Can't Connect,2026Q2,SDR US
61625384486,Skandia,,Skandia,Classic,345.0,Discovery,,,,SDR Discovery,SDR / Omitted OPP,2027-06-26 13:11,2026-06-26 13:11:00,William Nagle,William Nagle,SDR EMEA,Mid-Market,32135597213,345.0,251-500,Not Closed Lost,2026Q2,SDR EMEA
61623647833,Duolingo,,Duolingo,Classic,148.0,Unqualified,,Cancelled our call saying that they already have things in place - Did not get back to us on our push back,No-show,Closed Lost,SDR / Omitted OPP,2026-07-13 17:55,2026-06-25 23:03:00,EJ Rauseo,Aaron Marans,US MM,,17545054811,148.0,101-250,No Show / Can't Connect,2026Q2,US MM
61600622769,Hunter Engineering,,Hunter Engineering,Classic,107.0,Unqualified,,They need to build out their backends before engaging with Port. A platform engineer left the company and they lack the bandwidth to work on this now,Early stage,Closed Lost,SDR / Omitted OPP,2026-09-03 16:00,2026-06-25 17:10:00,EJ Rauseo,Aaron Marans,US MM,Mid-Market,56011434630,107.0,101-250,Timing / Maturity,2026Q2,US MM
61580227899,NIBC Bank ,,NIBC,Classic,91.0,Unqualified,,no show from event,No-show,Closed Lost,SDR / Omitted OPP,2026-09-03 16:19,2026-06-25 00:44:00,William Nagle,William Nagle,SDR EMEA,Mid-Market,56463488849,91.0,51-100,No Show / Can't Connect,2026Q2,SDR EMEA
61593235822,American Express - PlatformCon London,,American Express,Classic,10000.0,Not happened yet,,,,SDR Discovery,SDR / Omitted OPP,,2026-06-25 00:44:00,Logan Loisel,Logan Loisel,SDR US,Enterprise,56001621147,10000.0,5001+,Not Closed Lost,2026Q2,SDR US
61550516007,Truckstop,30000.0,Truckstop,Classic,240.0,Qualified,2026-07-08,,,Formal Pilot,Formal Pilot,2026-12-15 15:57,2026-06-24 19:44:00,Jill Countey,Wren Huston,US MM,Mid-Market,10259330640,240.0,101-250,Not Closed Lost,2026Q2,US MM
61463220762,Sveriges Radio P3 ,50000.0,Sveriges Radio P3,Classic,142.0,Qualified,2026-09-01,Been advised project is on hold,Early stage,Closed Lost,Demo / Presentation,2026-09-03 10:44,2026-06-23 17:02:00,Matt Bilsland,William Nagle,EMEA MM,Mid-Market,55885045143,142.0,101-250,Timing / Maturity,2026Q2,EMEA MM
61460840620,FlixBus - New Deal,,FlixBus,Classic,286.0,Unqualified,,PlatformCon meeting - no show,No-show; Unable to connect,Closed Lost,SDR / Omitted OPP,2026-08-05 11:27,2026-06-23 16:26:00,Adrian Sandu,Adrian Sandu,SDR EMEA,Enterprise,51213124949,286.0,251-500,No Show / Can't Connect,2026Q2,SDR EMEA
61459280997,Kraken Technologies ,,Kraken Technologies,Classic,637.0,Unqualified,,"Closed lost last year - spoke with friend who's a PM at Kraken, Cortex is being deeply embedded and y1 of a 3-year+ rollout with direct COO backing, unlikely to be able to break in this FY. Possible to revisit in the future but not worth focusing on now",Competition; Bad timing,Closed Lost,SDR / Omitted OPP,2026-08-27 17:20,2026-06-23 14:32:00,James Butcher,Jordan Aspis,EMEA MM,Mid-Market,25191225195,637.0,501-1000,Timing / Maturity,2026Q2,EMEA MM
61458979912,Meddbase,,Cority,Classic,30.0,Unqualified,,"""I'm afraid we're not going to be taking this any further. Our priorities have shifted and we don't have the capacity to run an evaluation.""",Bad timing; Other,Closed Lost,SDR / Omitted OPP,2026-09-16 18:45,2026-06-23 13:17:00,William Nagle,William Nagle,SDR EMEA,Mid-Market,55887489101,30.0,15-50,Timing / Maturity,2026Q2,SDR EMEA
61453451831,ista ,100000.0,ista,Classic,131.0,Qualified,2026-08-18,,,Demo / Presentation ,Demo / Presentation,2027-06-30 11:33,2026-06-23 13:15:00,James Butcher,William Nagle,EMEA MM,Mid-Market,56400228185,131.0,101-250,Not Closed Lost,2026Q2,EMEA MM
61453844995,Climate X,,Climate X,Classic,34.0,Unqualified,,event no show to meeting ,No-show,Closed Lost,SDR / Omitted OPP,2026-09-03 16:19,2026-06-23 12:43:00,William Nagle,William Nagle,SDR EMEA,Mid-Market,55866289080,34.0,15-50,No Show / Can't Connect,2026Q2,SDR EMEA
61452577311,Solidicon,,Solidicon,Classic,15.0,Unqualified,,"too small, starting to explore the space but not enough urgency/need right now",UNQ; Early stage,Closed Lost,SDR / Omitted OPP,2026-08-18 12:18,2026-06-23 11:20:00,William Nagle,William Nagle,SDR EMEA,Mid-Market,54919607411,15.0,15-50,Timing / Maturity,2026Q2,SDR EMEA
61355767928,1Password,200000.0,AgileBits Inc.,Classic,488.0,Qualified,2026-06-22,,,Formal Pilot,Formal Pilot,2026-11-27 17:35,2026-06-22 18:36:00,Daniel Alper,Wren Huston,US MM,Mid-Market,10485191208,488.0,251-500,Not Closed Lost,2026Q2,US MM
61245034105,Boku ,100000.0,Boku,Classic,195.0,Qualified,2026-07-22,,,Demo / Presentation ,Demo / Presentation,2027-02-17 10:59,2026-06-18 17:46:00,James Butcher,William Nagle,EMEA MM,Mid-Market,48414930853,195.0,101-250,Not Closed Lost,2026Q2,EMEA MM
61176429088,Sagent -,,Sagent,Classic,299.0,Unqualified,,We met with a SRE who is a fan of IDPs but does not make decisions. He gave us solid information and will try to intro us to others in the account while we continue to PG into the account. There is something here but he thinks it will be likely in 2027,Early stage,Closed Lost,SDR / Omitted OPP,2026-06-26 17:41,2026-06-17 19:57:00,EJ Rauseo,Aaron Marans,US MM,Mid-Market,30975757203,299.0,251-500,Timing / Maturity,2026Q2,US MM
61163349929,National Research Group,,National Research Group,Classic,45.0,Unqualified,,to be rescheduled,No-show,Closed Lost,SDR / Omitted OPP,2026-06-30 18:29,2026-06-17 16:25:00,Jill Countey,Wren Huston,US MM,Mid-Market,55656588310,45.0,15-50,No Show / Can't Connect,2026Q2,US MM
61179073030,Hollard Insurance Australia,,Hollard Insurance Australia,Classic,43.0,Not happened yet,,,,SDR / Omitted  Opp,SDR / Omitted OPP,2027-02-17 06:24,2026-06-17 04:58:00,Scott Dunion,William Nagle,APJ,Mid-Market,25009698412,43.0,15-50,Not Closed Lost,2026Q2,APJ
61129843029,Charter Communications,,Charter Communications,Classic,4842.0,Unqualified,,"OOO
",Bad timing,Closed Lost,SDR / Omitted OPP,2026-09-02 23:40,2026-06-16 18:28:00,Rachel Jean,Rachel Jean,SDR US,Enterprise,18049157470,4842.0,1001-5000,Timing / Maturity,2026Q2,SDR US
61110097312,Versa Networks,50000.0,Versa Networks,Classic,250.0,Qualified,2026-06-23,"""We are going slow on platform side of the things hence we are not looking at Port or any other solution for IDP implementation as of now. I will connect once I will have more clarity on our direction on this front.""",Bad timing,Closed Lost,Demo / Presentation,2026-07-10 16:43,2026-06-15 17:40:00,Jill Countey,Wren Huston,US MM,Mid-Market,25215867447,250.0,101-250,Timing / Maturity,2026Q2,US MM
61054513442,Calendly,,Calendly;Calendly;Calendly,Classic,184.0,Unqualified,,Said they weren't interested after no showing demo,No-show,Closed Lost,SDR / Omitted OPP,2026-08-03 17:46,2026-06-12 23:33:00,Aaron Marans,Aaron Marans,SDR US,Mid-Market,36510916269;55537022339;55551540050,184.0,101-250,No Show / Can't Connect,2026Q2,SDR US
61051411220,Greater New York Mutual Insurance,,Greater New York Insurance;Greater New York Mutual Insurance;Greater New York Mutual Insurance,Classic,18.0,Unqualified,,DASH no show,No-show; Unable to connect,Closed Lost,SDR / Omitted OPP,2026-07-06 21:11,2026-06-12 20:30:00,Wren Huston,Wren Huston,SDR US,Mid-Market,55491357297;55519848547;55537228931,18.0,15-50,No Show / Can't Connect,2026Q2,SDR US
61047216288,HSBC - New Deal,,HSBC;HSBC,Classic,10000.0,Unqualified,,Meeting from DASH NYC. Unable to get a hold of prospect,Unable to connect,Closed Lost,SDR / Omitted OPP,2026-07-15 13:20,2026-06-12 16:40:00,Adrian Sandu,Adrian Sandu,SDR EMEA,Enterprise,32497509960;55544320914,10000.0,5001+,No Show / Can't Connect,2026Q2,SDR EMEA
61031624600,Tishman Speyer,,Tishman Speyer,Classic,41.0,Unqualified,,Intro held 6/18 to confirm use case not relevant,Not right company/ persona,Closed Lost,SDR / Omitted OPP,2026-06-24 21:54,2026-06-11 19:22:00,Daniel Alper,Wren Huston,US MM,Mid-Market,55655848028,41.0,15-50,Not a Fit,2026Q2,US MM
61129294964,CaseWorthy,,CaseWorthy,Classic,43.0,Unqualified,,"Brian no longer with CaseWorthy, not worth pursuing further based on Company/Engineering org size",Champion left/ Company cuts,Closed Lost,SDR / Omitted OPP,2026-07-08 18:13,2026-06-11 19:22:00,John Romano,Aaron Marans,US MM,Mid-Market,55605082002,43.0,15-50,Not a Fit,2026Q2,US MM
61030451722,Nulab,,Nulab;Nulab,Classic,31.0,Unqualified,,DASY NYC meeting - no show,No-show; Unable to connect,Closed Lost,SDR / Omitted OPP,2026-08-05 11:30,2026-06-11 19:22:00,Adrian Sandu,Adrian Sandu,SDR EMEA,Enterprise,55525787489;55515960661,31.0,15-50,No Show / Can't Connect,2026Q2,SDR EMEA
61022696778,RTX (Raytheon),,RTX (Raytheon);Pratt and Whitney,Classic,3210.0,Unqualified,,no show,No-show,Closed Lost,SDR / Omitted OPP,2026-08-03 17:43,2026-06-11 19:18:00,Dylan Leija,Dylan Leija,SDR US,Enterprise,55520065121;18031658518,3210.0,1001-5000,No Show / Can't Connect,2026Q2,SDR US
61030084485,Progressive,,Progressive;Progressive,Classic,3015.0,Unqualified,,Canceled,Unable to connect,Closed Lost,SDR / Omitted OPP,2026-08-18 19:42,2026-06-11 19:18:00,Dylan Leija,Dylan Leija,SDR US,Enterprise,55538106521;18939616691,3015.0,1001-5000,No Show / Can't Connect,2026Q2,SDR US
61030022695,Allstate,,Allstate;Allstate,Classic,2387.0,Unqualified,,no show,No-show,Closed Lost,SDR / Omitted OPP,2026-08-03 17:43,2026-06-11 19:18:00,Dylan Leija,Dylan Leija,SDR US,Enterprise,55530412807;10163307116,2387.0,1001-5000,No Show / Can't Connect,2026Q2,SDR US
61031704852,Morgan Stanley,,Morgan Stanley;Morgan Stanley,Classic,14839.0,Unqualified,,went dark after 1st meeting,Unable to connect,Closed Lost,SDR / Omitted OPP,2026-09-16 17:44,2026-06-11 19:18:00,Dylan Leija,Dylan Leija,SDR US,Enterprise,55544513069;9881228800,14839.0,5001+,No Show / Can't Connect,2026Q2,SDR US
61031608232,Copart,,"Copart, Inc.",Classic,397.0,Unqualified,,no show,No-show,Closed Lost,SDR / Omitted OPP,2026-08-03 17:44,2026-06-11 19:18:00,Dylan Leija,Dylan Leija,SDR US,Enterprise,56400222620,397.0,251-500,No Show / Can't Connect,2026Q2,SDR US
61030380560,Sunrun,,Sunrun Inc;Sunrun Inc,Classic,290.0,Unqualified,,no show,No-show,Closed Lost,SDR / Omitted OPP,2026-08-03 17:42,2026-06-11 19:18:00,Dylan Leija,Dylan Leija,SDR US,Enterprise,55530112847;10163239069,290.0,251-500,No Show / Can't Connect,2026Q2,SDR US
61031754004,Liberty Mutual,,Liberty Mutual;Liberty Mutual,Classic,3587.0,Unqualified,,no show,No-show,Closed Lost,SDR / Omitted OPP,2026-08-03 17:42,2026-06-11 19:18:00,Dylan Leija,Dylan Leija,SDR US,Enterprise,55547972463;30995050918,3587.0,1001-5000,No Show / Can't Connect,2026Q2,SDR US
61031115554,Daloopa,,Daloopa;Daloopa,Classic,28.0,Unqualified,,Steve responded not interest in rebooking 6/25,No-show,Closed Lost,SDR / Omitted OPP,2026-06-25 23:37,2026-06-11 19:18:00,Daniel Alper,Wren Huston,US MM,Mid-Market,55550996807;49596093186,28.0,15-50,No Show / Can't Connect,2026Q2,US MM
61031716472,TherapyNotes,,TherapyNotes;TherapyNotes,Classic,150.0,Unqualified,,No show DASH,No-show; Unable to connect,Closed Lost,SDR / Omitted OPP,2026-07-02 20:05,2026-06-11 19:18:00,Wren Huston,Wren Huston,SDR US,Mid-Market,55541614402;55533769548,150.0,101-250,No Show / Can't Connect,2026Q2,SDR US
61031666029,Versant Media,,VERSANT MEDIA;VERSANT MEDIA,Classic,61.0,Unqualified,,"Conference lead. Wrong persona, trying to get intro to Platform team",Not right company/ persona; UNQ,Closed Lost,SDR / Omitted OPP,2026-07-30 14:58,2026-06-11 19:18:00,Daniel Alper,Wren Huston,US MM,Mid-Market,55521449793;46812375152,61.0,51-100,Not a Fit,2026Q2,US MM
61030101558,Copart,,"Copart, Inc.",Classic,397.0,Unqualified,,ghost,No-show; Unable to connect,Closed Lost,SDR / Omitted OPP,2026-07-24 23:23,2026-06-11 19:18:00,Dylan Leija,Dylan Leija,SDR US,Enterprise,56400222620,397.0,251-500,No Show / Can't Connect,2026Q2,SDR US
61031757573,Grupo DPSP,,Grupo DPSP;Grupo DPSP,Classic,719.0,Not happened yet,,,,SDR Discovery,SDR / Omitted OPP,,2026-06-11 19:18:00,Luis Martinez,Luis Martinez,SDR US,Enterprise,55545606260;52752116753,719.0,501-1000,Not Closed Lost,2026Q2,SDR US
61624660231,SharkNinja,,SharkNinja,Classic,356.0,Unqualified,,Enzo didn't show up for demo,No-show,Closed Lost,SDR / Omitted OPP,2026-08-03 22:23,2026-06-11 19:18:00,John Romano,Aaron Marans,US MM,Mid-Market,57979387812,356.0,251-500,No Show / Can't Connect,2026Q2,US MM
61030154622,WalkMe LTD.,,WalkMe LTD.;WalkMe LTD.,Classic,293.0,Unqualified,,no show event,No-show,Closed Lost,SDR / Omitted OPP,2026-07-23 18:35,2026-06-11 19:18:00,William Nagle,William Nagle,SDR EMEA,Mid-Market,55524530960;20717600526,293.0,251-500,No Show / Can't Connect,2026Q2,SDR EMEA
61024964457,DAT Freight & Analytics,,DAT Freight & Analytics,Classic,360.0,Unqualified,,Declined follow up meeting without context. Have Datadog IDP and seeing value. Some interest in having a way to better see and control cloud cost but may be better suited for a point solution.,No-show,Closed Lost,SDR / Omitted OPP,2026-07-15 19:16,2026-06-11 02:00:00,John Romano,Aaron Marans,US MM,Mid-Market,11464790388,360.0,251-500,No Show / Can't Connect,2026Q2,US MM
60999834634,Kambi ,,Kambi,Classic,243.0,Not happened yet,,,,SDR Discovery,SDR / Omitted OPP,2027-01-31 17:26,2026-06-10 14:49:00,James Butcher,Jordan Aspis,EMEA MM,Mid-Market,10457644864,243.0,101-250,Not Closed Lost,2026Q2,EMEA MM
61024720954,Heimerle + Meule GmbH,24000.0,Heimerle + Meule GmbH,Classic,55.0,Qualified,2026-06-10,,,Closed Won,Negotiation / Legal,2026-08-06 17:13,2026-06-10 12:12:00,Matt Bilsland,William Nagle,EMEA MM,Mid-Market,32040202603,55.0,51-100,Not Closed Lost,2026Q2,EMEA MM
60917166087,Getnet.net ,,Getnet.net,Classic,489.0,Unqualified,,"called, emailed multiple times, linkedin messaged - no answer ",Unable to connect,Closed Lost,SDR / Omitted OPP,2026-08-18 11:37,2026-06-06 23:57:00,Sharon Peretz,William Nagle,EMEA MM,Mid-Market,55605074808,489.0,251-500,No Show / Can't Connect,2026Q2,EMEA MM
60893104482,Prove,,Prove,Classic,119.0,Unqualified,,no show,No-show,Closed Lost,SDR / Omitted OPP,2026-08-04 16:09,2026-06-05 19:36:00,Jill Countey,Wren Huston,US MM,Mid-Market,26633906494,119.0,101-250,No Show / Can't Connect,2026Q2,US MM
60857702658,SoftwareONE US ,,Google;SoftwareONE US,Classic,20.0,Discovery,,,,SDR Discovery,,2027-06-04 17:11,2026-06-04 17:12:00,Logan Loisel,Logan Loisel,SDR US,Enterprise,56573766815;10077081400,20.0,15-50,Not Closed Lost,2026Q2,SDR US
60844048443,Distyl AI,,Distyl AI,Classic,79.0,Unqualified,,Meeting with a team of lower level people who said they do not have the bandwidth to explore Port deeper,Bad timing,Closed Lost,SDR / Omitted OPP,2026-07-15 22:23,2026-06-03 19:44:00,EJ Rauseo,Aaron Marans,US MM,Mid-Market,37447956070,79.0,51-100,Timing / Maturity,2026Q2,US MM
60843590429,Personify Health,,Personify Health,Classic,413.0,Unqualified,,No response to continued outreach to reschedule,No-show; Unable to connect,Closed Lost,SDR / Omitted OPP,2026-06-22 16:41,2026-06-03 19:08:00,Wren Huston,Wren Huston,SDR US,Mid-Market,32134539404,413.0,251-500,No Show / Can't Connect,2026Q2,SDR US
60844021360,Helsana ,150000.0,Helsana,Classic,134.0,Qualified,2026-06-11,,,Business Case Confirmation,Business case confirmation,2026-12-31 13:21,2026-06-03 18:20:00,James Butcher,William Nagle,EMEA MM,Mid-Market,10091434854,134.0,101-250,Not Closed Lost,2026Q2,EMEA MM
60838814869,NOBA Bank Group ,,55380993158;NOBA,Classic,54.0,Not happened yet,,,,SDR Discovery,SDR / Omitted OPP,2027-03-31 13:22,2026-06-03 13:30:00,James Butcher,Jordan Aspis,EMEA MM,Mid-Market,55380993158;55405392222,54.0,51-100,Not Closed Lost,2026Q2,EMEA MM
60788057125,Rokt,,Rokt,Classic,195.0,Unqualified,,They have Cortex and are in early stage of exploring AI governance no company initiative yet. Not sure if there's an appetite to move off of Cortex.  Liam interested in science project Port on his own,Early stage,Closed Lost,SDR / Omitted OPP,2026-07-08 18:20,2026-06-02 22:28:00,John Romano,Aaron Marans,US MM,Mid-Market,19300016425,195.0,101-250,Timing / Maturity,2026Q2,US MM
60711930519,TMHCC - New Deal,,TMHCC;Tokio Marine HCC,Classic,50.0,Unqualified,,no show from event no real deal,No-show,Closed Lost,SDR / Omitted OPP,2026-09-01 18:03,2026-05-29 19:11:00,William Nagle,William Nagle,SDR EMEA,Mid-Market,21467416382;53951299633,50.0,15-50,No Show / Can't Connect,2026Q2,SDR EMEA
60711409045,miro - New Deal,,miro,Classic,330.0,Unqualified,,Non-engineering contact with a use case that wouldn't fit Port. Continue to work AI and engineering contacts there,Not right company/ persona,Closed Lost,SDR / Omitted OPP,2026-06-03 23:12,2026-05-29 17:31:00,EJ Rauseo,Aaron Marans,US MM,Mid-Market,9751847038,330.0,251-500,Not a Fit,2026Q2,US MM
60703787824,Zero Networks ,,Zero Networks,Classic,47.0,Unqualified,,"""After internal discussion, we decided to move forward with internal solution.""
",Internal Build,Closed Lost,SDR / Omitted OPP,2026-06-09 12:42,2026-05-29 11:08:00,Sharon Peretz,William Nagle,EMEA MM,Mid-Market,55322408012,47.0,15-50,No Value / Product,2026Q2,EMEA MM
60686327418,Intel ,,Intel,Classic,51000.0,Unqualified,,sales call,Other,Closed Lost,SDR / Omitted OPP,2026-06-11 18:16,2026-05-28 15:05:00,Johana Ochoa,Logan Loisel,Channel,Enterprise,31309580052,51000.0,5001+,Other,2026Q2,Channel
60683860663,Elbit Systems,,Elbit Systems,Classic,1817.0,Unqualified,,outbound ,No-show,Closed Lost,SDR / Omitted OPP,2026-06-15 15:42,2026-05-28 12:32:00,Sharon Peretz,William Nagle,EMEA MM,Mid-Market,32123426463,1817.0,1001-5000,No Show / Can't Connect,2026Q2,EMEA MM
60677856259,Poalim,,Bank Hapoalim,Classic,690.0,Unqualified,,unresponsive - sharon will keep chasing.,Unable to connect,Closed Lost,SDR / Omitted OPP,2026-06-15 15:46,2026-05-28 08:47:00,Sharon Peretz,William Nagle,EMEA MM,Mid-Market,57849117498,690.0,501-1000,No Show / Can't Connect,2026Q2,EMEA MM
60683777647,Payoneer ,,Payoneer Research & Development Ltd.,Classic,500.0,Unqualified,,event lead,Unable to connect,Closed Lost,SDR / Omitted OPP,2026-06-15 15:48,2026-05-27 12:02:00,Sharon Peretz,William Nagle,EMEA MM,Mid-Market,9893507101,500.0,251-500,No Show / Can't Connect,2026Q2,EMEA MM
60643783241,Payroc,150000.0,Payroc,Classic,242.0,Qualified,2026-06-01,"no response, will OB",No-show; Unable to connect,Closed Lost,Demo / Presentation,2026-09-17 16:24,2026-05-26 18:06:00,Jill Countey,Wren Huston,US MM,Mid-Market,55291847073,242.0,101-250,No Show / Can't Connect,2026Q2,US MM
60646071381,Avenga ,,Avenga,Classic,1592.0,Unqualified,,Customer is a partner with no interest in internal use,Partnership,Closed Lost,SDR / Omitted OPP,2026-07-08 14:43,2026-05-26 17:51:00,Matt Bilsland,William Nagle,EMEA MM,Mid-Market,10135600301,1592.0,1001-5000,Partnership / Other,2026Q2,EMEA MM
60640261934,Nice Actimize ,72000.0,NICE Actimize,Classic,800.0,Qualified,2026-06-04,,,Business Case Confirmation,Business case confirmation,2026-10-28 09:56,2026-05-26 15:19:00,Sharon Peretz,William Nagle,EMEA MM,Mid-Market,18937179566,800.0,501-1000,Not Closed Lost,2026Q2,EMEA MM
60639150995,Semperis Technologies Inc ,,Semperis Technologies Inc,Classic,166.0,Unqualified,,no show,No-show,Closed Lost,SDR / Omitted OPP,2026-06-29 12:00,2026-05-26 14:17:00,Sharon Peretz,William Nagle,EMEA MM,Mid-Market,10338581791,166.0,101-250,No Show / Can't Connect,2026Q2,EMEA MM
60638687669,Biocatch ,,Biocatch,Classic,150.0,Unqualified,,no show after event ,No-show,Closed Lost,SDR / Omitted OPP,2026-07-23 18:41,2026-05-26 14:02:00,William Nagle,William Nagle,SDR EMEA,Mid-Market,20717605009,150.0,101-250,No Show / Can't Connect,2026Q2,SDR EMEA
60637783184,Fullpath ,,Fullpath,Classic,82.0,Unqualified,,"""While the platform is impressive, we’ve concluded that it isn't the right fit for our current priorities and internal roadmap.""",Bad timing,Closed Lost,SDR / Omitted OPP,2026-06-09 09:50,2026-05-26 13:28:00,Sharon Peretz,William Nagle,EMEA MM,Mid-Market,55289948985,82.0,51-100,Timing / Maturity,2026Q2,EMEA MM
60637292674,Omnisend,,Omnisend,Classic,80.0,Unqualified,,no show - came from event,No-show,Closed Lost,SDR / Omitted OPP,2026-06-15 14:59,2026-05-26 12:19:00,Sharon Peretz,William Nagle,EMEA MM,Mid-Market,35449632143,80.0,51-100,No Show / Can't Connect,2026Q2,EMEA MM
60635787538,SecuriThings ,,SecuriThings,Classic,31.0,Unqualified,,no show event,No-show,Closed Lost,SDR / Omitted OPP,2026-06-22 10:12,2026-05-26 11:58:00,Sharon Peretz,William Nagle,EMEA MM,Mid-Market,22281476117,31.0,15-50,No Show / Can't Connect,2026Q2,EMEA MM
60635844628,Navina ,,Navina,Classic,81.0,Unqualified,,event - no show,No-show,Closed Lost,SDR / Omitted OPP,2026-06-18 08:48,2026-05-26 11:48:00,Sharon Peretz,William Nagle,EMEA MM,Mid-Market,26775535008,81.0,51-100,No Show / Can't Connect,2026Q2,EMEA MM
60637004883,Aqua Security Software,,Aqua Security Software Ltd,Classic,173.0,Unqualified,,Came in from Event - no show & not responsive,No-show,Closed Lost,SDR / Omitted OPP,2026-06-04 11:02,2026-05-26 11:35:00,Sharon Peretz,William Nagle,EMEA MM,Mid-Market,9957970209,173.0,101-250,No Show / Can't Connect,2026Q2,EMEA MM
60635765151,ONE ZERO BANK ,,ONE ZERO BANK,Classic,92.0,Unqualified,,on prem requirement,On-prem,Closed Lost,SDR / Omitted OPP,2026-06-30 17:11,2026-05-26 11:33:00,Sharon Peretz,William Nagle,EMEA MM,Mid-Market,20650418437,92.0,51-100,Other,2026Q2,EMEA MM
60636739657,Noma Security,,Noma Security,Classic,30.0,Unqualified,,Event lead,Unable to connect,Closed Lost,SDR / Omitted OPP,2026-06-04 11:03,2026-05-26 11:14:00,Sharon Peretz,William Nagle,EMEA MM,Mid-Market,54983099999,30.0,15-50,No Show / Can't Connect,2026Q2,EMEA MM
60636844039,Cato Networks,,Cato Networks,Classic,434.0,Unqualified,,no show to meeting,No-show,Closed Lost,SDR / Omitted OPP,2026-06-09 16:27,2026-05-26 11:10:00,Sharon Peretz,William Nagle,EMEA MM,Mid-Market,22123485706,434.0,251-500,No Show / Can't Connect,2026Q2,EMEA MM
60635313924,DoorLoop,,DoorLoop,Classic,65.0,Unqualified,,no show - event,No-show,Closed Lost,SDR / Omitted OPP,2026-06-15 15:01,2026-05-26 10:25:00,Sharon Peretz,William Nagle,EMEA MM,Mid-Market,33755224738,65.0,51-100,No Show / Can't Connect,2026Q2,EMEA MM
60612100778,Cellebrite ,,Cellebrite,Classic,371.0,Unqualified,,1 meeting - ,Unable to connect,Closed Lost,SDR / Omitted OPP,2026-06-22 10:04,2026-05-26 09:24:00,Sharon Peretz,William Nagle,EMEA MM,Mid-Market,31660347828,371.0,251-500,No Show / Can't Connect,2026Q2,EMEA MM
60635087248,Skai,,Skai Ltd,Classic,160.0,Unqualified,,"came from event, window shopping. didn't even know why they signed up.. need to get to different contacts in the org.",Early stage,Closed Lost,SDR / Omitted OPP,2026-07-07 10:43,2026-05-26 09:17:00,Sharon Peretz,William Nagle,EMEA MM,Mid-Market,16247464026,160.0,101-250,Timing / Maturity,2026Q2,EMEA MM
60547699062,Bowman Consulting Group,50000.0,Bowman Consulting Group,Classic,74.0,Qualified,2026-06-03,,,Business Validation,Pilot Prep,2026-12-11 17:05,2026-05-21 22:22:00,Daniel Alper,Wren Huston,US MM,Mid-Market,55211209596,74.0,51-100,Not Closed Lost,2026Q2,US MM
60550480564,Capgemini,,Capgemini,Classic,80000.0,Discovery,,,,SDR / Omitted  Opp,SDR / Omitted OPP,2026-08-19 21:33,2026-05-21 21:33:00,Logan Loisel,Logan Loisel,SDR US,Enterprise,46734926431,80000.0,5001+,Not Closed Lost,2026Q2,SDR US
60524923975,Lightcast,,Lightcast,Classic,216.0,Unqualified,,No show,No-show,Closed Lost,SDR / Omitted OPP,2026-05-28 16:43,2026-05-21 21:05:00,EJ Rauseo,Aaron Marans,US MM,Mid-Market,54630464868,216.0,101-250,No Show / Can't Connect,2026Q2,US MM
60487390984,KODE Labs,70800.0,KODE Labs,Classic,110.0,Qualified,2026-05-22,Not forecastable - CISO punted multiple go/no-go decision points. Nurturing while they continue eval on Freemium.,Budget; Bad timing,Closed Lost,Negotiation / Legal,2026-07-10 00:04,2026-05-21 19:45:00,Daniel Alper,Logan Loisel,US MM,Mid-Market,21414724151,110.0,101-250,Timing / Maturity,2026Q2,US MM
60448464416,Stand Together,24000.0,"Stand Together, Inc.",Classic,68.0,Qualified,2026-05-29,,,Closed Won,Negotiation / Legal,2026-08-25 18:02,2026-05-20 20:13:00,John Romano,Aaron Marans,US MM,Mid-Market,53865744722,68.0,51-100,Not Closed Lost,2026Q2,US MM
60423815351,G-P/Globalization Partners,,G-P/Globalization Partners,Classic,399.0,Unqualified,,Champion left,Champion left/ Company cuts,Closed Lost,SDR / Omitted OPP,2026-08-04 17:37,2026-05-20 18:04:00,Aaron Marans,Aaron Marans,SDR US,Mid-Market,10338543713,399.0,251-500,Not a Fit,2026Q2,SDR US
60379325725,Simpro Group,100000.0,Simpro,Classic,144.0,Qualified,2026-05-26,Champion left and after engaging with various Simpro stakeholders there was no clear opp,Champion left/ Company cuts,Closed Lost,Demo / Presentation,2026-09-02 10:04,2026-05-20 16:20:00,Matt Bilsland,William Nagle,EMEA MM,Mid-Market,54996287104,144.0,101-250,Not a Fit,2026Q2,EMEA MM
60401994567,Fulcrum Technology ,,Fulcrum Technology,Classic,38.0,Unqualified,,Wanted to be an implementation services provider for us then no showed our next call,No-show,Closed Lost,SDR / Omitted OPP,2026-06-11 16:16,2026-05-20 01:37:00,EJ Rauseo,Aaron Marans,US MM,Mid-Market,55049506214,38.0,15-50,No Show / Can't Connect,2026Q2,US MM
60371652702,West Coast University,,West Coast University,Classic,50.0,Unqualified,,Unresponsive after initial demo,Early stage; Unable to connect,Closed Lost,SDR / Omitted OPP,2026-06-11 15:53,2026-05-20 00:31:00,Daniel Alper,Wren Huston,US MM,Mid-Market,55047952985,50.0,15-50,No Show / Can't Connect,2026Q2,US MM
60379236952,SIX ,200000.0,SIX,Classic,557.0,Qualified,2026-05-22,,,Demo / Presentation ,Demo / Presentation,2026-11-20 15:18,2026-05-19 23:29:00,Matt Bilsland,William Nagle,EMEA MM,Mid-Market,29735364928,557.0,501-1000,Not Closed Lost,2026Q2,EMEA MM
60398560117,Zup - Partner,,zup,Classic,1690.0,Unqualified,,partner opp,Partnership,Closed Lost,SDR / Omitted OPP,2026-06-22 20:10,2026-05-19 21:34:00,Johana Ochoa,Logan Loisel,Channel,Enterprise,9958703178,1690.0,1001-5000,Partnership / Other,2026Q2,Channel
60343394212,Ericsson - New Deal,,Ericsson,Classic,15336.0,Unqualified,,No show,No-show,Closed Lost,SDR / Omitted OPP,2026-08-25 12:46,2026-05-19 13:44:00,Adrian Sandu,Adrian Sandu,SDR EMEA,Enterprise,32765689764,15336.0,5001+,No Show / Can't Connect,2026Q2,SDR EMEA
60331877298,Intersystems,,InterSystems,Classic,632.0,Unqualified,,"tire kicker, poor fit",Early stage; Not right company/ persona,Closed Lost,SDR / Omitted OPP,2026-06-30 18:16,2026-05-19 00:02:00,Daniel Alper,Wren Huston,US MM,Mid-Market,21467190905,632.0,501-1000,Timing / Maturity,2026Q2,US MM
60330285989,InstaLILY AI,24000.0,InstaLILY,Classic,54.0,Qualified,2026-05-18,,,Negotiation / Legal,Negotiation / Legal,2026-09-30 14:55,2026-05-18 18:42:00,Jill Countey,Wren Huston,US MM,Mid-Market,54951437711,54.0,51-100,Not Closed Lost,2026Q2,US MM
60321306909,Yoco,,Yoco,Classic,92.0,Unqualified,,"11/06: Didn't join follow up meeting, gone silent - for a slightly different use case. To go higher in the org. 
",No-show,Closed Lost,SDR / Omitted OPP,2026-08-10 13:43,2026-05-18 11:33:00,William Nagle,William Nagle,SDR EMEA,Mid-Market,53216262181,92.0,51-100,No Show / Can't Connect,2026Q2,SDR EMEA
60272589093,Raptor Technologies,24000.0,Raptor Technologies,Classic,70.0,Qualified,2026-07-30,technical contact unresponsive after internal meeting with leadership,Internal Build; Price; Early stage; Budget,Closed Lost,Demo / Presentation,2026-08-27 18:25,2026-05-15 17:56:00,Daniel Alper,Wren Huston,US MM,Mid-Market,54750626398,70.0,51-100,Timing / Maturity,2026Q2,US MM
60264241809,Paysafe ,100000.0,Paysafe,Classic,624.0,Qualified,2026-05-26,,,Demo / Presentation ,Demo / Presentation,2027-06-25 13:34,2026-05-15 12:16:00,Matt Bilsland,William Nagle,EMEA MM,Mid-Market,10077095206,624.0,501-1000,Not Closed Lost,2026Q2,EMEA MM
60260217235,SoftwareONE,,SoftwareONE US,Classic,1000.0,Unqualified,,Duplicate- there is another deal open with SoftwareOne,Partnership,Closed Lost,SDR / Omitted OPP,2026-08-05 11:32,2026-05-15 04:51:00,Adrian Sandu,Logan Loisel,SDR EMEA,Enterprise,10077081400,1000.0,501-1000,Partnership / Other,2026Q2,SDR EMEA
60243996450,Jarden Australia,,Jarden Australia,Classic,24.0,Unqualified,,They wanted to have 15 licenses and did not want to invest beyond this cost,Price; Not right company/ persona,Closed Lost,SDR / Omitted OPP,2026-06-10 02:16,2026-05-14 08:20:00,Scott Dunion,Adrian Sandu,APJ,Mid-Market,53999594248,24.0,15-50,Not a Fit,2026Q2,APJ
60208746603,Sunbit Inc ,,Sunbit Inc,Classic,109.0,Unqualified,,Not responsive,Unable to connect,Closed Lost,SDR / Omitted OPP,2026-06-04 11:01,2026-05-13 17:02:00,Sharon Peretz,William Nagle,EMEA MM,Mid-Market,19466950984,109.0,101-250,No Show / Can't Connect,2026Q2,EMEA MM
60199979418,Harri,,harri,Classic,167.0,Unqualified,,No budget approval and have been asked by leadership to cut spending. Sending over free tier and will need to build momentum there to help them move past Backstage,Budget,Closed Lost,SDR / Omitted OPP,2026-06-08 20:51,2026-05-12 18:35:00,EJ Rauseo,Aaron Marans,US MM,Mid-Market,43477180775,167.0,101-250,Budget / Price,2026Q2,US MM
60203619489,HRDF ,,هدف,Classic,108.0,Unqualified,,didnt show went cold ,No-show,Closed Lost,SDR / Omitted OPP,2026-06-04 17:15,2026-05-12 11:58:00,William Nagle,William Nagle,SDR EMEA,Mid-Market,50571062905,108.0,101-250,No Show / Can't Connect,2026Q2,SDR EMEA
60182252458,Guidepoint v2,193000.0,Guidepoint,Classic,300.0,Qualified,2026-05-22,Budget completed froze for 2026. no hope or a Q4 deal. FU in January,Budget,Closed Lost,Pilot Prep,2026-09-02 16:52,2026-05-11 21:57:00,John Romano,Aaron Marans,US MM,Mid-Market,31012464981,300.0,251-500,Budget / Price,2026Q2,US MM
60178496781,NationsBenefits,,NationsBenefits,Classic,94.0,Unqualified,,"no buying motion, early research stages, nurture for Q4 2026 / Q1 2027",Early stage; Other; Budget,Closed Lost,SDR / Omitted OPP,2026-07-06 20:49,2026-05-11 20:00:00,Daniel Alper,Wren Huston,US MM,Mid-Market,32316639048,94.0,51-100,Timing / Maturity,2026Q2,US MM
60132806829,Knowbe4,,Knowbe4,Classic,388.0,Unqualified,,This was an outbound meeting. They are using Backstage and had some interest in AEP but did not have it budgeted or a clear vision for agentic engineering yet. Will need to find someone that is thinking about moving away from Backstage as this is the main opposition to going deeper on Port,No-show,Closed Lost,SDR / Omitted OPP,2026-05-28 16:50,2026-05-08 19:34:00,EJ Rauseo,Aaron Marans,US MM,Mid-Market,25247409519,388.0,251-500,No Show / Can't Connect,2026Q2,US MM
60072627485,HID Global,72000.0,HID Global,Classic,791.0,Qualified,2026-05-12,,,Business Validation,Pilot Prep,2026-10-30 15:32,2026-05-07 17:19:00,Daniel Alper,Wren Huston,US MM,Mid-Market,10238823233,791.0,501-1000,Not Closed Lost,2026Q2,US MM
60036388465,HireVue,38000.0,HireVue,Classic,100.0,Qualified,2026-05-13,,,Closed Won,Negotiation / Legal,2026-09-10 22:24,2026-05-05 22:27:00,EJ Rauseo,Logan Loisel,US MM,Mid-Market,39402028132,100.0,51-100,Not Closed Lost,2026Q2,US MM
60025179905,Harel Insurance,100000.0,harel-ins.co.il,Classic,261.0,Qualified,2026-05-18,"unresponsive - calls.texts ect. will keep chasing, but cannot be i pipeline right now. ",Unable to connect,Closed Lost,Demo / Presentation,2026-07-07 10:18,2026-05-05 10:58:00,Sharon Peretz,William Nagle,EMEA MM,Mid-Market,57849117337,261.0,251-500,No Show / Can't Connect,2026Q2,EMEA MM
60012747019,HTC Global Services,,HTC Global Services,Classic,3693.0,Not happened yet,,,,SDR / Omitted  Opp,SDR / Omitted OPP,2026-11-04 16:13,2026-05-04 21:32:00,Johana Ochoa,Wren Huston,Channel,Enterprise,46752180808,3693.0,1001-5000,Not Closed Lost,2026Q2,Channel
59838211987,bolttech,125000.0,bolttech,Classic,181.0,Qualified,2026-05-05,"Cancelled 2 set discussions, will PG back into them",Unable to connect,Closed Lost,Demo / Presentation,2026-08-13 03:57,2026-04-30 07:51:00,Scott Dunion,Adrian Sandu,APJ,Mid-Market,15757895439,181.0,101-250,No Show / Can't Connect,2026Q2,APJ
59764618837,Chemist4U,,Lean Tree Limited ;Chemist4U,Classic,25.0,Unqualified,,no real value ,No-show,Closed Lost,SDR / Omitted OPP,2026-07-14 15:52,2026-04-28 16:13:00,William Nagle,William Nagle,SDR EMEA,Mid-Market,25810596786;54541715736,25.0,15-50,No Show / Can't Connect,2026Q2,SDR EMEA
59729757344,Just Retirement ,,Just Retirement,Classic,92.0,Unqualified,,No show,No-show,Closed Lost,SDR / Omitted OPP,2026-07-09 12:08,2026-04-28 13:28:00,Matt Bilsland,William Nagle,EMEA MM,Mid-Market,52932735141,92.0,51-100,No Show / Can't Connect,2026Q2,EMEA MM
59718756018,Y Tree ,,Y TREE,Classic,38.0,Unqualified,,Y-tree recognises that they are not mature enough in their PPT to require a need for Port,Early stage,Closed Lost,SDR / Omitted OPP,2026-05-19 18:08,2026-04-27 15:32:00,Matt Bilsland,William Nagle,EMEA MM,Mid-Market,54369026333,38.0,15-50,Timing / Maturity,2026Q2,EMEA MM
59634067067,St. Jude Children's Research Hospital ,9600.0,St. Jude Children's Research Hospital,Classic,160.0,Qualified,2026-05-06,,,Closed Won,Negotiation / Legal,2026-05-29 21:42,2026-04-24 21:23:00,John Romano,Aaron Marans,US MM,Mid-Market,18347060281,160.0,101-250,Not Closed Lost,2026Q2,US MM
59578862701,Caylent,,caylent,Classic,321.0,Unqualified,,We met with a PM who is doing research for his company. We will need to get to the technical team for this to evolve into a deal,Not right company/ persona,Closed Lost,SDR / Omitted OPP,2026-04-30 15:47,2026-04-24 16:30:00,EJ Rauseo,Aaron Marans,US MM,Mid-Market,10163189513,321.0,251-500,Not a Fit,2026Q2,US MM
59470491242,CARFAX,,CARFAX,Classic,349.0,Unqualified,,"""We are still exploring all options and will reach out if we want to proceed.""",Early stage,Closed Lost,SDR / Omitted OPP,2026-05-07 18:26,2026-04-23 18:46:00,Daniel Alper,Wren Huston,US MM,Mid-Market,20655313030,349.0,251-500,Timing / Maturity,2026Q2,US MM
59459918009,Egym ,50000.0,EGYM,Classic,220.0,Qualified,2026-05-07,EGYM CTO believes that AI will do a 'good enough' job of delivering on the capabilities of Port. He did not see enough value to justify the cost of Port despite ROI and cost savings being presented for both short and long term business goals. We had 2 strong champions in Kola and Marty but the CTO held all the decision authority.,Internal Build,Closed Lost,Business case confirmation,2026-07-29 09:28,2026-04-23 16:14:00,Matt Bilsland,William Nagle,EMEA MM,Mid-Market,53531822157,220.0,101-250,No Value / Product,2026Q2,EMEA MM
59471085578,Credo Bank ,,Credo Bank / კრედო ბანკი,Classic,189.0,Unqualified,,not ready (infra) for IDP.. & more window shopping,Early stage,Closed Lost,SDR / Omitted OPP,2026-05-05 11:06,2026-04-23 13:33:00,Sharon Peretz,William Nagle,EMEA MM,Mid-Market,53191530760,189.0,101-250,Timing / Maturity,2026Q2,EMEA MM
59446102632,Zenity ,,Zenity,Classic,54.0,Unqualified,,not responsive ,Unable to connect,Closed Lost,SDR / Omitted OPP,2026-05-12 17:45,2026-04-23 10:48:00,Sharon Peretz,William Nagle,EMEA MM,Mid-Market,52730787235,54.0,51-100,No Show / Can't Connect,2026Q2,EMEA MM
59418916701,Happening ,100000.0,Happening,Classic,185.0,Qualified,2026-05-28,"Outbound, engaged across a variety of stakeholders. Champion identified, connected with the EB who would sponsor a formal POC evaluation and own budget, stated not a priority for now but to reconnect in Q4. Closing out of pipe - continuing outreach to other stakeholders",Bad timing,Closed Lost,Demo / Presentation,2026-07-11 18:24,2026-04-22 17:50:00,James Butcher,William Nagle,EMEA MM,Mid-Market,55404661785,185.0,101-250,Timing / Maturity,2026Q2,EMEA MM
59428546933,Incode Technologies ,,Incode Technologies,Classic,172.0,Unqualified,,"Tire kicker, no project",Early stage; No value,Closed Lost,SDR / Omitted OPP,2026-05-19 16:20,2026-04-22 10:27:00,Daniel Alper,Logan Loisel,US MM,Mid-Market,55274799016,172.0,101-250,Timing / Maturity,2026Q2,US MM
59379318924,Garda Capital Partners - New Deal,,Garda Capital Partners,Classic,31.0,Unqualified,,"need to get in touch with CTO, will nurture tommy",Early stage; Not right company/ persona,Closed Lost,SDR / Omitted OPP,2026-04-23 23:08,2026-04-21 18:41:00,Jill Countey,Wren Huston,US MM,Mid-Market,54197077314,31.0,15-50,Timing / Maturity,2026Q2,US MM
59369926986,Candescent,100000.0,Candescent,Classic,626.0,Qualified,2026-05-12,"Itesh trying to get manager on a call, Wren and I will keep following up",Bad timing,Closed Lost,Demo / Presentation,2026-07-30 16:41,2026-04-21 14:59:00,Jill Countey,Wren Huston,US MM,Mid-Market,36117022737,626.0,501-1000,Timing / Maturity,2026Q2,US MM
59384762533,Wellmark Inc,250000.0,Wellmark Inc,Classic,290.0,Qualified,2026-04-24,,,Business Validation,Pilot Prep,2026-12-15 22:01,2026-04-21 00:10:00,Jill Countey,Wren Huston,US MM,Mid-Market,10259204413,290.0,251-500,Not Closed Lost,2026Q2,US MM
59391298117,Ovative Group,18000.0,Ovative Group,Classic,55.0,Qualified,2026-04-21,,,Closed Won,Business case confirmation,2026-06-16 17:14,2026-04-20 20:11:00,Jill Countey,Wren Huston,US MM,Mid-Market,29357644854,55.0,51-100,Not Closed Lost,2026Q2,US MM
59364904202,Singlife,,Singlife,Classic,146.0,Unqualified,,No show,No-show,Closed Lost,SDR / Omitted OPP,2026-05-28 08:00,2026-04-20 13:21:00,Scott Dunion,Adrian Sandu,APJ,Mid-Market,54155824700,146.0,101-250,No Show / Can't Connect,2026Q2,APJ
59336275820,Eleos ,,Eleos,Classic,64.0,Unqualified,,not responsive.,Unable to connect,Closed Lost,SDR / Omitted OPP,2026-05-21 10:52,2026-04-20 00:51:00,Sharon Peretz,William Nagle,EMEA MM,Mid-Market,39089502568,64.0,51-100,No Show / Can't Connect,2026Q2,EMEA MM
59273867795,PSL Group,50000.0,PSL Group,Classic,143.0,Qualified,2026-04-20,Haven't heard from them to schedule demo with team,No-show,Closed Lost,Demo / Presentation,2026-05-28 16:34,2026-04-17 18:26:00,Jill Countey,Logan Loisel,US MM,Mid-Market,26881803700,143.0,101-250,No Show / Can't Connect,2026Q2,US MM
59267533731,Aramex,,Aramex,Classic,258.0,Unqualified,,Rescheduled 3 times. Will continue to chase but closing this for now,No-show; Unable to connect,Closed Lost,SDR / Omitted OPP,2026-06-04 16:57,2026-04-17 05:34:00,Adrian Sandu,Adrian Sandu,SDR EMEA,Enterprise,18488076329,258.0,251-500,No Show / Can't Connect,2026Q2,SDR EMEA
59186188450,Monash University,,Monash University,Classic,1040.0,Unqualified,,Declined meeting set by BDR,No-show; Bad timing,Closed Lost,SDR / Omitted OPP,2026-05-12 06:05,2026-04-16 05:04:00,Scott Dunion,Corey Wu (Deactivated User),APJ,Mid-Market,31570708874,1040.0,1001-5000,No Show / Can't Connect,2026Q2,APJ
59130423629,Nayax ,,Nayax,Classic,177.0,Unqualified,,didnt have a meeting.,No-show,Closed Lost,SDR / Omitted OPP,2026-05-07 11:46,2026-04-12 17:58:00,Sharon Peretz,William Nagle,EMEA MM,Mid-Market,32164500803,177.0,101-250,No Show / Can't Connect,2026Q2,EMEA MM
59079134102,Aqovia,,Aqovia,Classic,41.0,Unqualified,,No show to initial meeting and unable to re engage,No-show,Closed Lost,SDR / Omitted OPP,2026-04-28 12:17,2026-04-10 22:07:00,Subby Makinde,,SDR EMEA,Mid-Market,53964006825,41.0,15-50,No Show / Can't Connect,2026Q2,SDR EMEA
59093755265,Aker Systems,,Aker Systems,Classic,53.0,Unqualified,,No show and unresponsive,No-show,Closed Lost,SDR / Omitted OPP,2026-04-28 12:18,2026-04-10 22:07:00,Subby Makinde,,SDR EMEA,Mid-Market,53962678643,53.0,51-100,No Show / Can't Connect,2026Q2,SDR EMEA
59092989276,HCLSoftware,,HCLSoftware,Classic,10000.0,Unqualified,,Ongoing Partner Discussions,Partnership,Closed Lost,SDR / Omitted OPP,2026-05-22 21:52,2026-04-10 22:07:00,Johana Ochoa,,Channel,Enterprise,53953738758,10000.0,5001+,Partnership / Other,2026Q2,Channel
59081264642,Cognizant,,Cognizant,Classic,117000.0,Unqualified,,Ongoing Partner Discussions,Partnership,Closed Lost,SDR / Omitted OPP,2026-05-22 21:52,2026-04-10 22:07:00,Johana Ochoa,,Channel,Enterprise,53959895428,117000.0,5001+,Partnership / Other,2026Q2,Channel
59108465239,Petroineos Trading Limited,,Petroineos Trading Limited,Classic,23.0,Unqualified,,"No show, unresponsive",No-show,Closed Lost,SDR / Omitted OPP,2026-04-28 12:23,2026-04-10 22:07:00,Subby Makinde,,SDR EMEA,Mid-Market,53968447507,23.0,15-50,No Show / Can't Connect,2026Q2,SDR EMEA
59083803298,Infosys,,Infosys Limited,Classic,10000.0,Unqualified,,Ongoing Partner Discussions,Partnership,Closed Lost,SDR / Omitted OPP,2026-05-22 21:52,2026-04-10 22:07:00,Johana Ochoa,,Channel,Enterprise,56572712315,10000.0,5001+,Partnership / Other,2026Q2,Channel
59094352714,T-Systems International,,T-Systems International,Classic,1560.0,Unqualified,,Ongoing Partner Discussions,Partnership,Closed Lost,SDR / Omitted OPP,2026-05-22 21:52,2026-04-10 22:07:00,Johana Ochoa,,Channel,Enterprise,53969214577,1560.0,1001-5000,Partnership / Other,2026Q2,Channel
59084718916,Edgewater Markets,,Edgewater Markets,Classic,24.0,Unqualified,,No show,No-show,Closed Lost,SDR / Omitted OPP,2026-04-28 12:27,2026-04-10 22:07:00,Subby Makinde,,SDR EMEA,Mid-Market,53954062963,24.0,15-50,No Show / Can't Connect,2026Q2,SDR EMEA
59078953354,Mahindra Group,,Mahindra & Mahindra Ltd,Classic,616.0,Unqualified,,Ongoing Partner Discussions,Partnership,Closed Lost,SDR / Omitted OPP,2026-05-22 21:52,2026-04-10 22:07:00,Johana Ochoa,,Channel,Enterprise,56573714801,616.0,501-1000,Partnership / Other,2026Q2,Channel
59087042713,Fireflies.ai,,Fireflies.ai,Classic,61.0,Discovery,,Not interested,Other,Closed Lost,,2026-04-12 19:51,2026-04-10 17:05:00,Jill Countey,Wren Huston,US MM,Mid-Market,36104161202,61.0,51-100,Other,2026Q2,US MM
59048476025,Walker Digital Table Systems,,Walker Digital Table Systems,Classic,121.0,Unqualified,,No show,No-show,Closed Lost,SDR / Omitted OPP,2026-04-24 02:19,2026-04-09 20:21:00,Scott Dunion,Adrian Sandu,APJ,Mid-Market,53894120875,121.0,101-250,No Show / Can't Connect,2026Q2,APJ
59048628853,Hyland,300000.0,Hyland,Classic,975.0,Qualified,2026-04-23,,,Business Case Confirmation,Business case confirmation,2026-11-20 17:43,2026-04-09 20:12:00,EJ Rauseo,Aaron Marans,US MM,Mid-Market,9958694039,975.0,501-1000,Not Closed Lost,2026Q2,US MM
59050023244,Hyland,,Hyland,Classic,1259.0,Unqualified,,This is a duplicate opp,Other,Closed Lost,SDR / Omitted OPP,2026-05-15 15:41,2026-04-09 20:12:00,EJ Rauseo,Aaron Marans,US MM,Mid-Market,9958694039,1259.0,1001-5000,Other,2026Q2,US MM
58906339878,La Caisse (Caisse de dépôt et placement du Québec),100000.0,Caisse de dépôt et placement du québec,Classic,244.0,Qualified,2026-04-30,unresponsive after initial demo. still defining project specs. They will be back but no active buying motion right now.,Early stage; Unable to connect; Bad timing,Closed Lost,Demo / Presentation,2026-08-06 15:30,2026-04-07 21:57:00,Daniel Alper,Wren Huston,US MM,Mid-Market,36627108945,244.0,101-250,No Show / Can't Connect,2026Q2,US MM
58897477194,Ping Identity,,Ping Identity,Classic,771.0,Unqualified,,Ghosted me,No-show; Early stage,Closed Lost,SDR / Omitted OPP,2026-05-22 23:08,2026-04-07 18:47:00,Daniel Alper,Wren Huston,US MM,Mid-Market,10414020117,771.0,501-1000,No Show / Can't Connect,2026Q2,US MM
58895579967,BAWAG Group,,BAWAG Group,Classic,108.0,Unqualified,,No show,No-show,Closed Lost,SDR / Omitted OPP,2026-04-13 10:39,2026-04-07 16:21:00,Matt Bilsland,William Nagle,EMEA MM,Mid-Market,53244326013,108.0,101-250,No Show / Can't Connect,2026Q2,EMEA MM
60638786429,Basware ,170000.0,Basware,Classic,390.0,Qualified,2026-04-29,,,Business Case Confirmation,Business case confirmation,2027-02-19 09:24,2026-04-07 14:51:00,Matt Bilsland,William Nagle,EMEA MM,Mid-Market,32172604254,390.0,251-500,Not Closed Lost,2026Q2,EMEA MM
58878538555,Flatiron Health,90300.0,Flatiron Health,Classic,200.0,Qualified,2026-04-17,,,Closed Won,Negotiation / Legal,2026-05-30 01:09,2026-04-06 19:23:00,EJ Rauseo,Aaron Marans,US MM,Mid-Market,33580991753,200.0,101-250,Not Closed Lost,2026Q2,US MM
58686882206,Nuvei,,Nuvei Corporation,Classic,401.0,Unqualified,,event follow up no show ,No-show,Closed Lost,SDR / Omitted OPP,2026-06-16 13:07,2026-04-03 18:13:00,William Nagle,William Nagle,SDR EMEA,Mid-Market,17687836060,401.0,251-500,No Show / Can't Connect,2026Q2,SDR EMEA
58737063052,FullStack Labs Inc,,FullStack Labs Inc,Classic,469.0,Unqualified,,Ongoing Partner Discussions,Partnership,Closed Lost,SDR / Omitted OPP,2026-05-22 21:52,2026-04-03 17:45:00,Johana Ochoa,Logan Loisel,Channel,,19161695637,469.0,251-500,Partnership / Other,2026Q2,Channel
58686319032,Planview,,Planview,Classic,517.0,Unqualified,,Tire kicker,Not right company/ persona; Early stage,Closed Lost,SDR / Omitted OPP,2026-04-15 15:44,2026-04-03 01:53:00,Daniel Alper,Wren Huston,US MM,Mid-Market,21467348065,517.0,501-1000,Timing / Maturity,2026Q2,US MM
58681473920,Elekta,,Elekta,Classic,634.0,Unqualified,,"Met at an event, works in a small team and not willing to intro to wider team. Advised Elekta has a dedicated AI team making decisions on new tech. Working to indentify.",Not right company/ persona,Closed Lost,SDR / Omitted OPP,2026-05-12 11:57,2026-04-02 17:03:00,William Nagle,,SDR EMEA,Mid-Market,22468336719,634.0,501-1000,Not a Fit,2026Q2,SDR EMEA
58630778021,Malt ,,Malt,Classic,263.0,Unqualified,,churned customer but no real interest in re-engaging,No value,Closed Lost,SDR / Omitted OPP,2026-08-10 13:27,2026-04-01 17:19:00,William Nagle,William Nagle,SDR EMEA,Mid-Market,17703478789,263.0,251-500,No Value / Product,2026Q2,SDR EMEA
58636638080,deepset GmbH - New Deal,,deepset,Classic,33.0,Unqualified,,No show post event,No-show,Closed Lost,SDR / Omitted OPP,2026-05-12 10:58,2026-04-01 14:58:00,Matt Bilsland,William Nagle,EMEA MM,Mid-Market,53248893768,33.0,15-50,No Show / Can't Connect,2026Q2,EMEA MM
58566892082,WHOOP,,WHOOP,Classic,274.0,Unqualified,,Jill reached out to reschedule multiple times but no response,Unable to connect,Closed Lost,SDR / Omitted OPP,2026-05-16 00:53,2026-03-31 16:27:00,Jill Countey,Wren Huston,US MM,Mid-Market,26127933557,274.0,251-500,No Show / Can't Connect,2026Q1,US MM
58592288036,VTEX - New Deal,,Vtex,Classic,750.0,Unqualified,,No show,No-show,Closed Lost,SDR / Omitted OPP,2026-05-15 15:49,2026-03-31 13:47:00,Matt Bilsland,,EMEA MM,Mid-Market,19161691825,750.0,501-1000,No Show / Can't Connect,2026Q1,EMEA MM
58553534881,Ellison Institute of Technology - New Deal,,Ellison Institute of Technology,Classic,51.0,Unqualified,,no show,No-show,Closed Lost,SDR / Omitted OPP,2026-04-07 12:53,2026-03-30 15:34:00,Matt Bilsland,William Nagle,EMEA MM,Mid-Market,53177628830,51.0,51-100,No Show / Can't Connect,2026Q1,EMEA MM
58500514346,LucidLink Ltd.,,LucidLink,Classic,86.0,Unqualified,,Went dark after saying they needed time for feedback ,No-show,Closed Lost,SDR / Omitted OPP,2026-05-20 23:31,2026-03-27 20:43:00,EJ Rauseo,Aaron Marans,US MM,Mid-Market,32783299848,86.0,51-100,No Show / Can't Connect,2026Q1,US MM
58404196937,KubeCon EU 2026 - Enercity,,Enercity,Classic,104.0,Unqualified,,no show,No-show,Closed Lost,SDR / Omitted OPP,2026-04-07 12:54,2026-03-27 14:08:00,Matt Bilsland,William Nagle,EMEA MM,Mid-Market,52933964671,104.0,101-250,No Show / Can't Connect,2026Q1,EMEA MM
58430946481,KubeCon EU 2026 - SRC d.o.o.,,SRC,Classic,93.0,Unqualified,,no show,No-show,Closed Lost,SDR / Omitted OPP,2026-05-15 15:44,2026-03-26 23:26:00,Matt Bilsland,William Nagle,EMEA MM,Mid-Market,53181346647,93.0,51-100,No Show / Can't Connect,2026Q1,EMEA MM
58439798455,KubeCon EU 2026 - Open Systems,,,Classic,103.0,Unqualified,,no show,No-show,Closed Lost,SDR / Omitted OPP,2026-04-07 12:56,2026-03-26 23:26:00,Matt Bilsland,William Nagle,EMEA MM,Mid-Market,,103.0,101-250,No Show / Can't Connect,2026Q1,EMEA MM
58448080054,KubeCon EU 2026 - Kivra AB,,Kivra,Classic,105.0,Unqualified,,said they dont see the need to explore port right now ,No-show,Closed Lost,SDR / Omitted OPP,2026-05-13 11:37,2026-03-26 23:26:00,William Nagle,William Nagle,SDR EMEA,Mid-Market,53392114088,105.0,101-250,No Show / Can't Connect,2026Q1,SDR EMEA
58450259242,KubeCon EU 2026 - Contentsquare,,Contentsquare,Classic,368.0,Unqualified,,no show,No-show,Closed Lost,SDR / Omitted OPP,2026-04-16 11:06,2026-03-26 23:26:00,Sharon Peretz,William Nagle,EMEA MM,Mid-Market,10006248206,368.0,251-500,No Show / Can't Connect,2026Q1,EMEA MM
58451655971,KubeCon EU 2026 - ista SE,,ista,Classic,132.0,Unqualified,,no show,No-show,Closed Lost,SDR / Omitted OPP,2026-04-07 12:56,2026-03-26 23:26:00,Matt Bilsland,William Nagle,EMEA MM,Mid-Market,56400228185,132.0,101-250,No Show / Can't Connect,2026Q1,EMEA MM
58445760372,KubeCon EU 2026 - BAWAG Group,,,Classic,105.0,Unqualified,,No show,No-show,Closed Lost,SDR / Omitted OPP,2026-04-13 10:32,2026-03-26 23:26:00,Matt Bilsland,William Nagle,EMEA MM,Mid-Market,,105.0,101-250,No Show / Can't Connect,2026Q1,EMEA MM
58444830360,KubeCon EU 2026 - Relex Solutions,,,Classic,530.0,Unqualified,,no show,Unable to connect,Closed Lost,SDR / Omitted OPP,2026-04-09 17:09,2026-03-26 23:26:00,Sharon Peretz,William Nagle,EMEA MM,Mid-Market,,530.0,501-1000,No Show / Can't Connect,2026Q1,EMEA MM
58430485278,KubeCon EU 2026 - Schwarz Group,,,Classic,62.0,Unqualified,,no meeting booked. no reply from the cotnact,No-show; Unable to connect,Closed Lost,SDR / Omitted OPP,2026-04-28 17:19,2026-03-26 23:26:00,Adrian Sandu,Adrian Sandu,SDR EMEA,Enterprise,,62.0,51-100,No Show / Can't Connect,2026Q1,SDR EMEA
58451655970,KubeCon EU 2026 - Enercity Netz,,,Classic,104.0,Unqualified,,no show,No-show,Closed Lost,SDR / Omitted OPP,2026-04-07 12:55,2026-03-26 23:26:00,Matt Bilsland,William Nagle,EMEA MM,Mid-Market,,104.0,101-250,No Show / Can't Connect,2026Q1,EMEA MM
58447153005,KubeCon EU 2026 - Virtual7,,,Classic,31.0,Unqualified,,no show event,No-show,Closed Lost,SDR / Omitted OPP,2026-05-13 11:39,2026-03-26 23:26:00,William Nagle,William Nagle,SDR EMEA,Mid-Market,,31.0,15-50,No Show / Can't Connect,2026Q1,SDR EMEA
58434768955,KubeCon EU 2026 - RTL Tech GmbH,,,Classic,243.0,Unqualified,,"Already heavy Backstage users across org, haven't felt pain yet - plan to onboard more teams to Backstage - suggested potential op in 1-2 years",Bad timing,Closed Lost,SDR / Omitted OPP,2026-04-15 16:41,2026-03-26 23:26:00,James Butcher,William Nagle,EMEA MM,Mid-Market,,243.0,101-250,Timing / Maturity,2026Q1,EMEA MM
58432911375,KubeCon EU 2026 - helmsentinel,,,Classic,1836.0,Unqualified,,no show after event,No-show,Closed Lost,SDR / Omitted OPP,2026-05-13 11:40,2026-03-26 23:26:00,William Nagle,William Nagle,SDR EMEA,Mid-Market,,1836.0,1001-5000,No Show / Can't Connect,2026Q1,SDR EMEA
58435073559,KubeCon EU 2026 - Motorola Solutions,,,Classic,6000.0,Unqualified,,No Show,No-show,Closed Lost,SDR / Omitted OPP,2026-05-08 17:17,2026-03-26 23:26:00,Dylan Leija,Dylan Leija,SDR US,Enterprise,,6000.0,5001+,No Show / Can't Connect,2026Q1,SDR US
58447153004,KubeCon EU 2026 - Alerant,,,Classic,55.0,Unqualified,,no show,No-show,Closed Lost,SDR / Omitted OPP,2026-04-07 12:50,2026-03-26 23:26:00,Matt Bilsland,William Nagle,EMEA MM,Mid-Market,,55.0,51-100,No Show / Can't Connect,2026Q1,EMEA MM
58429400873,Tango - KubeCon EU 2026,,Tango,Classic,186.0,Unqualified,,Kubecon lead,Other,Closed Lost,SDR / Omitted OPP,2026-04-23 15:28,2026-03-26 23:26:00,Sharon Peretz,William Nagle,EMEA MM,Mid-Market,39096094744,186.0,101-250,Other,2026Q1,EMEA MM
58445603154,KubeCon EU 2026 - Chess.com,,Chess.com,Classic,210.0,Unqualified,,"Building their own, build not buy mindset",Bad timing,Closed Lost,SDR / Omitted OPP,2026-04-22 13:16,2026-03-26 23:26:00,Matt Bilsland,William Nagle,EMEA MM,Mid-Market,18580539701,210.0,101-250,Timing / Maturity,2026Q1,EMEA MM
58430946480,KubeCon EU 2026 - Tceu,,,Classic,50.0,Unqualified,,no show after event ,No-show,Closed Lost,SDR / Omitted OPP,2026-06-16 13:09,2026-03-26 23:26:00,William Nagle,William Nagle,SDR EMEA,Mid-Market,,50.0,15-50,No Show / Can't Connect,2026Q1,SDR EMEA
58427933309,KubeCon EU 2026 - Deepset,,,Classic,34.0,Unqualified,,KubeCon no show,No-show,Closed Lost,SDR / Omitted OPP,2026-05-05 09:16,2026-03-26 23:26:00,Matt Bilsland,William Nagle,EMEA MM,Mid-Market,,34.0,15-50,No Show / Can't Connect,2026Q1,EMEA MM
58443902313,KubeCon EU 2026 - VTEX,,,Classic,437.0,Unqualified,,no show,No-show,Closed Lost,SDR / Omitted OPP,2026-04-07 12:53,2026-03-26 23:26:00,Matt Bilsland,William Nagle,EMEA MM,Mid-Market,,437.0,251-500,No Show / Can't Connect,2026Q1,EMEA MM
58447153003,KubeCon EU 2026 - ITQ,,,Classic,40.0,Unqualified,,no show,No-show,Closed Lost,SDR / Omitted OPP,2026-04-07 12:50,2026-03-26 23:26:00,Matt Bilsland,William Nagle,EMEA MM,Mid-Market,,40.0,15-50,No Show / Can't Connect,2026Q1,EMEA MM
58450108976,KubeCon EU 2026 - MTU Aero Engines Polska,,,Classic,72.0,Unqualified,,no show,No-show,Closed Lost,SDR / Omitted OPP,2026-04-07 12:51,2026-03-26 23:26:00,Matt Bilsland,,EMEA MM,Mid-Market,,72.0,51-100,No Show / Can't Connect,2026Q1,EMEA MM
58436317209,KubeCon EU 2026 - Adfinis gmbh,,,Classic,61.0,Unqualified,,no show,No-show,Closed Lost,SDR / Omitted OPP,2026-04-07 12:51,2026-03-26 23:26:00,Matt Bilsland,William Nagle,EMEA MM,Mid-Market,,61.0,51-100,No Show / Can't Connect,2026Q1,EMEA MM
58676845059,KubeCon EU 2026 - Nedap,,,Classic,125.0,Unqualified,,no show after event,No-show,Closed Lost,SDR / Omitted OPP,2026-05-13 11:40,2026-03-26 23:26:00,William Nagle,William Nagle,SDR EMEA,Mid-Market,,125.0,101-250,No Show / Can't Connect,2026Q1,SDR EMEA
58446996040,KubeCon EU 2026 - Azerion,,,Classic,108.0,Unqualified,,no show,No-show,Closed Lost,SDR / Omitted OPP,2026-04-16 11:07,2026-03-26 23:26:00,Sharon Peretz,William Nagle,EMEA MM,Mid-Market,,108.0,101-250,No Show / Can't Connect,2026Q1,EMEA MM
58446996039,KubeCon EU 2026 - Booz Allen Hamilton,,Booz Allen Hamilton,Classic,8200.0,Unqualified,,No Show,No-show,Closed Lost,SDR / Omitted OPP,2026-05-21 16:00,2026-03-26 23:26:00,Dylan Leija,Dylan Leija,SDR US,Enterprise,53462389808,8200.0,5001+,No Show / Can't Connect,2026Q1,SDR US
58430175514,Chainalysis - KubeCon EU 2026,,Chainalysis,Classic,179.0,Unqualified,,"Leena has been unresponsive ever since scheduling call at Kubecon Amsterdam, also opted out of email",Unable to connect,Closed Lost,SDR / Omitted OPP,2026-05-06 17:28,2026-03-26 23:26:00,John Romano,Aaron Marans,US MM,Mid-Market,9881242477,179.0,101-250,No Show / Can't Connect,2026Q1,US MM
58427627610,KubeCon EU 2026 - Plumery,,Plumery,Classic,18.0,Unqualified,,"small users base, looks like James started them off on free tier for them to grow into port ",Unable to connect,Closed Lost,SDR / Omitted OPP,2026-05-13 11:42,2026-03-26 23:26:00,William Nagle,William Nagle,SDR EMEA,Mid-Market,35454203923,18.0,15-50,No Show / Can't Connect,2026Q1,SDR EMEA
58685788072,KubeCon EU 2026 - Qube Research and Technologies,,Qube RT,Classic,736.0,Unqualified,,"21/04: Security team didn't greenlight exploring Port yet and want to validate OS ROI - going to run 3-6 month Backstage internal POC but recognise the heavy investment. Building out wider org chart to target in prep of that internal POC finishing.
",Bad timing,Closed Lost,SDR / Omitted OPP,2026-08-10 13:37,2026-03-26 23:26:00,William Nagle,William Nagle,SDR EMEA,Mid-Market,31660039193,736.0,501-1000,Timing / Maturity,2026Q1,SDR EMEA
58437089193,KubeCon EU 2026 - trivago,,,Classic,247.0,Unqualified,,"""after another consolidation with our DX team and speaking to Nick, I have to decline this Meeting early. Since I left the team to the backend squad I missed some important things where not yet communicated outside their Team."" - to James B",No-show,Closed Lost,SDR / Omitted OPP,2026-05-13 11:44,2026-03-26 23:26:00,William Nagle,William Nagle,SDR EMEA,Mid-Market,,247.0,101-250,No Show / Can't Connect,2026Q1,SDR EMEA
58436624011,KubeCon EU 2026 - Kharon,,,Classic,30.0,Not happened yet,,"no show/unq
",No-show,SDR / Omitted  Opp,SDR / Omitted OPP,,2026-03-26 23:26:00,Logan Loisel,Logan Loisel,SDR US,Mid-Market,,30.0,15-50,No Show / Can't Connect,2026Q1,SDR US
58433376050,KubeCon EU 2026 - Meetic,,,Classic,79.0,Unqualified,,no show after event,No-show,Closed Lost,SDR / Omitted OPP,2026-05-13 11:45,2026-03-26 23:26:00,William Nagle,William Nagle,SDR EMEA,Mid-Market,,79.0,51-100,No Show / Can't Connect,2026Q1,SDR EMEA
58442663045,KubeCon EU 2026 - OMP,,,Classic,270.0,Unqualified,,no show after event,No-show,Closed Lost,SDR / Omitted OPP,2026-05-13 11:45,2026-03-26 23:26:00,William Nagle,William Nagle,SDR EMEA,Mid-Market,,270.0,251-500,No Show / Can't Connect,2026Q1,SDR EMEA
58432445609,KubeCon EU 2026 - ProgressSoft,,,Classic,309.0,Unqualified,,no show after event,No-show,Closed Lost,SDR / Omitted OPP,2026-05-13 11:47,2026-03-26 23:26:00,William Nagle,William Nagle,SDR EMEA,Mid-Market,,309.0,251-500,No Show / Can't Connect,2026Q1,SDR EMEA
58437244981,KubeCon EU 2026 - Yoco,,,Classic,89.0,Unqualified,,no show since event,No-show,Closed Lost,SDR / Omitted OPP,2026-05-13 11:49,2026-03-26 23:26:00,William Nagle,William Nagle,SDR EMEA,Mid-Market,,89.0,51-100,No Show / Can't Connect,2026Q1,SDR EMEA
58452737811,KubeCon EU 2026 - Ellison Institute of Technology,,,Classic,44.0,Unqualified,,no show,No-show,Closed Lost,SDR / Omitted OPP,2026-04-07 12:49,2026-03-26 23:26:00,Matt Bilsland,William Nagle,EMEA MM,Mid-Market,,44.0,15-50,No Show / Can't Connect,2026Q1,EMEA MM
58451500154,KubeCon EU 2026 - TNG Technology Consulting GmbH,,TNG Technology,Classic,345.0,Unqualified,,kubecon lead,Consultant,Closed Lost,SDR / Omitted OPP,2026-04-23 15:29,2026-03-26 23:26:00,Sharon Peretz,William Nagle,EMEA MM,Mid-Market,19636241285,345.0,251-500,Other,2026Q1,EMEA MM
58441040282,KubeCon EU 2026 - Credo Bank,,,Classic,176.0,Unqualified,,not mature team - window shopping,Early stage,Closed Lost,SDR / Omitted OPP,2026-04-28 12:08,2026-03-26 23:26:00,Sharon Peretz,William Nagle,EMEA MM,Mid-Market,,176.0,101-250,Timing / Maturity,2026Q1,EMEA MM
58436004226,KubeCon EU 2026 - AWS,,,Classic,10000.0,Unqualified,,invalid contact details. cannot locate him online,Unable to connect,Closed Lost,SDR / Omitted OPP,2026-03-27 16:43,2026-03-26 23:26:00,Adrian Sandu,Adrian Sandu,SDR EMEA,Enterprise,,10000.0,5001+,No Show / Can't Connect,2026Q1,SDR EMEA
58447462017,KubeCon EU 2026 - Snyk,,,Classic,387.0,Unqualified,,no show - kubecon,No-show,Closed Lost,SDR / Omitted OPP,2026-04-27 13:55,2026-03-26 23:26:00,Sharon Peretz,William Nagle,EMEA MM,Mid-Market,,387.0,251-500,No Show / Can't Connect,2026Q1,EMEA MM
58435073558,KubeCon EU 2026 - TomTom,,,Classic,1942.0,Unqualified,,KubeCon no show,No-show,Closed Lost,SDR / Omitted OPP,2026-05-05 09:16,2026-03-26 23:26:00,Matt Bilsland,William Nagle,EMEA MM,Mid-Market,,1942.0,1001-5000,No Show / Can't Connect,2026Q1,EMEA MM
58450570048,KubeCon EU 2026 - SimCorp,,,Classic,1083.0,Unqualified,,no show ,No-show,Closed Lost,SDR / Omitted OPP,2026-05-12 12:07,2026-03-26 23:26:00,William Nagle,,SDR EMEA,Mid-Market,,1083.0,1001-5000,No Show / Can't Connect,2026Q1,SDR EMEA
58447618186,KubeCon EU 2026 - Cineca,,CINECA,Classic,327.0,Unqualified,,no show,No-show,Closed Lost,SDR / Omitted OPP,2026-04-13 16:22,2026-03-26 23:26:00,Sharon Peretz,William Nagle,EMEA MM,Mid-Market,53257440035,327.0,251-500,No Show / Can't Connect,2026Q1,EMEA MM
58445914624,KubeCon EU 2026 - andsafe AG,,,Classic,26.0,Unqualified,,declined meeting & not responsive to emails,Unable to connect,Closed Lost,SDR / Omitted OPP,2026-04-10 12:35,2026-03-26 23:26:00,Sharon Peretz,William Nagle,EMEA MM,Mid-Market,,26.0,15-50,No Show / Can't Connect,2026Q1,EMEA MM
58432292932,KubeCon EU 2026 - Siemens,,,Classic,10000.0,Unqualified,,no meeting actually booked. Contact unsubscribed from communication,Other,Closed Lost,SDR / Omitted OPP,2026-04-01 13:35,2026-03-26 23:26:00,Adrian Sandu,,SDR EMEA,Enterprise,,10000.0,5001+,Other,2026Q1,SDR EMEA
58450879096,KubeCon EU 2026 - Antonios Angelakia,,,Classic,65.0,Unqualified,,Not responsive ,No-show,Closed Lost,SDR / Omitted OPP,2026-04-09 17:16,2026-03-26 23:26:00,Sharon Peretz,William Nagle,EMEA MM,Mid-Market,,65.0,51-100,No Show / Can't Connect,2026Q1,EMEA MM
58446844979,KubeCon EU 2026 - Mirantis,,,Classic,214.0,Unqualified,,Signed up for a demo at Kubecon. Never answered followup or outreach. ,Unable to connect; No-show,Closed Lost,SDR / Omitted OPP,2026-05-14 21:50,2026-03-26 23:26:00,Aaron Marans,Aaron Marans,SDR US,Mid-Market,,214.0,101-250,No Show / Can't Connect,2026Q1,SDR US
58441505462,KubeCon EU 2026 - New10,,New10,Classic,54.0,Unqualified,,contact is leaving the company - tried getting to other people ,No-show,Closed Lost,SDR / Omitted OPP,2026-04-09 17:12,2026-03-26 23:26:00,Sharon Peretz,William Nagle,EMEA MM,Mid-Market,23628980549,54.0,51-100,No Show / Can't Connect,2026Q1,EMEA MM
58439178848,"KubeCon EU 2026 - Data Troops, UAB (Decodo)",,,Classic,40.0,Unqualified,,Went with Backstage,Competition,Closed Lost,SDR / Omitted OPP,2026-04-10 14:29,2026-03-26 23:26:00,Subby Makinde,,SDR EMEA,Mid-Market,,40.0,15-50,Competitor,2026Q1,SDR EMEA
58435697297,KubeCon EU 2026 - INTERPOL,,,Classic,61.0,Unqualified,,no show,No-show,Closed Lost,SDR / Omitted OPP,2026-04-28 12:07,2026-03-26 23:26:00,Sharon Peretz,William Nagle,EMEA MM,Mid-Market,,61.0,51-100,No Show / Can't Connect,2026Q1,EMEA MM
58432292931,KubeCon EU 2026 - PSI Software SE,,,Classic,156.0,Unqualified,,no show since event,No-show,Closed Lost,SDR / Omitted OPP,2026-05-13 11:49,2026-03-26 23:26:00,William Nagle,William Nagle,SDR EMEA,Mid-Market,,156.0,101-250,No Show / Can't Connect,2026Q1,SDR EMEA
58447924877,KubeCon EU 2026 - Amazon,,,Classic,100000.0,Unqualified,,works at amazon - couldn't find him on linkedin. Emailed to offer partnership discussion. no opp here - closed/lost,Partnership,Closed Lost,SDR / Omitted OPP,2026-04-01 13:16,2026-03-26 23:26:00,Adrian Sandu,Adrian Sandu,SDR EMEA,Enterprise,,100000.0,5001+,Partnership / Other,2026Q1,SDR EMEA
58436471941,KubeCon EU 2026 - Jakub,,,Classic,32.0,Unqualified,,"Added this prospect to existing meeting, that was then cancelled by MTU Polska (no reason given)",No value,Closed Lost,SDR / Omitted OPP,2026-04-02 12:19,2026-03-26 23:26:00,Subby Makinde,,SDR EMEA,Enterprise,,32.0,15-50,No Value / Product,2026Q1,SDR EMEA
58432755339,KubeCon EU 2026 - 6WIND,,,Classic,46.0,Unqualified,,no show ,No-show,Closed Lost,SDR / Omitted OPP,2026-05-12 12:26,2026-03-26 23:26:00,William Nagle,,SDR EMEA,Mid-Market,,46.0,15-50,No Show / Can't Connect,2026Q1,SDR EMEA
58429400872,KubeCon EU 2026 - Servers.com,,,Classic,67.0,Unqualified,,unsure what has happened since event ,No-show,Closed Lost,SDR / Omitted OPP,2026-05-12 12:28,2026-03-26 23:26:00,William Nagle,,SDR EMEA,Mid-Market,,67.0,51-100,No Show / Can't Connect,2026Q1,SDR EMEA
58427933308,KubeCon EU 2026 - 123inkt.nl,,,Classic,68.0,Unqualified,,didnt happen ,No-show,Closed Lost,SDR / Omitted OPP,2026-05-12 12:48,2026-03-26 23:26:00,William Nagle,,SDR EMEA,Mid-Market,,68.0,51-100,No Show / Can't Connect,2026Q1,SDR EMEA
58440884110,KubeCon EU 2026 - UDI,,,Classic,32.0,Unqualified,,no show since event,No-show,Closed Lost,SDR / Omitted OPP,2026-05-13 11:53,2026-03-26 23:26:00,William Nagle,William Nagle,SDR EMEA,Mid-Market,,32.0,15-50,No Show / Can't Connect,2026Q1,SDR EMEA
58446222707,KubeCon EU 2026 - SETAR N.V.,,SETAR,Classic,25.0,Unqualified,,No show post-KubeCon,No-show,Closed Lost,SDR / Omitted OPP,2026-03-30 23:51,2026-03-26 23:26:00,Daniel Alper,Wren Huston,US MM,Mid-Market,9907680141,25.0,15-50,No Show / Can't Connect,2026Q1,US MM
58445138791,KubeCon EU 2026 - ICEYE,,,Classic,269.0,Unqualified,,"Spoke to in the past, messaged me saying not ready to speak. ",No-show,Closed Lost,SDR / Omitted OPP,2026-04-09 15:26,2026-03-26 23:26:00,Sharon Peretz,William Nagle,EMEA MM,Mid-Market,,269.0,251-500,No Show / Can't Connect,2026Q1,EMEA MM
58440884111,KubeCon EU 2026 - Mastercard Inc.,,,Classic,10000.0,Unqualified,,no meeting booked,No-show,Closed Lost,SDR / Omitted OPP,2026-03-31 23:47,2026-03-26 23:26:00,Logan Loisel,Logan Loisel,SDR US,Enterprise,,10000.0,5001+,No Show / Can't Connect,2026Q1,SDR US
58439955994,KubeCon EU 2026 - Intralot,,,Classic,278.0,Unqualified,,no meeting booked - KubeCon deal,No-show; Unable to connect,Closed Lost,SDR / Omitted OPP,2026-04-28 17:28,2026-03-26 23:26:00,Adrian Sandu,,SDR EMEA,Enterprise,,278.0,251-500,No Show / Can't Connect,2026Q1,SDR EMEA
58414337024,Phreesia ,,Phreesia,Classic,426.0,Unqualified,,Michael Was supposed to send me an NDA after first call and schedule demo with leadership but went dark,Unable to connect,Closed Lost,SDR / Omitted OPP,2026-05-12 14:41,2026-03-26 19:48:00,John Romano,,US MM,,10067647138,426.0,251-500,No Show / Can't Connect,2026Q1,US MM
58369081867,Confluent IO,200000.0,Confluent IO,Classic,1328.0,Qualified,2026-03-30,IBM acquisition - need to wait to sync with IBM leadership,Bad timing,Closed Lost,Demo / Presentation,2026-05-11 22:08,2026-03-26 17:44:00,Jill Countey,Wren Huston,US MM,Mid-Market,9881648947,1328.0,1001-5000,Timing / Maturity,2026Q1,US MM
58320191337,checkout.com - New Deal,200000.0,checkout.com,Classic,526.0,Qualified,2026-04-08,,,Demo / Presentation ,Demo / Presentation,2027-10-22 12:22,2026-03-25 12:33:00,Matt Bilsland,William Nagle,EMEA MM,Mid-Market,10338662830,526.0,501-1000,Not Closed Lost,2026Q1,EMEA MM
58311762564,Canonical ,,Canonical,Classic,769.0,Unqualified,,no show,No-show,Closed Lost,SDR / Omitted OPP,2026-04-07 13:52,2026-03-25 11:50:00,Matt Bilsland,William Nagle,EMEA MM,Mid-Market,25811214243,769.0,501-1000,No Show / Can't Connect,2026Q1,EMEA MM
58255212432,Mindera ,,EngMindera,Classic,620.0,Unqualified,,no show will chase ,No-show,Closed Lost,SDR / Omitted OPP,2026-05-13 12:33,2026-03-24 13:58:00,William Nagle,William Nagle,SDR EMEA,Mid-Market,19161717009,620.0,501-1000,No Show / Can't Connect,2026Q1,SDR EMEA
58251331891,Teamviewer ,,Teamviewer,Classic,576.0,Unqualified,,"event follow up no show, will rework ",Unable to connect,Closed Lost,SDR / Omitted OPP,2026-05-13 18:05,2026-03-23 20:37:00,William Nagle,William Nagle,SDR EMEA,Mid-Market,10135585548,576.0,501-1000,No Show / Can't Connect,2026Q1,SDR EMEA
58247238926,Kubex - New Deal,,Kubex,Classic,50.0,Unqualified,,"Hi,

I have to try out port before chatting with you. Will likely be a few weeks out

Will reach out again

- Julien",Bad timing,Closed Lost,SDR / Omitted OPP,2026-03-31 18:15,2026-03-23 15:42:00,John Romano,William Nagle,US MM,Mid-Market,53153111821,50.0,15-50,Timing / Maturity,2026Q1,US MM
58244068389,KubeCon EU 2026 - Freedom Cloud,,Freedom Cloud,Classic,50.0,Unqualified,,No show,No-show,Closed Lost,SDR / Omitted OPP,2026-04-24 02:18,2026-03-23 11:17:00,Scott Dunion,,APJ,Mid-Market,53158071054,50.0,15-50,No Show / Can't Connect,2026Q1,APJ
58243979947,Kaizengaming ,,Kaizengaming,Classic,500.0,Unqualified,,need to work different people at account ,Unable to connect,Closed Lost,SDR / Omitted OPP,2026-05-13 11:59,2026-03-23 10:57:00,William Nagle,William Nagle,SDR EMEA,Mid-Market,31669114787,500.0,251-500,No Show / Can't Connect,2026Q1,SDR EMEA
58211070822,Boostlingo,24000.0,Boostlingo,Classic,41.0,Qualified,2026-03-23,"looking for a DORA easy button, think they can vibe-code a portal",Product; No value; Price,Closed Lost,Pilot Prep,2026-04-15 15:47,2026-03-20 18:41:00,Daniel Alper,Aaron Marans,US MM,Mid-Market,53153054012,41.0,15-50,No Value / Product,2026Q1,US MM
58135989394,FTMO ,,FTMO,Classic,153.0,Unqualified,,"Had positive first call with junior employee, no response to follow up actions",Unable to connect,Closed Lost,SDR / Omitted OPP,2026-05-15 15:46,2026-03-19 16:50:00,Matt Bilsland,William Nagle,EMEA MM,Mid-Market,52931648579,153.0,101-250,No Show / Can't Connect,2026Q1,EMEA MM
58182338308,Central Bank of Ireland - New Deal,50000.0,Central Bank of Ireland,Classic,1500.0,Qualified,2026-05-15,"Reach back out in September, had no show from key stakeholder, spoke with another colleague and he said they are planning their 2027 roadmap",Bad timing,Closed Lost,Demo / Presentation,2026-07-22 11:42,2026-03-19 16:47:00,Matt Bilsland,William Nagle,EMEA MM,Mid-Market,52493411446,1500.0,1001-5000,Timing / Maturity,2026Q1,EMEA MM
58162021925,Smartsheet,250000.0,Smartsheet,Classic,811.0,Qualified,2026-03-27,"Went with Cortex due to Port's significant operational load.

Both evaluations used dummy data and Cortex's opinions out of the box led the team to select Cortex - connecting data integrations together in Port represented operational load the team was unwilling to take on. We mentioned vibe building / MCP connections as an area they did not spend enough time on, but decision has been made.

We also offered free solution services and highly discounted contract, but that did not move the needle.",Competition,Closed Lost,Pilot Prep,2026-06-26 16:49,2026-03-19 13:08:00,John Romano,Aaron Marans,US MM,Mid-Market,20718505894,811.0,501-1000,Competitor,2026Q1,US MM
58135851009,Questrade,100000.0,Questrade Financial Group,Classic,461.0,Qualified,2026-03-25,Gone dark - will keep nurturing in 5x5,Unable to connect,Closed Lost,Demo / Presentation,2026-05-28 16:35,2026-03-18 19:04:00,Jill Countey,Wren Huston,US MM,Mid-Market,10135604151,461.0,251-500,No Show / Can't Connect,2026Q1,US MM
58158685341,Alteryx Inc ,200000.0,Alteryx Inc,Classic,662.0,Qualified,2026-03-26,Sara said priorities changed - most likely they chose to build on their own,Product; Price,Closed Lost,Demo / Presentation,2026-05-18 23:48,2026-03-18 16:20:00,Jill Countey,Wren Huston,US MM,Mid-Market,10259336280,662.0,501-1000,No Value / Product,2026Q1,US MM
59184758601,The Pensions Regulator,,The Pensions Regulator;The Pensions Regulator,Classic,75.0,Unqualified,,"Catch up mid-June but given procurement process (similar to DWP) and low number of devs (~100) - not worth the time investment in process until DWP closes and can ride the same path
",Bad timing,Closed Lost,SDR / Omitted OPP,2026-08-10 13:26,2026-03-18 13:19:00,William Nagle,William Nagle,SDR EMEA,Mid-Market,53960510858;34964091658,75.0,51-100,Timing / Maturity,2026Q1,SDR EMEA
58025303185,Plaid,100000.0,Plaid,Classic,425.0,Qualified,2026-03-26,will keep prospecting,No-show,Closed Lost,Demo / Presentation,2026-09-22 18:38,2026-03-17 15:16:00,Jill Countey,Wren Huston,US MM,Mid-Market,16177885747,425.0,251-500,No Show / Can't Connect,2026Q1,US MM
57973458182,Janus Henderson Investors,341000.0,Janus HendersonInvestors US LLC,Classic,274.0,Qualified,2026-03-31,,,Business Case Confirmation,Business case confirmation,2026-09-30 12:53,2026-03-13 08:24:00,James Butcher,William Nagle,EMEA MM,Mid-Market,32132835723,274.0,251-500,Not Closed Lost,2026Q1,EMEA MM
57941030509,Bankdata ,,Bankdata,Classic,577.0,Unqualified,,Bankdata has parked discussions of changing developer portal for now. ,Bad timing,Closed Lost,SDR / Omitted OPP,2026-05-15 15:47,2026-03-12 16:59:00,Matt Bilsland,William Nagle,EMEA MM,Mid-Market,30397843475,577.0,501-1000,Timing / Maturity,2026Q1,EMEA MM
57938986788,Audacy,24000.0,Audacy,Classic,99.0,Qualified,2026-03-18,Misalignment on IDP value and approach,Price; Partnership; Not right company/ persona; Other,Closed Lost,Pilot Prep,2026-04-22 17:48,2026-03-12 16:23:00,Daniel Alper,Wren Huston,US MM,Mid-Market,22873698436,99.0,51-100,Not a Fit,2026Q1,US MM
57950079356,Breakthrough,,Breakthrough,Classic,45.0,Unqualified,,"Won't be able to POC for another few months.  50 devs competitive against Cortex, will continue to follow up but not worth bumping up right now",Bad timing,Closed Lost,SDR / Omitted OPP,2026-03-30 21:42,2026-03-11 22:25:00,John Romano,Aaron Marans,US MM,Mid-Market,52864031372,45.0,15-50,Timing / Maturity,2026Q1,US MM
57909138305,Betsson Group ,80000.0,Betsson Group,Classic,791.0,Qualified,2026-04-14,,,Business Validation,Pilot Prep,2026-12-11 12:45,2026-03-11 18:28:00,Matt Bilsland,William Nagle,EMEA MM,Mid-Market,20718528049,791.0,501-1000,Not Closed Lost,2026Q1,EMEA MM
59728317461,Fico,,FICO,Classic,1529.0,Unqualified,,No show,No-show,Closed Lost,SDR / Omitted OPP,2026-05-15 20:43,2026-03-11 15:15:00,Daniel Alper,Wren Huston,US MM,Mid-Market,10163189516,1529.0,1001-5000,No Show / Can't Connect,2026Q1,US MM
57856028171,NerdWallet,,NerdWallet,Classic,158.0,Unqualified,,"just renewed with opslevel, keeping 6 month meeting cadence",Bad timing,Closed Lost,SDR / Omitted OPP,2026-03-18 21:03,2026-03-10 21:05:00,Jill Countey,Wren Huston,US MM,Mid-Market,9587400472,158.0,101-250,Timing / Maturity,2026Q1,US MM
59184762490,Close Brothers,72000.0,Close Brothers,Classic,100.0,Qualified,2026-04-10,"New Head of Engineering joined, prioritisation is on changing and establishing new tech stack. IDP pushed out to 2027",Bad timing,Closed Lost,Pilot Prep,2026-09-09 16:52,2026-03-10 18:33:00,James Butcher,William Nagle,EMEA MM,Mid-Market,55405347617,100.0,51-100,Timing / Maturity,2026Q1,EMEA MM
57830091286,iProov,100000.0,iProov,Classic,85.0,Qualified,2026-03-31,"Despite multiple attempts, customer has cancelled recent meetings and is not in a position to adopt Port right now",Not right company/ persona,Closed Lost,Demo / Presentation,2026-07-08 14:43,2026-03-10 13:05:00,Matt Bilsland,William Nagle,EMEA MM,Mid-Market,25215421767,85.0,51-100,Not a Fit,2026Q1,EMEA MM
57830124658,Fanduel,,fanduel,Classic,1235.0,Unqualified,,need to keep finding right person,Not right company/ persona,Closed Lost,SDR / Omitted OPP,2026-03-30 20:26,2026-03-09 17:52:00,Jill Countey,Wren Huston,US MM,Mid-Market,10259302175,1235.0,1001-5000,Not a Fit,2026Q1,US MM
57823032853,Swan ,24000.0,Swan,Classic,68.0,Qualified,2026-03-23,Built their own IDP internally with AI. Had a call with Zohar & yonatan to review it. Setting up a follow up 2 months from today to see how the progress was.,Other,Closed Lost,Business case confirmation,2026-05-27 12:12,2026-03-09 16:37:00,Sharon Peretz,William Nagle,EMEA MM,Mid-Market,16034329880,68.0,51-100,Other,2026Q1,EMEA MM
57801789196,CommerceIQ,,CommerceIQ,Classic,168.0,Unqualified,,"In discovery meetings they where clearly not quite looking for IDP. Drove to build value with them, but starting to ghost us. Closing out for now",Unable to connect; Other,Closed Lost,SDR / Omitted OPP,2026-04-24 02:17,2026-03-09 10:48:00,Scott Dunion,Adrian Sandu,APJ,Mid-Market,21125741077,168.0,101-250,No Show / Can't Connect,2026Q1,APJ
57746760879,Equifax // Pipeline (Early Qual) // Q4 2026,125000.0,Equifax,Classic,3326.0,Unqualified,,No show,No-show,Closed Lost,SDR / Omitted OPP,2026-05-08 17:12,2026-03-06 22:11:00,Dylan Leija,Dylan Leija,SDR US,Enterprise,10259215439,3326.0,1001-5000,No Show / Can't Connect,2026Q1,SDR US
57669124146,Life360,,Life360,Classic,194.0,Unqualified,,In a contract with Cortex. He's not on the team that manages that. We went outbound to him and he just wanted to learn more,Other,Closed Lost,SDR / Omitted OPP,2026-04-09 21:05,2026-03-06 21:31:00,EJ Rauseo,Dylan Leija,US MM,Mid-Market,20639949094,194.0,101-250,Other,2026Q1,US MM
57619601947,WHOOP,,WHOOP,Classic,258.0,Not happened yet,,"no show, will keep working",No-show,Closed Lost,SDR / Omitted OPP,2026-03-31 16:25,2026-03-06 16:13:00,Jill Countey,Wren Huston,US MM,Mid-Market,26127933557,258.0,251-500,No Show / Can't Connect,2026Q1,US MM
57576687105,Hubtel Limited ,100000.0,Hubtel,Classic,189.0,Qualified,2026-03-09,Senior stakeholders pushed for Humanitec because the requirement was more infrastructure as a code,Product,Closed Lost,Demo / Presentation,2026-05-12 10:16,2026-03-05 18:07:00,Matt Bilsland,William Nagle,EMEA MM,Mid-Market,18261480746,189.0,101-250,No Value / Product,2026Q1,EMEA MM
57601625172,Lendbuzz,54000.0,Lendbuzz,Classic,94.0,Qualified,2026-03-06,"No response since intro call, need to schedule demo with Israel team. Will keep nurturing ",Unable to connect; No-show,Closed Lost,Demo / Presentation,2026-06-08 16:45,2026-03-05 16:46:00,Jill Countey,Wren Huston,US MM,Mid-Market,29169586032,94.0,51-100,No Show / Can't Connect,2026Q1,US MM
57539046692,BlinkRx,,Blink Health,Classic,118.0,Unqualified,,No showed the call,No-show,Closed Lost,SDR / Omitted OPP,2026-03-16 20:43,2026-03-04 22:52:00,EJ Rauseo,Aaron Marans,US MM,Mid-Market,36576582054,118.0,101-250,No Show / Can't Connect,2026Q1,US MM
57463468919,European Bank for Reconstruction and Development ,,European Bank for Reconstruction and Development,Classic,168.0,Unqualified,,"went cold after cancelling meeting, rework ",No-show,Closed Lost,SDR / Omitted OPP,2026-05-13 11:56,2026-03-03 19:03:00,William Nagle,William Nagle,SDR EMEA,Mid-Market,35455650426,168.0,101-250,No Show / Can't Connect,2026Q1,SDR EMEA
57417386788,Creative Capsule ,,Creative Capsule,Classic,167.0,Unqualified,,Early stage reviewing what IDPs can do,Early stage,Closed Lost,SDR / Omitted OPP,2026-03-09 10:03,2026-03-03 14:44:00,Scott Dunion,William Nagle,APJ,Mid-Market,34652786966,167.0,101-250,Timing / Maturity,2026Q1,APJ
57443126368,EY GDS,,EY,Classic,250.0,Unqualified,,No showed first meeting and unable to connect,Unable to connect,Closed Lost,SDR / Omitted OPP,2026-06-04 16:33,2026-03-03 13:44:00,Subby Makinde,Subby Makinde,SDR EMEA,Enterprise,36059316612,250.0,101-250,No Show / Can't Connect,2026Q1,SDR EMEA
57134041863,Nationwide Mutual Insurance Company - New Deal,,Nationwide Mutual Insurance Company,Classic,1797.0,Unqualified,,email about changed directions,Bad timing,Closed Lost,SDR / Omitted OPP,2026-05-12 22:58,2026-02-27 23:19:00,Charity Lee,,,,10162185334,1797.0,1001-5000,Timing / Maturity,2026Q1,
57139260277,Accurate,,Accurate,Classic,175.0,Unqualified,,"Went dark after initial demo, most likely not ready for an IDP",Unable to connect,Closed Lost,SDR / Omitted OPP,2026-04-15 19:19,2026-02-27 03:30:00,John Romano,Logan Loisel,US MM,Mid-Market,32133460027,175.0,101-250,No Show / Can't Connect,2026Q1,US MM
57132080721,ITOCHU Techno-Solutions America,,ITOCHU Techno-Solutions America,Classic,53.0,Unqualified,,Potential partner - booked intro with Johana,Partnership,Closed Lost,SDR / Omitted OPP,2026-03-17 15:40,2026-02-27 00:59:00,Adrian Sandu,Adrian Sandu,SDR EMEA,Enterprise,25805076149,53.0,51-100,Partnership / Other,2026Q1,SDR EMEA
57129764475,Collectors Holdings Inc,150000.0,Collectors Holdings Inc,Classic,103.0,Qualified,2026-03-02,Elected to continue self-guided eval after POC,Unable to connect; Freemium,Closed Lost,Business case confirmation,2026-06-30 18:13,2026-02-26 23:04:00,Daniel Alper,Dylan Leija,US MM,Mid-Market,9881169420,103.0,101-250,No Show / Can't Connect,2026Q1,US MM
57096040081,Booksy ,,Booksy,Classic,124.0,Unqualified,,budget - sharon will keep chasing. ,Bad timing; Budget,Closed Lost,SDR / Omitted OPP,2026-06-09 12:45,2026-02-26 19:02:00,Sharon Peretz,William Nagle,EMEA MM,Mid-Market,19627550735,124.0,101-250,Timing / Maturity,2026Q1,EMEA MM
57060469513,Telesat,,Telesat,Classic,237.0,Unqualified,,"keep nurturing, directed them to free version to start",Early stage,Closed Lost,SDR / Omitted OPP,2026-04-23 19:56,2026-02-26 18:41:00,Jill Countey,Wren Huston,US MM,Mid-Market,52097781639,237.0,101-250,Timing / Maturity,2026Q1,US MM
56935802284,doTERRA,,doTERRA,Classic,131.0,Unqualified,,Didn't show to first call,No-show,Closed Lost,SDR / Omitted OPP,2026-03-30 21:41,2026-02-24 23:40:00,John Romano,Charity Lee,US MM,Enterprise,17397440008,131.0,101-250,No Show / Can't Connect,2026Q1,US MM
56935791685,Kainos,,Kainos,Classic,1000.0,Unqualified,,"Cold outbound, Mihai is in the wrong team. Conversation was valuable. Mb to continue chasing others within the account.",Not right company/ persona,Closed Lost,SDR / Omitted OPP,2026-05-15 15:48,2026-02-24 19:36:00,Matt Bilsland,William Nagle,EMEA MM,Mid-Market,10339148815,1000.0,501-1000,Not a Fit,2026Q1,EMEA MM
56896764237,Travelport,,Travelport,Classic,843.0,Unqualified,,Graham very low down and cannot open doors. He advised on who to speak with so I have reached out on Linkedin.,Not right company/ persona,Closed Lost,SDR / Omitted OPP,2026-05-15 11:48,2026-02-24 16:37:00,Matt Bilsland,William Nagle,EMEA MM,Mid-Market,10259221927,843.0,501-1000,Not a Fit,2026Q1,EMEA MM
62704664066,Ki Insurance,100000.0,kigsl;Ki,Classic,230.0,Qualified,2026-03-27,A separate team at Ki insurance has purchased GetDX and wants to leverage its IDP capabilities,Competition,Closed Lost,Demo / Presentation,2026-07-30 16:45,2026-02-24 16:25:00,Matt Bilsland,Adrian Sandu,EMEA MM,Mid-Market,53399262780;41203125316,230.0,101-250,Competitor,2026Q1,EMEA MM
56946969889,Tata Consultancy Services Ltd ,,Tata Consultancy Services,Classic,100000.0,Unqualified,,not an opp - partnership discussion ,Partnership,Closed Lost,SDR / Omitted OPP,2026-03-26 15:17,2026-02-24 15:54:00,Johana Ochoa,Adrian Sandu,Channel,Enterprise,10067647144,100000.0,5001+,Partnership / Other,2026Q1,Channel
59728215661,Direct Supply,153000.0,Direct Supply,Classic,187.0,Qualified,2026-03-04,"After completing their evaluation, Direct Supply has decided not to move forward with Port at this time. Here's a quick summary:

Why they're passing (for now):
• High internal maintenance burden — requires a minimum of 3 people knowledgeable in Port for ongoing management
• Risk of single-person dependency (a pain point they've experienced before with abandoned tools)
• Significant data modeling work upfront with high likelihood of redesigns as their understanding matures
• ROI/business value doesn't justify the investment given their current org capacity

They liked Port's flexibility and customization power were genuinely impressive — it just requires more internal ownership than they can commit to right now.

Where things stand:
• Cortex evaluation is still ongoing — not a guaranteed pick either (has an extensibility ceiling)
• Professional services option (Callibrity partner) declined due to additional licensing costs
• Other developer platform initiatives are also competing for resources",Competition,Closed Lost,Formal Pilot,2026-04-29 21:51,2026-02-23 22:35:00,John Romano,Logan Loisel,US MM,Mid-Market,54511307327,187.0,101-250,Competitor,2026Q1,US MM
56829011383,Wayve,200000.0,Wayve,Classic,500.0,Qualified,2026-03-09,,,Demo / Presentation ,Demo / Presentation,2027-01-22 15:19,2026-02-23 20:09:00,Matt Bilsland,Dylan Leija,EMEA MM,Mid-Market,21703886109,500.0,251-500,Not Closed Lost,2026Q1,EMEA MM
56709484473,Cynet ,,Cynet,Classic,90.0,Unqualified,,"Third time meeting with this team. They are not serious. No actual sales motion here, no timeline, no budget. Just window shopping. ",Other,Closed Lost,SDR / Omitted OPP,2026-03-03 13:47,2026-02-23 15:45:00,Sharon Peretz,William Nagle,EMEA MM,Mid-Market,16625410909,90.0,51-100,Other,2026Q1,EMEA MM
56841004596,Cynet ,,Cynet,Classic,49.0,Unqualified,,nothing since initial call ,Unable to connect,Closed Lost,SDR / Omitted OPP,2026-05-13 12:00,2026-02-23 15:01:00,William Nagle,William Nagle,SDR EMEA,Mid-Market,16625410909,49.0,15-50,No Show / Can't Connect,2026Q1,SDR EMEA
56706533227,Genius Sports ,150000.0,Genius Sports,Classic,373.0,Qualified,2026-02-25,"After stating they would move to POV, leadership has asked they pull back on their exploration for now. They bhave a Backstage instance, but have not been able to get any value from it.",Early stage,Closed Lost,Demo / Presentation,2026-04-01 09:41,2026-02-20 16:48:00,Matt Bilsland,William Nagle,EMEA MM,Mid-Market,18056394300,373.0,251-500,Timing / Maturity,2026Q1,EMEA MM
56697417911,OutSystems,150000.0,OutSystems,Classic,660.0,Qualified,2026-03-27,"Built an AI in house solution. Seems they were looking into Port to get inspiration for what they've been building.. tried brining the decision maker to a call with zohar  & getting pushed back. Now unresponsive. Marked as competitor closed lost since we don't have a ""reason"" for build.  a",Competition,Closed Lost,Pilot Prep,2026-06-04 10:56,2026-02-20 13:43:00,Sharon Peretz,Logan Loisel,EMEA MM,Mid-Market,18935196066,660.0,501-1000,Competitor,2026Q1,EMEA MM
56650645600,Klaviyo,,Klaviyo,Classic,717.0,Unqualified,,They were looking at the ADP functionality but own Cortex. Cortex owner is OOO on sabbatical so we will try to pick things back up in Q2 ,Bad timing,Closed Lost,SDR / Omitted OPP,2026-03-04 16:12,2026-02-19 17:22:00,EJ Rauseo,Dylan Leija,US MM,Mid-Market,9893438133,717.0,501-1000,Timing / Maturity,2026Q1,US MM
56434613776,Paramount Commerce,50000.0,Paramount Commerce,Classic,50.0,Qualified,2026-02-19,No response after intro meeting,Unable to connect,Closed Lost,Demo / Presentation,2026-03-16 16:24,2026-02-16 20:45:00,Jill Countey,Logan Loisel,US MM,Mid-Market,32133610633,50.0,15-50,No Show / Can't Connect,2026Q1,US MM
56288447039,Applied Systems ,393000.0,Applied Systems,Classic,1000.0,Qualified,2026-03-03,Their team had challenges with the POC. They hit some bugs early on and also made some errors while setting up their org. They then trialed Cortex and found it easier to setup. They have decided to move forward with Cortex,Product; Competition,Closed Lost,Formal Pilot,2026-06-10 21:09,2026-02-14 00:20:00,EJ Rauseo,Logan Loisel,US MM,Mid-Market,21468334368,1000.0,501-1000,Competitor,2026Q1,US MM
56214714179,Life360,,Life360,Classic,194.0,Unqualified,,Already have Cortex in place. Oleksii is too low. They are not using the portal correctly and only use Cortex for the service catalog - Slowly moving to agentic engineering but not there yet. Worth trying to go higher,Bad timing,Closed Lost,SDR / Omitted OPP,2026-02-26 00:34,2026-02-13 22:36:00,EJ Rauseo,Dylan Leija,US MM,Mid-Market,20639949094,194.0,101-250,Timing / Maturity,2026Q1,US MM
56135881308,Coforma,29900.0,Coforma,Classic,56.0,Qualified,2026-02-17,They are starting with their Innovation team that only has 10 users and will re-engage if they are able to get momentum from their other teans,Early stage,Closed Lost,Demo / Presentation,2026-02-19 00:39,2026-02-12 21:54:00,EJ Rauseo,Logan Loisel,US MM,Mid-Market,49501272601,56.0,51-100,Timing / Maturity,2026Q1,US MM
56145451124,Seekwell / 1-800 CONTACTS,,Seekwell,Classic,125.0,Unqualified,,"demo'd to individual contributors, unable to land next steps with VP",Unable to connect; Early stage,Closed Lost,SDR / Omitted OPP,2026-04-01 16:20,2026-02-12 20:03:00,Daniel Alper,Logan Loisel,US MM,Mid-Market,46911528352,125.0,101-250,No Show / Can't Connect,2026Q1,US MM
56136030288,Grammarly,,Grammarly,Classic,326.0,Unqualified,,will revisit in 6 months,Bad timing,Closed Lost,SDR / Omitted OPP,2026-03-25 15:30,2026-02-12 17:16:00,Jill Countey,Dylan Leija,US MM,Mid-Market,17547882168,326.0,251-500,Timing / Maturity,2026Q1,US MM
56127355786,x15 Ventures,,x15 Ventures,Classic,31.0,Unqualified,,Not connected since intro call,Unable to connect,Closed Lost,SDR / Omitted OPP,2026-03-09 02:27,2026-02-12 10:54:00,Scott Dunion,Adrian Sandu,APJ,Mid-Market,48617442992,31.0,15-50,No Show / Can't Connect,2026Q1,APJ
56043470354,Parloa ,,Parloa,Classic,114.0,Unqualified,,Company more focused on security use cases than developer use cases. Not the right fit.,No value,Closed Lost,SDR / Omitted OPP,2026-03-30 17:49,2026-02-11 11:30:00,Matt Bilsland,William Nagle,EMEA MM,Mid-Market,35704078232,114.0,101-250,No Value / Product,2026Q1,EMEA MM
55927582607,Patterson Companies Inc. ,200000.0,Patterson Companies Inc.,Classic,150.0,Qualified,2026-03-06,,,Business Validation,Pilot Prep,2026-11-17 00:15,2026-02-10 19:04:00,Jill Countey,Logan Loisel,US MM,Mid-Market,21355339054,150.0,101-250,Not Closed Lost,2026Q1,US MM
55941721168,Vontobel ,,Vontobel,Classic,200.0,Unqualified,,I’ve aligned internally and we agreed that we are happy with the technology we have and instead are launching an initiative on how to change are Target Operating Model to plug some of the gaps we have.,Not right company/ persona,Closed Lost,SDR / Omitted OPP,2026-03-30 17:46,2026-02-10 17:54:00,Matt Bilsland,William Nagle,EMEA MM,Mid-Market,51053438841,200.0,101-250,Not a Fit,2026Q1,EMEA MM
55903717028,Bank Leumi,,bankleumi.co.il,Classic,351.0,Unqualified,,not responsive ,Unable to connect,Closed Lost,SDR / Omitted OPP,2026-02-23 09:47,2026-02-10 11:18:00,Sharon Peretz,William Nagle,EMEA MM,Mid-Market,10190538165,351.0,251-500,No Show / Can't Connect,2026Q1,EMEA MM
55827456417,Laerdal Medical,80000.0,Laerdal Medical,Classic,125.0,Qualified,2026-03-18,Project on hold following budget reviews at Laerdal,Bad timing,Closed Lost,Business case confirmation,2026-09-03 12:44,2026-02-09 22:49:00,Matt Bilsland,Logan Loisel,EMEA MM,Mid-Market,50974318700,125.0,101-250,Timing / Maturity,2026Q1,EMEA MM
55670208842,Delfia,,Delfia,Classic,31.0,Unqualified,,partner opp,Partnership,Closed Lost,SDR / Omitted OPP,2026-03-04 03:41,2026-02-06 15:18:00,Logan Loisel,Logan Loisel,SDR US,Mid-Market,46769425798,31.0,15-50,Partnership / Other,2026Q1,SDR US
55624027796,Collectors,,Collectors Holdings Inc,Classic,100.0,Unqualified,,Informational call - no active project,Bad timing; Early stage,Closed Lost,SDR / Omitted OPP,2026-02-12 16:21,2026-02-05 17:38:00,Daniel Alper,Dylan Leija,US MM,Mid-Market,9881169420,100.0,51-100,Timing / Maturity,2026Q1,US MM
55475181167,Jisr | Bridge HR,70000.0,Jisr,Classic,103.0,Qualified,2026-02-12,JISR has one specific use case and see Port as being too much of a heavy lift for this.,Product,Closed Lost,Demo / Presentation,2026-02-18 17:11,2026-02-04 16:03:00,Matt Bilsland,Adrian Sandu,EMEA MM,Mid-Market,17690892563,103.0,101-250,No Value / Product,2026Q1,EMEA MM
55466139466,Human Resources Development Fund - Saudi Arabia,,هدف,Classic,108.0,Unqualified,,No show,No-show,Closed Lost,SDR / Omitted OPP,2026-02-25 11:52,2026-02-03 21:39:00,Matt Bilsland,Adrian Sandu,EMEA MM,Mid-Market,50571062905,108.0,101-250,No Show / Can't Connect,2026Q1,EMEA MM
55389460902,Arbor ,80000.0,Arbor,Classic,109.0,Qualified,2026-02-25,Arbor had other priorities before engaging on IDP,Early stage,Closed Lost,Demo / Presentation,2026-08-12 15:23,2026-02-03 13:53:00,Matt Bilsland,William Nagle,EMEA MM,Mid-Market,19233003297,109.0,101-250,Timing / Maturity,2026Q1,EMEA MM
54970549588,Gelato,21000.0,Gelato,Classic,71.0,Qualified,2026-03-03,Misalignment - Platform expected full end-to-end framework including backend execution. ,No value,Closed Lost,Demo / Presentation,2026-04-09 11:17,2026-01-29 12:03:00,Sharon Peretz,Adrian Sandu,EMEA MM,Mid-Market,9751786510,71.0,51-100,No Value / Product,2026Q1,EMEA MM
54835486782,GAC,,GAC,Classic,150.0,Unqualified,,No show,No-show,Closed Lost,SDR / Omitted OPP,2026-05-15 11:46,2026-01-28 13:35:00,Matt Bilsland,William Nagle,EMEA MM,Mid-Market,49869114698,150.0,101-250,No Show / Can't Connect,2026Q1,EMEA MM
54800648352,Exclaimer,,Exclaimer Ltd,Classic,80.0,Unqualified,,No show,No-show,Closed Lost,SDR / Omitted OPP,2026-02-25 11:51,2026-01-28 11:15:00,Matt Bilsland,Adrian Sandu,EMEA MM,Mid-Market,10457606461,80.0,51-100,No Show / Can't Connect,2026Q1,EMEA MM
54596568107,Die Mobiliar ,,Die Mobiliar,Classic,350.0,Unqualified,,No show and unresponsive,No-show,Closed Lost,SDR / Omitted OPP,2026-03-13 12:50,2026-01-26 16:36:00,Subby Makinde,Subby Makinde,SDR EMEA,Enterprise,10091353345,350.0,251-500,No Show / Can't Connect,2026Q1,SDR EMEA
54605040704,Vhi Healthcare,50000.0,Vhi Healthcare,Classic,107.0,Qualified,2026-02-12,Ann-Marie no showed for a catch-up call. Have sent a follow up but closing this out. Not ICP.,No-show,Closed Lost,Demo / Presentation,2026-04-14 09:38,2026-01-26 16:30:00,Matt Bilsland,Adrian Sandu,EMEA MM,Mid-Market,22242908857,107.0,101-250,No Show / Can't Connect,2026Q1,EMEA MM
54394287468,Appcharge,24000.0,Appcharge,Classic,50.0,Qualified,2026-02-26,"On reserve duty for a few months now, has gone silent not responsive. ",Unable to connect,Closed Lost,Demo / Presentation,2026-05-28 10:12,2026-01-23 16:27:00,Sharon Peretz,William Nagle,EMEA MM,Mid-Market,48958973194,50.0,15-50,No Show / Can't Connect,2026Q1,EMEA MM
54352722779,Jifiti,,Jifiti,Classic,35.0,Unqualified,,"small company, 20 dev, no show ",Early stage,Closed Lost,SDR / Omitted OPP,2026-02-19 12:34,2026-01-22 20:10:00,Sharon Peretz,Logan Loisel,EMEA MM,Mid-Market,44590288031,35.0,15-50,Timing / Maturity,2026Q1,EMEA MM
54352277645,Navitus,60000.0,Navitus,Classic,153.0,Qualified,2026-01-22,"no contact after leadership meeting, they expressed during meeting Port may be too complex for their needs",Product; Unable to connect,Closed Lost,Pilot Prep,2026-04-03 20:52,2026-01-22 19:14:00,Jill Countey,Dylan Leija,US MM,Mid-Market,37434066209,153.0,101-250,No Show / Can't Connect,2026Q1,US MM
54321175220,Mobileye Vision Technologies,400000.0,Mobileye Vision Technologies Ltd.,Classic,1920.0,Qualified,2026-02-20,Built internal solution. ,Internal Build,Closed Lost,Pilot Prep,2026-06-18 08:49,2026-01-22 07:59:00,Sharon Peretz,William Nagle,EMEA MM,Mid-Market,20718430245,1920.0,1001-5000,No Value / Product,2026Q1,EMEA MM
54248329583,1Password,100000.0,AgileBits Inc.,Classic,488.0,Qualified,2026-01-22,Unresponsive following exec intro,Unable to connect; Bad timing,Closed Lost,Demo / Presentation,2026-05-07 16:33,2026-01-21 22:07:00,Daniel Alper,Logan Loisel,US MM,Mid-Market,10485191208,488.0,251-500,No Show / Can't Connect,2026Q1,US MM
54314206131,GoFundMe ,200000.0,GoFundMe,Classic,400.0,Qualified,2026-01-23,"Why They Chose Cortex 

Opinionated out-of-the-box experience — The core ask was a product that felt ready from day one. Cortex ships with pre-built scorecard templates and a homepage that populates immediately. Port's blank-canvas approach, while more powerful, created an initial impression of ""there's a lot of work to do here""

Initiatives product — Mark Vaughn was the most vocal internal voice and his entire use case was initiatives. He felt Cortex's initiatives feature was more purpose-built vs. Port's more composable approach

First-impression effect — Ben was candid: ""I actually asked Claude to recreate the Cortex homepage in Port because it just looked so immediately appealing."" The DevEx team leaned Cortex largely based on this. He called it ""a little bit misleading in some ways"" but acknowledged it was real

Company context shift — GoFundMe has had a rough few months with production outages. The entire org pivoted toward foundations and quality over AI/agentic work. That made the time-to-value on scorecards and initiatives more important than the agentic differentiators Port leads with",Competition,Closed Lost,Business case confirmation,2026-05-19 16:01,2026-01-21 17:06:00,John Romano,Logan Loisel,US MM,Mid-Market,27836208282,400.0,251-500,Competitor,2026Q1,US MM
54298799666,Open Bet,100000.0,Open Bet,Classic,528.0,Qualified,2026-02-12,"Francis and the team have developed their own internal solution and could not see the requirement for Port on top of this for now. There is no project but Francis did leave the door open to be re-engaged in the future. The team also saw capabilities in Port that they do not currently have in their own solution, albeit, not compelling enough to make a change.",Bad timing,Closed Lost,Demo / Presentation,2026-04-08 09:16,2026-01-21 11:46:00,Matt Bilsland,William Nagle,EMEA MM,Mid-Market,20717589379,528.0,501-1000,Timing / Maturity,2026Q1,EMEA MM
54286016304,Flutterwave ,,Flutterwave,Classic,181.0,Unqualified,,no show ,No-show,Closed Lost,SDR / Omitted OPP,2026-05-13 11:58,2026-01-21 00:50:00,William Nagle,William Nagle,SDR EMEA,Mid-Market,9958746288,181.0,101-250,No Show / Can't Connect,2026Q1,SDR EMEA
54267209504,Perion,,GlobalDots;Perion,Classic,110.0,Unqualified,,not responsive,Unable to connect,Closed Lost,SDR / Omitted OPP,2026-05-14 14:12,2026-01-20 20:51:00,Sharon Peretz,William Nagle,EMEA MM,Mid-Market,46450042716;31730427491,110.0,101-250,No Show / Can't Connect,2026Q1,EMEA MM
54078608508,Betclic Group ,,Betclic Group,Classic,370.0,Unqualified,,not responsive,Unable to connect,Closed Lost,SDR / Omitted OPP,2026-02-24 11:06,2026-01-19 17:57:00,Sharon Peretz,William Nagle,EMEA MM,Mid-Market,21037599855,370.0,251-500,No Show / Can't Connect,2026Q1,EMEA MM
54078595657,BEC Financial Technologies,,BEC Financial Technologies,Classic,573.0,Unqualified,,Not right person to speak with. Will continue to try to get BEC but through a management position. Mikkel is blocking us & is unclear of what he wants.,Budget; Not right company/ persona,Closed Lost,SDR / Omitted OPP,2026-01-21 12:17,2026-01-19 10:57:00,Sharon Peretz,William Nagle,EMEA MM,Mid-Market,10998269450,573.0,501-1000,Not a Fit,2026Q1,EMEA MM
53886938723,Flashbots,,flashbots,Classic,40.0,Unqualified,,"Hey John,

Sorry, I can’t make it today.

I think we need more time to evaluate. I was hoping to test Port with the free plan, but I’m struggling to find the time due to other priorities. Let’s reconnect in Q2.  I’m still interested in Port, but I just haven’t been able to dedicate enough time right now.

Appreciate your help,
Nico",Bad timing,Closed Lost,SDR / Omitted OPP,2026-02-18 17:30,2026-01-15 19:38:00,John Romano,Adrian Sandu,US MM,Mid-Market,55289921927,40.0,15-50,Timing / Maturity,2026Q1,US MM
53635027362,Lightrun - New Deal,,Lightrun,Classic,30.0,Unqualified,,Small engineering org,Price,Closed Lost,SDR / Omitted OPP,2026-03-26 15:16,2026-01-12 14:02:00,Adrian Sandu,,SDR EMEA,Mid-Market,35467503734,30.0,15-50,Budget / Price,2026Q1,SDR EMEA
53451541544,LinkedIn ,,LinkedIn,Classic,8577.0,Discovery,,No show,No-show,Closed Lost,,2026-05-26 18:18,2026-01-08 18:12:00,Charity Lee,Charity Lee,,,56468757591,8577.0,5001+,No Show / Can't Connect,2026Q1,
53385096208,OhioHealth,,OhioHealth,Classic,115.0,Unqualified,,"No DevOps practices, way immature",Early stage,Closed Lost,SDR / Omitted OPP,2026-03-23 17:06,2026-01-07 17:20:00,Daniel Alper,Charity Lee,US MM,Enterprise,25912654933,115.0,101-250,Timing / Maturity,2026Q1,US MM
53381466163,Luminor,,Luminor,Classic,400.0,Unqualified,,not responsive ,Early stage; Not right company/ persona,Closed Lost,SDR / Omitted OPP,2026-02-18 13:21,2026-01-07 16:09:00,Sharon Peretz,William Nagle,EMEA MM,Mid-Market,48596558943,400.0,251-500,Timing / Maturity,2026Q1,EMEA MM
53357972609,Upwind ,,Upwind,Classic,126.0,Unqualified,,Pre-Mature. Not ready on an infrastructure / automations level. ,Bad timing,Closed Lost,SDR / Omitted OPP,2026-01-13 10:25,2026-01-07 13:59:00,Sharon Peretz,Adrian Sandu,EMEA MM,Mid-Market,39114484409,126.0,101-250,Timing / Maturity,2026Q1,EMEA MM
53014767140,Bullish,98000.0,Bullish,Classic,100.0,Qualified,2026-01-12,They decided to move forward with building out Backstage for the next 6 months. This decision came form their CTO being a Backstage fan and wanting his team to go in that direction.,Competition,Closed Lost,Formal Pilot,2026-04-09 16:54,2026-01-06 18:33:00,EJ Rauseo,Logan Loisel,US MM,Mid-Market,10135455896,100.0,51-100,Competitor,2026Q1,US MM
53283305220,Cresta,72000.0,Cresta,Classic,141.0,Qualified,2026-03-30,Our primary contact is trying to sell this up the chain and seems to be getting push back on the ROI case. We will need to go higher with PG to help them see the value an IDP will bring ,No value,Closed Lost,Demo / Presentation,2026-05-07 16:36,2026-01-06 18:17:00,EJ Rauseo,Logan Loisel,US MM,Mid-Market,48327592878,141.0,101-250,No Value / Product,2026Q1,US MM
53284612654,Expression,18000.0,Expression,Classic,54.0,Qualified,2026-01-21,FedRAMP requirements,Security,Closed Lost,Pilot Prep,2026-04-09 15:44,2026-01-06 18:05:00,Daniel Alper,Logan Loisel,US MM,Mid-Market,46579024199,54.0,51-100,Security / Compliance,2026Q1,US MM
53305014186,HCL Technologies Limited - New Deal,,HCL,Classic,120000.0,Unqualified,,Not an opp - meeting with partnerships team,Partnership,Closed Lost,SDR / Omitted OPP,2026-01-08 13:42,2026-01-06 11:33:00,Adrian Sandu,,SDR EMEA,Enterprise,52773845353,120000.0,5001+,Partnership / Other,2026Q1,SDR EMEA
53264568207,Arrow International,,Arrow International,Classic,125.0,Unqualified,,no demo scheduled,Unable to connect,Closed Lost,SDR / Omitted OPP,2026-04-15 18:00,2026-01-05 21:37:00,Logan Loisel,Logan Loisel,SDR US,Mid-Market,48496807050,125.0,101-250,No Show / Can't Connect,2026Q1,SDR US
53105348631,Data Axle,72000.0,Data Axle,Classic,100.0,Qualified,2026-01-16,"Had to pull the plug due to limited resources and competing priorities that took precedent over Port

Also, they just found out the company bought Codex so need to focus what additional bandwidth they have implementing.

No idea when timing will be better to pick things back up",Bad timing,Closed Lost,Demo / Presentation,2026-03-10 20:11,2026-01-02 15:34:00,John Romano,Logan Loisel,US MM,Mid-Market,36107900794,100.0,51-100,Timing / Maturity,2026Q1,US MM
53074187529,Greenstone Financial Services ,,Greenstone Financial Services,Classic,73.0,Unqualified,,New leader who has a lot of work ahead to bring IDP to Greenstone. Stay in touch,Early stage,Closed Lost,SDR / Omitted OPP,2026-03-09 02:50,2026-01-02 07:08:00,Scott Dunion,Adrian Sandu,APJ,Mid-Market,20854618160,73.0,51-100,Timing / Maturity,2026Q1,APJ
53002862700, HawkAI,,HAWK,Classic,44.0,Unqualified,,rework ,No-show,Closed Lost,SDR / Omitted OPP,2026-05-13 11:59,2026-01-01 03:12:00,William Nagle,William Nagle,SDR EMEA,Mid-Market,41390100485,44.0,15-50,No Show / Can't Connect,2026Q1,SDR EMEA
