SK_DEAL,DEAL_CRM_ID,DEAL_NAME,COMPANY_NAME,PIPELINE,DEAL_TYPE,DEAL_TEAM_NAME,DEAL_STAGE,DEAL_CLOSED_DATE,DEAL_CREATED_DATE,SALES_CYCLE_DAYS,DEAL_TOTAL_ARR,DEAL_NET_NEW_ARR,SALES_OWNER,CLOSED_LOST_REASON,HS_LOST_CATEGORIES,CALLS_ANALYZED,LATEST_CALL_DATE,EARLIEST_ANALYZED_CALL_DATE,ANALYZED_SK_CONVERSATIONS,GONG_LOST_CATEGORY,CATEGORY_MATCH,AI_REASON_SUPPORTED,AI_REASON_EXPLANATION
1777b422e1a9601b320c8c71a832d883,60272589093,Raptor Technologies,Raptor Technologies,Classic,newbusiness,US MM,Closed Lost,2026-08-27,2026-05-15,29,24000.00,24000.00,Daniel Alper,Internal Build;Price;Early stage;Budget,"[""Timing"",""Competitive"",""Commercial""]",3,2026-08-05,2026-07-20,"[""b035282a93e70597eb2aa3843a297f9c"",""3d2669d55b5710f7990baa795f1cab50"",""78f7c5b102b48d2e89e188098a75aede""]","[""Commercial"",""Fit"",""Value/Product""]",true,no,"The transcript shows Floyd actively working on internal evaluation and waiting for leadership feedback on visuals and requirements, with plans for follow-up meetings and continued collaboration. There's discussion of a ""build versus buy decision"" but no indication that they chose to build internally, rejected due to price/budget concerns, or determined they were too early stage. The conversations demonstrate ongoing engagement rather than deal closure for the stated reasons."
4d77e1a5b4a569e85a777b6de6e53cb4,59271792907,Bank of England | IDP | UK,Bank of England,Classic,newbusiness,EMEA Ent,Closed Lost,2026-08-25,2026-03-09,119,100000.00,100000.00,Jamie Summers,no_show,"[""No Engagement""]",1,2026-04-16,2026-04-16,"[""14506d2c223aecab3301edb44dc403a9""]","[""Commercial"",""Value/Product""]",false,no,"The transcript shows an active, engaged meeting where Bank of England representatives participated fully, discussed their challenges in detail, expressed clear interest in GetPort.io's solution, and committed to specific next steps including scheduling a follow-up demo. This directly contradicts a ""no_show"" loss reason, as the prospects clearly attended and were actively engaged throughout the call."
a37ec7a241d8835d6b7b296cfed16eaf,63532412467,ICW Group,ICW Group,Classic,newbusiness,US MM,Closed Lost,2026-08-19,2026-08-06,8,48000.00,48000.00,EJ Rauseo,Bad timing,"[""Timing""]",3,2026-08-13,2026-08-10,"[""ab23585c195c52e03b99f600f1bf2d79"",""8ccbb5ff875b29c105fd4e6fde2372d6"",""d35eaae46a3755ad5c3834259979e254""]","[""Commercial"",""Security"",""Timing"",""Value/Product""]",true,no,"The transcript shows active engagement in a pilot program with detailed technical discussions, POC environment setup, and next steps being planned. There is no indication the deal was lost due to timing issues - instead, the conversations demonstrate forward momentum with ICW Group requesting a Port environment and discussing implementation details."
d9351faf532bb42bbd1bbcb5e5f9e6d8,60696757594,Etsy,Etsy,Classic,newbusiness,US Ent,Closed Lost,2026-08-19,2026-05-28,73,150000.00,150000.00,Evan Smith,Unable to connect,"[""No Engagement""]",1,2026-06-05,2026-06-05,"[""b934a108fc2fcbb93dcdb63cf53970b8""]","[""Commercial"",""Value/Product"",""Security"",""Timing""]",false,no,"The transcript shows active engagement between GetPort.io and Etsy teams, with detailed technical discussions about Etsy's challenges and Port's solutions, plus concrete next steps including a security assessment and localized demo. This contradicts the stated reason of ""Unable to connect"" as the parties clearly connected and had substantive conversations about moving forward."
0df93aca90e744b556f8d3fe1eb37e34,53887211294,PayPal,PayPal,Classic,newbusiness,US Ent,Closed Lost,2026-08-18,2026-01-14,211,300000.00,300000.00,Jeff Graham,Competition,"[""Competitive""]",3,2026-02-19,2026-02-10,"[""31032f56bb91a324c0696cc884fdaff4"",""943f3b8e69206038876627e87d0f9b5b"",""ad133faa3a1f704621ca99074ba5da12""]","[""Commercial"",""Competitive"",""Fit"",""Value/Product""]",true,unknown,"The transcript does not reveal any loss reason at all. While the calls show PayPal providing feedback on demo complexity and requesting revisions, the conversations focus on iterative improvements and next steps rather than explaining why the deal was ultimately lost. The transcript ends with scheduled follow-up meetings and action items, indicating an ongoing evaluation process rather than a concluded decision with stated reasons."
7750773e3dbd39fd269e302bf52f255d,36187192222,AdventHealth,AdventHealth,Classic,newbusiness,US Ent,Closed Lost,2026-08-18,2025-04-24,370,200000.00,200000.00,Jeff Graham,Unable to connect,"[""No Engagement""]",3,2025-12-22,2025-12-09,"[""96a5b2a1453081d9eb594666f71aa7c4"",""ed87d47c191a56ef323921d3ef14feac"",""33ec9878ea5fbc4e90eb0762da2eed6c""]","[""Commercial"",""Security"",""Timing"",""Value/Product""]",false,unknown,"The transcript does not reveal any loss reason at all. The calls show active engagement with POC planning, action items being assigned, and meetings being rescheduled due to operational incidents, but there is no discussion of why the deal was ultimately lost or any indication that the parties were unable to connect."
b2498a4685d014ecd2fd2a69b9751097,55643609418,Nextera/FPL,Nextera/FPL,Classic,newbusiness,US Ent,Closed Lost,2026-08-18,2026-02-06,175,250000.00,250000.00,Jeff Graham,no_show;Unable to connect,"[""No Engagement""]",2,2026-02-25,2026-02-11,"[""cbbf023e9fee0793be64f1991c2bb39a"",""201e0f88881cf876bda7d0882fcc2a4d""]","[""Commercial"",""Value/Product""]",false,unknown,"The transcript summaries describe detailed product discussions and demonstrations between GetPort.io and Nextera/FPL, including technical requirements, features, and follow-up plans, but do not reveal any information about why the deal was ultimately lost or any connection issues that would support the stated ""no_show;Unable to connect"" reason."
36b597d07439c2454072d5a691329436,36313450848,JPMorganChase - ICB,JPMorgan Chase,Classic,newbusiness,US Ent,Closed Lost,2026-08-18,2025-04-25,475,250000.00,250000.00,Jeff Graham,Bad timing,"[""Timing""]",3,2026-07-29,2026-01-09,"[""b01caaee1ba7039f5ea1bcacb4f6f548"",""346b736d637e40ebba2786b404b31b54"",""e0d6cdcefaae0f6b008e61952dbd66da""]","[""Commercial"",""Value/Product""]",false,unknown,"The transcript summaries discuss ongoing collaboration efforts, POC preparation, and product demonstrations, but do not reveal any specific reason why the deal was ultimately lost. The calls show active engagement with potential clients including Chase Lee and JPMorgan Chase & Co., with no mention of timing issues or deal closure reasons."
acd1eb58ccaa744223319000bf8ee28e,36482151059,TD Bank,TD Bank,Classic,newbusiness,US Ent,Closed Lost,2026-08-18,2025-04-29,211,200000.00,200000.00,Jeff Graham,no_show;Bad timing,"[""No Engagement"",""Timing""]",2,2025-05-20,2025-05-02,"[""feef8a149382f28a202fc3fba5227a76"",""4dbae4b2d94091b021dbf520d8c68273""]","[""Commercial"",""Value/Product"",""Security""]",false,no,"The transcript shows active engagement with TD Bank discussing proof of concept, pricing, and next steps for implementation. There is no evidence of no-shows or bad timing - instead, the calls demonstrate rescheduling to include more stakeholders and progression toward a POC evaluation, contradicting the stated loss reasons."
32d20327b1b9fbe3a983e3ae8066800b,34693682526,Marriott,Marriott-Sp,Classic,newbusiness,US Ent,Closed Lost,2026-08-18,2025-03-14,518,250000.00,250000.00,Jeff Graham,no_show,"[""No Engagement""]",2,2025-03-25,2025-03-18,"[""2efe54db95c005f59eac3c4d56ac2b6f"",""01bec536dda539710b7a77d24d5da0e9""]","[""Commercial"",""Security"",""Value/Product""]",false,no,"The transcript clearly shows active engagement between GetPort.io and Marriott across multiple calls, with detailed discussions about technical capabilities, pricing, security reviews, and concrete next steps including follow-up sessions and demos. This contradicts the stated ""no_show"" reason, as Marriott representatives were clearly present and participating in the sales conversations."
1c7a87d7f13c9964e582ff07e43bbf7f,61129836194,Booking.com - AEP,Booking.com,Classic,newbusiness,EMEA Ent,Closed Lost,2026-08-18,2026-06-16,64,0.00,0.00,John Barnes,Unable to connect,"[""No Engagement""]",1,2026-06-09,2026-06-09,"[""4edb01799932a8c4af22024a686272ed""]","[""Commercial"",""Value/Product"",""Competitive"",""Fit"",""Timing""]",false,no,"The transcript shows an active, engaged conversation where Bruno from Booking.com expressed clear interest in Port's capabilities and agreed to multiple next steps including speaking with Priceline references, exploring a proof-of-concept, and continuing discussions about decoupling Port's offerings. This contradicts the stated loss reason of ""Unable to connect"" as the parties were clearly connecting and moving forward with concrete follow-up actions."
9684434f3caf1aef9acb9ee88aabbbd1,39009554273,CCU,DXC Technology,Classic,newbusiness,LATAM,Closed Lost,2026-08-17,2025-06-18,390,60000.00,60000.00,Ignacio De Loera,Bad timing,"[""Timing""]",3,2026-08-14,2026-07-15,"[""455802331cd005d1351cb5b330b493b2"",""89c8b3a8d320d9ca587eec028b2424bf"",""8a81eac81c94f0dfebef0bf6bf8efaf5""]","[""Commercial"",""Value/Product"",""Timing""]",true,unknown,"The transcript discusses ongoing negotiations and proposal development for Aguas Andinas, including internal DXC meetings to refine the proposal and plans for future demonstrations, but does not reveal any specific reason why the deal was ultimately lost."
97d4ed623a0d02f0654a6ce05131e3a2,55396424731,Barclays (KC) - AEP - New Business,Barclays PLC,Classic,newbusiness,EMEA Ent,Closed Lost,2026-08-17,2026-02-02,195,100000.00,100000.00,John Barnes,Unable to connect,"[""No Engagement""]",3,2026-08-13,2026-02-04,"[""ce649f04eeddd27bddeea6c1391924b6"",""2ced4aaf745c44dfdb5e88fdbbbd57c0"",""cffa02b18063e8c35f50a54438aa3014""]","[""Commercial"",""Value/Product""]",false,no,"The transcript shows active engagement between GetPort.io and Barclays, with detailed technical discussions about application modernization programs, multiple follow-up meetings scheduled, and concrete next steps planned including a follow-up session on the 27th. This contradicts the stated reason of ""Unable to connect"" as there were clearly successful connections and ongoing dialogue between the parties."
4103cd99a8143923c9f20ddcd22446d8,34334104729,Embraer,Embraer Sa,Classic,newbusiness,LATAM,Closed Lost,2026-08-17,2025-03-06,518,100000.00,100000.00,Ignacio De Loera,no_show,"[""No Engagement""]",1,2025-03-13,2025-03-13,"[""00a87d580ff4370b83bb2211ba816f04""]","[""Commercial"",""Security"",""Value/Product""]",false,no,"The transcript shows active engagement from Embraer with detailed discussions about their developer portal needs, evaluation of Port's capabilities, and concrete next steps including sending an RFP in 2 weeks and scheduling a demo. This contradicts the stated ""no_show"" reason, as the prospect clearly showed up and participated meaningfully in the calls."
f6535688901614e8c45548fbf5ad2d6c,34863015754,Pague Menos,Pague Menos,Classic,newbusiness,LATAM,Closed Lost,2026-08-17,2025-03-19,512,126000.00,126000.00,Ignacio De Loera,Unable to connect,"[""No Engagement""]",2,2025-03-31,2025-03-24,"[""51cb96b89e3848d286ca8d795feeb472"",""6e3d4c7bbad6d15549d792d680b876e7""]","[""Commercial"",""Value/Product"",""Timing"",""Security"",""Sponsorship""]",false,no,"The transcript shows active engagement with detailed budget discussions ($82 million, $45,000 annual allocation, $72,000 enterprise offering), technical requirements (Dora metrics, scaffolding, Azure DevOps integration), and concrete next steps including POCs and RFPs. This contradicts the stated reason of ""Unable to connect"" as there were clearly multiple substantive conversations with budget and technical stakeholders."
956b257c427cdde3f32432a328c0e8ae,62045124881,Doxo,Doxo,Classic,newbusiness,US MM,Closed Lost,2026-08-14,2026-07-01,36,24000.00,24000.00,EJ Rauseo,no_show,"[""No Engagement""]",2,2026-07-10,2026-07-01,"[""ca2ff4fa67f84136beca646a43b0f5e3"",""860d1684a1e95167e1c85203f7de64de""]","[""Commercial"",""Value/Product"",""Security""]",false,unknown,"The transcript summaries describe detailed technical discussions between GetPort.io and Doxo about integration capabilities, pricing, and future meetings, but do not mention anyone failing to attend a scheduled meeting or any no-show incidents that would support the stated ""no_show"" loss reason."
e2f5ab91c4845db5cece79fed52b450f,41953753182,Shipt,Shipt,Classic,newbusiness,US Ent,Closed Lost,2026-08-14,2025-08-13,366,220000.00,220000.00,Rick Walker,Unable to connect,"[""No Engagement""]",3,2025-12-22,2025-11-18,"[""286d88131488fdc0cf5543ad5b9762fc"",""aa93eed1905710cf9a86b7b51b700b1b"",""814651065b66fda09772ba31111b84e7""]","[""Commercial"",""Fit"",""Security"",""Timing"",""Value/Product""]",false,no,"The transcript clearly shows active technical discussions about ongoing platform issues, bug fixes, and future implementation plans between GetPort.io and Shipt teams, with scheduled follow-up meetings and action items. This demonstrates successful connection and engagement, directly contradicting the stated ""Unable to connect"" reason for the closed-lost status."
afbe03eac1876bf4fa482d092037ec84,59369610065,EA Games,EA Games,Classic,newbusiness,US Ent,Closed Lost,2026-08-14,2024-12-05,NULL,100000.00,100000.00,Rick Walker,Unable to connect,"[""No Engagement""]",2,2026-04-03,2025-01-14,"[""20fa5288194829e8174cc28dfefea673"",""97342693672ce519e0bb6dba5fb4a137""]","[""Commercial"",""Fit"",""Security"",""Value/Product""]",false,no,"The transcript shows EA Games was actively engaged with GetPort.io, requesting technical demos, documentation, pricing, and even agreeing to sign an NDA for deeper discussions with follow-up calls scheduled. This contradicts the stated reason of ""Unable to connect"" as there were clearly multiple successful connections and ongoing engagement between the parties."
6ab940981e3a119a6db130cff5c88b19,55682426384,Optum Inc,Optum,Classic,newbusiness,US Ent,Closed Lost,2026-08-13,2026-02-06,136,500000.00,500000.00,Rick Walker,Champion left/ Company cuts;Not right company/ persona,"[""Fit"",""Sponsorship""]",3,2026-07-21,2026-03-25,"[""dc2751907df58af69ab57037ad253960"",""fab32df9f281f2037429b6fbd72eaca6"",""57453c927be0e48ac24c1a8847dbe4e8""]","[""Commercial"",""Value/Product""]",false,no,"The transcript shows the deal was lost because the original champion (Evan Smith) had left Optum and moved to a different company (Carrier) in an unrelated role (desktop support), which directly supports the ""Champion left"" reason. However, there is no evidence of ""company cuts"" or that it was ""not the right company/persona"" - in fact, the second call shows continued engagement with another person at Optum who expressed genuine interest in the product and discussed integration opportunities."
8b95e8467c399eecf35b3df0a72c3100,60033483862,Tailored Brands,Tailored Brands,Classic,newbusiness,US Ent,Closed Lost,2026-08-13,2026-05-05,92,75000.00,75000.00,Rick Walker,Unable to connect;no_show;No value,"[""No Engagement"",""Value/Product""]",2,2026-07-23,2026-05-11,"[""ae1a690c59cb9c38449643fa60b60a46"",""4f35720359f5974810917c01d38e7824""]","[""Commercial"",""Value/Product""]",true,unclear,"The transcript shows active engagement with a prospect (Tailored Brands) who expressed clear interest in GetPort.io's solution, discussed implementation timelines for Q3/Q4, and scheduled a follow-up technical demo. However, there's no indication in the transcript of why this deal was ultimately lost, making it impossible to verify if the stated reasons of ""Unable to connect;no_show;No value"" are accurate."
e14b4e87fc442cd2d120722f4d79e4f7,30093070752,Entain plc,Entain,Classic,newbusiness,EMEA Ent,Closed Lost,2026-08-13,2024-12-09,469,200000.00,200000.00,Benjamin Duckworth,Unable to connect;Not right company/ persona,"[""No Engagement"",""Fit""]",3,2025-06-25,2025-01-08,"[""e38cffdb788e6599e83cbc6d1c2230b7"",""5d7944bf91fb37acd38d24ed428e2362"",""989094240febb500297023da1f1c6c89""]","[""Commercial"",""Timing"",""Value/Product""]",false,no,"The transcript clearly contradicts the stated reason. Rather than being ""unable to connect"" or dealing with the ""wrong company/persona,"" the calls show successful connections with the right contacts (Valerio, platform engineering lead at Entain) who were genuinely interested in the product. The actual loss reason was timing and competing priorities - Entain pushed back their IDP initiative due to focusing on a large cloud migration project, with plans to potentially revisit at year-end."
a6849478473c0646cc9f4e2c2b3f094c,48338905173,Community Health Network,"Presidio Networked Solutions Group, LLC",Classic,newbusiness,US Ent,Closed Lost,2026-08-13,2025-11-05,274,24000.00,24000.00,Rick Walker,Security,"[""Security""]",1,2026-02-24,2026-02-24,"[""94358497e59443774a64be3a7cb3b487""]","[""Commercial"",""Value/Product""]",false,unknown,"The transcript discusses finalizing a $24,000 deal with details about contracting processes, support scope, and next steps, but does not mention any security concerns or reveal why the deal was ultimately lost. The conversation appears focused on moving the deal forward rather than addressing any loss reasons."
736b70a3fc4d43c212e31259a1e6c4c6,55389460902,Arbor,Arbor,Classic,newbusiness,EMEA MM,Closed Lost,2026-08-12,2026-02-03,169,80000.00,80000.00,Matthew Bilsland,Early stage,"[""Timing""]",3,2026-03-06,2026-02-18,"[""8ec7f08af0b0e3d3f3df6c8087cc7de8"",""ed71d6e27ce9648af79ae71f49a6b06f"",""04186b648b1e522fefefac61d4863682""]","[""Commercial"",""Value/Product"",""Timing""]",true,no,"The transcript shows Arbor shifted priorities from IDP (Internal Developer Platform) to AI tooling initiatives, with Jason explaining ""the IDP initiative has been deprioritized due to a shift in the DeveX team's objectives towards AI tooling and training"" and anticipating revisiting IDP around August/September. However, the second call shows active engagement with GetPort discussing use cases, POV planning, budgetary pricing, and NDA processes, indicating the deal progressed rather than being lost due to early stage timing."
aef0b35e8e697f03951f3b5e2c9f16cf,32321883544,Specsavers,Specsavers,Classic,newbusiness,EMEA Ent,Closed Lost,2026-08-11,2024-11-05,628,90000.00,90000.00,Benjamin Duckworth,Not right company/ persona;No value,"[""Fit"",""Value/Product""]",3,2026-04-23,2026-04-01,"[""27cb532a86cf7894b0ba9aa8d56303df"",""39ff34e4674e2cc0951fe3259f6e93ae"",""42458b60213b1ca95b328a4f0b95e3c4""]","[""Commercial"",""Value/Product""]",true,no,"The transcript shows an active sales process with GetPort.io and Specsavers discussing POC progress, pricing options, and next steps including commercial proposals for Q2 closure. There is no indication that Specsavers is not the right company/persona or sees no value - rather they are actively engaged in technical discussions, requesting pricing, and working toward a potential deal with timeline commitments."
c306623b342aa6dcba307d7aa2896fcc,58650221321,Banco Macro - New Deal,Banco Macro,Classic,newbusiness,LATAM,Closed Lost,2026-08-11,2026-03-31,NULL,0.00,0.00,Ignacio De Loera,no_show,"[""No Engagement""]",1,2026-04-09,2026-04-09,"[""3fc040b0db1594e6eaec3536291092fb""]","[""Commercial"",""Value/Product"",""Security""]",false,unknown,"The transcript describes a productive sales conversation where José from Banco Macro showed clear interest in Port.io's platform, identified specific use cases, and committed to discussing it internally with his manager and scheduling a demo for his team. There is no indication in the transcript that anyone failed to show up for scheduled meetings or calls."
2c878bf8d4bccfc5d1353d282bcb498f,51244893075,Darktrace,Darktrace,Classic,newbusiness,EMEA MM,Closed Lost,2026-08-07,2025-12-04,232,150000.00,150000.00,James Butcher,Price;Bad timing,"[""Timing"",""Commercial""]",2,2026-07-29,2025-12-17,"[""36d76a44274c6bb25532451447bc8849"",""cfe951e1feb864ebe611903984ee91b6""]","[""Commercial"",""Competitive"",""Security"",""Value/Product""]",true,unknown,"The transcript does not reveal why the deal was ultimately lost. While it mentions competitive evaluation and some security concerns about the SaaS model, the calls show active engagement with scheduled follow-ups and deep dive sessions planned for January, indicating the deal was still progressing rather than explaining any closure or loss reasons."
1e1267520846bcfac9bf523abfe64581,59186350238,UZ Leuven | Enterprise Digital | Platform Team,UZ Leuven,Classic,newbusiness,EMEA Ent,Closed Lost,2026-08-06,2026-03-26,91,50000.00,50000.00,Jamie Summers,Freemium,"[""Value/Product""]",1,2026-04-15,2026-04-15,"[""c9bc92a832fa36fdf9c000ebbf9890a4""]","[""Fit"",""Security"",""Value/Product""]",true,unknown,"The transcript does not reveal any loss reason at all. The conversation shows an active sales process where the prospect (UZ Leuven) is interested in Port's solution, with clear next steps including exploring a demo and scheduling a follow-up technical call in two weeks. There is no indication that the deal was lost or any mention of choosing a freemium option over a paid solution."
f919502fc72a69537567b57eedd7b2fc,58906339878,La Caisse (Caisse de dépôt et placement du Québec),Caisse de dépôt et placement du québec,Classic,newbusiness,US MM,Closed Lost,2026-08-06,2026-04-07,99,100000.00,100000.00,Daniel Alper,Early stage;Unable to connect;Bad timing,"[""No Engagement"",""Timing""]",1,2026-04-10,2026-04-10,"[""d702179d9075e21f6f9af64eaf99b99e""]","[""Commercial"",""Value/Product"",""Fit""]",false,no,"The transcript shows an active, engaged prospect (La Caisse) who expressed clear interest in GetPort.io's solution, scheduled follow-up sessions, and had specific next steps planned including preparing questions for a deeper dive. This contradicts the stated loss reasons of ""Early stage; Unable to connect; Bad timing"" as the calls demonstrate successful connection, engagement beyond early stage discussions, and positive timing alignment with their platform engineering needs."
7f1d7638bea75dd976ce3b79d3d6c5d1,52864576356,Global Payments,Global Payments,Classic,newbusiness,US Ent,Closed Lost,2026-08-06,2025-12-31,199,100000.00,100000.00,Evan Smith,Unable to connect,"[""No Engagement""]",1,2026-01-14,2026-01-14,"[""df9475299d39ff01325d070df3ad18f3""]","[""Commercial"",""Competitive"",""Security"",""Timing""]",false,no,"The transcript shows an active sales engagement with Schwab involving ongoing scoping discussions, security reviews, and planned next steps including an on-site visit, which directly contradicts the stated loss reason of ""Unable to connect."" The calls demonstrate clear connectivity and substantive business conversations about a potential POC."
7e757237f4a00d07b4b6f48f4fdee7e4,62921039114,Aize,,Classic,newbusiness,EMEA MM,Closed Lost,2026-08-06,2026-07-21,7,50000.00,50000.00,Matthew Bilsland,Early stage,"[""Timing""]",3,2026-08-04,2026-07-29,"[""79f1dbfa04674952f8c9e29176f7b94e"",""0df3d5bbc5c9ecc793f9b51a29c1634a"",""e0fa95c9d212d7a505dd33947b90eb69""]","[""Value/Product"",""Commercial"",""Timing""]",true,no,"The transcript shows an active deal in progress with concrete next steps including vendor assessment initiation, business case development, and pricing discussions for 60-120 users, which contradicts the ""early stage"" closed-lost reason and indicates the deal was advancing rather than being lost due to early timing."
619e14f4213a697022e63fb00e39c464,45452263278,Mercari Inc,"Mercari, Inc.",Classic,newbusiness,APJ,Closed Lost,2026-08-04,2025-10-08,294,125000.00,125000.00,Scott Dunion,Freemium;AI,"[""Value/Product""]",3,2026-04-21,2025-11-20,"[""1149666222df4c3120bc10a1837ce366"",""369920cbe796ba1c567a54c770c10921"",""c0f9f435e0692e4bbcfef553fe97e69f""]","[""Commercial"",""Security"",""Value/Product""]",true,no,"The transcript shows Mercari was actively engaged with GetPort.io, discussing technical integrations, workflow capabilities, and moving forward with security reviews and NDAs. There's no mention of choosing a freemium option or AI being a blocking factor - instead, they were specifically interested in Port's AI capabilities and were working through security requirements to move from the free tier to a paid tier."
fd70e2efa33c94fcab97fbae3106046f,51956977432,Frontier Software,Frontier Software,Classic,newbusiness,APJ,Closed Lost,2026-08-02,2025-12-15,227,100000.00,100000.00,Scott Dunion,Early stage;Unable to connect,"[""No Engagement"",""Timing""]",1,2025-12-18,2025-12-18,"[""af54cb332f04657613adf7d6615895b0""]","[""Commercial"",""Security"",""Value/Product""]",false,no,"The transcript shows an active, engaged sales conversation where Frontier Software expressed clear interest in Port's capabilities, discussed specific use cases, and scheduled follow-up meetings with concrete next steps planned. This contradicts the stated loss reason of ""Early stage;Unable to connect"" as the prospect was clearly connected and engaged throughout multiple detailed discussions."
baec75278a2e3cea17f7c57e111c4d75,62704664066,Ki Insurance,Ki,Classic,newbusiness,EMEA MM,Closed Lost,2026-07-30,2026-02-24,126,100000.00,100000.00,Matthew Bilsland,Competition,"[""Competitive""]",2,2026-07-07,2026-06-30,"[""d3f4eaef45c14cae9f554c5009056391"",""cb191fa691f11085042b929862ea1eb1""]","[""Commercial"",""Competitive"",""Fit"",""Sponsorship"",""Timing"",""Value/Product""]",true,no,"The transcript clearly shows the deal was lost due to timing and internal readiness issues, not competition. Tom Yandel expressed ""reservations about Port due to perceived overlap with their existing Get DX implementation,"" but the primary reasons for stepping back were that it was ""too early to the party"" with their DX implementation still being established, unclear internal requirements, and lack of a committed sponsor. The loss was about timing and internal alignment, not competitive displacement."
234872f4487293b300a6294f049d7237,57487605362,Kaseya,Kaseya,Classic,newbusiness,US Ent,Closed Lost,2026-07-30,2026-03-04,122,40000.00,40000.00,Jeff Graham,Price,"[""Commercial""]",3,2026-06-09,2026-05-27,"[""6178c642a810999ae932394588cbcd57"",""36f783f36d15d3594dabc16b3da98212"",""cab3b5b4ad490ddfafd2be8f0d661f8f""]","[""Commercial"",""Competitive"",""Fit"",""Timing"",""Value/Product""]",true,no,"The transcript shows active price negotiations with GetPort.io offering significant discounts (35-45% off, six months free) and exploring various concessions like view-only licenses and flexible terms, while the prospect (Stacy) is working to present proposals to her team and CFO. The deal appears to still be in negotiation rather than definitively lost due to price, with both parties actively seeking ""a mutually agreeable solution."""
b1f2710399d51b40f0fb45a709343b00,59369926986,Candescent,Candescent,Classic,newbusiness,US MM,Closed Lost,2026-07-30,2026-04-21,80,100000.00,100000.00,Jill Countey,Bad timing,"[""Timing""]",1,2026-05-12,2026-05-12,"[""d1700cf1157b0d2147019152b2ba0bf0""]","[""Commercial"",""Security"",""Value/Product""]",false,unknown,"The transcript does not reveal any loss reason at all. The conversation shows active engagement with Candescent expressing interest in a demo, discussing next steps including team coordination and scheduling, and Jillian providing follow-up materials and calendar access. There is no indication in the transcript that the deal was lost or why it might have been lost."
e427480a5d0c23b9047e72a96404b1e5,59459918009,Egym,EGYM,Classic,newbusiness,EMEA MM,Closed Lost,2026-07-29,2026-04-23,83,50000.00,50000.00,Matthew Bilsland,Internal Build,"[""Competitive""]",3,2026-07-23,2026-07-15,"[""e206e495023006acb913101f121ff9af"",""2c26f7ea7f8a58c2b92c41227e7e9cee"",""dadb61aca1fb9c5727b5034b7301e4a3""]","[""Commercial"",""Value/Product""]",false,no,"The transcript shows EGYM was actively engaged in planning implementation phases, discussing success metrics, and expressing positive reception to a revised proposal with contracting potentially occurring in August. There is no mention of EGYM deciding to build internally instead - rather, the discussions focus on proving GetPort.io's value against Florian's concerns about cost-to-value ratio and pricing sensitivity."
410b6fef2c18dfc6aa59cedfa052421f,62045500473,Air Space Intelligence,Air Space Intelligence,Classic,newbusiness,EMEA MM,Closed Lost,2026-07-23,2026-07-02,17,181000.00,181000.00,Sharon Peretz,Competition,"[""Competitive""]",1,2026-07-06,2026-07-06,"[""4934a9011c7f91f712262ed8775da74a""]","[""Commercial"",""Competitive"",""Fit"",""Sponsorship"",""Value/Product""]",true,unknown,"The transcript summary describes an active sales process with next steps including potential executive meetings and POC discussions, but does not reveal any information about why the deal was ultimately lost or mention competition as a factor in the loss."
bab44a3601f32ece1a71428bd8e6c053,58182338308,Central Bank of Ireland - New Deal,Central Bank of Ireland,Classic,newbusiness,EMEA MM,Closed Lost,2026-07-22,2026-03-19,68,50000.00,50000.00,Matthew Bilsland,Bad timing,"[""Timing""]",3,2026-04-08,2026-03-19,"[""456cba2a9cde3de1dba759a662c53071"",""de9b1407e04774da232111933c5573dd"",""855e83c26f91c8931473a61ca4244f0e""]","[""Commercial"",""Value/Product"",""Sponsorship""]",false,yes,"The transcript clearly supports ""bad timing"" as the loss reason. The Central Bank of Ireland team explicitly stated they need to complete ""significant internal foundational work"" first, develop their platform engineering team and operating model as a ""prerequisite,"" and secure senior leadership buy-in for platform engineering concepts before considering specific tooling. They scheduled follow-up for Q3, indicating the timing isn't right currently despite their interest in the solution."
02d2a48a3af9c27cfb7f6a56d59996e4,58447618187,Infineon Technologies (KC) - Backstage Replacement,Infineon Technologies,Classic,newbusiness,EMEA Ent,Closed Lost,2026-07-21,2026-03-26,103,0.00,0.00,John Barnes,Bad timing;Early stage,"[""Timing""]",3,2026-05-13,2026-04-09,"[""0128beba5a48afe61f607ef94fb1e27f"",""4e5cf0d0a8c57597b6f6e9697999039c"",""98f2765eed417754b1f2eb91b12edc67""]","[""Commercial"",""Value/Product""]",false,unclear,"The transcript shows active engagement with Infineon discussing a proof of value project and next steps, but does not reveal why the deal was ultimately lost. While the stated reason mentions ""bad timing"" and ""early stage,"" the calls show Infineon actively participating in POV planning and scheduling follow-ups, making it ambiguous whether timing issues later derailed the deal or if this represents a different stage of the sales process."
2011e24500bf0ddaee6145e0a59071b7,39011045463,DeLaval,DeLaval,Classic,newbusiness,EMEA Ent,Closed Lost,2026-07-21,2025-06-18,376,162000.00,90000.00,James Pritchard,Not right company/ persona,"[""Fit""]",3,2026-01-28,2025-07-15,"[""08bccfc82dd3fe7de3ddd87478acfd76"",""d880f45a6b297016512881fc2b453639"",""ab432813eb393aa912019bf14a23b664""]","[""Commercial"",""Competitive"",""Fit"",""Value/Product""]",true,no,"The transcript shows DeLaval as an engaged prospect with legitimate technical needs (replacing their difficult-to-manage Backstage implementation) and active evaluation processes including demos, security assessments, and management presentations planned. This contradicts the stated loss reason of ""Not right company/persona"" as DeLaval appears to be exactly the right type of company seeking an Internal Developer Portal solution."
808e04fff510da5ce5a06894fe5364a8,51938205708,Selective Insurance,Selective Insurance,Classic,newbusiness,US MM,Closed Lost,2026-07-15,2025-12-16,205,112000.00,112000.00,John Romano,Competition,"[""Competitive""]",2,2026-07-10,2026-06-24,"[""694e018ba16d02282b41bf05da6c0831"",""744906a74ae39552299a7b0c8ec3e5d1""]","[""Commercial"",""Competitive"",""Security"",""Value/Product""]",true,no,"The transcript clearly shows Selective Insurance is still actively evaluating between Backstage and Port, with ongoing POCs, planned demos, and follow-up actions like connecting custom LLMs and finding customer references. Domenic explicitly states ""a final decision is pending further review and stakeholder input"" and mentions needing to prove the business case before deciding, indicating the deal is still in progress rather than lost to competition."
2cc0732a74c3e39b2c84ebe684078d24,59418916701,Happening,Happening,Classic,newbusiness,EMEA MM,Closed Lost,2026-07-11,2026-04-22,45,100000.00,100000.00,James Butcher,Bad timing,"[""Timing""]",3,2026-06-11,2026-06-01,"[""a58d704f80e0a9b880d369f7612c58a2"",""10b453cecca6fcc4cc2a2345e49865fd"",""93f7cd52492468fe00318b6dba4396be""]","[""Commercial"",""Value/Product"",""Timing"",""Sponsorship""]",true,no,"The transcript shows the deal is still progressing with active next steps including reaching out to VPs, scheduling demos, and planning POCs/workshops. The calls discuss ongoing engagement strategies and potential adoption paths rather than indicating any timing issues that would support a ""bad timing"" loss reason."
ffc03f99a4a9cca9743594ab4fd1a4af,43128788832,Travel Perk,Travel Perk,Classic,newbusiness,EMEA MM,Closed Lost,2026-07-11,2025-08-29,311,150000.00,150000.00,Matthew Bilsland,Champion left/ Company cuts,"[""Sponsorship""]",3,2025-10-15,2025-09-02,"[""52a2519fa038f9c2e826375cf3d6d802"",""5994c2b5842628f7a1573b3e4b1489ed"",""e5854e692d751eef12a5eacc3a07b766""]","[""Commercial"",""Competitive"",""Fit"",""Timing"",""Value/Product""]",false,no,"The transcript shows TravelPerk paused the POC due to prioritizing infrastructure orchestration issues that needed to be addressed before implementing an IDP portal, with plans to potentially revisit in December/January. There is no mention of a champion leaving or company cuts - instead, the loss appears to be due to timing and technical priorities, with the prospect even praising GetPort.io's approach and keeping the door open for future engagement."
209e08b5e345f57093b1df9cd33d640c,61110097312,Versa Networks,Versa Networks,Classic,newbusiness,US MM,Closed Lost,2026-07-10,2026-06-15,18,50000.00,50000.00,Jill Countey,Bad timing,"[""Timing""]",1,2026-06-23,2026-06-23,"[""d02a5f7a8064f4278b90a2e2f4c977b4""]","[""Commercial"",""Fit"",""Value/Product""]",false,unknown,"The transcript shows an active discovery conversation where Ravi expressed interest in Port's capabilities and requested a deeper demo and free trial, but does not reveal any loss reason or indication that the deal was actually lost."
7b36fb0bfc7c3f045f1b1cecdfb9d8a5,60487390984,KODE Labs,KODE Labs,Classic,newbusiness,US MM,Closed Lost,2026-07-09,2026-05-21,49,70800.00,70800.00,Daniel Alper,Budget;Bad timing,"[""Timing"",""Commercial""]",3,2026-07-02,2026-06-10,"[""908f999bed41397536a3a1ab1e1ac35e"",""49793864e577edb5328f061c0ecbdb9f"",""5b71b7e9dc3309473988385b4dc87cba""]","[""Commercial"",""Value/Product"",""Timing""]",true,unclear,"The transcript shows Carl stating ""they aim to have Port.io set up for their 'maturity week' by late July/early August"" and that he will ""endeavor to sign a deal for Port at some point in July,"" but the calls end mid-conversation without revealing why the deal was ultimately lost. While budget concerns are mentioned regarding JSM pricing comparisons and executive buy-in challenges, there's no clear indication the deal failed due to budget or timing issues."
f81c08f82e8afbf4a59b92e24c071355,44815667354,Flow Traders,Flow Traders,Classic,newbusiness,EMEA MM,Closed Lost,2026-07-09,2025-09-29,245,125000.00,125000.00,Matthew Bilsland,Unable to connect,"[""No Engagement""]",3,2026-03-06,2026-01-14,"[""324c1d1f6400d7eb3f9e9c8477d803a5"",""5d4dea632889e66fb9741db1a6a277b6"",""c0fb3542b8fe9045edfcbefc06364e31""]","[""Commercial"",""Value/Product""]",false,no,"The transcript clearly shows that Flow Traders was actively engaged in discussions about evaluating GetPort.io's IDP solution, with detailed demos and follow-up meetings scheduled. The stated reason ""Unable to connect"" contradicts the evidence of multiple successful calls where both parties connected and had substantive conversations about the platform evaluation."
1e049852b994b4bedbac4ee96ca6a553,32309143975,PNC,PNC Financial,Classic,newbusiness,US Ent,Closed Lost,2026-07-09,2024-06-27,724,350000.00,350000.00,Evan Smith,Unable to connect,"[""No Engagement""]",3,2025-12-23,2025-07-11,"[""73989372cd8c7622138cc14f21220e6f"",""25d7881d8da60c81f2be47c5460a236f"",""d3b7073695c8d79b39b7e5f093aac2eb""]","[""Security""]",false,no,"The transcript shows active technical collaboration between GetPort.io and PNC Financial teams working through specific Kubernetes permission issues, with detailed troubleshooting discussions and follow-up action items planned. This contradicts the stated ""Unable to connect"" reason, as the teams were clearly connected and engaged in resolving technical implementation challenges rather than experiencing connection difficulties."
852e0e3b47ebdb5892a564099b11f2e8,57830091286,iProov,iProov,Classic,newbusiness,EMEA MM,Closed Lost,2026-07-08,2026-03-10,99,100000.00,100000.00,Matthew Bilsland,Not right company/ persona,"[""Fit""]",2,2026-03-19,2026-03-10,"[""dc3296ac20190701a7b88dba2f2ef60d"",""5001d38f07f1c1f43f07c58f7f97c527""]","[""Commercial"",""Security"",""Value/Product""]",false,no,"The transcript shows active engagement from iProov with concrete next steps including internal discussions with decision-makers (Jack, Head of DevOps and Miguel, CIO), plans for a free trial, follow-up calls, and potential Proof of Value demos. This indicates genuine interest and fit rather than a company/persona mismatch that would justify the stated loss reason."
5f978dc3d5c4e11ca225573e11f53675,40638201857,InPost,InPost,Classic,newbusiness,EMEA Ent,Closed Lost,2026-07-08,2025-07-22,345,300000.00,300000.00,James Pritchard,Champion left/ Company cuts,"[""Sponsorship""]",3,2026-03-04,2026-02-25,"[""299fb79ad84572cb3e988fffc873d450"",""837a47d6121dc0cfb71a8455176b1103"",""61f1553ae32a9641c16e474abef76649""]","[""Commercial"",""Value/Product""]",false,unknown,"The transcript summaries focus entirely on technical discussions about GetPort.io's capabilities, InPost's metrics requirements, and planned follow-up meetings, but do not reveal any information about why the deal was ultimately lost or mention anything about a champion leaving or company budget cuts."
a825349f7ad076e33bdf060993cad8ea,57898910089,Bosch Brazil,,Classic,newbusiness,LATAM,Closed Lost,2026-07-07,2026-03-11,105,70000.00,70000.00,Ignacio De Loera,no_show,"[""No Engagement""]",3,2026-07-01,2026-06-16,"[""c4529354b33cd0ce3955e89d126be8c3"",""143bbf4b7c951dc7307c0f5ace636f9c"",""5e8f2cb948b68088db515d0b7c8302cb""]","[""Commercial"",""Timing"",""Value/Product""]",false,no,"The transcript shows active deal progression with formal quotes being prepared, trial discussions, and meetings being scheduled with prospects like Coelco and David. There is no evidence of anyone failing to show up to meetings - instead, the calls discuss rescheduling meetings and coordinating availability, which contradicts a ""no_show"" loss reason."
6152c225369b62f7feb10a8e586be30c,58380750744,Danske bank (KC) - Backstage Replacement & AEP,Danske Bank,Classic,newbusiness,EMEA Ent,Closed Lost,2026-07-07,2026-03-26,83,0.00,0.00,John Barnes,Competition,"[""Competitive""]",2,2026-04-15,2026-04-15,"[""6de9d28cad46f9fc735a19bd6cdb4be0"",""bc812a4a216ecaa7ffbf33d7d92d4776""]","[""Commercial"",""Fit"",""Security"",""Value/Product""]",false,unknown,"The transcript summaries discuss ongoing sales conversations with prospects (Lego and Danske Bank) who appear engaged and interested in GetPort.io's platform, with follow-up meetings scheduled and next steps planned. There is no indication in these transcripts that any deal was lost or why it might have been lost to competition."
bb1f4bee8ef066b1a86fe27abeb4c577,60032563035,BANCOLOMBIA S.A,Bancolombia S.A.,Classic,newbusiness,LATAM,Closed Lost,2026-07-07,2026-05-05,NULL,0.00,0.00,Ignacio De Loera,Not right company/ persona,"[""Fit""]",1,2026-05-21,2026-05-21,"[""12baaa29f5e1eeca493c6742f964407e""]","[""Commercial"",""Fit"",""Security"",""Value/Product""]",true,no,"The transcript shows Bancolombia is actively engaged and interested in GetPort.io's capabilities, with Emanuel detailing their platform engineering needs and scheduling follow-up presentations. There is no indication they are not the right company/persona - rather, they appear to be a well-qualified prospect with specific IDP requirements that align with GetPort.io's offerings."
f97a7ec2ca55c008c57c6cff62fb860b,58332118853,Genpact - IDP / EDP New Logo - Vidya Rao (CTO),Genpact,Classic,newbusiness,US Ent,Closed Lost,2026-07-02,2026-03-26,NULL,0.00,0.00,Evan Smith,Unable to connect,"[""No Engagement""]",1,2026-04-22,2026-04-22,"[""1b6eec58e62651549f6a16ca97467d2a""]","[""Commercial""]",false,no,"The transcript shows Don was engaged throughout the call, found the platform interesting, and agreed to connect the sales team with the appropriate technical leads at Genpact for follow-up discussions. This contradicts the stated reason of ""Unable to connect"" as there was clear connection and engagement, with Don even offering to facilitate introductions to other teams."
6af2bef88b5745dc8f123e5999d5d938,56400973062,Ryan,Ryan LLC,Classic,newbusiness,US Ent,Closed Lost,2026-07-02,2026-02-16,113,100000.00,100000.00,Evan Smith,Unable to connect,"[""No Engagement""]",1,2026-04-17,2026-04-17,"[""9866a39d1817902e6d962a5286d9abae""]","[""Commercial"",""Value/Product"",""Timing""]",false,unknown,"The transcript shows active deal progression with George engaged in detailed discussions about licensing, multi-year agreements, timelines, and next steps including a proposal follow-up, but does not reveal any loss reason or indication that the deal was actually lost."
975938ee47a7b6e6af85dd4652e44bf4,57129764475,Collectors Holdings Inc,Collectors Holdings Inc,Classic,newbusiness,US MM,Closed Lost,2026-06-30,2026-02-26,121,150000.00,150000.00,Daniel Alper,Unable to connect;Freemium,"[""No Engagement"",""Value/Product""]",3,2026-06-12,2026-06-04,"[""533b1fc69cc631e40a469a758e0fff2e"",""baecb48314d92c8f1f428051ce9c489c"",""daf7247d8e203866fd46dbef0cd12f58""]","[""Fit"",""Value/Product""]",true,no,"The transcript shows the deal was lost due to concerns about implementation complexity, engineering effort, and ramp-up time rather than inability to connect or freemium limitations. Andy specifically noted ""the significant engineering work required for data integration and custom UI development, in addition to the product cost, impacts the value proposition"" and expressed concerns about ""the complexity of the data model graph and the maintainability."" The calls demonstrate active engagement and technical discussions, contradicting any connection issues."
d18e9a32ba3af1d2195a3933db2fac87,58162021925,Smartsheet,Smartsheet,Classic,newbusiness,US MM,Closed Lost,2026-06-26,2026-03-19,92,250000.00,250000.00,John Romano,Competition,"[""Competitive""]",3,2026-06-25,2026-05-21,"[""76a42d4d021a804abca0bcc53037ca36"",""98aaa4aebaeffb3efb8edd068c52f1fd"",""c170885df7a15fea9f5db9a69ceaae44""]","[""Commercial"",""Competitive"",""Fit"",""Value/Product""]",true,no,"The transcript clearly shows Smartsheet chose Cortex over GetPort.io, with Li explicitly stating the decision was based on Cortex's ""lower perceived operational load and more opinionated product design"" making it ""easier to implement and maintain compared to Port's open-slate approach."" This indicates the loss was due to product/technical fit rather than competition in the traditional sense."
8efcb5cc35026afc0262f7cd80160606,58938099570,Finova,Finova,Classic,newbusiness,EMEA MM,Closed Lost,2026-06-24,2026-04-09,55,72000.00,72000.00,James Butcher,Bad timing;Early stage,"[""Timing""]",3,2026-06-12,2026-06-05,"[""103a45f1a89e381f25644068dadac8f9"",""f5059066331b11a75a13f5e72efbc746"",""d12e316c0bfd5d2b8fc6e22bba376fe6""]","[""Commercial"",""Value/Product"",""Timing""]",true,yes,"The transcript clearly shows Pete from Finova stating they are ""not yet at a stage where they require such advanced tooling"" and indicating ""Finova is likely six months away from needing such a solution,"" which directly supports both the ""bad timing"" and ""early stage"" reasons listed in HubSpot."
f527c032c0d97d21baaff7893270d7ee,60981257295,4G Capital,4G Capital,Classic,newbusiness,EMEA MM,Closed Lost,2026-06-24,2026-06-09,14,24000.00,24000.00,James Butcher,UNQ;Other,"[""No Engagement""]",1,2026-06-10,2026-06-10,"[""c40a9ac72232ccfe52bc8c0c9fc24923""]","[""Commercial"",""Competitive"",""Fit"",""Timing"",""Value/Product""]",false,unknown,"The transcript discusses 4G Capital's evaluation process and technical requirements, but does not reveal the actual reason why the deal was ultimately lost. While it shows Calvin's engagement with the POC setup and next steps being planned, there is no indication of what caused the deal to close as lost."
26d8f1f82cd58df8b60e1661385881fc,54321175220,Mobileye Vision Technologies,Mobileye Vision Technologies Ltd.,Classic,newbusiness,EMEA MM,Closed Lost,2026-06-18,2026-01-22,118,400000.00,400000.00,Sharon Peretz,Internal Build,"[""Competitive""]",3,2026-03-16,2026-02-19,"[""a726ba2482223fcdfe3d57ad96bf3579"",""07e5e1bb3263e777ddadde06af08432a"",""7a5381f37417d8b41fb70be7ea6a9b2f""]","[""Commercial"",""Value/Product""]",false,unknown,"The transcript summaries focus entirely on pricing negotiations, contract terms, and proof-of-concept discussions between GetPort.io and Mobileye, but do not reveal any information about why the deal was ultimately lost or whether Mobileye decided to build an internal solution instead of purchasing GetPort.io's platform."
fa82dd3c79cb891232f1434b234f0b13,41908989765,Old Mutual,Old Mutual Ltd,Classic,newbusiness,EMEA Ent,Closed Lost,2026-06-17,2025-08-13,285,200000.00,200000.00,James Pritchard,Unable to connect,"[""No Engagement""]",2,2025-09-05,2025-08-21,"[""e90d004eb13379a3333df27658c77555"",""f373afc15db50a9732a0854b1311567f""]","[""Commercial"",""Value/Product"",""Timing""]",false,unknown,"The transcript summaries describe productive sales conversations between GetPort.io and Old Mutual, including discussions of challenges, platform capabilities, and scheduled follow-up meetings, but do not reveal any indication that the deal was lost or explain why it might have been closed-lost."
bf6c4deb032ce6beff1de2c5b88251d1,35348911505,Vestas,Vestas,Classic,newbusiness,EMEA Ent,Closed Lost,2026-06-16,2025-04-02,433,100000.00,100000.00,Benjamin Duckworth,Product;Unable to connect;Early stage,"[""No Engagement"",""Timing"",""Value/Product""]",3,2025-08-29,2025-05-23,"[""b4bbadf4a723a7237f1878ebac673ed6"",""4a3dfa802f2a78b2c12252e33ef1693e"",""3eb89cae205df643675103d783099f6e""]","[""Commercial"",""Competitive"",""Fit"",""Timing"",""Value/Product""]",true,unclear,"The transcript shows active engagement with Anuj expressing genuine interest in GetPort.io's capabilities, requesting customer references, and agreeing to reconnect for a potential proof-of-concept, which contradicts ""unable to connect."" However, his mention of current budget constraints and focus on an ERP upgrade does suggest the timing may be premature, partially supporting the ""early stage"" aspect of the stated reason."
d943a1bb29b6ab2b17f8c1d685b8c2fb,43323955989,STIME - Les Mousquetaires,Les Mousquetaires,Classic,newbusiness,EMEA Ent,Closed Lost,2026-06-16,2025-09-04,279,200000.00,200000.00,Benjamin Duckworth,Product;Budget,"[""Value/Product"",""Commercial""]",3,2025-11-19,2025-09-16,"[""2bf5a599a99dcb5a24b4995ab2d8ed76"",""2eac00c6c2e01f9aa45b30569c660005"",""554abe2c8eef0342d17a59e8f1816971""]","[""Commercial"",""Value/Product"",""Security"",""Timing""]",true,unclear,"The transcript shows Les Mousquetaires expressing concerns about the per-user licensing cost potentially hindering adoption beyond developers, which relates to budget considerations. However, the conversation appears to be moving toward a POC evaluation rather than a definitive rejection, making it ambiguous whether budget was the actual reason for closing the deal as lost."
4c03f4b1b27c794de4c94b5940a49655,61085526439,Booking.com - Backstage Replacement - 6k Users,Booking.com,Classic,newbusiness,EMEA Ent,Closed Lost,2026-06-11,2026-02-24,94,0.00,0.00,John Barnes,Competition,"[""Competitive""]",3,2026-06-09,2026-03-10,"[""4edb01799932a8c4af22024a686272ed"",""f708c7fc5d45d927b0069d6dda25c582"",""e614eb9ded468698987a7ae8ddb44876""]","[""Commercial"",""Value/Product"",""Competitive"",""Fit"",""Timing""]",true,unknown,"The transcript does not reveal any loss reason at all. The conversation shows Bruno expressing interest in Port's capabilities and agreeing to explore a proof-of-concept implementation, with multiple next steps planned including internal discussions and potential POC work. There is no indication in the transcript that the deal was lost or why it might have been lost."
375c7536c921cb2264abe1e80042fdbd,38465367868,HCA // Pipeline // Q4 2026,"HCA Healthcare, Inc.",Classic,newbusiness,US Ent,Closed Lost,2026-06-11,2025-05-19,373,150000.00,150000.00,Evan Smith,Unable to connect,"[""No Engagement""]",1,2025-06-10,2025-06-10,"[""a36642d0d7a20a092bd88e3eefeb56fa""]","[""Commercial"",""Value/Product""]",false,no,"The transcript shows active engagement between GetPort.io and HCA Healthcare with detailed technical discussions about platform capabilities, specific interest from HCA Healthcare in the solution, and concrete next steps including follow-up sessions and additional materials to be provided. This contradicts the stated reason of ""Unable to connect"" as there was clearly successful connection and ongoing dialogue between the parties."
2ab86602d16b572d3ccfc71a5632b7a0,41883739320,Fannie Mae,fannie mae,Classic,newbusiness,US Ent,Closed Lost,2026-06-11,2025-08-12,301,100000.00,100000.00,Evan Smith,Unable to connect,"[""No Engagement""]",2,2025-08-22,2025-08-15,"[""0793dae0f9c554d49f0a3e7b47cdc911"",""8ce42a002a6188f68ae77ce73f264ee7""]","[""Fit"",""Security"",""Value/Product""]",false,no,"The transcript clearly shows active engagement between GetPort.io and Fannie Mae, with detailed product demonstrations, discussions of implementation timelines, and scheduled follow-up meetings. The calls reveal Fannie Mae is in an ""exploratory phase"" with plans to set up evaluations ""by the end of the year"" and Bennett agreeing to ""reach out to Travis if they want to engage again."" This contradicts the stated reason of ""Unable to connect"" as connection was clearly established and ongoing."
bfed5eb693a6f0cb19b4158af8a9adc8,60383598692,Phoenix Energy,Phoenix Energy,Classic,newbusiness,US MM,Closed Lost,2026-06-11,2026-05-19,9,18000.00,18000.00,EJ Rauseo,Champion left/ Company cuts,"[""Sponsorship""]",2,2026-05-27,2026-05-22,"[""5790e01b57c6a6475679887df98047b6"",""dd16dada040db53bc7f83eac8e0cbe10""]","[""Commercial"",""Security"",""Value/Product""]",false,unknown,"The transcript summaries focus on product demonstrations, feature discussions, and next steps for evaluation, but do not reveal any information about why the deal was ultimately lost. There is no mention of a champion leaving or company budget cuts in the provided call content."
20d7ec09ac28eb3a52b6bc47993d808a,45037806702,Regions Bank,Regions Bank,Classic,newbusiness,US Ent,Closed Lost,2026-06-11,2025-10-01,252,200000.00,200000.00,Evan Smith,Unable to connect,"[""No Engagement""]",1,2025-10-03,2025-10-03,"[""15abd9ec7aa26b1adc8fd0bbe6e5e33e""]","[""Commercial"",""Value/Product"",""Security""]",false,unknown,"The transcript shows an active sales conversation where the prospect (Candin) expressed clear interest in GetPort.io's offerings, discussed specific use cases, confirmed they have secured funding, and agreed to schedule follow-up meetings with concrete next steps. There is no indication in the transcript of any connection issues or inability to reach the prospect that would support the stated ""Unable to connect"" reason."
958470b0ba3430a13213d887be488567,51628817708,Navy Federal Credit Union,Navy Federal Credit Union,Classic,newbusiness,US Ent,Closed Lost,2026-06-11,2025-12-11,177,150000.00,150000.00,Evan Smith,Unable to connect,"[""No Engagement""]",1,2025-12-16,2025-12-16,"[""6cdc96354683c6618ead9d45d4282208""]","[""Commercial"",""Security"",""Value/Product""]",false,unknown,"The transcript describes a productive sales conversation between GetPort.io and Navy Federal Credit Union, covering technical challenges, product capabilities, and next steps including a planned follow-up meeting and potential evaluation. There is no indication in the transcript that the deal was lost or any reason why it would be lost, contradicting the stated reason of ""Unable to connect"" which suggests communication difficulties."
be014d77eb853bebb978090bc33f7f8a,47660359547,Eneco,Eneco,Classic,newbusiness,EMEA MM,Closed Lost,2026-06-11,2025-10-30,217,72000.00,72000.00,James Butcher,Early stage;Bad timing,"[""Timing""]",1,2025-11-06,2025-11-06,"[""eb355cdcb9e74fcf8cdf15a421c8d5a3""]","[""Commercial"",""Value/Product"",""Timing""]",true,unclear,"The transcript shows Eneco is ""in the early stages of its platform journey"" and ""initial phase of its IDP journey,"" which supports the ""early stage"" aspect of the stated reason. However, the call appears productive with George expressing interest in a detailed demo and concrete next steps being planned, which doesn't clearly indicate ""bad timing"" as a loss reason - the timing seems potentially favorable given their early exploration phase."
160e2afb778baf5f0dbb9cae3286624a,56288447039,Applied Systems,Applied Systems,Classic,newbusiness,US MM,Closed Lost,2026-06-10,2026-02-13,100,393000.00,393000.00,EJ Rauseo,Product;Competition,"[""Value/Product"",""Competitive""]",3,2026-04-21,2026-04-10,"[""7fd98ef8c8a87a0f84550f8a0bcbf236"",""3e4f2aa16e849e547681b8a9bf5baa6c"",""1a00789cec6924a849d46a810774f8a4""]","[""Commercial"",""Fit"",""Timing"",""Value/Product""]",true,no,"Applied Systems expressed concerns about the number of issues encountered during the pilot and stated they would internally review the POC's outcomes before deciding on next steps. The transcript shows the deal was lost due to implementation problems and technical issues during the proof of concept, not because of product deficiencies or competitive displacement."
40752ee2e41903d63aa06e1274474716,57601625172,Lendbuzz,Lendbuzz,Classic,newbusiness,US MM,Closed Lost,2026-06-08,2026-03-05,95,54000.00,54000.00,Jill Countey,Unable to connect;no_show,"[""No Engagement""]",2,2026-03-24,2026-03-06,"[""0d3e5f8a2913b09eb654376b172d88f6"",""055906cb8b7798ef4e60a3e7a308c61a""]","[""Commercial"",""Value/Product""]",false,unknown,"The transcript shows active engagement between GetPort.io and Lendbuzz with productive discussions about AI agent management, scheduled follow-up meetings, and concrete next steps including an in-person demo in Tel Aviv. There is no indication in the transcript that prospects were unable to connect or were no-shows - rather, the calls appear to have occurred successfully with both parties participating actively."
fe29b11322d6a3541012a4f140afdc76,48291291711,Arrive,Arrive,Classic,newbusiness,EMEA MM,Closed Lost,2026-06-04,2025-11-05,199,200000.00,200000.00,Sharon Peretz,Unable to connect,"[""No Engagement""]",3,2026-03-09,2026-02-13,"[""b6003ced19d8604812e47bac4cb6c6cd"",""ec9a89e82325dc566c7853d7a1375835"",""c9b701a9f345053e46188230678c8a85""]","[""Commercial"",""Timing"",""Value/Product""]",false,no,"The transcript clearly shows that Arrive was actively engaged in multiple detailed calls with GetPort.io, discussing project timelines, strategic priorities, and future meetings. The calls reveal that the deal was lost due to Arrive's management decision to prioritize other projects (external developer platform and API gateway) in Q2 and defer the internal developer platform to Q3, not because GetPort was ""unable to connect"" with the prospect."
0004841ca378b4ef1ae52ef244f500bb,38281922631,Garmin,Garmin,Classic,newbusiness,US Ent,Closed Lost,2026-06-04,2025-05-30,361,100000.00,100000.00,Rick Walker,Unable to connect,"[""No Engagement""]",3,2025-07-16,2025-06-03,"[""f09b571de76b554b01347af2a581325f"",""815f6dbb3e06be50ba55edda79d32e7d"",""f08b0f0c374222e64eaa9e66675326ca""]","[""Commercial"",""Competitive"",""Fit"",""Timing"",""Value/Product""]",false,no,"The transcript clearly shows that Garmin chose to build a custom in-house solution rather than adopt GetPort.io's platform, with Nathan expressing ""limited appetite to explore third-party options"" due to executive pressure to reduce reliance on third-party vendors. This contradicts the stated reason of ""Unable to connect"" - the parties were clearly able to connect and had detailed discussions about technical requirements and solutions."
b06a0327b748535e7abf067e238b6d66,34255186487,Citigroup Inc,Citi,Classic,newbusiness,US Ent,Closed Lost,2026-06-04,2025-03-05,454,150000.00,150000.00,Evan Smith,Unable to connect,"[""No Engagement""]",2,2025-04-24,2025-03-07,"[""76a1447fd25c564268a52fca920609ea"",""db9bb0fea9a49727630fb5a55b681d61""]","[""Commercial"",""Value/Product"",""Timing""]",false,no,"The transcript shows that Citigroup was actively engaged in discussions about GetPort.io's developer portal solution, with detailed conversations about their regulatory environment, current AI focus, and potential future opportunities. They agreed to stay in touch and reconnect when timing is appropriate, which contradicts the stated reason of being ""unable to connect."""
74539e4ef8697a0053b3ede96cae5ada,56697417911,OutSystems,OutSystems,Classic,newbusiness,EMEA MM,Closed Lost,2026-06-04,2026-02-20,69,150000.00,150000.00,Sharon Peretz,Competition,"[""Competitive""]",3,2026-05-05,2026-04-10,"[""e797aa14d3f09cc344bb555bc6e0211b"",""2d3831596ad300c5ecd5dc9c191c9f0e"",""d7e7e2ded157ef7eef36109a1e9c26bd""]","[""Commercial"",""Value/Product"",""Timing""]",false,no,"The transcript clearly shows OutSystems chose to build an in-house solution rather than losing to a competitor - there's an ""AI Shift & Build vs. Buy"" evaluation where OutSystems received a ""top-down mandate from the CEO"" to prioritize building over buying, and they have an architect spending time ""building a basic context lake"" as an alternative to GetPort.io's solution. This indicates a build vs. buy decision rather than losing to a competing vendor."
30836bed9f5e6b53c493a5539a77a3fc,57019218691,Capital One,Capital One,Classic,newbusiness,US Ent,Closed Lost,2026-06-03,2026-02-25,93,200000.00,200000.00,Tali Cohen,Unable to connect,"[""No Engagement""]",1,2026-04-01,2026-04-01,"[""65841eaf3ab197490ddc329ee44be4c5""]","[""Commercial"",""Value/Product"",""Security""]",false,no,"The transcript shows an active, engaged sales conversation with Capital One where Sunil is asking detailed questions about Port's capabilities, the teams are planning multiple follow-up sessions, and there are concrete next steps including potential on-site workshops in Austin. This contradicts the stated reason of ""Unable to connect"" as there was clearly successful connection and ongoing engagement."
d6b56f5ef6dde240605198eaa41796b8,31753645885,First Citizens Bank,First Citizens Bank,Classic,newbusiness,US Ent,Closed Lost,2026-06-02,2025-01-09,498,200000.00,200000.00,Jeff Graham,no_show,"[""No Engagement""]",1,2025-01-21,2025-01-21,"[""9f4b3116f4e5d4ec22380a8b2cfba543""]","[""Commercial"",""Value/Product"",""Security""]",false,unknown,"The transcript summary describes a productive sales conversation where technical capabilities, pricing, implementation timeline, and support were discussed. The prospect (Amaravathi from First Citizens Bank) requested a follow-up call and committed to evaluate demos and get feedback from their architecture group. There is no mention of anyone failing to attend scheduled meetings or calls, which would be necessary to support the ""no_show"" loss reason."
d62c7297b80219767835c96c01f5417e,32466891952,SEB Group,SEB,Classic,newbusiness,EMEA Ent,Closed Lost,2026-06-02,2024-12-16,488,500000.00,500000.00,Benjamin Duckworth,Competition;Unable to connect,"[""No Engagement"",""Competitive""]",3,2025-12-17,2025-12-10,"[""acb7db08d981aefc119ace3bc1752df2"",""8d161c04e3c8aae13595823d5bba279a"",""6734862905acf80ac517370f748f5207""]","[""Competitive"",""Timing"",""Value/Product""]",true,no,"The transcript clearly shows SEB was actively engaged in a technical POC evaluation with detailed discussions about integration challenges, feature requests, and future implementation plans. There is no evidence of being ""unable to connect"" - multiple stakeholders from SEB participated in calls and provided extensive technical feedback. While competitors like Backstage and Harness are mentioned, there's no indication that SEB chose a competitor over Port, contradicting the stated ""Competition"" reason."
0f4d81ff1f2962389eab74b7acb9efbc,39040347557,Pismo/Visa,Pismo,Classic,newbusiness,US Ent,Closed Lost,2026-05-29,2025-06-19,337,100000.00,100000.00,Jeff Graham,no_show;Competition,"[""No Engagement"",""Competitive""]",3,2025-07-23,2025-07-08,"[""88f916ba110d6d9328558256f2e0c186"",""a8e665a8030b9a1857c4940b99ea3a2b"",""1312a91bcefadc5f42acd5e6023f3fa6""]","[""Commercial"",""Value/Product""]",false,no,"The transcript shows active engagement from Pismo with discussions about POCs, follow-up meetings, and connecting with existing customers, which contradicts both the ""no_show"" and ""competition"" reasons stated in HubSpot. The calls demonstrate ongoing interest and next steps rather than no-shows or competitive losses."
3297491ac6c758936e16c6d5418bc076,58135851009,Questrade,Questrade Financial Group,Classic,newbusiness,US MM,Closed Lost,2026-05-28,2026-03-18,65,100000.00,100000.00,Jill Countey,Unable to connect,"[""No Engagement""]",1,2026-03-24,2026-03-24,"[""f4dfa777136496b1db28f7172754168e""]","[""Commercial"",""Value/Product"",""Sponsorship""]",false,no,"The transcript shows active engagement between GetPort.io and Questrade, with Anderson expressing clear interest in a full demo, coordinating follow-up meetings, and exchanging NDAs for detailed discussions. The calls resulted in concrete next steps and scheduling commitments, directly contradicting the stated reason of ""Unable to connect."""
b7d449832f03ac7d97953239d64be81d,54394287468,Appcharge,Appcharge,Classic,newbusiness,EMEA MM,Closed Lost,2026-05-28,2026-01-23,91,24000.00,24000.00,Sharon Peretz,Unable to connect,"[""No Engagement""]",3,2026-02-26,2026-02-05,"[""580f4ea939ca23c40baaa9cb4e9eeda9"",""c22db939cbbdc2ef49242e09724196e4"",""a900a8b1f974e9a11bc54ecba458a7fe""]","[""Commercial"",""Value/Product""]",false,unknown,"The transcript summaries show active engagement between GetPort.io and Appcharge, with discussions about POCs, pricing, follow-up sessions, and product feedback, but do not reveal any indication that the deal was lost or why it might have been lost."
a67ff6472433d59b1aab0d210f6bdbb6,59273867795,PSL Group,PSL Group,Classic,newbusiness,US MM,Closed Lost,2026-05-28,2026-04-17,39,50000.00,50000.00,Jill Countey,no_show,"[""No Engagement""]",1,2026-04-17,2026-04-17,"[""5e39efb678e1028d0a6bfa6ef68382f1""]","[""Commercial"",""Security"",""Value/Product"",""Timing""]",false,unknown,"The transcript summary describes an active sales conversation where PSL Group is evaluating GetPort.io's platform, discussing technical requirements, pricing, and next steps including follow-up sessions. There is no indication that anyone failed to show up for scheduled calls, and the detailed technical discussion suggests all parties were present and engaged."
27041ebd3efc5eda6a48c35247f64843,31963869097,Trane Technologies,Trane,Classic,newbusiness,US Ent,Closed Lost,2026-05-26,2025-01-13,488,240000.00,240000.00,Jeff Graham,Bad timing,"[""Timing""]",2,2025-04-11,2025-01-23,"[""9e7b3d267fdac31e891ee898b7d9714a"",""011f766c3f1c2045e1b6281ecbcbbcc4""]","[""Commercial"",""Value/Product"",""Security"",""Timing""]",true,unknown,"The transcript summaries focus on detailed discussions about GetPort.io's platform capabilities, customer success framework, and technical implementation plans, but do not reveal any information about why the deal was ultimately lost or mention timing-related concerns that would support the stated ""bad timing"" reason."
34ce9b279d2304e285eb7f2209bb08c7,54314206131,GoFundMe,GoFundMe,Classic,newbusiness,US MM,Closed Lost,2026-05-19,2026-01-21,117,200000.00,200000.00,John Romano,Competition,"[""Competitive""]",3,2026-05-15,2026-04-30,"[""47ac55396caa74d552c807d0a20a4ad9"",""f58c7f7ff8f7875a2d0fc77688f4c6e4"",""6b8e7e9cd6df820c7b66a76ce7b1168c""]","[""Commercial"",""Competitive"",""Fit"",""Timing"",""Value/Product""]",true,yes,"The transcript clearly states that ""GoFundMe decided to go with a different, more opinionated solution, likely Cortex, over Port"" and explains that the decision was driven by preferring the competitor's more opinionated approach and better out-of-the-box experience. This directly supports the stated HubSpot reason of ""Competition"" as the deal was lost to a competing solution (Cortex)."
59f7efc980b9937c2d4c28261f71e4c9,58158685341,Alteryx Inc,Alteryx Inc,Classic,newbusiness,US MM,Closed Lost,2026-05-18,2026-03-18,54,200000.00,200000.00,Jill Countey,Product;Price,"[""Value/Product"",""Commercial""]",3,2026-05-05,2026-04-20,"[""b711c2793206feaffe83fe7a42f04c8e"",""ae26477715d84d9a521b09623bff9cf2"",""6bd09274b3dbc8236eb375238087931b""]","[""Commercial"",""Fit"",""Value/Product"",""Timing""]",true,no,"The transcript clearly shows the deal was lost due to budget constraints and product fit issues, not the stated reasons of ""Product;Price"" in general terms. Sara specifically states the $244K discounted offer is ""still not close enough to their internal build range of $200-250K to be pitchable"" and that Alteryx wants only the agentic orchestrator components, not the full IDP platform that Port sells as an integrated product."
d4978a3ec67e415f6a4f76cece737850,43191622228,MGM Resorts International,MGM Resorts,Classic,newbusiness,US Ent,Closed Lost,2026-05-14,2025-08-31,254,140000.00,140000.00,Rick Walker,Product;Competition,"[""Value/Product"",""Competitive""]",3,2026-05-13,2026-01-07,"[""d90032822b38d98596bef746752dfc51"",""ac4b7715e60b8ce919016199a1f8128f"",""6b42b5e1f9df49afb2abddbffe59461c""]","[""Commercial"",""Competitive"",""Fit"",""Sponsorship"",""Value/Product""]",true,no,"The transcript clearly shows MGM switched from Port to Backstage due to ""significant difficulties with Port's catalog import process"" and Port ""not being a turnkey solution,"" not because of competition. MGM built their own Backstage solution using AI development, indicating the loss was due to product limitations rather than losing to a competitor."
9790d934df4efc03bae3b69d0e2447ec,57576687105,Hubtel Limited,Hubtel,Classic,newbusiness,EMEA MM,Closed Lost,2026-05-12,2026-03-05,64,100000.00,100000.00,Matthew Bilsland,Product,"[""Value/Product""]",2,2026-03-10,2026-03-09,"[""5ef10601f41bce97b86c1ca870cec152"",""bf2a610c9b61389876adba09d341de73""]","[""Commercial"",""Value/Product""]",true,unknown,"The transcript does not reveal any loss reason at all. The calls show active engagement between GetPort.io and Hubtel, with discussions about pricing strategies, product demonstrations, and scheduling follow-up sessions for deep dive demos, indicating an ongoing sales process rather than a closed-lost deal."
83533fe792b2bd048689c1d91e01135c,50459969374,ADEO,ADEO,Classic,newbusiness,EMEA Ent,Closed Lost,2026-05-12,2025-11-26,144,100000.00,100000.00,James Pritchard,Early stage,"[""Timing""]",2,2025-12-09,2025-11-28,"[""d3f2080f78b75bd5f72d0d973538284f"",""51dbf05fca80e9de267a38bb5ed4809a""]","[""Commercial"",""Value/Product""]",false,unknown,"The transcript summaries show active discussions about GetPort.io's solutions for ADEO's developer experience challenges, with follow-up meetings planned and specific action items assigned. There is no indication in the transcripts that the deal was lost or any explanation of why it might have been closed-lost."
7a61f6e7bb0b240ee56f3544903d02be,58369081867,Confluent IO,Confluent IO,Classic,newbusiness,US MM,Closed Lost,2026-05-11,2026-03-26,43,200000.00,200000.00,Jill Countey,Bad timing,"[""Timing""]",2,2026-04-02,2026-03-30,"[""a5c37f1baa042850febb9d3d046226d2"",""a26bec40f5c8e4574206a9220edbb7db""]","[""Commercial"",""Fit"",""Value/Product""]",false,unknown,"The transcript summaries discuss ongoing evaluation meetings where Confluent expressed interest in GetPort.io's solution and scheduled follow-up meetings, but do not reveal any information about why the deal was ultimately lost or mention timing issues that would support the ""bad timing"" reason."
a1d75b09ae36aed95f027cd02aa0b997,54248329583,1Password,AgileBits Inc.,Classic,newbusiness,US MM,Closed Lost,2026-05-07,2026-01-21,106,100000.00,100000.00,Daniel Alper,Unable to connect;Bad timing,"[""No Engagement"",""Timing""]",3,2026-04-21,2026-03-20,"[""70c9aa7b5fa6821ef33118b289643e03"",""f639e3a15725c1571536bd09275a4384"",""75b73a5eebd301ce2883045a5bef3b91""]","[""Commercial"",""Security"",""Value/Product""]",false,unknown,"The transcript summaries discuss technical alignment, product positioning, and next steps for a proof of concept, but do not reveal any actual loss reason or explain why the deal was ultimately closed-lost. The conversations appear constructive with both parties expressing interest in moving forward."
5040034fc2c551599f2f13d102557694,53283305220,Cresta,Cresta,Classic,newbusiness,US MM,Closed Lost,2026-05-07,2026-01-06,39,72000.00,72000.00,EJ Rauseo,No value,"[""Value/Product""]",3,2026-04-08,2026-01-08,"[""2e4b5ebb93e85c83904fb04a29305b46"",""4c0f2afcf5690ea5974bd839c053200b"",""53e68239dc390d24dddc46aa0d6b7c89""]","[""Commercial"",""Value/Product"",""Security"",""Timing""]",true,no,"The transcript clearly contradicts the stated ""No value"" reason. Florin explicitly states that ""value perception is as important as budget"" and his concerns center on pricing ($40/seat being too high) and ROI calculation difficulties, not a lack of value. The discussions show active engagement about POC planning, technical requirements, and vendor processes, indicating perceived value but price/ROI concerns."
524c2aff12346815b0557de42f667508,59638544392,ATOS - Greenfield IDP (New Business),Atos Syntel Inc.,Classic,newbusiness,EMEA Ent,Closed Lost,2026-05-06,2026-04-24,6,0.00,0.00,John Barnes,Competition,"[""Competitive""]",1,2026-04-29,2026-04-29,"[""b593fe7250fb803ab3be99b32c3461ae""]","[""Commercial"",""Value/Product"",""Timing""]",false,unknown,"The transcript summary discusses Atos Syntel's evaluation of GetPort.io as a potential solution and mentions they are weighing it against alternatives like open-source Backstage, but it does not reveal the final decision outcome or explain why the deal was ultimately lost."
c6f2cd8c06760528c522d987e3d06de0,54218149647,Nordea - ICBT AEP - New Business,Nordea,Classic,newbusiness,EMEA Ent,Closed Lost,2026-05-06,2026-01-21,89,0.00,0.00,John Barnes,Unable to connect,"[""No Engagement""]",1,2026-02-06,2026-02-06,"[""180298f2408834cad6c5457231f4baad""]","[""Commercial"",""Value/Product"",""Security"",""Timing""]",false,unknown,"The transcript shows a productive sales conversation where the prospect (Ali) expressed interest in Port.io's capabilities, identified key decision-makers, and committed to next steps including connecting with Kenny and coordinating follow-up meetings. There is no indication in the transcript of any inability to connect or communication issues that would support the stated HubSpot loss reason."
d352995b673604449f46b4bcf56a265a,51442306147,Garner Health,Garner,Classic,newbusiness,US MM,Closed Lost,2026-05-01,2025-12-08,144,50000.00,50000.00,Jill Countey,Product,"[""Value/Product""]",3,2026-01-06,2025-12-09,"[""1b040efa4873a016f1e9772026af273e"",""0ce0859062bf98e2f917bdf945ce2052"",""88e5a3c9811ed02866b667cc37123a3c""]","[""Commercial"",""Value/Product"",""Timing""]",true,no,"The transcript clearly shows Garner is interested in GetPort.io's IDP solution and is actively evaluating it, with the second call indicating they are comparing GetPort.io against other solutions with a decision expected mid-Q1. The loss reason appears to be timing-related (lack of current readiness due to infrastructure priorities) rather than product-related, as Garner explicitly expressed interest in the product and its capabilities."
fc7c53e2d0b044aa5f83daa56b3afb23,59728215661,Direct Supply,Direct Supply,Classic,newbusiness,US MM,Closed Lost,2026-04-29,2026-02-23,57,153000.00,153000.00,John Romano,Competition,"[""Competitive""]",3,2026-04-27,2026-04-17,"[""87a7b40e74eda83b2e45e0d1f08a3506"",""b098dea89e2ba04b75871fad6a3878cd"",""ac462ba5be238b61c6fb9eddcfc0c447""]","[""Commercial"",""Value/Product""]",false,unknown,"The transcript summaries focus on technical implementation details, POC progress, and next steps for executive presentations, but do not reveal any specific reason why the deal was ultimately lost. While there are technical challenges discussed (like .NET ingestion issues), these appear to be actively being resolved rather than cited as deal-breaking problems, and no mention of competitive alternatives or comparison with other vendors is present in the provided text."
e15cd129323ca9a52185dceb265cbcd3,36463881087,Tekion,Tekion,Classic,newbusiness,US MM,Closed Lost,2026-04-29,2025-04-29,358,200000.00,200000.00,Jill Countey,Competition;Bad timing,"[""Timing"",""Competitive""]",3,2026-03-05,2026-02-25,"[""ff569c03fe42d01ffb86212878bbbb20"",""e834f4abf0554df04257ef625795985c"",""50db0a779c487caa2f235f7d8bb729c8""]","[""Competitive"",""Commercial"",""Value/Product"",""Security""]",true,no,"The transcript shows an active competitive evaluation between Port and Cortex where Dinesh states ""both Port and Cortex are competitive, solving 80% of IDP problems"" and mentions ongoing demos and follow-up meetings, indicating the deal is still in progress rather than lost. There is no evidence of bad timing mentioned, and the competitive situation appears to be driving continued engagement rather than deal closure."
0f77d42caec7f910a6fb361d3f6170a3,29042699862,Koch Industries,Koch & Koch,Classic,newbusiness,US Ent,Closed Lost,2026-04-23,2024-11-13,519,150000.00,150000.00,Rick Walker,Unable to connect,"[""No Engagement""]",1,2024-11-20,2024-11-20,"[""cc66f576570496f43b8da54cf5e20c28""]","[""Commercial"",""Security"",""Value/Product""]",false,unknown,"The transcript summaries describe detailed product discussions, pricing information, proof of value engagements, and follow-up actions, but do not reveal any reason why the deal was ultimately lost. There is no mention of connection issues or inability to reach the prospect that would support the stated ""Unable to connect"" reason."
391d4b86ab7f9a760c67ff9775443d18,40312745306,Toast,Toast,Classic,newbusiness,US Ent,Closed Lost,2026-04-23,2025-07-16,258,100000.00,100000.00,Tali Cohen,Competition,"[""Competitive""]",2,2025-08-08,2025-07-18,"[""64a40c54845ac6f34777cd5ef28a9cd8"",""f0d65e4e3f96ecf842b6f01745a50d70""]","[""Commercial"",""Value/Product""]",false,unknown,"The transcript summaries describe ongoing discussions between GetPort.io and Toast about AI-powered productivity platforms, with Toast expressing interest in the capabilities and scheduling follow-up meetings for potential pilots. However, the summaries do not reveal any loss reason or indication that the deal was actually lost, making it impossible to verify the stated ""Competition"" reason."
98129fb296862c449bdcd2d892674b10,52002398106,Miro,miro,Classic,newbusiness,US MM,Closed Lost,2026-04-22,2025-12-17,71,200000.00,200000.00,EJ Rauseo,Unable to connect,"[""No Engagement""]",3,2026-02-13,2026-02-04,"[""4f7c12400370c7a444d535fe01352123"",""e7720c33baddee45468a8f0608465309"",""a34f4d5e2495fbd3e0fa9babe156f0bf""]","[""Commercial"",""Value/Product""]",false,no,"The transcript shows active engagement between GetPort.io and Miro teams with detailed technical discussions, follow-up commitments including sandbox access, and a planned March 4th meeting. This contradicts the stated reason of ""Unable to connect"" as the parties were clearly connecting and collaborating on multiple calls with concrete next steps planned."
be242ef4cf01aa481736313064f09778,57938986788,Audacy,Audacy,Classic,newbusiness,US MM,Closed Lost,2026-04-22,2026-03-12,36,24000.00,24000.00,Daniel Alper,Price;Partnership;Not right company/ persona;Other,"[""Fit"",""Commercial""]",3,2026-04-10,2026-04-06,"[""8bfc81ec94f8ccf57bddca35e3e08b13"",""878a9b9b53e0cafe515c31f0dc92521c"",""0211c796478f258622c9781488e4f218""]","[""Commercial"",""Value/Product"",""Timing""]",true,no,"The transcript shows the deal was lost due to budget/investment misalignment, not the stated reasons of ""Price;Partnership;Not right company/persona;Other"". Specifically, Jorge needed a low-cost POV while Daniel required a minimum 100-license investment for full support, leading both parties to ""agree to part ways for now"" due to this ""investment misalignment for a supported POC."""
449b572253156bad0eec15e3e1c2562b,35423163680,Next,Next,Classic,newbusiness,EMEA Ent,Closed Lost,2026-04-22,2025-04-03,259,150000.00,150000.00,Benjamin Duckworth,Bad timing,"[""Timing""]",2,2025-09-10,2025-07-24,"[""5a4bd8f37984ca20e7c6e8d352f5821e"",""fe752793e353e61827542002d4c64dbb""]","[""Value/Product"",""Commercial"",""Fit""]",false,unknown,"The transcript summaries focus on product capabilities, technical discussions, and follow-up actions, but do not reveal any specific reason why the deal was ultimately lost. While the conversations appear productive with interest expressed and next steps planned, there is no mention of timing issues or any other loss reason."
e4f0cb58453e3c997db876bcc81059bb,43507392852,JD Sports Fashion,JD Sports Fashion plc,Classic,newbusiness,EMEA Ent,Closed Lost,2026-04-22,2025-09-09,132,100000.00,100000.00,James Pritchard,Not right company/ persona,"[""Fit""]",1,2025-12-04,2025-12-04,"[""75e68ee05a57df6e1fe0ba80b24c87ea""]","[""Commercial"",""Timing"",""Value/Product""]",false,no,"The transcript shows JD Sports (represented by Rajasekaran) as an engaged prospect with urgent business needs that align well with GetPort.io's solutions - they need to accelerate composable commerce implementation and optimize CI/CD processes, and meetings are being scheduled to discuss product details and involve tech leads. This indicates active interest and fit rather than ""not right company/persona."""
42fded5da0528a027f7cab06bdaa1dae,48476663868,Regal Entertainment Group,Regal Entertainment Group,Classic,newbusiness,US Ent,Closed Lost,2026-04-17,2025-11-06,134,70000.00,70000.00,Tali Cohen,Unable to connect,"[""No Engagement""]",3,2026-01-14,2025-12-18,"[""8154f29e8e57dd747c90d8ba4e5071b3"",""473f93ffd274607c4ee010af58b2dbe8"",""223f5b9e167ae708c076034b43550e1c""]","[""Commercial"",""Value/Product""]",false,no,"The transcript clearly contradicts the stated reason. Rather than being ""unable to connect,"" the calls show extensive engagement with Mariusz from Regal Entertainment Group across multiple detailed meetings where they discussed Port's value proposition, explored use cases, scheduled follow-ups, and were actively working toward a pilot program with next steps including completing an NDA and involving additional team members."
bf29cfe43f3e1eca24f3a06385a92c2e,58211070822,Boostlingo,Boostlingo,Classic,newbusiness,US MM,Closed Lost,2026-04-15,2026-03-20,24,24000.00,24000.00,Daniel Alper,Product;No value;Price,"[""Value/Product"",""Commercial""]",3,2026-04-08,2026-03-23,"[""243681bbbd0b794cdacd8391fa86ca51"",""c7e66afed1761de2b762de6c36b204ad"",""cf5e27cc0bbf4369f5f87f4a92401f73""]","[""Commercial"",""Value/Product"",""Security""]",true,unknown,"The transcript summaries discuss ongoing evaluation conversations between GetPort.io and Boostlingo, including technical demonstrations, integration discussions, and next steps for a potential sprint, but do not reveal any actual loss reason or indication that the deal was definitively lost."
433fb5c910ee838b575c9d365c625cd0,39009237903,Telstra,Telstra,Classic,newbusiness,APJ,Closed Lost,2026-04-15,2025-06-18,265,100000.00,100000.00,Scott Dunion,Bad timing,"[""Timing""]",1,2025-07-03,2025-07-03,"[""a4c0f56a7a772c8e12a0821d4ddae7d1""]","[""Commercial""]",false,unknown,"The transcript shows an active, engaged sales process with the prospect agreeing to continue discussions, scheduling follow-up meetings in 3 weeks, setting up collaboration channels, and planning potential in-person visits. There is no indication in the transcript of why this deal was ultimately lost or any mention of timing issues."
da4a6235e8c9a8f7593b624f9daa0662,54605040704,Vhi Healthcare,Vhi Healthcare,Classic,newbusiness,EMEA MM,Closed Lost,2026-04-14,2026-01-26,61,50000.00,50000.00,Matthew Bilsland,no_show,"[""No Engagement""]",1,2026-02-05,2026-02-05,"[""3ba039bfc4698f46da0746fbea12ec6c""]","[""Commercial"",""Value/Product""]",false,no,"The transcript shows an active sales conversation where GetPort.io demonstrated their platform to Vhi Healthcare, with concrete next steps including follow-up meetings and additional information sharing. There is no indication of a no-show situation - instead, the calls clearly took place with multiple participants engaged in detailed technical discussions and planning future meetings."
08bd8f66791fb2327d3c3ccc78de6157,49779195798,McKinsey & Company,McKinsey & Company,Classic,newbusiness,US Ent,Closed Lost,2026-04-13,2025-11-21,124,100000.00,100000.00,Travis Dadoly,Bad timing,"[""Timing""]",2,2025-12-15,2025-12-10,"[""0049c94d4668b674e0904b4277940d5c"",""a48e4a8c2a3ea255373b556225bcb170""]","[""Commercial"",""Value/Product""]",false,unknown,"The transcript summaries show meeting rescheduling and detailed technical discussions about McKinsey's potential use of Port.io, but do not reveal any loss reason or indication that the deal was actually lost. The conversations appear to be progressing with scheduled demos and NDA processes, with no mention of timing issues or deal closure."
7883fb6e01a929a514b196ecb1ef7851,41901316614,CheckPoint Software Technologies Ltd.,CheckPoint Software Technologies Ltd.,Classic,newbusiness,EMEA MM,Closed Lost,2026-04-09,2025-08-13,224,200000.00,200000.00,Sharon Peretz,Product,"[""Value/Product""]",3,2025-10-19,2025-09-25,"[""d348af6fc419056e7a490db838be1b04"",""d9c4f2e0d171221978f4c40c444fa694"",""e39e576639a5e7f0e56ada73ba43bfbb""]","[""Commercial"",""Competitive"",""Fit"",""Security"",""Sponsorship"",""Timing"",""Value/Product""]",true,unknown,"The transcript discusses POC planning, resource constraints, and integration challenges, but does not reveal the actual reason why the deal was ultimately lost. While there are mentions of unfinished integrations and complexity issues, these appear to be ongoing challenges rather than the final loss reason."
dc4cff9b49dce128f0491bda8eed3640,53014767140,Bullish,Bullish,Classic,newbusiness,US MM,Closed Lost,2026-04-09,2026-01-06,88,98000.00,98000.00,EJ Rauseo,Competition,"[""Competitive""]",3,2026-04-08,2026-03-24,"[""0ebac38e9e6395ab192f8422b0943a26"",""ac6ca2592c6aadf14917f6aa4dc66125"",""98fc1eeeef01cd0003f26e05c9db06e9""]","[""Commercial"",""Competitive"",""Fit"",""Timing"",""Value/Product""]",true,no,"The transcript clearly shows Bullish chose to stick with Backstage rather than losing to a competitor. Their decision was based on concerns about ""the long-term viability of the IDP concept itself"" and uncertainty about whether IDPs will remain relevant, not because they selected a competing vendor over Port."
da35b422080973a51545532d88f64c49,53284612654,Expression,Expression,Classic,newbusiness,US MM,Closed Lost,2026-04-09,2026-01-06,79,18000.00,18000.00,Daniel Alper,Security,"[""Security""]",3,2026-03-06,2026-01-09,"[""3651c97b7eaddacfd453347ad3b43256"",""f48e19509b1bf397d4489e4f4efc5884"",""c6470c7d8e81aa8289a16af49a0b2568""]","[""Commercial"",""Value/Product"",""Security""]",true,no,"The transcript shows the deal progressing positively with Expression Networks expressing interest in a pilot program and scheduling follow-up calls, rather than being lost due to security concerns. Benjamin found the pricing ""reasonable"" and they were actively moving forward with evaluation plans, which contradicts a security-based loss reason."
c6d818146c35087cdc09ff58f81d660e,50909631812,Kinective,Kinective,Classic,newbusiness,US MM,Closed Lost,2026-04-09,2025-12-02,127,33600.00,33600.00,EJ Rauseo,Unable to connect,"[""No Engagement""]",3,2026-02-25,2025-12-10,"[""e18959b1f2ba9ae41b66daeb1b2f6bb9"",""f74b402a6f987018b16a5292e4b5131a"",""b3ffadcca922b1ba6e87bdb2b2b8aa7e""]","[""Commercial"",""Fit"",""Value/Product""]",false,no,"The transcript shows active engagement with multiple follow-up meetings scheduled, detailed technical discussions, and concrete next steps planned including a February 25th demo. This contradicts the stated reason of ""Unable to connect"" as there were clearly successful connections and ongoing communication between the parties."
170b262c0fa33ef11dd46508ee2e9478,50870372871,Cegid,Cegid,Classic,newbusiness,EMEA Ent,Closed Lost,2026-04-09,2025-12-02,84,150000.00,150000.00,Benjamin Duckworth,Competition;Price;Budget,"[""Competitive"",""Commercial""]",3,2026-02-18,2025-12-17,"[""32ddf8bf3553e4f0e09faf12627efedc"",""281d416ecb2b666e3b3ea1a7d6d38d51"",""70a1e1ae8845ac7e580edbc164027dd9""]","[""Commercial"",""Value/Product"",""Security"",""Timing"",""Sponsorship""]",true,unknown,"The transcript summaries focus on POC planning, product demonstrations, and next steps for implementation, but do not reveal any information about why the deal was ultimately lost or mention competition, pricing, or budget concerns as factors in a decision against moving forward."
2d2c83e33f4a1f9766c327bb345835f0,54970549588,Gelato,Gelato,Classic,newbusiness,EMEA MM,Closed Lost,2026-04-09,2026-01-29,37,21000.00,21000.00,Sharon Peretz,No value,"[""Value/Product""]",3,2026-03-31,2026-03-25,"[""79a9742cfd6c6a6b8936fc450fbc9e82"",""b65cac72d28a4dda022275b419c4bb30"",""4cb40a18fd88cf633bef468eee69d461""]","[""Commercial"",""Fit"",""Security"",""Value/Product""]",true,no,"The transcript shows active engagement with GetPort.io team members discussing implementation details, automation workflows, and scheduling follow-up meetings, with specific action items assigned to continue the project. There is no indication that the customer found no value in the solution - rather, they appear committed to moving forward with implementation steps."
f4fb0750276cfaf7f35a141087319442,54298799666,Open Bet,Open Bet,Classic,newbusiness,EMEA MM,Closed Lost,2026-04-08,2026-01-21,55,100000.00,100000.00,Matthew Bilsland,Bad timing,"[""Timing""]",1,2026-02-05,2026-02-05,"[""8902b67bbe463346dbc1703260f04e36""]","[""Commercial"",""Value/Product"",""Timing""]",true,unknown,"The transcript does not reveal any loss reason at all. While Francis indicated they would discuss internally and preferred not to set an immediate follow-up, this appears to be normal sales process behavior rather than a rejection, and there is no mention of timing issues or any other specific reason for not moving forward with the deal."
9b5635af9652c0e1e2e1b10b4fe0a421,40327964499,Wiley,Wiley,Classic,newbusiness,US Ent,Closed Lost,2026-04-07,2025-07-16,260,300000.00,300000.00,Tom Skarzynski,Competition,"[""Competitive""]",3,2026-01-12,2025-11-03,"[""a00d3b9d40bbeb874a69d971e9324dbc"",""311b64cb724c0e1dc4516d8e88a2c5e7"",""db014c6fd42d5cc81025984e88a22f31""]","[""Commercial"",""Value/Product""]",false,unknown,"The transcript does not reveal any loss reason at all. Both call summaries show active engagement between GetPort.io and Wiley, with discussions about demos, next steps, and ongoing collaboration including meetings with decision-makers like SVP Kristen, but there is no indication that the deal was lost or why it might have been lost to competition."
d090ccf02895c2a03496533d3747b922,50359153529,Q2,Q2,Classic,newbusiness,US MM,Closed Lost,2026-04-07,2025-11-25,119,200000.00,200000.00,Jill Countey,Price,"[""Commercial""]",3,2026-03-31,2026-03-26,"[""42cac2b712abfcf7d9f71843b83b982b"",""dec7dbca0bab9a952644db86f8fe7791"",""1094dabd201ac77dffa92d14961648d9""]","[""Commercial"",""Value/Product""]",true,unknown,"The transcript discusses pricing and licensing concerns, with Ranjit expressing concerns about per-user license costs, but it does not reveal the final outcome or reason why the deal was ultimately lost. The calls appear to be ongoing technical discussions and business case development rather than documenting a closed-lost decision."
0c2b6ba7cb3a7e41edb757549778034f,56709395208,Bank of New York Mellon,EBRD,Classic,newbusiness,US Ent,Closed Lost,2026-04-06,2026-02-20,NULL,100000.00,100000.00,Evan Smith,Bad timing,"[""Timing""]",1,2026-03-03,2026-03-03,"[""a53c8b61dc3770f6c091040ff97e79e8""]","[""Fit"",""Value/Product"",""Commercial""]",false,no,"The transcript shows Marcin explicitly stating they have existing solutions and requesting to reconnect ""in a couple of months"" because ""changes are unlikely sooner,"" but this appears to be about their internal development timeline and existing contracts rather than bad timing for the sales process itself. The loss seems driven by their current solutions being adequate and contractual commitments, not timing issues."
2a7b818da49faf5846a044652dfc56ae,54352277645,Navitus,Navitus,Classic,newbusiness,US MM,Closed Lost,2026-04-03,2026-01-22,72,60000.00,60000.00,Jill Countey,Product;Unable to connect,"[""No Engagement"",""Value/Product""]",3,2026-03-06,2026-01-22,"[""cfe9513709d202f876144ed550c8ab5a"",""6c643186196ec8bf4bad1ca6be96bbc3"",""8d17e7e772f8dd481215622942622f71""]","[""Commercial"",""Value/Product""]",true,unknown,"The transcript shows an active sales conversation where Navitus expressed interest in a Proof of Concept and scheduled follow-up meetings, with no indication of the deal being lost or any reasons for losing it. The conversation appears to be progressing positively with next steps planned."
d70063556dd934706506514b48685c81,43491028328,Zalando,Zalando,Classic,newbusiness,EMEA Ent,Closed Lost,2026-04-02,2025-09-09,58,250000.00,250000.00,Benjamin Duckworth,No value,"[""Value/Product""]",3,2026-02-03,2025-09-17,"[""0ad4586323ad55f1ee2f8de21bb8c37a"",""59be84e49c298aa20e80c8a7ed97a665"",""7c987d5f3b2fca51dda5950557a3d1d5""]","[""Commercial"",""Value/Product"",""Competitive"",""Security""]",true,no,"The transcript shows Johannes from Zalando actively evaluating Port as a potential solution, with concrete next steps including internal evaluation and follow-up by February 10th, and discussions about potential integration opportunities. This indicates ongoing interest and engagement rather than a determination of ""no value."""
b309061d4c1814e9966bc0072bbf3860,56706533227,Genius Sports,Genius Sports,Classic,newbusiness,EMEA MM,Closed Lost,2026-04-01,2026-02-20,35,150000.00,150000.00,Matthew Bilsland,Early stage,"[""Timing""]",1,2026-02-24,2026-02-24,"[""c0465d8c68ea582b63f230c46fc729bd""]","[""Commercial"",""Value/Product""]",false,unknown,"The transcript describes an active sales conversation where Genius Sports is interested in exploring Port.io through a proof of value, with a decision expected within the next two months and follow-up calls scheduled. There is no indication that the deal was lost or any discussion of why it might be closed-lost."
ebffc4022094dfb3c9e430b63d9008a3,22619273319,Parker Hannifin,Parker Hannifin,Classic,newbusiness,US Ent,Closed Lost,2026-03-31,2024-09-25,524,75000.00,75000.00,Rick Walker,no_show,"[""No Engagement""]",2,2025-08-13,2025-07-16,"[""77700d0a10af432f23929f9ae9a6066b"",""c019b407956b9e32ad919c2c7b27ceef""]","[""Commercial"",""Value/Product"",""Timing""]",false,unknown,"The transcript summaries discuss ongoing negotiations about contract terms, pricing, seat counts, and implementation details, but do not reveal any reason why the deal was ultimately lost. There is no mention of anyone failing to show up to calls or meetings that would support the ""no_show"" reason."
0e932f794631f93934715b748833b63c,43823947376,Lululemon,Lululemon,Classic,newbusiness,US Ent,Closed Lost,2026-03-31,2025-09-17,194,150000.00,150000.00,Rick Walker,no_show,"[""No Engagement""]",2,2025-09-29,2025-09-19,"[""ca336c356bf00e69f9a3b296460d6aae"",""9dec422e58f90120de41bab00cd8cb44""]","[""Commercial"",""Value/Product""]",false,unknown,"The transcript summaries describe productive discovery calls where Lululemon showed interest in GetPort.io's platform and agreed to follow-up sessions, but they do not reveal any loss reason or explain why the deal was ultimately closed-lost. The conversations appear positive with next steps planned, contradicting any indication of a ""no_show"" scenario."
a4b8127eb5a58aeeb5c0d1b799365220,33297358370,Cummins Inc,Cummins Inc,Classic,newbusiness,US Ent,Closed Lost,2026-03-31,2025-02-10,405,72000.00,72000.00,Rick Walker,no_show,"[""No Engagement""]",2,2025-03-24,2025-02-14,"[""20dfb49165b6f7b02b6e919942e18794"",""1624ae62b5ab625b1e1bc02b9880aa73""]","[""Commercial"",""Fit"",""Value/Product""]",false,no,"The transcript clearly shows that Cummins attended multiple detailed calls discussing GetPort's platform, with specific participants named (Guninder, Harshad, Ankush from Cummins) who actively engaged in technical discussions about their infrastructure needs. The actual loss reason evident from the transcript is that Cummins wanted to focus on building their backend infrastructure first before adopting GetPort's platform, with interest in revisiting in the future - this directly contradicts the stated ""no_show"" reason."
0a2b14c0b56f5d74ee0ea1a57f9effde,29895061171,"Epic Games, Inc.","Epic Games, Inc.",Classic,newbusiness,US Ent,Closed Lost,2026-03-31,2024-12-05,468,72000.00,72000.00,Rick Walker,no_show,"[""No Engagement""]",1,2024-12-13,2024-12-13,"[""54d52727bcc535d24fc849b340a6c8a8""]","[""Commercial"",""Value/Product""]",false,no,"The transcript shows a productive discussion between GetPort.io and Epic Games about technical solutions, with Epic Games indicating they will ""review the demo internally and get back to Port in about a week to discuss next steps"" and specific follow-up actions planned. This contradicts the ""no_show"" reason, as Shane from Epic Games clearly participated in the call and engaged substantively in the conversation."
994727438c0c834e025d79aca1c5cc8a,39054444808,OneMainFinancial,"OneMain Holdings,",Classic,newbusiness,US Ent,Closed Lost,2026-03-31,2025-06-18,233,100000.00,100000.00,Rick Walker,no_show,"[""No Engagement""]",1,2025-07-01,2025-07-01,"[""d503f87a7cf583cc6c2a60e378ee6b68""]","[""Commercial"",""Value/Product""]",false,no,"The transcript shows an active, engaged sales conversation where OneMain Holdings expressed clear interest in GetPort.io's developer portal solution, discussed specific use cases, and scheduled follow-up meetings with concrete next steps. There is no indication that anyone failed to show up for calls, contradicting the ""no_show"" closed-lost reason."
dfa2908489a205cebf59c535c520fff7,39256804243,Clearbank,Clearbank,Classic,newbusiness,EMEA MM,Closed Lost,2026-03-30,2025-06-24,265,70000.00,70000.00,Matthew Bilsland,Unable to connect,"[""No Engagement""]",3,2025-09-03,2025-07-07,"[""f208fa66fb91829a621420c94498fee7"",""9b770db00c7f0925523547124d0736d0"",""03757f45a0d84a39772a6f928915371e""]","[""Commercial"",""Value/Product""]",false,no,"The transcript shows active engagement between GetPort.io and Clearbank, with detailed technical discussions, follow-up actions planned, and agreement to schedule a technical demo for key stakeholders. This contradicts the stated reason of ""Unable to connect"" as there were clearly successful connections and ongoing dialogue between the parties."
9932a6d645ae4b1d7aa0099cb19ba8ac,52248171013,FIS,FIS,Classic,newbusiness,US Ent,Closed Lost,2026-03-27,2025-12-19,80,500000.00,500000.00,Travis Dadoly,Competition,"[""Competitive""]",3,2026-03-09,2026-02-11,"[""768b47e1435eadbd2d84fa468e3e5afa"",""71df871e1f84898880c48798a1f955c8"",""a4b63e5f5b311d5ee3a9f7626cdee089""]","[""Commercial"",""Competitive"",""Fit"",""Timing"",""Value/Product""]",true,no,"The transcript shows the deal was lost due to internal organizational issues at FIS, including lack of clear leadership direction, vague project goals, and confusion about priorities and timeline. While pricing is mentioned as ""recently becoming a key concern,"" the primary reasons for the deal's failure relate to FIS's internal dysfunction and unclear strategy rather than competitive displacement by another vendor."
7c20d53343cd58522270255b94a1a539,36599500355,Meijer,Meijer,Classic,newbusiness,US Ent,Closed Lost,2026-03-26,2025-05-01,309,150000.00,150000.00,Tali Cohen,Early stage,"[""Timing""]",3,2025-07-23,2025-07-14,"[""328265d1da798eccc49741e32ef2973a"",""9f34816c553c8b63b3ce51342e22bc7b"",""815a72a7998fec8c71e5f117e7b333ca""]","[""Commercial"",""Value/Product""]",false,unknown,"The transcript summaries focus on technical discussions about challenges, solutions, and meeting planning, but do not reveal any information about why the deal was ultimately lost or whether it was considered too early stage for the customer to proceed."
b84d646e855bceb9312c5411fbd1a1af,56200270644,Principal Financial - New Deal,Principal Financial,Classic,newbusiness,US Ent,Closed Lost,2026-03-25,2026-02-13,23,100000.00,100000.00,Tom Skarzynski,Early stage,"[""Timing""]",2,2026-03-12,2026-02-18,"[""755a61e6975038c763efd6c1ae7c00fd"",""0f67589eed36c00dae073e5e3ae1297e""]","[""Commercial"",""Competitive"",""Fit"",""Value/Product""]",false,unclear,"The transcript shows an active sales process with follow-up actions planned (""Justin will take the information back internally"" and ""Tom will arrange a deeper dive""), but Connor's comment about ""time and money spent"" on Backstage and concerns about delivery timelines suggests potential budget or timing constraints that could relate to being ""early stage"" in their evaluation process."
05e0215a102d2d215e00f2d017d612b9,36616837457,Amway Corp,Amway Corp,Classic,newbusiness,APJ,Closed Lost,2026-03-24,2025-05-02,316,155000.00,155000.00,Scott Dunion,Bad timing,"[""Timing""]",1,2025-06-06,2025-06-06,"[""e3f90d0fff9ebb4794e7807b6bba601d""]","[""Commercial"",""Security"",""Value/Product""]",false,unknown,"The transcript summary describes ongoing discussions about GetPort.io's platform capabilities, technical integrations, and next steps including approval processes and vendor team discussions, but does not reveal any specific reason why the deal was ultimately lost or mention timing-related issues that would support the ""bad timing"" closed-lost reason."
7e3b5781d7b5b49ee040b6df2f070af7,51441389068,Texas A&M University,Texas A&M University,Classic,newbusiness,US Ent,Closed Lost,2026-03-18,2025-12-09,93,75000.00,75000.00,Travis Dadoly,Budget,"[""Commercial""]",2,2026-01-06,2025-12-11,"[""0d249e77f054dea60c9d6efeae861e2f"",""3ab260a400720f0b6cbda072284fe503""]","[""Commercial"",""Competitive"",""Fit"",""Security"",""Sponsorship"",""Timing"",""Value/Product""]",true,unknown,"The transcript summaries discuss budget timing (full budget approval available in September) and budget constraints that GetPort.io acknowledges, but do not indicate that budget was the actual reason the deal was lost or that the deal has definitively closed-lost at all."
1b196203902541cf3e241d4c94e26da3,56443887264,L'Oreal,L'Oreal,Classic,newbusiness,EMEA Ent,Closed Lost,2026-03-17,2026-02-16,26,150000.00,150000.00,Benjamin Duckworth,Product;No value,"[""Value/Product""]",1,2026-02-19,2026-02-19,"[""90ab390182d2560ab150b35f4972ee33""]","[""Commercial"",""Sponsorship"",""Value/Product""]",true,no,"The transcript shows L'Oreal expressing clear interest in GetPort.io's solution, with plans for a follow-up ""expand and focus"" deep-dive session and multiple next steps scheduled. This contradicts the stated loss reason of ""Product;No value"" as the prospect is actively engaging and wants to explore the solution further rather than rejecting it due to lack of value."
dba5282eb8af5f832877e8ec8c7794e4,55031444139,BlackRock,BlackRock,Classic,newbusiness,US Ent,Closed Lost,2026-03-12,2025-07-08,NULL,150000.00,150000.00,Evan Smith,Unable to connect,"[""No Engagement""]",3,2025-08-05,2025-07-29,"[""ad4e3cdc0495405c3203e975c1e15cf3"",""bd5109b0241adf825e40c362022aa776"",""95d4d089bfe2089c2a87fcab0bd62dbc""]","[""Commercial""]",false,unknown,"The transcript summaries describe detailed technical discussions between GetPort.io and BlackRock about platform capabilities, integrations, and potential proof-of-concept work, with follow-up actions planned including demos and further meetings. There is no indication in the transcript that GetPort.io was ""unable to connect"" with BlackRock - in fact, the opposite appears true as they had multiple substantive conversations and planned next steps."
2c674dff0cd54db4a299267b0a693e4a,42898436011,Canadian National Railway Company,Canadian National Railway Company,Classic,newbusiness,US Ent,Closed Lost,2026-03-12,2025-08-26,168,100000.00,100000.00,Travis Dadoly,Unable to connect,"[""No Engagement""]",1,2025-09-17,2025-09-17,"[""0df1afda162446958a6038c3017c0029""]","[""Commercial"",""Value/Product"",""Timing""]",false,no,"The transcript shows active engagement between GetPort.io and the customer team, with detailed discussions about the platform's capabilities, customer requirements, and clear next steps including pricing information and POC evaluation within 3-6 months. This contradicts the stated reason of ""Unable to connect"" as the calls demonstrate successful connection and ongoing dialogue between both parties."
0eed58face0c5bbdb0d65b690618afc6,36541194869,CMC Markets,CMC Markets,Classic,newbusiness,EMEA MM,Closed Lost,2026-03-11,2025-04-30,280,72000.00,72000.00,Matthew Bilsland,Bad timing,"[""Timing""]",3,2026-01-19,2025-07-01,"[""f4fde1505d2bebc69b0a785ffe563f5b"",""19f4bcf8fc6181547905fbd2f972be96"",""4f850eba892948e675621f3997d67fcb""]","[""Commercial"",""Value/Product"",""Timing""]",true,yes,"The transcript clearly shows CMC Markets is not ready to proceed due to timing - they explicitly state the developer portal is ""not a high priority *yet*"" because they only have one squad currently, and they agreed to a ""holding pattern"" to wait until they scale further in the coming months when the need becomes clearer."
f5900dbd820b7d6cef4845b1840c0cba,36479034477,The Hong Kong Jockey Club,hkjc.org.hk,Classic,newbusiness,APJ,Closed Lost,2026-03-10,2025-04-29,254,125000.00,125000.00,Scott Dunion,Bad timing,"[""Timing""]",1,2025-05-14,2025-05-14,"[""681269e0be2561d224a9cf681bb0bd4a""]","[""Commercial"",""Security"",""Value/Product""]",false,unknown,"The transcript summary focuses entirely on product demonstrations, features, capabilities, and next steps for further discussions. While it mentions plans for follow-up meetings and deeper dives, it does not reveal any information about why this deal was ultimately lost or any timing-related concerns that would support the stated ""bad timing"" reason."
6cdbcc0de7b1a01032f2b72d0b962dbb,53105348631,Data Axle,Data Axle,Classic,newbusiness,US MM,Closed Lost,2026-03-10,2026-01-02,54,72000.00,72000.00,John Romano,Bad timing,"[""Timing""]",3,2026-03-03,2026-02-17,"[""5eb8b18ce19cb203e5c8550215aad0fa"",""bf4b39261ce4b5fdaa935086cbd63791"",""7273b2fe412f4c4a51d9f49d45454dea""]","[""Commercial"",""Fit"",""Security"",""Value/Product""]",false,no,"The transcript shows the deal was lost due to technical integration issues (GitHub and Jira integration problems, login issues, unauthorized access concerns) and resource constraints (Roy's limited bandwidth and health issues), not bad timing. The calls discuss specific technical problems and propose alternative approaches to work around Roy's availability, indicating operational challenges rather than timing being the primary issue."
d3c0eacd203b01ba7a5a6efb0a4d8539,48473786975,Lytx v2,Lytx,Classic,newbusiness,US MM,Closed Lost,2026-03-09,2025-11-06,20,72000.00,72000.00,John Romano,Bad timing;No value,"[""Timing"",""Value/Product""]",3,2026-02-18,2025-12-12,"[""b532bd9999343a1d231352dfa4ab22c1"",""1af612d22cd2105c639917fdbe3eef47"",""769a70b40c67b8602dcb416f93b98f57""]","[""Commercial"",""Value/Product"",""Timing""]",true,unclear,"The transcript shows Lytx expressing interest in a proof-of-concept and discussing pricing/budget challenges, but it does not clearly indicate the deal was lost due to bad timing or lack of value. While there are mentions of ""internal challenges regarding budget allocation"" and questions about value proposition, the calls appear to be progressing toward a POC rather than definitively rejecting the solution."
9f3f1e500e260332868eb0d06f58ae21,40576327078,McKesson/CoverMyMeds,McKesson,Classic,newbusiness,US Ent,Closed Lost,2026-03-06,2025-07-21,220,150000.00,150000.00,Jeff Graham,no_show,"[""No Engagement""]",3,2025-11-19,2025-07-24,"[""b65a4dea0f1296ddb7b623a78722d729"",""e11bd550d8aa419728424349842058a4"",""b6b26e6e0008976c2c6feca87b050f85""]","[""Commercial""]",false,no,"The transcript shows active engagement with GetPort.io across multiple calls, including product demonstrations, discussions of proof-of-concept opportunities, and scheduled follow-ups with McKesson team members. There is no evidence of anyone failing to show up for scheduled meetings, contradicting the stated ""no_show"" reason for the lost deal."
25464ba74ddbc2a21468010f51b4646f,39967440167,McKesson,McKesson,Classic,newbusiness,US Ent,Closed Lost,2026-03-06,2025-07-10,45,200000.00,200000.00,Jeff Graham,no_show,"[""No Engagement""]",3,2025-11-19,2025-07-24,"[""b65a4dea0f1296ddb7b623a78722d729"",""e11bd550d8aa419728424349842058a4"",""b6b26e6e0008976c2c6feca87b050f85""]","[""Commercial""]",false,no,"The transcript shows active engagement with detailed product discussions, follow-up commitments, and plans for proof-of-concept work across multiple calls with McKesson representatives, which directly contradicts the stated ""no_show"" reason for the closed-lost deal."
0e532dff00ecf6272c6d34e410aa7dd6,28960657441,RTX (Raytheon),Pratt and Whitney,Classic,newbusiness,US Ent,Closed Lost,2026-03-06,2024-11-12,451,200000.00,200000.00,Jeff Graham,Unable to connect,"[""No Engagement""]",2,2025-01-17,2024-12-09,"[""c9d03f1ca7750a68ab567770440d0ce4"",""6fb18d9dd1093f30f2ba5784ecc9ab25""]","[""Commercial"",""Security"",""Value/Product""]",false,unknown,"The transcript summaries describe ongoing sales discussions between GetPort.io and RTX/Raytheon, including product demonstrations, requirements gathering, next steps, and follow-up meetings planned for January. There is no indication in the transcripts that the deal was lost or any explanation of why it might have been closed-lost."
727bda7997f7e4b91573cdc1c68d7fd0,34428910983,Prudential Financial,Prudential Financial,Classic,newbusiness,US Ent,Closed Lost,2026-03-06,2025-02-25,358,100000.00,100000.00,Jeff Graham,Unable to connect,"[""No Engagement""]",3,2025-03-20,2025-03-07,"[""bb3ab496e78566c0a8a8ea30f1939bc8"",""1e9713e71c817b03930e0f0e39377f83"",""e6d2240050a7e8aa0b563aafc26f1a6d""]","[""Commercial"",""Value/Product"",""Sponsorship""]",false,no,"The transcript shows active engagement between GetPort.io and Prudential Financial, with detailed technical discussions, scheduled follow-up calls, multiple action items, and plans for a proof of concept - this clearly contradicts the stated reason of ""Unable to connect"" as there was substantial connection and ongoing collaboration evident throughout the calls."
07e0d90595e9108acf4ed8b3f0c98749,38573645934,Charter Communications,Charter Communications,Classic,newbusiness,US Ent,Closed Lost,2026-03-06,2025-06-06,242,100000.00,100000.00,Jeff Graham,Bad timing,"[""Timing""]",1,2025-06-09,2025-06-09,"[""dce19474c575614405ddcb12ce12c214""]","[""Commercial"",""Value/Product""]",false,unknown,"The transcript does not reveal any loss reason at all. The calls show ongoing interest from Jeff Scott who plans to discuss the solution with his leadership team and schedule follow-up meetings, but there is no indication of why the deal was ultimately lost or any mention of timing issues."
50a5bc3476a516eea20e7a6edc7b9595,36179236404,Labcorp,Labcorp,Classic,newbusiness,US Ent,Closed Lost,2026-03-06,2025-04-24,281,200000.00,200000.00,Jeff Graham,Early stage,"[""Timing""]",3,2025-08-21,2025-06-26,"[""9711391ccc810c9681db3102ca5a2c51"",""ef8e0b5274527a23a2e121c947f9b69a"",""6234d9c77e123730d0c45282ca2d50f6""]","[""Commercial"",""Fit"",""Timing"",""Value/Product""]",true,unknown,"The transcript discusses technical integration work, demo preparations, and ongoing project activities, but does not reveal any information about why the deal was lost or whether it was considered too early stage for the prospect."
5a1c5652e06fe73b2dc6f8198a912aeb,23237556286,LexisNexis,lexisnexisrisk.com,Classic,newbusiness,US Ent,Closed Lost,2026-03-06,2024-10-15,501,200000.00,200000.00,Jeff Graham,Unable to connect,"[""No Engagement""]",1,2024-10-30,2024-10-30,"[""dca91fe87974640911b545a319cd913b""]","[""Commercial"",""Security"",""Value/Product""]",false,no,"The transcript shows active engagement between Jeff and Clyde, with detailed discussions about implementation, multiple follow-up actions planned, and Clyde actively working to move the process forward through security approvals and demos. This contradicts the stated reason of ""Unable to connect"" as there was clearly successful connection and ongoing dialogue."
22d9558af0faf5ffdc0e0c2f5f3a905e,35846315312,"NRG Energy, Inc.","NRG Energy, Inc.",Classic,newbusiness,US Ent,Closed Lost,2026-03-06,2025-04-16,211,100000.00,100000.00,Jeff Graham,no_show,"[""No Engagement""]",1,2025-07-11,2025-07-11,"[""9e6a6d29601647f5e3e71e0a4ed97b89""]","[""Commercial"",""Value/Product"",""Timing""]",false,no,"The transcript shows an active sales process where the customer (Biswajit) is engaged and working to secure funding, with concrete next steps including email follow-ups, documentation sharing, and planned future demos in September/October. There is no indication that anyone failed to show up for scheduled calls, contradicting the ""no_show"" reason."
865759cb5ffced00461b28b76c729938,40515846213,GFL Environmental,GFL Environmental,Classic,newbusiness,US Ent,Closed Lost,2026-03-06,2025-07-20,220,100000.00,100000.00,Jeff Graham,no_show,"[""No Engagement""]",2,2025-10-08,2025-07-25,"[""bac22fe7c85835d684ce1e8949c56e69"",""421f77b0826ce5a6b67a597e014af413""]","[""Commercial"",""Value/Product""]",false,unknown,"The transcript summaries describe productive meetings where GFL expressed interest in Port's platform, agreed to follow-up calls, and made plans for potential demos or POCs. There is no mention of anyone failing to attend scheduled meetings or any no-show incidents that would support the stated ""no_show"" loss reason."
f66a362fe7add64d559eb32aefd01d52,37632900432,Intact Financial,Intact Financial,Classic,newbusiness,US Ent,Closed Lost,2026-03-05,2025-05-22,206,75000.00,75000.00,Travis Dadoly,Unable to connect,"[""No Engagement""]",1,2025-06-03,2025-06-03,"[""1b235d104b64e0db4b04ee308429c5e3""]","[""Commercial"",""Value/Product""]",false,no,"The transcript clearly contradicts the stated reason ""Unable to connect."" The Gong summary shows active engagement between Travis and Donald from GetPort.io with Étienne from Intact Financial, including detailed technical discussions about their internal developer platform needs, demonstrations of GetPort.io's capabilities, and concrete next steps with follow-up commitments from both parties. This indicates successful connection and ongoing dialogue rather than an inability to connect."
25894fd6db1002c2abb8f7c3b51f301b,32736962846,Voya Financial,Voya Financial,Classic,newbusiness,US Ent,Closed Lost,2026-03-05,2025-01-29,372,150000.00,150000.00,Tom Skarzynski,Unable to connect,"[""No Engagement""]",1,2025-02-05,2025-02-05,"[""5a78fca7dad1b9d0466907a6e5296ebf""]","[""Fit"",""Security"",""Value/Product""]",false,unknown,"The transcript shows detailed discussions about Voya's needs and GetPort's solutions, with plans for follow-up conversations, but does not reveal any actual loss reason or indication that the deal was definitively lost. The conversations appear to be progressing normally with scheduled next steps."
6c1939289f52a38f491884c87bb0763e,48820620900,Zebra Technologies,Zebra Technologies,Classic,newbusiness,US Ent,Closed Lost,2026-03-05,2025-11-10,95,50000.00,50000.00,Travis Dadoly,Unable to connect,"[""No Engagement""]",1,2025-11-18,2025-11-18,"[""9f53b225e8cc2c615c6b0ad1aa9072f9""]","[""Commercial"",""Value/Product"",""Security"",""Timing""]",false,no,"The transcript clearly shows active engagement between GetPort.io and Zebra Technologies, with detailed technical discussions about API catalog needs, product demonstrations, and concrete next steps including follow-up meetings and technical demos. This contradicts the stated reason of ""Unable to connect"" as the parties were clearly able to connect and have substantive conversations about the deal."
3a5b8ca5303397aa532556947b57f5f5,52031562547,Radiology Partners,Radiology Partners,Classic,newbusiness,US MM,Closed Lost,2026-03-04,2025-12-17,24,18000.00,18000.00,EJ Rauseo,Budget,"[""Commercial""]",3,2026-02-17,2025-12-17,"[""bbe6161afdb827c7915fcf8dd40a3565"",""b0c3d9e554858a5a1b7c84af619e3ae8"",""3236aa2077386518a84cf39feea5ca60""]","[""Commercial"",""Value/Product"",""Security"",""Timing""]",true,no,"The transcript shows the deal progressing with active budget discussions, pricing negotiations, and next steps being planned. Paul explicitly states they are working on ""clearing the budget"" and have done ""budget justification"" work, with follow-up calls scheduled and formal quotes being prepared - this indicates budget challenges were being addressed rather than being the reason for deal loss."
65f35aa33d8a85d4d4bd79b9e4033532,32302854067,Clarivate Plc,Clarivate,Classic,newbusiness,EMEA Ent,Closed Lost,2026-03-03,2025-01-21,384,72000.00,72000.00,Benjamin Duckworth,Budget,"[""Commercial""]",3,2026-03-02,2025-12-02,"[""8b52925f12b76aea61adf92f1a77f08a"",""b1c8310a9d4cfb3818fbd3cea2f48be0"",""279df01a577ca668928b14fec630aae0""]","[""Timing"",""No Engagement"",""Value/Product""]",false,no,"The transcript clearly indicates that the deal was lost due to timing and lack of internal focus/capacity rather than budget constraints. Sergey explicitly states ""The primary reason for the delay is a lack of internal focus and capacity to properly dedicate to an IDP implementation, rather than a budgetary issue"" and mentions wanting to avoid ""shelfware,"" directly contradicting the stated budget reason."
92c4a38e086c6141c5e0e76cec59d988,29036242038,Lenovo,Lenovo,Classic,newbusiness,US Ent,Closed Lost,2026-03-03,2024-11-13,450,100000.00,100000.00,Jeff Graham,Bad timing,"[""Timing""]",3,2025-05-07,2025-03-06,"[""6818d2624bada8f112732626651ef403"",""2fc11e5c9cd15ae0688dcd0eb4bd0792"",""8417807ef50f9549bd1d40a8b1818aa2""]","[""Timing"",""Value/Product""]",true,yes,"The transcript clearly shows that Lenovo cited timing and resource constraints as the primary reason for not moving forward, with Derek specifically mentioning concerns about ""the time and effort required to build and evaluate GetPort.io's product, given their team's full workload and development priorities"" and leadership being ""concerned about the maturity level and resource constraints to take on GetPort.io's product at this time."" Both parties agreed to revisit when Lenovo's workload would be lighter in Q4, directly supporting the ""bad timing"" reason."
532a8fcd0cabd5b2e06640b1050909c1,41359615554,Redpin,Redpin,Classic,newbusiness,EMEA MM,Closed Lost,2026-02-25,2025-08-05,201,100000.00,100000.00,Matthew Bilsland,no_show;Unable to connect,"[""No Engagement""]",1,2025-08-06,2025-08-06,"[""9a3a8a3e577d024f41c6dd17cd3aeb9b""]","[""Commercial"",""Value/Product""]",false,no,"The transcript shows active engagement with detailed discussions about GetPort.io's platform features, pricing ($45/month per seat), and concrete next steps including setting up a demo account and proof-of-concept. This directly contradicts the stated loss reason of ""no_show;Unable to connect"" as the calls clearly occurred with substantive participation from the prospect."
8716b40027e073f29ff8d0300f8db15f,52072473655,8am,8am,Classic,newbusiness,US MM,Closed Lost,2026-02-25,2025-12-18,37,60000.00,60000.00,Daniel Alper,Bad timing;Early stage,"[""Timing""]",2,2026-01-08,2026-01-07,"[""d2a6552e41cb4dfdb2ce8529f9d4e43b"",""fa027568eb9762703330ec8bcc84b020""]","[""Commercial"",""Fit"",""Value/Product""]",false,unclear,"The transcript shows Kyle's team is still evaluating GetPort.io's strategic fit and will assess over the next couple weeks, which could suggest timing considerations, but there's no clear indication the deal is actually lost or that it's definitively ""early stage"" - the conversations appear to be progressing normally with follow-up meetings scheduled and commercial discussions planned."
7297b66f6951bd982a0b05cc92c5fca1,34885297512,Varonis,Varonis System Ltd,Classic,newbusiness,EMEA MM,Closed Lost,2026-02-19,2025-03-20,315,150000.00,150000.00,Sharon Peretz,Price,"[""Commercial""]",3,2025-05-29,2025-04-10,"[""b1be76c86538f603ff62c21d9a013e3a"",""42f70f95eb8b41c219dbebe52af5e7e7"",""b4174501c19c48417e9fdae01cb7409f""]","[""Commercial"",""Competitive"",""Value/Product""]",true,no,"The transcript shows active pricing negotiations where GetPort.io made significant concessions (33% discount, platform fee waiver, reducing price from $369,000 to $164,820), and Varonis' main concern was stated as the pricing being ""too high for Varonis' budget."" However, the calls show ongoing discussions with both parties expressing interest in continuing negotiations and establishing a partnership, contradicting that price was the final deal-breaking reason."
ead78451fa0c09afa1cedae2c099e551,55475181167,Jisr | Bridge HR,Jisr,Classic,newbusiness,EMEA MM,Closed Lost,2026-02-18,2026-02-04,7,70000.00,70000.00,Matthew Bilsland,Product,"[""Value/Product""]",1,2026-02-11,2026-02-11,"[""6ae9312f8d5ae15f68ace3170dcc04ff""]","[""Commercial"",""Competitive"",""Fit"",""Timing"",""Value/Product""]",true,unknown,"The transcript summary describes a product demonstration and evaluation process where Othman from Jisr is actively considering Port's Internal Developer Platform solution alongside competitors like Northflank and Thinkbot. The summary shows Jisr has urgent needs that Port's product could address, discusses pricing and next steps including potential POC and contract, but does not reveal why the deal was ultimately lost or any specific reason for the closed-lost status."
3a54d2a6f32282b6dd8bab71003af4ef,56135881308,Coforma,Coforma,Classic,newbusiness,US MM,Closed Lost,2026-02-18,2026-02-12,2,29900.00,29900.00,EJ Rauseo,Early stage,"[""Timing""]",1,2026-02-13,2026-02-13,"[""df2e330545c04b46341cd56ffeea9b43""]","[""Commercial"",""Value/Product""]",false,unknown,"The transcript shows an active sales conversation where James expressed interest in GetPort.io's capabilities, found the trial easy to set up, and scheduled follow-up demos with specific next steps planned. There is no indication in the transcript that the deal was lost or any reason why it would be closed-lost."
b759c0743cf9fb7970601660ecafaf44,37165929514,NewDay,Newday,Classic,newbusiness,EMEA MM,Closed Lost,2026-02-12,2025-05-14,269,100000.00,100000.00,Matthew Bilsland,Unable to connect,"[""No Engagement""]",2,2025-07-09,2025-06-11,"[""99603e0bbd6a178f64e738f173b2fd1e"",""85d0d9f95c647b8a437f5d50ba8ab813""]","[""Commercial"",""Value/Product""]",false,unknown,"The transcript summaries describe ongoing discussions about a potential deal, technical demos, and scheduled follow-up meetings, but do not reveal any specific reason why the deal was ultimately lost. The conversations appear to be progressing normally with planned next steps, making it impossible to determine from these transcripts whether the stated ""Unable to connect"" reason is accurate."
d8ac2da6d6de67210300ec33aefe4531,36153379357,JPMorgan Chase & Co (GBP Harish),JPMorgan Chase,Classic,newbusiness,US Ent,Closed Lost,2026-02-12,2025-04-23,254,100000.00,100000.00,Tali Cohen,Champion left/ Company cuts,"[""Sponsorship""]",1,2026-01-09,2026-01-09,"[""e0d6cdcefaae0f6b008e61952dbd66da""]","[""Commercial"",""Security"",""Value/Product""]",false,unknown,"The transcript describes an active sales process with detailed product demonstrations, technical discussions, and concrete next steps including setting up a new environment for the prospect to test. There is no mention of a champion leaving the company or any budget cuts that would explain why the deal was lost."
4bed7491c62a741fef12c9a0c9a0f01d,33055121445,BrainRocket,BrainRocket,Classic,newbusiness,EMEA MM,Closed Lost,2026-02-12,2025-02-05,344,72000.00,72000.00,Sharon Peretz,Early stage,"[""Timing""]",3,2025-12-19,2025-11-19,"[""f221aea04ca82821ba590232f7b518b0"",""d4fe117b84ec55ad7e2fc3548e2ae2a1"",""07f3b37856f6b0741880a56c24388196""]","[""Commercial"",""Security"",""Value/Product"",""Timing""]",true,no,"The transcript clearly shows the deal was lost due to budget constraints, security concerns, and organizational readiness issues rather than being ""early stage."" Oleg explicitly states the project is on ""hard stop"" due to budget reallocation and that security team won't approve the cloud-based solution, while Zakhar explains that top management decided they're not organizationally ready for implementation despite technical team interest."
972bce03eee376024c97616d9151c631,35334579994,ITK Engineering,ITK Engineering,Classic,newbusiness,EMEA MM,Closed Lost,2026-02-12,2025-04-01,247,40000.00,40000.00,Sharon Peretz,Unable to connect,"[""No Engagement""]",3,2025-09-17,2025-05-28,"[""541cadd7faab23fd608459b5d1722ff8"",""dafe7350d021903f3eef22b19899cc05"",""6cec5f69df71bcd4f98dc6bd06eebdf1""]","[""Commercial"",""Value/Product"",""Timing"",""Security""]",false,no,"The transcript clearly shows active engagement and progress toward a deal, with multiple stakeholders from ITK Engineering participating in detailed technical discussions, agreeing to POCs, and scheduling follow-up sessions. This directly contradicts the stated reason of ""Unable to connect"" - the calls demonstrate successful connections and ongoing collaboration between GetPort.io and ITK Engineering representatives."
ffb8ac3081ac09b0eecc049a21b2d39f,31827022426,Napier,Napier,Classic,newbusiness,EMEA MM,Closed Lost,2026-02-12,2025-01-06,399,24000.00,24000.00,Sharon Peretz,Unable to connect,"[""No Engagement""]",3,2025-06-03,2025-05-08,"[""bc75a1337788f899cee47d594d85b922"",""d899dfa8b8591fc40d0415856682898f"",""09185e07c35322452a5861bbf5058c16""]","[""Commercial"",""Timing"",""Value/Product""]",false,unknown,"The transcript summaries discuss ongoing technical progress on a dashboard project, timeline adjustments, and commercial negotiations, but do not reveal any specific reason why the deal was ultimately lost. The conversations appear collaborative and focused on solving technical challenges rather than indicating deal termination or connection issues."
20324d8edb597bf924623c631402f8ec,50443104423,Nomi Health,Nomi Health,Classic,newbusiness,US MM,Closed Lost,2026-02-11,2025-11-24,79,54000.00,54000.00,Jill Countey,Bad timing,"[""Timing""]",3,2025-12-19,2025-11-26,"[""2dbdf0fc73e277638b874c5776b00be3"",""750bacca13f10baa6d3668809bdd13d0"",""c567bd21478342503c01b49f4741d6b9""]","[""Commercial"",""Security"",""Value/Product""]",false,unknown,"The transcript discusses a John Hancock deal that ""fell through due to red lines"" but does not provide any information about timing issues for this or any other deal. The calls focus on technical discussions about AI capabilities and requirements rather than explaining why any deal was lost due to timing concerns."
c37ce433d6a5b5e900255787a7890f48,51700958858,Heartflow,HeartFlow,Classic,newbusiness,US MM,Closed Lost,2026-02-05,2025-12-11,49,48000.00,48000.00,EJ Rauseo,Product,"[""Value/Product""]",3,2026-01-22,2026-01-13,"[""da77586ebbc8bf00658987b933ffee6c"",""037c2151d9939f3e3b61912c740b4579"",""812d1316d1a06a3cbef67a16811ca684""]","[""Commercial"",""Sponsorship"",""Value/Product"",""Timing""]",true,unknown,"The transcript summaries discuss ongoing integration work, hackathon planning, and vendor evaluation processes, but do not reveal any specific reason why the deal was ultimately lost. The conversations appear collaborative and forward-looking with scheduled follow-up meetings, providing no clear indication of what caused the deal to close as lost."
3a981f208aceae91a356aa2d120ac177,47665329840,Instride,"Attainment Holdco, LLC",Classic,newbusiness,US MM,Closed Lost,2026-02-05,2025-10-29,93,36000.00,36000.00,EJ Rauseo,no_show,"[""No Engagement""]",1,2025-11-07,2025-11-07,"[""4cf6f1153881d93a7242d8de9cb7a9aa""]","[""Commercial"",""Value/Product"",""Timing""]",false,unknown,"The transcript shows an active sales conversation where the prospect (Attainment Holdco) is engaged and discussing technical requirements, with plans to potentially pursue a POC after internal discussions. There is no indication in the transcript that anyone failed to show up for scheduled calls or meetings."
7ccea859cab856a194b1598c5939cfbd,51243634198,Intesa Sanpaolo,Intesa Sanpaolo,Classic,newbusiness,EMEA Ent,Closed Lost,2026-02-03,2025-12-04,46,100000.00,100000.00,James Pritchard,Not right company/ persona,"[""Fit""]",1,2025-12-10,2025-12-10,"[""3ca98ae0205a7cfa3f156965b0a5c5b3""]","[""Commercial"",""Value/Product"",""Security""]",false,unknown,"The transcript describes an active sales conversation where GetPort.io is presenting their platform capabilities to Intesa Sanpaolo, with both parties scheduling follow-up sessions and planning a potential Proof of Concept. There is no indication in the transcript that the deal was lost or any discussion of why it might not proceed."
a08f0d2f63796a5be3669b13d509b851,47221986319,Decathlon,Decathlon,Classic,newbusiness,EMEA Ent,Closed Lost,2026-02-02,2025-10-27,81,250000.00,250000.00,Benjamin Duckworth,Bad timing;Budget;No value,"[""Timing"",""Value/Product"",""Commercial""]",3,2025-11-13,2025-11-07,"[""3f81c7cc3c5a6fe6ad9a62cadf9f231c"",""65ecb2c442f726869f4b536fa78fe1e7"",""d591659c619b60c114319262bc9bf052""]","[""Commercial"",""Fit"",""Sponsorship"",""Timing"",""Value/Product""]",true,unclear,"The transcript shows an active sales process with discussions about budget timing (January 2026), pricing negotiations, and upcoming workshops, but does not clearly indicate the deal was actually lost or specify definitive reasons for closure. While budget timing could relate to the stated ""bad timing"" reason, the conversations suggest ongoing engagement rather than a closed-lost scenario."
2a403e8ee0903cfb217f20f59ca2e559,30440505520,Visma,Visma,Classic,newbusiness,EMEA Ent,Closed Lost,2026-01-30,2024-12-16,397,75000.00,75000.00,Benjamin Duckworth,Not right company/ persona,"[""Fit""]",3,2025-02-27,2025-02-11,"[""41f46a6dce704de3ea7111e4e39df639"",""49d830d3a7839aee8998de5671af8890"",""241ed7c59378e7497602b51b904c4bd4""]","[""Fit"",""Value/Product""]",true,unknown,"The transcript does not reveal any loss reason at all. The calls show an ongoing POC evaluation process where Elias is preparing to present results to internal stakeholders after his vacation, with plans to reconnect and discuss next steps based on feedback. There is no indication the deal has been lost or any discussion of company/persona fit issues."
19c0544a6a4350a3240277d06d9ee6fd,48783722071,NS Nederlandse Spoorwegen,NS Nederlandse Spoorwegen,Classic,newbusiness,EMEA Ent,Closed Lost,2026-01-27,2025-11-10,70,200000.00,200000.00,Benjamin Duckworth,Competition,"[""Competitive""]",3,2026-01-23,2025-11-26,"[""2e5ca9975385ce05763a9f20993c2afd"",""4b95f52280ef428df06099611cf04e96"",""5f1e9cc581c7b0b49acc27f03f851a1b""]","[""Commercial"",""Competitive"",""Fit"",""Sponsorship"",""Value/Product""]",true,no,"The transcript shows NS Nederlandse Spoorwegen chose to continue with their existing Backstage implementation rather than switching to a competitor. While GetPort.io (the competitor) highlighted challenges with Backstage and offered a POC as an alternative, Bas from NS confirmed their Backstage POC was ""progressing well"" and they planned to move to production, with only a follow-up conversation scheduled for months later to assess potential collaboration."
a49eeec7d3c3f0d1bbd7db71fba945e5,43331924151,Care Lumen,Care Lumen,Classic,newbusiness,US MM,Closed Lost,2026-01-22,2025-09-03,136,72000.00,72000.00,John Romano,Competition,"[""Competitive""]",3,2026-01-06,2025-10-17,"[""c1c66f8cf942f12cd9220eec40d7c0d3"",""1fbffe52aee551ca469153dab28c4b00"",""c628f2dc47f1f968b17dd2d3285a67d0""]","[""Commercial"",""Value/Product"",""Timing""]",false,no,"The transcript clearly shows Care Lumen is running concurrent POCs with both GetPort.io and Cortex, with GetPort.io's POC scheduled to begin after Care Lumen completes their POC with the competing platform Cortex. This directly supports the stated ""Competition"" loss reason, as the deal was lost to a competitor (Cortex) that Care Lumen was evaluating alongside GetPort.io."
982722e70298e431d6c74de6440c4205,33352155653,Honeywell,Honeywell,Classic,newbusiness,US Ent,Closed Lost,2026-01-21,2024-12-24,364,70000.00,70000.00,Jeff Graham,Bad timing,"[""Timing""]",3,2025-02-20,2025-02-11,"[""2eadf6fb467d8f346df5324b4efa0fef"",""26045c46c011c99fde1ae53728e32755"",""73e9602d7faaae15c38e4f42a22ce1f5""]","[""Commercial""]",false,unknown,"The transcript summaries discuss product features, technical requirements, and next steps for scheduling follow-up meetings, but do not reveal any reason why the deal was ultimately lost. There is no mention of timing issues or any other loss reason in the provided call summaries."
d893d592aec33697c726567ba8f465df,28847934106,Desjardins General Insurance Inc,Desjardins General Insurance Inc,Classic,newbusiness,US Ent,Closed Lost,2026-01-21,2024-11-07,409,100000.00,100000.00,Jeff Graham,Unable to connect,"[""No Engagement""]",2,2024-12-31,2024-11-18,"[""b1386830de1687f5d84cf7b64f26ec03"",""004a04ba981273a0d65e44e11ede0c10""]","[""Commercial"",""Value/Product"",""Security""]",false,no,"The transcript shows active sales conversations with engaged prospects (Raymond receiving pricing proposals and Jerome from Desjardins requesting follow-up demos), contradicting the stated reason of ""Unable to connect."" Both calls demonstrate successful connections and ongoing deal progression rather than communication difficulties."
0616277f200696247abc69a8b35be22d,29888616001,Freedom Mortgage,Freedom Mortgage,Classic,newbusiness,US Ent,Closed Lost,2026-01-21,2024-12-04,363,50000.00,50000.00,Jeff Graham,Bad timing,"[""Timing""]",1,2025-01-21,2025-01-21,"[""f13d2619e085a2f6c4943cf2db80f7b8""]","[""Commercial"",""Security"",""Value/Product""]",false,unknown,"The transcript summary discusses product features, challenges, pricing, and next steps, but does not reveal any specific reason why the deal was ultimately lost. The summary ends with Freedom Mortgage planning to discuss internally and get back within 1-2 weeks, with no indication of rejection or timing issues."
a831a27902695a908abbc92b6858cd04,37124246939,Arc'teryx Equipment,Arc'teryx Equipment,Classic,newbusiness,US MM,Closed Lost,2026-01-21,2025-05-13,206,75000.00,75000.00,Daniel Alper,Unable to connect;Early stage,"[""No Engagement"",""Timing""]",2,2025-06-18,2025-05-21,"[""77f74496bb95027caf60d224d9d43430"",""92953d301b7ab05848dc8689effaefb2""]","[""Commercial"",""Fit"",""Value/Product""]",false,no,"The transcript shows active engagement and progression in the sales process, with Arc'teryx planning to evaluate GetPort.io for their 2026 budget and discussing next steps including follow-up conversations and formal evaluation. This directly contradicts the stated reason of ""Unable to connect;Early stage"" as the calls demonstrate successful connection and advancement beyond early stage discussions."
6e938b0e9734c987597dabbba3f89f0e,44890323086,AMH,AMH,Classic,newbusiness,US MM,Closed Lost,2026-01-21,2025-09-30,114,36000.00,36000.00,John Romano,Competition,"[""Competitive""]",3,2025-12-04,2025-12-01,"[""2c86b7a13c473fc0b0969ccd7c845288"",""8ddf4e75c812c2e7e5a51e34d9e5e4cd"",""f90a0be8f28cffe4b4f2556a9e068d35""]","[""Commercial"",""Competitive"",""Fit"",""Value/Product""]",true,unknown,"The transcript does not reveal why the deal was ultimately lost. While it shows AMH comparing Port to a competitor (Cortex) and Alex expressing some concerns about Port's POC approach, the calls appear to be ongoing with scheduled follow-ups and John offering to address feedback and explore deals, indicating the sales process was still active rather than closed-lost."
7678c8c57b90fe801ff072d2a8e77131,29802399132,Southwest Airlines,wnco.com,Classic,newbusiness,US Ent,Closed Lost,2026-01-21,2024-12-03,378,100000.00,100000.00,Jeff Graham,Bad timing,"[""Timing""]",1,2024-12-30,2024-12-30,"[""e8467c1bf3da728932c179be2ffc4d22""]","[""Commercial"",""Value/Product""]",false,unknown,"The transcript discusses Southwest Airlines' evaluation process and timeline for selecting a developer portal solution, but does not reveal any specific reason why the deal was ultimately lost. The summary shows an active sales process with planned follow-up meetings and POC discussions, but contains no information about what caused the deal to close as lost."
f5e5146e8193adabef0bcab6f78424de,40603561902,Guideline.ai,Guideline,Classic,newbusiness,US MM,Closed Lost,2026-01-20,2025-07-21,167,43000.00,43000.00,John Romano,Bad timing,"[""Timing""]",3,2025-11-19,2025-09-12,"[""9929451593cd9ac42cabd7492b1952ab"",""0138c12d62c2a9b26c8c50085ca0639b"",""83690159b251e16ac1882a5439ab2854""]","[""Commercial"",""Value/Product"",""Timing""]",true,no,"The transcript clearly shows the deal was lost due to budget constraints and timeline misalignment, not bad timing. Daniel explicitly states ""There is no budget for Port in 2025"" and explains they cannot implement until Q2 2026 due to infrastructure issues and resource constraints. The loss is driven by lack of allocated budget and internal readiness, which contradicts the ""bad timing"" reason."
b928ba3e970ce5601ed321f197003c0e,33970337078,Cato Networks,Cato Networks,Classic,newbusiness,EMEA MM,Closed Lost,2026-01-15,2025-02-06,333,70000.00,70000.00,Sharon Peretz,Budget,"[""Commercial""]",3,2025-06-15,2025-04-21,"[""0ee8bf805268c68142f867e3de2f5d5f"",""fdc3dc560281046f9dc9c174adfb7f90"",""29b4e82a5f0576b303ea4c63997f0d30""]","[""Commercial"",""Security"",""Value/Product""]",true,unknown,"The transcript summaries focus entirely on technical discussions about AI-powered development tools, platform capabilities, and integrations between GetPort.io and Cato Networks. There is no mention of budget constraints, pricing concerns, cost issues, or any indication that the deal was lost due to financial reasons. The conversations appear to be productive technical explorations rather than discussions about deal closure or loss reasons."
862cfd8a8a2d2a40c4fe9dc6e7186767,19700662049,Axpo,Axpo,Classic,newbusiness,EMEA Ent,Closed Lost,2026-01-15,2024-05-29,581,50000.00,50000.00,Benjamin Duckworth,Not right company/ persona,"[""Fit""]",3,2025-09-04,2024-10-08,"[""5f0e1894bd62152645278b118305d430"",""8b453ea411c0a85eca098ce81766db5c"",""3079524aeb70fafff3ad13dcfd45b32d""]","[""Commercial"",""Value/Product"",""Security"",""Timing""]",false,no,"The transcript shows the deal was lost due to pricing/commercial issues, not company/persona fit. The prospect wanted to evaluate paid features but GetPort's ""standard pricing model does not fit Axpo's needs for a longer evaluation period,"" indicating a pricing mismatch rather than the stated reason of wrong company or persona fit."
a2ed880901678dc8470be8b554c0a8a2,33723423052,AT&T,AT&T,Classic,newbusiness,US Ent,Closed Lost,2026-01-15,2025-02-14,330,200000.00,200000.00,Tom Skarzynski,Competition,"[""Competitive""]",3,2025-08-19,2025-08-05,"[""74527e57a183433f789289bea28f6f18"",""4dedabc4c50e45ac891dc32130f6fbfb"",""0f072e5b35fcccaeb2956cc2abb5ab0e""]","[""Commercial"",""Fit"",""Security"",""Timing"",""Value/Product""]",false,no,"The transcript shows the deal was paused due to AT&T's internal decision-making process around hosting strategy and evaluation of another tool (Morpheus), not because they chose a competitor. Joe specifically asked to ""pause the pilot for 4 weeks until AT&T makes decisions on hosting strategy and hypervisors"" and the team discussed uncertainty about how Morpheus would impact their platform, indicating the loss was due to timing and internal processes rather than competitive displacement."
2f7638ed23f4c359ad31a15e2ce1ccc7,43604247159,PZU,PZU,Classic,newbusiness,EMEA Ent,Closed Lost,2026-01-15,2025-09-11,112,150000.00,150000.00,James Pritchard,Not right company/ persona,"[""Fit""]",1,2025-09-17,2025-09-17,"[""336bfadc54900e667fcc2833a0d50527""]","[""Commercial"",""Competitive"",""Fit"",""Security"",""Timing"",""Value/Product""]",true,unknown,"The transcript describes an active discovery call where PZU is exploring GetPort.io's platform for their developer portal needs, with follow-up meetings scheduled and RFI documents being exchanged. There is no indication in the transcript that the deal was lost or any reason why it would be closed-lost."
e1ff47a4aee26c724bf4b8044420cc0e,39441178291,Bally's,Bally's,Classic,newbusiness,EMEA Ent,Closed Lost,2026-01-12,2025-06-30,188,100000.00,100000.00,Ross Geall,Budget,"[""Commercial""]",3,2025-12-05,2025-11-24,"[""2e442d37c70e14b8349933e778f581b1"",""5ef975335e23ae0db074a57ab0180d34"",""288087e4b9aab0b952c028c9ca3a1c85""]","[""Commercial"",""No Engagement"",""Timing"",""Value/Product""]",true,yes,"The transcript clearly shows that Bally's cannot approve new spending due to a UK gambling tax increase from 21% to 40%, which severely impacts their budget and EBITDA. Roberto explicitly stated there is ""zero percent chance for new capex investment"" and ""zero budget for new spending,"" directly supporting the stated budget-related loss reason."
189e4ea267848c9e01fd0749bdc6ba44,31360166729,Beazley,Beazley Group,Classic,newbusiness,EMEA MM,Closed Lost,2026-01-09,2025-01-02,366,95000.00,95000.00,Cillian Golden,No value,"[""Value/Product""]",3,2025-05-13,2025-04-09,"[""610a52d7df3822cd4f6a4b1843570d32"",""60ddc7ea0e4e6dcaf22a634059ef915b"",""fc5a0371505339ea09fb8a371dcabfd6""]","[""Commercial"",""Value/Product"",""Timing""]",true,yes,"The transcript clearly supports the ""No value"" reason, as it explicitly states that the purchase was ""put on hold due to budget pressures and lack of proven value from Beazley's perspective"" and mentions Matt expecting ""pushback and challenges, likely around the value and maturity level of using an IDP at Beazley."" The transcript shows Beazley's concerns about proving the value of the investment in subsequent years."
69fab291715a9c1d78bfc6ee9614bb4f,48387969359,Constant Contact,Constant Contact,Classic,newbusiness,US MM,Closed Lost,2026-01-08,2025-11-05,64,50000.00,50000.00,Daniel Alper,Budget,"[""Commercial""]",1,2025-11-06,2025-11-06,"[""c5f659ad49d5cf90fb5a24b72b2c1343""]","[""Commercial"",""Value/Product"",""Timing""]",true,no,"The transcript shows Bruno actively advocating for Port internally, requesting pricing to justify the investment, and preparing demo presentations for decision-makers, which indicates active pursuit rather than a budget-related loss. The discussion of pricing ($160K-$220K annually) being ""more expensive than Compass but necessary"" suggests budget was not the blocking factor."
420395f8f041fc5322918910caa53682,51340193943,Aurigo Software,Aurigo,Classic,newbusiness,US MM,Closed Lost,2026-01-08,2025-12-08,32,50000.00,50000.00,Daniel Alper,Bad timing,"[""Timing""]",1,2025-12-09,2025-12-09,"[""0879e00eb7798495968000bef64aa702""]","[""Commercial"",""Competitive"",""Fit"",""Timing"",""Value/Product""]",true,unknown,"The transcript does not reveal why the deal was lost or provide any indication of timing issues. The summary shows an active sales process with Vivek evaluating Port against Cortex, planning to make a decision within the week, and scheduling follow-up meetings, but contains no information about the actual loss reason or outcome."
db0b019399a8eff671517a04c6136a49,33148198046,InvoiceCloud,InvoiceCloud,Classic,newbusiness,US MM,Closed Lost,2026-01-07,2025-02-06,324,100000.00,100000.00,Jill Countey,Bad timing;Early stage,"[""Timing""]",3,2025-09-09,2025-07-14,"[""ea0f3f6b6fbf3ddeb2ef00c1d4386216"",""4fd8d29fded90c98ed032b885663c107"",""89d4f119d3962d1dbe5dd48bfae99f38""]","[""Commercial"",""Timing"",""Value/Product""]",true,yes,"The transcript clearly supports the stated reason of ""Bad timing;Early stage"" as Ray explicitly indicates that InvoiceCloud has ""appetite to take on the project in 2026"" but needs to ""evaluate a couple of other platforms first"" and sets expectations for a ""Q1 2026 start"" with the project likely starting ""meaningfully in Q2 2026 after other critical projects."" This demonstrates both timing issues (project pushed to 2026) and early stage evaluation (still comparing platforms)."
9927dde95a8fec40cc9cb620517b05ca,46997407753,Indiana Office of Technology,Indiana Office of Technology,Classic,newbusiness,US MM,Closed Lost,2026-01-07,2025-10-24,72,24000.00,24000.00,Jill Countey,Bad timing;No value;Budget,"[""Timing"",""Value/Product"",""Commercial""]",2,2025-10-28,2025-10-27,"[""432b709c93717cd1dff1b7aa71c7d206"",""a7495bb347b03ee83fc2db240b3fc86f""]","[""Commercial"",""Value/Product""]",true,unclear,"The transcript shows the prospect was actively engaged and interested in a POC, with specific next steps planned including regrouping internally and follow-up meetings. However, the summary cuts off mid-sentence and doesn't reveal the actual decision or reasons for ultimately not moving forward, making it impossible to confirm whether bad timing, lack of value perception, or budget constraints were the actual loss drivers."
3d4c8dad517d409bfc98713b71265e74,47739352913,Toyota Connected,Toyota Connected,Classic,newbusiness,US MM,Closed Lost,2026-01-07,2025-10-30,66,100000.00,100000.00,Jill Countey,Bad timing,"[""Timing""]",1,2025-10-31,2025-10-31,"[""585d48919336147a3d5aaa9f272725d7""]","[""Commercial"",""Value/Product""]",false,unknown,"The transcript does not reveal any loss reason at all. The summary shows an active sales conversation where Elango is exploring Port as a potential solution, with multiple follow-up actions planned including reviewing demos, building a business case, and potential executive meetings. There is no indication the deal was lost or any mention of timing issues."
07e22d011e9485f93065f693e2c8cfce,39599221902,GoodRx,GoodRx,Classic,newbusiness,US MM,Closed Lost,2025-12-22,2025-07-02,169,50000.00,50000.00,Daniel Alper,Budget,"[""Commercial""]",1,2025-07-03,2025-07-03,"[""9a09878b2bbd6acced264126e34af7b2""]","[""Commercial"",""Sponsorship"",""Value/Product""]",true,unknown,"The transcript summaries describe ongoing discussions about a potential proof-of-concept collaboration between GetPort.io and Port, with participants expressing enthusiasm and agreeing to continue discussions through NDAs and vendor onboarding processes. There is no mention of budget constraints, financial limitations, or any indication that the deal was actually lost - the conversations appear to be progressing positively toward further evaluation."
7b5cb3cfac3eaae1ceaf1f3b9c6e4988,32757217549,Commonwealth Bank of Australia,Commonwealth Bank of Australia,Classic,newbusiness,APJ,Closed Lost,2025-12-17,2025-01-30,307,150000.00,150000.00,Scott Dunion,Bad timing,"[""Timing""]",1,2025-02-13,2025-02-13,"[""333331c25e46e1eca23c550c8b621ba1""]","[""Commercial"",""Sponsorship"",""Value/Product""]",false,unknown,"The transcript summary describes ongoing discussions about GetPort.io's platform capabilities and shows active engagement from Commonwealth Bank of Australia, with multiple follow-up meetings planned including demos and leadership calls. There is no indication in the transcript that the deal was lost or any mention of timing issues that would support the ""bad timing"" closed-lost reason."
53f21ead9765824d3eab5b2f016167e7,43331922041,Curriculum Associates,Curriculum Associates,Classic,newbusiness,US MM,Closed Lost,2025-12-16,2025-09-03,91,100000.00,100000.00,John Romano,Budget,"[""Commercial""]",3,2025-11-21,2025-11-18,"[""434e153e99e3a92605d06831a53c59cb"",""65fa6dd290f334e27dd43307a2b030be"",""3b01c939ea1b2a5433041c3858008a71""]","[]",false,unknown,"The transcript discusses technical implementation details, improvements, and hackathon preparations between GetPort.io and Curriculum Associates teams, but does not reveal any reason why a sales deal was lost. The conversations focus on ongoing collaboration and product development rather than deal closure or budget-related concerns."
55b60f329b9aafcb8d676d4302132664,36544822411,Zopa Bank,Zopa Bank,Classic,newbusiness,EMEA MM,Closed Lost,2025-12-16,2025-04-30,208,40000.00,40000.00,Cillian Golden,Bad timing,"[""Timing""]",2,2025-06-06,2025-05-20,"[""8d8a47f61682e5f45056818d0d440c99"",""769fa1bced600975eed8e43d67c76138""]","[""Commercial"",""Value/Product""]",false,unknown,"The transcript summaries describe ongoing evaluation discussions between GetPort.io and Zopa, with positive engagement about the platform's features and next steps for further exploration. However, the summaries do not reveal any loss reason or indicate why the deal was ultimately closed-lost, making it impossible to verify whether ""bad timing"" was the actual reason."
c6a79b0de0e28560ef6d04de64d8e451,42938350666,Jumia Group,Jumia Group,Classic,newbusiness,EMEA Ent,Closed Lost,2025-12-16,2025-08-27,97,100000.00,100000.00,James Pritchard,Champion left/ Company cuts,"[""Sponsorship""]",2,2025-12-11,2025-09-10,"[""3de2c8b927945274bc7c0233798ac77c"",""75dbd2ddbd1640df7f8d15a3e1039019""]","[""Commercial"",""Fit"",""Value/Product""]",false,no,"The transcript discusses active project planning and client engagement, with detailed discussions about tool stability, platform engineering functions, and upcoming workshops. There is no mention of a champion leaving the company or budget cuts - instead, the calls show ongoing collaboration and forward momentum on the InPost project."
4ac31126b4e4a8887bb070fd785cc4b4,43748309835,Dialectica,Dialectica,Classic,newbusiness,EMEA MM,Closed Lost,2025-12-16,2025-09-15,88,30000.00,30000.00,Cillian Golden,Bad timing;Unable to connect,"[""No Engagement"",""Timing""]",1,2025-09-19,2025-09-19,"[""d412c47f343163bfcfbeec8863f2cacd""]","[""Commercial"",""Competitive"",""Fit"",""Value/Product""]",false,unknown,"The transcript summary describes a detailed product discussion between GetPort.io and Dialectica teams, covering platform capabilities, implementation timelines, and next steps including a potential POC evaluation, but does not reveal any information about why the deal was ultimately lost or mention timing issues or connection problems."
c2724ed26c5c602599013673b3860767,36689162627,Aware Super,Aware Super,Classic,newbusiness,APJ,Closed Lost,2025-12-16,2025-05-05,218,81000.00,81000.00,Scott Dunion,Early stage,"[""Timing""]",1,2025-05-07,2025-05-07,"[""e0d0b39568c05af8a1f0fea6d7e00771""]","[""Commercial"",""Fit"",""Value/Product""]",false,unknown,"The transcript summary describes a discovery call where GetPort.io's platform capabilities were discussed and Aware Super expressed interest in exploring the platform further. Mark indicated he would ""reach out to Scott within the week to determine if they will proceed with using the product or put it on hold,"" but there is no indication in the transcript of why the deal was ultimately lost or what specific reason led to the closed-lost status."
0659fdd938adcdcad76f625711135974,48889986381,Veeam,Veeam,Classic,newbusiness,US Ent,Closed Lost,2025-12-10,2025-11-11,21,200000.00,200000.00,Tali Cohen,Competition;Price,"[""Competitive"",""Commercial""]",3,2025-11-21,2025-11-13,"[""695d3d24d8d9cfa828fbe1a03a43a614"",""718ab0241e330adcd39440ecac006861"",""5d05f6972976465557c74f0ed0576c56""]","[""Commercial"",""Value/Product""]",true,no,"The transcript shows Ricardo expressing strong preference for GetPort.io, confirming they are the ""front runner,"" and actively requesting pricing proposals for leadership presentation. There is no mention of competition or price being issues - rather, Ricardo is moving forward with procurement and pricing discussions, contradicting the stated loss reasons."
929577358270dfd244dca35b1ed0fb25,40328138578,Optimum,Optimum,Classic,newbusiness,US Ent,Closed Lost,2025-12-10,2025-07-16,135,200000.00,200000.00,Tali Cohen,Bad timing;Early stage,"[""Timing""]",3,2025-10-17,2025-10-16,"[""15ac36f62c3696b89b3e4c291d2a0ecf"",""f32c3dc8a1d813e8de848644ee14981c"",""a6b370d92713d990ce66daaa4dab9950""]","[""Commercial"",""Competitive"",""Fit"",""Value/Product""]",false,yes,"The transcript clearly shows the deal was paused due to timing (allowing Optimum to compare Port with competitors like Humanitec and Pulumi) and indicates they are in early evaluation stages, building comparison matrices and conducting multiple pilots. The summary explicitly states they ""discussed pausing the Port pilot"" and references influencing ""a potential procurement decision in the first quarter,"" supporting both the timing and early-stage aspects of the stated loss reason."
064c1dd9ee2214291ffd9d2765d934a0,41147607839,EQ Bank,EQ Bank,Classic,newbusiness,US MM,Closed Lost,2025-12-09,2025-07-31,131,200000.00,200000.00,Jill Countey,Champion left/ Company cuts;Budget,"[""Commercial"",""Sponsorship""]",3,2025-11-24,2025-11-18,"[""274294928d39df5434fc736473836084"",""194489b227d87de75bc46fabac143de8"",""b77d895481ee575abcc65ccc1c7d47f6""]","[""Commercial"",""Value/Product"",""Timing""]",true,no,"The transcript shows the deal was lost due to the customer's inability to justify ROI with their own data and contract term disagreements, not because a champion left or budget cuts. Brian specifically demanded ""concrete data from EQ Bank to justify the investment"" and sought flexible contract terms due to ""uncertainty in realizing the promised benefits,"" while Leonard couldn't provide the required ROI numbers, indicating the loss was due to value justification issues rather than personnel changes or budget constraints."
83ec43554f3141680cce6f7f9af179ca,41322255489,Ramboll,Ramboll,Classic,newbusiness,EMEA Ent,Closed Lost,2025-12-04,2025-08-04,106,75000.00,75000.00,Ross Geall,Bad timing,"[""Timing""]",3,2025-09-04,2025-08-19,"[""a6afce992324fc1cce208074581a4fca"",""71fa1660edc00e91c25c62eba0bce9a4"",""ab26ddf72385ed90bd9f9ac47863756d""]","[""Commercial"",""Security"",""Value/Product""]",false,no,"The transcript shows active planning for a Proof of Concept (POC) with detailed discussions about timelines, pricing, security requirements, and next steps, indicating the deal is progressing rather than being lost due to timing issues. The conversations demonstrate engagement from both parties with concrete action items and future planning, contradicting a ""bad timing"" loss reason."
bbbf56b3ee2ee89d56971b6dd2d561c4,39970758158,Yale University,Yale University,Classic,newbusiness,US Ent,Closed Lost,2025-12-03,2025-07-10,111,50000.00,50000.00,Tali Cohen,Bad timing,"[""Timing""]",3,2025-09-02,2025-08-13,"[""8ed3b5ff640088d237e1aff1a137c849"",""cc898a456cd90078adf5ebc5d0d7f6e4"",""a2496426406fac9b635f41730f9521b7""]","[]",false,unknown,"The transcript discusses technical troubleshooting issues with Terraform, ECS deployment, and AWS SSM parameters, but does not reveal any information about why the deal was ultimately lost or whether timing was a factor in the decision."
a6daca4aaef6872becd7558e47e9ce65,37238184198,GB Group PLC,gb group plc,Classic,newbusiness,EMEA MM,Closed Lost,2025-11-27,2025-05-15,181,24000.00,24000.00,Cillian Golden,Unable to connect,"[""No Engagement""]",1,2025-05-29,2025-05-29,"[""0acc1f3ad0606e042a5207c859fb8f48""]","[""Commercial"",""Sponsorship"",""Value/Product""]",false,no,"The transcript shows active engagement between GetPort.io and GB Group PLC, with detailed technical discussions, planned POCs, scheduled follow-up meetings, and next steps including sharing licensing models. This contradicts the stated reason of ""Unable to connect"" as there was clearly successful connection and ongoing dialogue between the parties."
a0573109dce26bc848d719bf336ee625,40279362851,InvestorFlow,InvestorFlow,Classic,newbusiness,US MM,Closed Lost,2025-11-24,2025-07-15,131,24000.00,24000.00,Jason Chiu,Unable to connect,"[""No Engagement""]",3,2025-10-23,2025-09-10,"[""8d6b8af3c1d665530c2efb8c95ec3cf5"",""5e6ebde2842ec367400b166e9f2a40ec"",""a0d7ab5bb60fe50f9a0a16611dc14154""]","[""Commercial"",""Value/Product"",""Timing""]",false,no,"The transcript reveals specific loss reasons related to pricing concerns and CFO pushback, not connection issues. The calls show active engagement with discussions about pricing ($24,000 being ""too high""), CFO concerns, and scheduled follow-up meetings, which directly contradicts the stated reason of being ""unable to connect."""
21c0c64d6512de5b2939c46d0d613b14,45680907342,Spare,Spare,Classic,newbusiness,US MM,Closed Lost,2025-11-20,2025-10-09,38,80000.00,80000.00,Jill Countey,Bad timing;Early stage,"[""Timing""]",2,2025-10-28,2025-10-15,"[""0ea4ed8cbf09b743f3260f85d8fb11ed"",""f804f4f3d53dacd032af828ff52d1221""]","[""Commercial"",""Value/Product""]",false,unclear,"The transcript shows Spare is actively evaluating Port's IDP solution and expressing genuine interest in addressing their challenges with context switching and multi-regional deployments, but John explicitly states ""they are on an exploratory journey to understand if an IDP is right for them"" and the summary indicates they are ""considering other IDP options and is unsure,"" which could suggest early stage evaluation but doesn't clearly confirm bad timing as the loss reason."
851189a855ed93129c8decd268341a40,41875453012,The New York Times,the new york times,Classic,newbusiness,US MM,Closed Lost,2025-11-20,2025-08-12,101,100000.00,100000.00,John Romano,Product;Competition,"[""Value/Product"",""Competitive""]",3,2025-09-25,2025-08-14,"[""55980051c6790cf7fddbe73be21448a7"",""e3fc88620222d663e7d7415cc86b292f"",""eb11a3fd4c5843b5b11e173790327fef""]","[""Commercial"",""Value/Product"",""Other""]",true,no,"The transcript shows active engagement with GetPort.io's AI offerings and POC planning discussions, with NYT expressing interest in Port's monitoring capabilities, AI integrations roadmap, and moving forward with a Proof of Concept. There is no mention of product issues or competitive concerns that would support the stated ""Product;Competition"" loss reason."
99258ad3f945eab09ab435fe1748ce05,45317820221,AMN Healthcare,AMN Healthcare,Classic,newbusiness,US MM,Closed Lost,2025-11-19,2025-10-06,41,70875.00,70875.00,EJ Rauseo,no_show,"[""No Engagement""]",3,2025-10-27,2025-10-17,"[""02881ddac5fa0b93463cddc28f29fa22"",""5520f51937ab4ac734bacd966e4968c3"",""e49af219b9c08b57a5e13a2f9baf2466""]","[""Commercial"",""Value/Product"",""Security"",""Timing""]",false,unknown,"The transcript summaries discuss active deal progression including pricing negotiations, POC planning, procurement processes, and next steps, but do not reveal any information about why the deal was ultimately lost or mention anyone not showing up to calls."
1848f51d050d780b4f76bf0ac3015751,41075359056,Symphony,Symphony,Classic,newbusiness,US MM,Closed Lost,2025-11-19,2025-07-30,107,50000.00,50000.00,Daniel Alper,Unable to connect,"[""No Engagement""]",2,2025-08-18,2025-08-04,"[""d02f5c576009050eac6c867eb20e0f10"",""e33e97b35bc3e1ec3182950f32abfd3f""]","[""Fit"",""Value/Product""]",false,no,"The transcript shows active engagement between GetPort.io and Symphony teams across multiple calls, with detailed technical discussions, scheduled follow-up demos, and Symphony expressing genuine interest in AI integration capabilities. This contradicts the stated reason of ""Unable to connect"" as there were clearly successful connections and ongoing conversations about the product fit."
8f4cecc0b511a9492c3ca0da45aaa97b,37119459886,Banco Master,BANCO MASTER S.A.,Classic,newbusiness,US MM,Closed Lost,2025-11-18,2025-05-12,190,20000.00,20000.00,John Romano,Champion left/ Company cuts,"[""Sponsorship""]",3,2025-10-10,2025-09-26,"[""2fcd90d446ed5d3c967bb1e4011cc4ae"",""d74d20f680fbff7b5ec56b5dd0822d7a"",""7597f1b63cfa94d544ce056b4d236e68""]","[""Commercial"",""Competitive"",""Fit"",""Sponsorship"",""Value/Product""]",true,no,"The transcript shows the deal was lost due to budget constraints and company financial difficulties from a failed acquisition, not because a champion left or the company made cuts to staff/vendors. Gui explicitly states Banco Master is in their ""worst moment"" due to a denied acquisition by the central bank, leading to budget cuts and a maximum budget of only $20,000, while Christopher from GetPort expressed concerns about providing adequate support with such a limited budget."
637eb97fb8a95a1f80d09be05ced4b79,37165917800,HDI - KubeCon,HDI Versicherung,Classic,newbusiness,EMEA Ent,Closed Lost,2025-11-13,2024-03-20,597,100000.00,100000.00,Benjamin Duckworth,Unable to connect;Product,"[""No Engagement"",""Value/Product""]",3,2025-05-23,2025-04-25,"[""38071dcff4750354b963d80cbd2a85c6"",""52daf7a8b5bf05d8a4f73b461bb28280"",""d690ee90b9f226de263897985fc650eb""]","[""Commercial"",""Security"",""Value/Product""]",true,no,"The transcript shows Lucas expressing strong interest in GetPort.io, discussing successful proof of concept completion, and planning further collaboration including demos and follow-up meetings. This contradicts the stated loss reason of ""Unable to connect;Product"" as the calls demonstrate clear connection with the prospect and product interest rather than connectivity or product issues."
16b5eef40e5c20df79e570770b14ef79,37601460992,Teamworks,Teamworks,Classic,newbusiness,US MM,Closed Lost,2025-11-12,2025-05-22,164,60000.00,60000.00,Jill Countey,Competition,"[""Competitive""]",3,2025-08-13,2025-06-19,"[""b75cad40c9fa65e6a819e4a0592876d1"",""b3dc7f00d981c1e2e36115dcb7fda62d"",""da6e5bd02b3018ac364d290d52096e7d""]","[""Commercial"",""Value/Product"",""Competitive"",""Timing""]",true,unknown,"The transcript summaries discuss ongoing negotiations, pricing options, POC planning, and product demonstrations, but do not reveal any specific reason why the deal was ultimately lost. While competition from DX is mentioned as part of Teamworks' evaluation process, there is no indication that this or any other factor led to the deal closure."
05341a4b595ed59cf09d7467d46372aa,36543385493,CUBE,CUBE,Classic,newbusiness,EMEA MM,Closed Lost,2025-11-06,2025-04-29,189,72000.00,72000.00,Sharon Peretz,Unable to connect,"[""No Engagement""]",1,2025-05-01,2025-05-01,"[""9e6d8c0610738436df503020a3ba190f""]","[""Commercial"",""Fit"",""Value/Product""]",false,no,"The transcript shows active engagement and interest from the prospect, with Rirchard expressing interest in GetPort.io's features and agreeing to schedule follow-up meetings in two weeks to discuss commercial details. The calls demonstrate successful connection and ongoing dialogue, contradicting the stated reason of ""Unable to connect."""
e62816699e0083ce3944b07c6a0437c8,37313938834,zepz.io,zepz.io,Classic,newbusiness,EMEA MM,Closed Lost,2025-11-03,2025-05-16,158,66000.00,66000.00,Sharon Peretz,Unable to connect,"[""No Engagement""]",1,2025-05-21,2025-05-21,"[""fbd9b623755d510b1ebf6168e003f73b""]","[""Commercial"",""Value/Product""]",false,no,"The transcript clearly shows active engagement and progress toward a deal, with Werner agreeing to get feedback from his VP and Director of Infrastructure and schedule a follow-up meeting for a potential POC, which directly contradicts the stated reason of being ""unable to connect."""
39b88e8b2e29c53796d0b9917caf8008,43542892632,JumpCloud v2,JumpCloud,Classic,newbusiness,US MM,Closed Lost,2025-11-03,2025-10-01,34,100000.00,100000.00,John Romano,Budget,"[""Commercial""]",2,2025-09-29,2025-09-15,"[""45d38736b37bf46d8a738da41f567625"",""1f887816b35058fb0c1818431830f7c4""]","[""Commercial"",""Value/Product"",""Timing""]",true,unclear,"The transcript shows extensive pricing discussions with Josh expressing concerns about budget allocation and timeline (Q4 vs Q1), and the need to discuss ""$168,000 annual cost"" with leadership for budget approval. However, the calls end with planned follow-ups and no definitive rejection, making it ambiguous whether budget was ultimately the decisive loss factor or if other issues emerged later."
42c37197e8f9fc200d9765e6207b338b,45064475914,Aurigo Software,Aurigo,Classic,newbusiness,US MM,Closed Lost,2025-10-27,2025-10-01,22,50000.00,50000.00,Daniel Alper,Product;Competition;Security;On-prem,"[""Value/Product"",""Competitive"",""Security""]",1,2025-10-06,2025-10-06,"[""993508e6f7704dbce7f9343bd1c2838d""]","[""Commercial"",""Fit"",""Value/Product""]",true,no,"The transcript shows Vivek expressing concerns about FedRAMP authorization, but Port is described as ""not currently FedRAMP authorized"" rather than being an on-premises solution. The deal appears to be progressing with follow-up meetings scheduled and the prospect exploring Port's free tier, contradicting the closed-lost status. No clear rejection due to product, competition, security, or on-premises requirements is evident in the transcript."
40e4e65ee59792e5d981bc7ae4bfd898,42840583492,Consilio,Consilio,Classic,newbusiness,US MM,Closed Lost,2025-10-24,2025-08-25,57,30000.00,30000.00,EJ Rauseo,Early stage,"[""Timing""]",2,2025-10-08,2025-10-06,"[""be2f7349088d5343c0e286c9d7c4ae7c"",""e4547f6803ee79946feebc4bd3970604""]","[""Commercial"",""Value/Product""]",false,unknown,"The transcript summaries do not reveal any loss reason at all. Both calls show active engagement from Consilio with follow-up meetings scheduled and discussions about implementation details, pricing, and demos. There is no indication in the transcripts of why the deal was ultimately lost or that it was even lost at the time of these calls."
c1d4b8dd984911434c364af366df0ac3,44552546871,ifm,ifm,Classic,newbusiness,EMEA Ent,Closed Lost,2025-10-24,2025-09-26,23,150000.00,150000.00,Ross Geall,Product,"[""Value/Product""]",3,2025-10-21,2025-10-13,"[""fc61632752efe702a0ea7239c22aaf8d"",""a7d2f253fd1866dc289c2def39f7dcb9"",""7a4b4dd9090a98fed7ed087d039b7361""]","[""No Engagement""]",false,no,"The transcript clearly shows ifm lost the deal due to concerns about Port's connector stability and pre-release status, not general product issues. Specifically, Steffen stated ""all Port connectors are pre-release, unstable, and not suitable for production environments"" and ifm ""decided not to continue with Port"" due to ""perceived instability and lack of control over connectivity."" This indicates the loss was specifically about connector/integration stability rather than broader product concerns."
dcc564e90b6dc1250a5ddc78173cd833,33324945311,i360,i360,Classic,newbusiness,US Ent,Closed Lost,2025-10-23,2024-12-03,241,64000.00,64000.00,Sam Neill,Budget;No value,"[""Value/Product"",""Commercial""]",3,2025-03-26,2025-03-05,"[""d30efc758da4b0b871f559f064f6284f"",""cbd0cd3f713b8ac0e2997484a017c22b"",""2e9463d004cb430a2027694ddc495b23""]","[""Commercial"",""Security"",""Timing"",""Value/Product""]",true,unknown,"The transcript summaries discuss ongoing partnership negotiations, technical integrations, and next steps including budgetary quotes, but do not reveal any information about why the deal was ultimately lost or mention budget constraints or lack of perceived value as loss reasons."
d98da90341d792218e9909f7cf583add,31705901486,MongoDB,MongoDB,Classic,newbusiness,US Ent,Closed Lost,2025-10-23,2024-12-10,288,100000.00,100000.00,Sam Neill,Unable to connect,"[""No Engagement""]",2,2025-01-08,2025-01-03,"[""03a110fb994ee6ddbe264c1194d9b37d"",""ee878b1110df54f1fc9a6f14bdcfc7b5""]","[""Commercial"",""Competitive"",""Value/Product""]",false,no,"The transcript shows active engagement with prospects including technical discussions about SSO setup with Tractor Supply and a detailed exploratory call with MongoDB that ended with multiple follow-up meetings scheduled. This contradicts the stated reason of ""Unable to connect"" as there is clear evidence of successful connections and ongoing conversations with prospects."
8cfd365092c0d649528edc7b081bb530,40840174197,NCR Atleos,ncratleos.com,Classic,newbusiness,US Ent,Closed Lost,2025-10-23,2025-07-25,79,72000.00,72000.00,Sam Neill,Unable to connect,"[""No Engagement""]",2,2025-07-31,2025-07-28,"[""7c84605afaf0d8c60fa7e4c600228454"",""814709ea76b9bfb521841be30db80c60""]","[""Commercial"",""Fit"",""Value/Product""]",false,no,"The transcript shows active engagement with detailed technical discussions, integration planning, and Suresh expressing interest in moving forward with implementation timelines, which directly contradicts the stated reason of being ""unable to connect."" The calls demonstrate successful connections and substantive conversations about GetPort.io's capabilities and NCR's requirements."
fb9b680caad0a9d4ded40eb65162a03e,40800536739,Efi,Efí,Classic,newbusiness,US MM,Closed Lost,2025-10-23,2025-07-24,50,24000.00,24000.00,Jason Chiu,Unable to connect,"[""No Engagement""]",1,2025-08-04,2025-08-04,"[""dfbe59bc2c1cdf352e68d3f563ff53a9""]","[""Commercial"",""Value/Product"",""Timing""]",false,no,"The transcript clearly shows active engagement between GetPort.io and Efí, with successful demonstrations, pricing discussions, and concrete next steps including testing the free tier and follow-up calls. This contradicts the stated reason of ""Unable to connect"" as the parties were clearly able to connect and have substantive conversations about the platform and implementation plans."
a947fea1e80a8ef8bc88f73c59d333f2,39563204748,Coveo,coveo,Classic,newbusiness,US MM,Closed Lost,2025-10-22,2025-07-01,108,150000.00,150000.00,Daniel Alper,Product;Missing Feature,"[""Value/Product""]",3,2025-10-20,2025-09-12,"[""82fe65b71149802e834eaf21cbf972b6"",""ea82ba360881f46a3325aa52577131c2"",""2d97eb41d84be68e18d88ffd5eea989d""]","[""Commercial"",""Competitive"",""Fit"",""Value/Product""]",true,no,"The transcript clearly shows that Coveo's loss was due to multiple product limitations and missing features that made GetPort.io unsuitable for their needs, including hierarchy filtering issues, global filter limitations that were a ""showstopper,"" relationship direction problems, and difficulty with data mapping - all of which directly support the stated ""Product;Missing Feature"" loss reason. Boris specifically highlighted these as product gaps that prevented effective use of the platform."
3604603ab984ffaebd21ae35fc42e960,37860056746,Waystar,waystar,Classic,newbusiness,US MM,Closed Lost,2025-10-20,2025-05-23,117,72000.00,72000.00,Jill Countey,Bad timing,"[""Timing""]",3,2025-09-05,2025-06-26,"[""14b32e6a87d05fd7bced62a54794cf9d"",""effe5fd3b58d328badff36a4015cbe60"",""2c48f52a3e2e45c537a43c4e693001b6""]","[""Commercial"",""Value/Product""]",false,unknown,"The transcript does not reveal any specific reason why the deal was lost. While it shows Waystar expressing interest in GetPort.io's offerings and scheduling follow-up actions, there is no mention of timing issues, budget constraints, or any other loss reason that would explain why the deal ultimately closed as lost."
814eb4f377a4b97b8c2e8312c643b8d8,44081380461,Batteries Plus,Batteries Plus,Classic,newbusiness,US MM,Closed Lost,2025-10-16,2025-09-22,23,18000.00,18000.00,EJ Rauseo,Budget,"[""Commercial""]",1,2025-09-26,2025-09-26,"[""4ee05162f2f521ec2a66540043bdde54""]","[""Commercial"",""Value/Product""]",true,unknown,"The transcript summary discusses pricing and licensing options but does not reveal any specific reason why the deal was lost. The conversation appears to be progressing positively with multiple follow-up actions planned, and there is no mention of budget constraints or any other loss reason in the provided content."
e400165a4515bb8c947fb464da414afb,43502382130,K12/Stride,K12,Classic,newbusiness,US MM,Closed Lost,2025-10-16,2025-09-09,32,100000.00,100000.00,Jill Countey,Bad timing;Early stage,"[""Timing""]",2,2025-09-16,2025-09-15,"[""43d6246b108241380a9f226d8056ed26"",""2dc02057bec98f43e13d378c4cceb959""]","[""Commercial"",""Fit"",""Value/Product""]",false,unclear,"The transcript shows Chad actively working on an internal RFP and planning to meet with his director to determine POC direction, which suggests the deal is still in progress rather than definitively lost due to timing or early stage issues. While Chad mentions completing an RFP ""this week"" and needing director approval, it's ambiguous whether this represents bad timing/early stage or normal procurement process delays."
b3ba99d45ab74646fdf12d40388f4ecf,37629711421,Cribl,Cribl,Classic,newbusiness,US MM,Closed Lost,2025-10-16,2025-05-22,128,100000.00,100000.00,John Romano,Price;Champion left/ Company cuts,"[""Commercial"",""Sponsorship""]",3,2025-08-19,2025-07-24,"[""c1fd386f31b51f731016b1e2a2fe7718"",""9ee9bb0f1079d4b3bee2b6b174897d51"",""aad67f2e3f7c160061b09b5c40baa935""]","[""Commercial"",""Value/Product"",""Timing""]",true,unknown,"The transcript summaries discuss technical collaboration, POC planning, and partnership opportunities between GetPort.io and Cribl, but do not mention any deal closure, pricing concerns, or personnel changes that would indicate why the deal was lost."
320bee2fbb1fbfe45f011ae1e37f0175,35862278718,RIMAC Seguros,RIMAC Seguros,Classic,newbusiness,US MM,Closed Lost,2025-10-15,2025-04-16,182,40000.00,40000.00,Daniel Alper,Bad timing,"[""Timing""]",1,2025-06-17,2025-06-17,"[""6976a01fe13721b74e7f3c77282935a8""]","[""Commercial"",""Timing"",""Value/Product""]",true,unknown,"The transcript describes active project planning and implementation discussions, including setting up communication channels, validating user stories, scheduling a kick-off meeting, and planning a POC timeline for 2-3 weeks. There is no mention of the deal being lost or any timing-related issues that would explain why the deal was closed-lost."
ca668b5f9ea78d886d6d365a3c71c87f,41184731690,Kraken Technologies,Kraken Technologies,Classic,newbusiness,EMEA Ent,Closed Lost,2025-10-14,2025-08-01,69,200000.00,200000.00,Ross Geall,Competition,"[""Competitive""]",3,2025-09-25,2025-08-05,"[""b3876c511a8628df662fa79bbc89d542"",""1ed43703c3c80ce568c54e7b1ed8f1aa"",""286ca57a7d7b40cc3758f0a614f5dad1""]","[""Commercial"",""Competitive"",""Timing"",""Value/Product""]",true,yes,"The transcript clearly shows Kraken chose Cortex over GetPort.io's solution, with Andrew explicitly stating ""Kraken has decided to proceed with Cortex"" and that ""from a technical perspective, Cortex and Port are very comparable."" The summary confirms they are proceeding with Cortex instead of GetPort.io due to timing constraints, which directly supports the stated competition-based loss reason."
2cc9eb3f98a1330e9291308ce251e2bc,39623490107,Abbott,Abbott,Classic,newbusiness,US Ent,Closed Lost,2025-10-14,2025-07-02,16,100000.00,100000.00,Tom Skarzynski,Early stage;Not right company/ persona,"[""Timing"",""Fit""]",3,2025-09-12,2025-08-05,"[""322ee0b9f18b2752f7adbd9f422483dd"",""dc0ecb43089a9b6b22a8c7bac78b2157"",""b925fdbdcaabe342e5185fb5859738cd""]","[""Commercial"",""Value/Product"",""Security""]",false,yes,"The transcript clearly shows that Johnsix10's team is ""currently focused on low-level C/C++ development and foundational DevOps/CI/CD work, not yet on microservices"" and that ""it's currently too early"" for Port.io's use case. This directly supports the stated loss reason of ""Early stage;Not right company/persona"" as the prospect explicitly indicates they are not ready for the solution yet and plan to follow up in about a month when they might be more prepared."
707b86cad4a65090d0935f7e83feece8,38278799210,Signifyd,Signifyd,Classic,newbusiness,US MM,Closed Lost,2025-10-09,2025-05-30,128,54000.00,54000.00,Jason Chiu,Product,"[""Value/Product""]",2,2025-09-15,2025-08-18,"[""9d8d138dcaacfdb400d415eaa19e9b87"",""2ce83575c28da2d55e8eccac3aab47c1""]","[""Commercial"",""Value/Product"",""Timing""]",true,unknown,"The transcript discusses ongoing collaboration between GetPort.io and Signifyd teams working on technical implementation, timelines, and proof of value activities, but does not reveal any loss reason or indication that the deal was actually lost."
3422ee0f6d36e5522eb3cf7afbd8eb08,41049215238,Findhelp,Findhelp,Classic,newbusiness,US MM,Closed Lost,2025-10-08,2025-07-29,63,50000.00,50000.00,Daniel Alper,Unable to connect;Early stage,"[""No Engagement"",""Timing""]",1,2025-08-06,2025-08-06,"[""8feac36861b3caba530032f45c9a2cb5""]","[""Commercial"",""Fit"",""Value/Product""]",false,no,"The transcript shows active engagement and interest from Andy, with productive discussions about GetPort.io's features, licensing models, and implementation approach. Andy is described as expressing interest in the platform's capabilities, evaluating Port as ""one of the top contenders"" among 4 vendors, and committing to follow-up actions including exploring the free version and scheduling another meeting. This contradicts the stated loss reason of ""Unable to connect;Early stage"" as there was clear connection and the prospect had moved beyond early stage to active evaluation."
d660bfaa19c76897a8a9f21653e93026,40638036584,Happn,happn,Classic,newbusiness,EMEA MM,Closed Lost,2025-10-08,2025-07-22,76,24000.00,24000.00,Cillian Golden,Unable to connect,"[""No Engagement""]",2,2025-07-31,2025-07-24,"[""d9632c621d3ecc1b344c4a79aa78a076"",""9e411e6df2916b3baf3ba1ea20884503""]","[""Commercial"",""Value/Product""]",false,no,"The transcript shows active engagement between GetPort.io and prospects (happn and Appen teams), with detailed product discussions, demos, interest in free trials, scheduled follow-ups, and specific next steps being agreed upon. This contradicts the stated reason of ""Unable to connect"" as there were clearly successful connections and ongoing conversations with engaged prospects."
1cbde6081c94b816e745263c327b3473,39670906129,Semble,Semble,Classic,newbusiness,EMEA MM,Closed Lost,2025-10-08,2025-07-04,93,24000.00,24000.00,Cillian Golden,Unable to connect,"[""No Engagement""]",3,2025-07-29,2025-07-08,"[""41473ec8a7ebdde49c0ebeddb63ccdb8"",""c485244fc4a3fc2469c2774fcf96c7e3"",""74fd690e5b1916f46ccf405cf846a384""]","[""Fit"",""Value/Product""]",false,no,"The transcript shows active engagement and progress on a proof-of-concept implementation, with Phu working through technical setup, asking questions, and planning to present to his devops team, which directly contradicts the stated reason of ""Unable to connect."" The calls demonstrate successful connection and ongoing collaboration between the teams."
9733de07c640a7a9c64610c15a22b3fc,41089124949,Numia,Numia,Classic,newbusiness,US MM,Closed Lost,2025-10-07,2025-07-30,64,24000.00,24000.00,Jason Chiu,Unable to connect,"[""No Engagement""]",2,2025-08-05,2025-07-31,"[""90b4b2f90132ef00aadc14440fefb031"",""e60d4afd3fee8106730fd99c9370aceb""]","[""Commercial"",""Sponsorship"",""Value/Product""]",false,no,"The transcript shows active engagement between GetPort.io and Numia, with detailed discussions about implementation, trial plans, partner connections, and follow-up meetings being scheduled. This contradicts the stated reason of ""Unable to connect"" as there were clearly successful connections and ongoing communications between the parties."
04d22df319a9673f3cd31254ca791fe5,41559235200,Navitus,Navitus,Classic,newbusiness,US MM,Closed Lost,2025-10-06,2025-08-07,57,68000.00,68000.00,Jill Countey,Champion left/ Company cuts,"[""Sponsorship""]",3,2025-09-23,2025-09-05,"[""3edacd9f7bbd0db31999799d775a0213"",""9a44e7465ce06d7e182bc173c443411c"",""af720c84d97d4b184da12406a130f0f3""]","[""Commercial"",""Competitive"",""Fit"",""Value/Product""]",false,unclear,"The transcript shows Navitus is still actively evaluating the solution with planned follow-up meetings and leadership discussions, but there's mention of ""leadership skepticism"" and the deal being in a ""holding pattern"" for budget approval, which could relate to internal changes though no explicit champion departure or company cuts are mentioned."
6608c2c47c276811fc4b6c9f1397ff71,42558596910,Fortnox,Fortnox,Classic,newbusiness,EMEA MM,Closed Lost,2025-10-02,2025-08-21,32,75000.00,75000.00,Cillian Golden,Security;Legal;Other,"[""Security""]",2,2025-09-15,2025-08-29,"[""9b138465254ce68016211ff06f0cf767"",""854129b974207a699a10ef48467f0dd5""]","[""Commercial"",""Value/Product""]",false,unknown,"The transcript summaries discuss technical capabilities, platform features, and evaluation processes, but do not reveal any specific reason why the deal was ultimately lost. While the conversations show engagement and interest from Fortnox in evaluating GetPort.io's solution, there is no mention of security, legal, or other concerns that would explain the closed-lost outcome."
f10b9d1204dd1cb306f4380bf631dec3,39282897670,ezCater,ezCater,Classic,newbusiness,US MM,Closed Lost,2025-10-01,2025-06-25,83,48000.00,48000.00,John Romano,Competition,"[""Competitive""]",2,2025-07-16,2025-07-11,"[""505900abeb175ae6ff930121871b9191"",""e4494d3eab4ea4901e99dd542c4c8dce""]","[""Commercial"",""Value/Product""]",false,unknown,"The transcript summaries describe productive discussions about GetPort.io's features and ezCater's interest in exploring a demo and potential POC, but do not reveal any loss reason or mention of competition that would explain why the deal was ultimately closed-lost."
40eff6ab93b77567f23980c3ec5a3dad,40421192327,Bright Horizons,Bright Horizons,Classic,newbusiness,US Ent,Closed Lost,2025-09-30,2025-07-17,68,80000.00,80000.00,Tali Cohen,Price,"[""Commercial""]",3,2025-08-19,2025-07-23,"[""5e3c1628c2b06daab6377a6013dc6418"",""833eabc107e83866c8170ba4337f3d3b"",""7de8bc74ef908d21fd00a9c5776f6ff4""]","[""Commercial"",""Fit"",""Security"",""Value/Product""]",true,unclear,"The transcript shows that pricing was a significant concern for Bright Horizons, with Taran expressing hesitation about ""upfront costs and licensing model"" and preferring ""a more flexible, pay-as-you-go model like other vendors offer."" However, the calls end with ongoing discussions about pricing models and pilot programs rather than a definitive rejection based on price, making it ambiguous whether price was the final deciding factor for the loss."
d4e9eaa4cc0e0fcdc4d8c679e5416f8b,38813508748,ICEYE,ICEYE,Classic,newbusiness,EMEA MM,Closed Lost,2025-09-21,2025-04-01,139,61200.00,61200.00,Sharon Peretz,Unable to connect,"[""No Engagement""]",3,2025-07-23,2025-07-08,"[""de9eb6e6eb0ce1e8760598731dcd5503"",""8788523ba1d750d9c33b8bb32b2e7347"",""9a36471ee298a12491a0c6e3638a9e30""]","[""Commercial"",""Value/Product"",""Security""]",false,no,"The transcript shows active engagement between GetPort.io and ICEYE with multiple productive calls discussing product roadmap, business case with specific costs ($29,380 total), and scheduled follow-up meetings. There is clear evidence of connection and ongoing dialogue, directly contradicting the stated reason of ""Unable to connect."""
05e3b54d4d947ab590ddbceac5dfce23,36458287026,Sephora,Sephora Asia Pte Ltd,Classic,newbusiness,EMEA Ent,Closed Lost,2025-09-18,2025-04-29,43,40000.00,40000.00,James Pritchard,Not right company/ persona,"[""Fit""]",3,2025-08-13,2025-06-10,"[""07ec7b05506c15710d25f12dd074c20d"",""26622f5bba159b74d5abd63283678fb0"",""5872bc71a9e423910f25e004696bd81b""]","[""Commercial"",""Security"",""Value/Product"",""Timing""]",false,unclear,"The transcript shows active discussions about budget constraints and implementation challenges, but does not clearly indicate the deal was lost or provide a definitive loss reason. While Sephora expressed budget concerns ($40K vs $50K quoted) and resource constraints, they were still scheduling follow-up meetings and working toward a 2026 start date, suggesting ongoing negotiations rather than a closed-lost deal."
c1ac34ae54faeed10dae05aae0458151,41193104195,Constant Contact,Constant Contact,Classic,newbusiness,US MM,Closed Lost,2025-09-18,2025-08-01,30,30000.00,30000.00,Daniel Alper,Bad timing;Early stage,"[""Timing""]",2,2025-08-25,2025-08-14,"[""11f08ad8f112e88fcc9917eece763829"",""0c1e65c5538f2186754fd1f3f045d3b9""]","[""Commercial"",""Value/Product""]",false,unknown,"The transcript summaries focus on product capabilities discussions, integration challenges, and next steps for demos, but do not reveal any information about why the deal was ultimately lost or closed. There is no mention of timing issues or the customer being in an early stage that would support the stated loss reason."
8cc7c684cdb9906f51ef1e4603308bd8,40326009915,Nectar Services,Nectar Services Corp.,Classic,newbusiness,US MM,Closed Lost,2025-09-18,2025-07-16,57,24000.00,24000.00,Daniel Alper,Unable to connect,"[""No Engagement""]",1,2025-07-24,2025-07-24,"[""28a08ffd47a5e38af041e6d5b208c7fa""]","[""Commercial"",""Fit"",""Security"",""Value/Product""]",false,no,"The transcript shows active engagement and interest from Nectar Services, with concrete next steps planned including a follow-up demo, discussions about the paid version, and the prospect reaching out with timeline updates. This contradicts the stated reason of ""Unable to connect"" as there was clearly successful connection and ongoing communication established."
5ecb6d691c464ab8c0552c7f97b91b70,36555366426,Maintel,Maintel,Classic,newbusiness,EMEA MM,Closed Lost,2025-09-11,2025-04-30,121,24000.00,24000.00,Christos Lemos,Price;Early stage;Other,"[""Timing"",""Commercial""]",3,2025-06-05,2025-05-13,"[""02b28dab2f4a68e36704b47235918aa8"",""4a68991538f109890ff5a89997c4304b"",""4da4f7f2b80e207b2b5ea4038aed92e0""]","[""Commercial"",""Fit"",""Value/Product""]",true,unknown,"The transcript summaries discuss ongoing evaluations, proof of concepts, and future meetings but do not reveal any specific reason why the deal was ultimately lost. The conversations show active engagement and interest from Maintel, with plans for POCs and follow-up discussions, but contain no information about the deal closure or loss reasons."
d85681f17f0c514246cab34f2d1f51a6,36725223736,SRS Acquiom,SRS Acquiom,Classic,newbusiness,US MM,Closed Lost,2025-09-05,2025-05-05,120,24000.00,24000.00,Jill Countey,Competition;Missing Feature,"[""Competitive""]",3,2025-08-26,2025-08-08,"[""04c625a2ba578814e09e0940c61e4af3"",""7fc6ec70917aa08806593234db54394a"",""b8ed19786b23cba3987f408a052c1a8b""]","[""Commercial"",""Value/Product"",""Timing""]",false,no,"The transcript shows the prospect is actively evaluating Port against Opslevel (competition) and discussing pricing/licensing options, but there's no mention of any missing features - in fact, they highlight Port's flexibility as a ""key differentiator"" and discuss useful capabilities like the MCP server. The deal appears to still be in active evaluation rather than lost for the stated reasons."
f50d4ee8b3cb46c549d91a4940eaf38b,42839588104,SGNL.ai,SGNL,Classic,newbusiness,US MM,Closed Lost,2025-09-04,2025-08-26,8,18000.00,18000.00,John Romano,Budget,"[""Commercial""]",1,2025-08-27,2025-08-27,"[""8096de5253989af0fa64c109b0441728""]","[""Commercial"",""Security"",""Value/Product""]",true,unclear,"The transcript shows Paul expressing concern about justifying the $18,000 cost for his small team and emphasizing ""prudent spending as a Series A startup,"" but the deal appears to still be progressing with next steps planned including internal review and a follow-up meeting, making it ambiguous whether budget was actually the final deciding factor for the loss."
33e38e320f94ed0f95850b8395a85896,33276017785,Booksy,Booksy,Classic,newbusiness,EMEA MM,Closed Lost,2025-09-02,2025-02-10,132,60000.00,60000.00,Cillian Golden,Bad timing,"[""Timing""]",3,2025-07-29,2025-06-16,"[""78dac1f6c126d0cbfa90e7ff8ecb6d23"",""44a03ff596b6d528faad7406647c24e8"",""134ea2e0f58156ba524da0e443fe6f93""]","[""Commercial"",""Competitive"",""Fit"",""Value/Product""]",false,unknown,"The transcript summaries discuss Booksy's ongoing evaluation process between different platforms (Port, Cortex, Backstage) and mention their timeline to finalize a decision by end of August/September, but do not explicitly state why the deal was ultimately lost or provide any clear indication that timing was the specific reason for the loss."
69c605be8fb2edc65b1b0b4916c94f00,31391877797,Bayer,Bayer,Classic,newbusiness,EMEA Ent,Closed Lost,2025-09-02,2024-08-25,341,100000.00,100000.00,Benjamin Duckworth,Budget;Bad timing,"[""Timing"",""Commercial""]",3,2025-03-11,2025-01-15,"[""65a0e72ac0112ef0b2f811f13271356e"",""5732b651e200427cb06b34d3fcf8c120"",""395cda625ec74b5bea12f787d90cc1f0""]","[""Commercial"",""Fit"",""Value/Product""]",true,unclear,"The transcript shows organizational restructuring and timing delays (Corey on paternity leave, team restructuring, waiting for decisions), which could support ""bad timing,"" but there is no explicit mention of budget constraints or a final decision being made due to budget/timing issues. The calls appear to still be in active discussion phase rather than showing a definitive loss reason."
1c24bb3a7dffc70da7d3f560865285b1,35300246624,DSB,DSB,Classic,newbusiness,EMEA Ent,Closed Lost,2025-09-02,2025-04-01,NULL,100000.00,100000.00,James Pritchard,Unable to connect,"[""No Engagement""]",2,2025-04-28,2025-04-24,"[""34c922ebf7015cc36fc583297d800a2d"",""94ccf7224f74676993e014488e1e22e2""]","[""Commercial"",""Value/Product""]",false,no,"The transcript shows active engagement between GetPort.io and DSB across multiple calls, with detailed technical discussions, scheduled follow-up meetings, and clear next steps including a demo session and requirements gathering. This contradicts the stated reason of ""Unable to connect"" as the parties were clearly connecting and progressing through the sales process."
a93f3e9e9ee44523e28c1642c216c4b9,16500766049,Allianzgi,Allianz Global Investors,Classic,newbusiness,EMEA Ent,Closed Lost,2025-09-02,2023-12-14,599,80000.00,80000.00,Benjamin Duckworth,Unable to connect,"[""No Engagement""]",3,2024-09-30,2024-08-29,"[""dd8897854563e8ea3f9c705c4b94719c"",""33c091739a3dbb86f5ba227aa35482a4"",""bab08fa48c2918b019720cd21f527801""]","[""Value/Product"",""Commercial""]",false,no,"The transcript clearly shows active collaboration between GetPort.io and the prospect, with detailed discussions about business value propositions, cost savings calculations, and multiple scheduled follow-up activities including roadmap calls and business case reviews. This contradicts the stated reason of ""Unable to connect"" as the parties were clearly connecting and engaging in substantive business discussions throughout multiple calls."
75516fe8a3b8d7efecea650f346a44ba,39259738294,Fidelity,Fidelity International,Classic,newbusiness,US Ent,Closed Lost,2025-08-29,2025-06-24,52,75000.00,75000.00,Tom Skarzynski,no_show,"[""No Engagement""]",2,2025-07-09,2025-06-27,"[""231436fd6ef32f968652072997a3a643"",""7b79fe0d45649e89809c72140638dd59""]","[""Commercial"",""Fit"",""Value/Product""]",false,no,"The transcript shows that Niranjan from Fidelity expressed interest in the platform and agreed to schedule a demo session, with specific next steps including providing availability for follow-up meetings. This contradicts the stated ""no_show"" reason, as the prospect was actively engaged and committed to continuing the sales process."
836551d525aec89b78f9f8d238202719,38741682526,nTop,nTop,Classic,newbusiness,US MM,Closed Lost,2025-08-28,2025-06-10,53,24000.00,24000.00,Daniel Alper,Bad timing,"[""Timing""]",3,2025-08-15,2025-07-17,"[""b3c39b7da66c9dd005c8ec64d5c01c9d"",""c8c5c1ff435546436cb649ecf0bbfbab"",""b69c246eeeee8b9c7731b4bd18116984""]","[""Value/Product"",""Timing"",""Commercial""]",true,unknown,"The transcript summaries discuss ongoing conversations about AI adoption, product capabilities, and potential integrations, but do not reveal any specific reason why the deal was ultimately lost. The calls appear to be progressing positively with planned follow-up meetings and prototype discussions, with no mention of timing issues or deal closure."
e578080e5a641fcd9cdc4d48c12dc232,38536233223,BBC Studios,BBC,Classic,newbusiness,EMEA Ent,Closed Lost,2025-08-27,2025-06-06,43,50000.00,50000.00,James Pritchard,No value,"[""Value/Product""]",3,2025-07-28,2025-07-18,"[""29cfa46341115122436a0b0499550e35"",""85bc4f293e2bdf657966b7870684ce00"",""103c74abea4b29c61ae1e1ea494c3f43""]","[""Commercial"",""Value/Product"",""Security""]",true,unknown,"The transcript summaries focus entirely on technical implementation discussions, POC development, and collaboration planning, but do not reveal any information about why the deal was ultimately lost or whether the customer found value in the solution."
d05bfc7bcc8c41c0cef4e73e2226e535,37619590315,Migros Online,Migros Group,Classic,newbusiness,EMEA Ent,Closed Lost,2025-08-27,2025-05-22,84,100000.00,100000.00,James Pritchard,Budget,"[""Commercial""]",1,2025-06-03,2025-06-03,"[""062b37bc2bf0400475a22158fee176e2""]","[""Commercial"",""Value/Product"",""Sponsorship"",""Timing""]",true,no,"The transcript clearly indicates the deal was lost due to pricing concerns, not budget constraints. Specifically, ""Migros Online is concerned about the high entry price compared to open-source options like Backstage"" and ""the pricing proposal was seen as aggressive and required further discussion to find a reasonable solution."" This suggests the issue was that the pricing was too high relative to alternatives, rather than a lack of budget availability."
af547d6de8af13d934980b28cf0fa918,29881537631,JumpCloud,JumpCloud,Classic,newbusiness,US MM,Closed Lost,2025-08-22,2024-12-05,250,100000.00,100000.00,John Romano,Unable to connect,"[""No Engagement""]",3,2025-07-23,2024-12-16,"[""4ba9616ca7eadb3276b7a8f29614aa2d"",""6d22a994a650c975be67b8a9252c6105"",""7ab970db856034bbf48e9ab5cb7b054f""]","[""Commercial"",""Sponsorship"",""Value/Product""]",false,no,"The transcript clearly shows active engagement between JumpCloud and GetPort.io, with multiple productive calls discussing demos, POCs, pricing ($144k/year), and next steps. This contradicts the stated reason of ""Unable to connect"" - the parties were clearly connecting and having detailed business discussions about potential collaboration."
80f8f5a0c386ff92c7cb59157fd08ea7,32321728157,London Stock Exchange Group,London Stock Exchange,Classic,newbusiness,EMEA Ent,Closed Lost,2025-08-21,2025-01-15,182,250000.00,250000.00,Ross Geall,Competition,"[""Competitive""]",3,2025-06-09,2025-03-21,"[""ec3e4c8f1007497ab9ff8efb7803a7d9"",""f5c1be8f0e96c32a93dd9caa0245293a"",""1d7726082366b1e30bfcc0c26cbc9c5b""]","[""Commercial"",""Competitive"",""Timing"",""Value/Product""]",true,no,"The transcript shows LSEG wants to continue with their existing Backstage platform investment for at least 6 more months before considering alternatives, and they're focused on gaining internal consensus rather than exploring competitors. There is no mention of them choosing a competitor over GetPort.io - instead they're deferring the decision to give their current solution more time."
d443d45bf276ad4ff252af1f3d007728,36141766033,Rev,Rev,Classic,newbusiness,US MM,Closed Lost,2025-08-21,2025-04-23,115,24000.00,24000.00,Daniel Alper,Bad timing,"[""Timing""]",3,2025-05-28,2025-04-29,"[""d166da19fc3c1a5f152ed4d122cf4046"",""8030224a3d31e4923685d738131dc971"",""985f546f75b90d547c8e67c75d3574a5""]","[""Commercial"",""Value/Product""]",false,unknown,"The transcript summaries discuss the potential benefits of GetPort.io's internal developer portal, pricing models, implementation requirements, and Rev's existing DevOps processes, but do not reveal any specific reason why the deal was ultimately lost. The conversations appear to be progressing with scheduled follow-ups and continued evaluation, with no mention of timing issues or any other loss factors."
d3602201fb183c126bcc390eed9b0cd7,34513028479,RTB house,RTB House,Classic,newbusiness,EMEA MM,Closed Lost,2025-08-19,2025-01-15,207,30000.00,30000.00,Sharon Peretz,Unable to connect,"[""No Engagement""]",3,2025-04-17,2025-02-10,"[""d11862885760f253b3c92e9af3a13e82"",""5d3e481ba7399042bc4ac75d79912560"",""5b16e210f2a79f0c5e70768b9d3d5858""]","[""Commercial"",""Security"",""Value/Product""]",false,no,"The transcript clearly shows active engagement between Sharon from GetPort.io and Piotr from RTB House, with multiple detailed calls discussing implementation timelines, pricing models, POC processes, and scheduled follow-up meetings. This directly contradicts the stated reason of ""Unable to connect"" as there were clearly successful connections and ongoing substantive conversations about the deal."
ce36cdac33ec3b15bb4e8aa0abf9303d,29583927709,HDI Seguros Colombia,HDI Seguros Colombia,Classic,newbusiness,US MM,Closed Lost,2025-08-19,2024-11-26,244,36000.00,36000.00,Jason Chiu,Bad timing,"[""Timing""]",3,2025-06-03,2025-05-07,"[""3ff3ed89317e47885d70d0d0e0bfbcc4"",""cee8185adaffc76f4da44af0f39b9c0f"",""0a09ac5f2b455738629bdde4f572386e""]","[""Commercial"",""Value/Product""]",false,unknown,"The transcript summaries focus on technical progress, cost analysis discussions, and next steps in the collaboration, but do not reveal any information about why the deal was ultimately lost or mention timing-related issues that would explain the closure."
9d3fa7d4437d201ea49737d9c093e41b,37568183138,Youse,Youse,Classic,newbusiness,US MM,Closed Lost,2025-08-12,2025-05-21,75,28800.00,28800.00,Daniel Alper,Bad timing,"[""Timing""]",3,2025-07-03,2025-05-30,"[""02203a02ab03bd9c358da3b3e28e2fe1"",""8fefb38f96c59a033cd2c9e0b670fce3"",""3b845d56289ca0ba4acd707cc491c4d5""]","[""Fit"",""Timing"",""Value/Product""]",true,unknown,"The transcript summaries do not reveal any loss reason at all. The calls show positive engagement with GetPort.io team expressing satisfaction with the platform, planning presentations with their CTO, discussing budget allocation through AWS Marketplace, and scheduling follow-up meetings to continue the collaboration. There is no mention of timing issues or any reason why the deal was ultimately lost."
ee4f7456da331d96fd56127c02a67ede,40841572530,FrankCrum,FrankCrum,Classic,newbusiness,US MM,Closed Lost,2025-08-08,2025-07-25,NULL,0.00,0.00,Jill Countey,Early stage,"[""Timing""]",1,2025-07-31,2025-07-31,"[""546a4b1a68c6704938c7c773ce052f4e""]","[""Commercial"",""Value/Product""]",false,unclear,"The transcript shows Pedro expressing uncertainty about whether Port's capabilities directly solve his team's challenges (""Pedro sees value in the catalog feature but is unsure if Port's self-service capabilities directly solve his team's current challenges""), and the deal appears to be in an exploratory phase with follow-up meetings scheduled rather than a definitive rejection, making it ambiguous whether this constitutes being ""early stage"" as a loss reason or simply part of an ongoing evaluation process."
f4c8119b7d0aa4f775cf62372dec8a2d,34764089615,East West Bank,"East West Bancorp, Inc.",Classic,newbusiness,US MM,Closed Lost,2025-08-08,2025-03-18,142,24000.00,24000.00,Chris Newsome,No value,"[""Value/Product""]",3,2025-04-21,2025-04-03,"[""1488d5f6b2558021dd5e3525e2be840b"",""cfa418f139b03b2398f5d56777b4adf4"",""def6d2c0662262995bf5982423b09ae7""]","[""Commercial"",""Value/Product"",""Timing""]",true,no,"The transcript shows active project progress with GetPort.io and East West Bancorp discussing technical implementation, procurement processes, and scheduling demos. The conversations indicate ongoing collaboration with clear next steps, timelines for licensing (July-August), and allocated DevOps team resources, which contradicts the stated ""No value"" loss reason."
dbc719602e2853a3dbf7547c188c71d1,38950446521,Origence,Origence,Classic,newbusiness,US MM,Closed Lost,2025-08-08,2025-06-16,52,50000.00,50000.00,Jason Chiu,Bad timing,"[""Timing""]",1,2025-06-18,2025-06-18,"[""1b431e783ce547c2d71ffdd45d9484fc""]","[""Commercial"",""Value/Product"",""Sponsorship""]",false,unknown,"The transcript summary describes an active sales process where Origence expressed interest in GetPort.io's platform, requested an NDA to conduct further assessment, and committed to drafting their final vendor assessment by end of July. There is no indication in the transcript of why the deal was ultimately lost or any mention of timing issues."
5c91f82fffd5e5da73238562efa8576b,31827022443,CityFibre,CityFibre,Classic,newbusiness,EMEA MM,Closed Lost,2025-08-07,2025-01-03,210,50000.00,50000.00,Cillian Golden,Unable to connect,"[""No Engagement""]",2,2025-03-18,2025-01-09,"[""76cd32e950067ed5ea82cb38152b38b0"",""624920e7bcbc3577466d62aef656446a""]","[""Commercial"",""Value/Product""]",false,no,"The transcript shows active engagement with multiple technical calls where CityFibre participated in detailed discussions about GetPort.io's platform capabilities, scheduled follow-up sessions, and committed to providing requirements for a proof-of-concept. This contradicts the stated reason of ""Unable to connect"" as there were clearly successful connections and ongoing technical conversations between both parties."
378ebab7b78818489b960cec44b64e1b,31880479652,IXL Learning Inc,IXL Learning Inc,Classic,newbusiness,US Ent,Closed Lost,2025-08-06,2024-11-15,182,50000.00,50000.00,Sam Neill,Unable to connect,"[""No Engagement""]",2,2025-01-24,2025-01-08,"[""67a841e1c3cdbd8ce125b421b1377915"",""55cef15b16e917dbba56f70fe4f21850""]","[""Commercial"",""Value/Product"",""Other""]",false,no,"The transcript clearly shows active, engaged discussions between GetPort.io and IXL Learning about potential collaboration, with detailed conversations about IXL's technology standardization needs and how GetPort's platform could help. The calls demonstrate successful connection and ongoing business discussions, directly contradicting the stated reason of ""Unable to connect."""
26082e1029f2b220aca1063b0deb6d1e,29117035134,Qualcomm,Qualcomm Ventures,Classic,newbusiness,US Ent,Closed Lost,2025-08-06,2024-11-14,245,80000.00,80000.00,Sam Neill,Budget;Early stage;Bad timing;Unable to connect,"[""No Engagement"",""Timing"",""Commercial""]",2,2024-12-13,2024-12-02,"[""35b633d9378b721b91d1635392bddd5c"",""8b5bab408955aeedcb70bce14cb4b211""]","[""Commercial"",""Security"",""Value/Product""]",true,unknown,"The transcript summaries focus on technical discussions about GetPort.io's platform capabilities and Qualcomm's requirements, but do not reveal any specific reason why the deal was ultimately lost. While the conversations appear substantive and engaged, there is no mention of budget constraints, timing issues, early stage concerns, or connection problems that would explain the closed-lost outcome."
faadddbf384f35fedbb192b08bc5fdd6,34335980420,Fractal Analytics Private Limited,Fractal Analytics Private Limited,Classic,newbusiness,US Ent,Closed Lost,2025-08-06,2025-03-06,149,50000.00,50000.00,Sam Neill,Unable to connect,"[""No Engagement""]",1,2025-03-10,2025-03-10,"[""9c3262a31322cddfa3ca22b514c4903e""]","[""Commercial"",""Value/Product""]",false,no,"The transcript shows active engagement between Sam and Siva, with detailed discussions about Fractal's IAM needs, a product demo, and multiple agreed-upon next steps including follow-up meetings and technical deep dives. This contradicts the stated reason of ""Unable to connect"" as there was clearly successful connection and ongoing dialogue."
d353d678101f8451322f108128936e3f,32425586194,Fedex Dataworks,Fedex,Classic,newbusiness,US Ent,Closed Lost,2025-08-06,2024-08-13,324,100000.00,100000.00,Sam Neill,Unable to connect,"[""No Engagement""]",1,2024-09-17,2024-09-17,"[""a48c513ac6182be056ee4e6964743ef3""]","[""Commercial"",""Sponsorship"",""Value/Product""]",false,no,"The transcript clearly shows active engagement between GetPort.io and FedEx teams, with detailed discussions about platform capabilities, use cases, and next steps including a potential proof-of-concept. FedEx expressed interest in moving forward with a pilot program, which directly contradicts the stated reason of being ""unable to connect."""
d6fce9c29d09e98df521fee719d7ffeb,17348254011,Decathlon,Decathlon,Classic,newbusiness,EMEA Ent,Closed Lost,2025-08-06,2024-02-04,542,200000.00,200000.00,Benjamin Duckworth,Bad timing;Early stage,"[""Timing""]",3,2024-12-04,2024-08-05,"[""5ab332735bd11e3cbdf46ca3e51d0ae7"",""9d6a7cf8ee6a5a060f66f1a3d690e28b"",""679dbbf856a68c9fc77edf28628844b2""]","[""Commercial"",""Security"",""Value/Product""]",false,unknown,"The transcript summaries discuss technical features, platform capabilities, and future steps like beta testing and RFP processes, but do not reveal any specific reason why the deal was ultimately lost or mention timing/stage-related concerns that would explain the closure."
461af36b91281726e871f9a622047545,30336177327,1KOMMA5°,1KOMMA5°,Classic,newbusiness,EMEA MM,Closed Lost,2025-07-30,2024-12-13,219,55000.00,55000.00,Cillian Golden,Competition,"[""Competitive""]",2,2025-04-22,2024-12-17,"[""4dc07cc8e44258448d77f0c1ede8cf48"",""0a6950bdb1f7f25957b7c3d420378c19""]","[""Commercial"",""Sponsorship"",""Value/Product""]",false,no,"The transcript shows 1KOMMA5° is actively evaluating GetPort.io alongside other options (Backstage, building their own solution) and plans to make a decision by end of quarter, with GetPort.io providing ongoing support and addressing pricing concerns. There is no indication they chose a competitor over GetPort.io - rather they appear engaged and continuing evaluation through the free tier."
d13702a4a4ce109e855b1c8270813784,37735689069,Equitable Bank,EQ Bank,Classic,newbusiness,US MM,Closed Lost,2025-07-29,2025-05-23,64,72000.00,72000.00,Jill Countey,Unable to connect,"[""No Engagement""]",1,2025-05-27,2025-05-27,"[""edfe4d54868812dac6ddd5167dff9aa9""]","[""Commercial"",""Security"",""Value/Product""]",false,no,"The transcript shows active engagement with multiple scheduled follow-up meetings, demos planned, and ongoing evaluation discussions between GetPort.io and EQ Bank, which directly contradicts the stated reason of ""Unable to connect."""
e9300ff47c09ff702276e34388e88242,19153211202,Drivenets,Drivenets Inc,Classic,newbusiness,EMEA MM,Closed Lost,2025-07-29,2024-05-06,377,30000.00,30000.00,Sharon Peretz,Unable to connect,"[""No Engagement""]",3,2024-07-18,2024-05-08,"[""9ddaeb96e1a7476c000b96fd6c902e80"",""1b820a50c8d07bbf1e86831a45c7320f"",""1d976427ef62fd6a42fad3e900af31ff""]","[""Commercial"",""Security"",""Value/Product""]",false,unknown,"The transcript summaries describe technical discussions about GetPort.io's services, mentions of waiting for approval and go-ahead decisions, but do not indicate any inability to connect with the prospect or communication issues that would support the stated loss reason."
57af96388eb1be3981a8c118204cc17a,29766326134,Global-e,Global-e,Classic,newbusiness,EMEA MM,Closed Lost,2025-07-29,2024-12-02,228,50000.00,50000.00,Sharon Peretz,Unable to connect,"[""No Engagement""]",3,2025-03-04,2024-12-12,"[""6b55125cbfbb3abeb652621302795498"",""bbd0e5109f485d6f16a0f687aa98ad49"",""6158ed7cd4b8b743ae0206601c8e3f41""]","[""Commercial"",""Security"",""Value/Product""]",false,no,"The transcript shows active engagement with detailed POC planning, timeline discussions for Q3 implementation, follow-up meetings scheduled, and ongoing technical conversations about the solution. This contradicts the stated reason of ""Unable to connect"" as there is clear evidence of multiple successful connections and productive discussions between the parties."
f047158664b6827cf1411a84f80411c7,34181229722,Awaze,Awaze,Classic,newbusiness,EMEA MM,Closed Lost,2025-07-28,2025-03-03,124,40000.00,40000.00,Cillian Golden,Bad timing;Price,"[""Timing"",""Commercial""]",2,2025-05-14,2025-03-14,"[""8dfc3fc3a2e8d6969539bf494aea7a87"",""89585481ffe743224ff98d5697343fab""]","[""Commercial"",""Value/Product""]",true,unknown,"The transcript summaries focus on technical implementation discussions, evaluation processes, and next steps for setting up GetPort.io's platform, but do not reveal any information about why the deal was ultimately lost or mention timing or pricing concerns that would explain the closure."
89a353c063c083430dba8a69e49ee6fa,38310323799,Cover Whale,Cover Whale Inc,Classic,newbusiness,US MM,Closed Lost,2025-07-24,2025-06-02,53,24000.00,24000.00,John Romano,Unable to connect,"[""No Engagement""]",2,2025-06-25,2025-06-06,"[""c33797795b41b42e4f437d488abd7173"",""412b9fd0ee0967af656319278709ffb2""]","[""Commercial"",""Value/Product"",""Timing""]",false,no,"The transcript shows active deal progression with detailed pricing discussions, AWS Marketplace arrangements, and concrete next steps including quotes and follow-up calls scheduled. This contradicts the stated reason of ""Unable to connect"" as the parties were clearly connecting and engaging in substantive sales conversations about packages, pricing, and implementation timelines."
0cf40054610639441d42fc17ff6f1ee3,33843702350,DAT Freight & Analytics,DAT Freight & Analytics,Classic,newbusiness,US MM,Closed Lost,2025-07-21,2024-11-14,239,84000.00,84000.00,John Romano,Competition,"[""Competitive""]",3,2025-03-26,2025-02-19,"[""41893c67b3637b7011b1f0881048fbc4"",""61fee7b64f471c778aec992883d0fd21"",""63c259858892cf4de66df92dc3a0d76b""]","[""Commercial"",""Value/Product""]",false,no,"The transcript clearly shows that DAT Freight & Analytics chose to wait and evaluate Datadog's internal IDP solution instead of proceeding with GetPort.io, stating they will ""hold off until they have fully evaluated the Datadog IDP feature."" This indicates the loss was due to the prospect choosing to build/wait for an internal solution rather than losing to a direct competitor offering a similar third-party product."
eb19673a15dba86ea0ae4ba0ac2a32df,39024837200,Sanity.io,Sanity.io,Classic,newbusiness,US MM,Closed Lost,2025-07-18,2025-06-18,11,50000.00,50000.00,Jill Countey,Price,"[""Commercial""]",3,2025-07-17,2025-07-08,"[""6b05d3defebb99cca86f535a4843dc3b"",""3e0c5aa4819e5e416f63c0ac64f135e5"",""ce191595a986847cf46bed3f213b1de8""]","[""Commercial"",""Value/Product""]",true,no,"The transcript clearly shows that pricing negotiations were ongoing and progressing positively, not that the deal was lost due to price. GetPort.io successfully adjusted their pricing from the initial $540/user + $45K platform fee to meet Sanity's $40-50K budget range, and both parties agreed to proceed with a technical kickoff call and POC implementation. The calls show active engagement in scoping user stories and next steps rather than a price-related rejection."
031eca4e4666559d46b2d5d7e47f63d7,35124817574,Florence,Florence,Classic,newbusiness,US MM,Closed Lost,2025-07-17,2025-03-16,108,72000.00,72000.00,Jason Chiu,Bad timing,"[""Timing""]",3,2025-04-29,2025-03-25,"[""edc765ff7568cbc1c298c32e42dea317"",""e4901eab61f9f62ef42ba3c445852c96"",""adb8a539331be2fed18ed33a46808d3d""]","[""Commercial"",""Value/Product"",""Timing""]",true,no,"The transcript shows Florence actively pursuing a pilot program with GetPort.io, with specific timelines (end of May/early June), scheduled scoping sessions, and ongoing technical integrations already completed. This contradicts the ""bad timing"" loss reason, as Florence appears engaged and moving forward with concrete next steps and dedicated team resources."
31eb404a824ef1bc0bc58a588b928326,35413426697,Carlyle Group,The Carlyle Group,Classic,newbusiness,US MM,Closed Lost,2025-07-14,2025-04-03,92,24000.00,24000.00,Jason Chiu,no_show;Unable to connect,"[""No Engagement""]",2,2025-04-17,2025-04-11,"[""6619445cbef9adc6980ef28725a98e64"",""c6a7eeb870e70a8b729b5053671290ac""]","[""Commercial"",""Value/Product"",""Security""]",false,no,"The transcript clearly shows active engagement and progress in the sales process, with detailed discussions about Carlyle's challenges, GetPort.io's solutions, successful product demonstrations, and concrete next steps including scheduling a pilot for May 19th. This directly contradicts the stated loss reason of ""no_show;Unable to connect"" as both parties were clearly connecting and participating in productive sales conversations."
0ca66058a44477c786dabdbf76ee3704,35412619174,Prove,Prove,Classic,newbusiness,US MM,Closed Lost,2025-07-14,2025-04-03,78,36000.00,36000.00,Jason Chiu,Bad timing,"[""Timing""]",3,2025-06-16,2025-05-19,"[""ec9edef82812a3986357d5253d6a1cad"",""540c3c5db3380bb3cfa8c7d1f6f2b090"",""859adb1ed9ad0334d03567542a7338ed""]","[""Commercial"",""Security"",""Value/Product""]",false,unknown,"The transcript summaries discuss an active evaluation process with pilot planning, security reviews, and scheduled follow-up calls, but do not reveal any information about why the deal was ultimately lost or mention timing issues as a factor in the decision."
8f19058ff6f1b1213e5c6d650e54ceeb,19663603636,ControlUp,CONTROLUP,Classic,newbusiness,EMEA MM,Closed Lost,2025-07-09,2024-05-28,377,45000.00,45000.00,Sharon Peretz,Unable to connect,"[""No Engagement""]",2,2024-07-24,2024-07-04,"[""30b38023545a2221a1df78df97c9943a"",""9d04840844a9d833d02e7d0f412a7ec3""]","[""Security""]",false,no,"The transcript shows active engagement between GetPort.io and CONTROLUP teams across multiple calls discussing technical implementation details, POC plans, and next steps for collaboration. This contradicts the stated reason of ""Unable to connect"" as there were clearly successful connections and substantive discussions about moving forward with the project."
7b255ce9cb70f6a5e907c7f86158464e,35461925020,QTS,QTS,Classic,newbusiness,US MM,Closed Lost,2025-07-08,2025-04-03,69,24000.00,24000.00,Jill Countey,Bad timing,"[""Timing""]",3,2025-06-05,2025-04-30,"[""73f57fac03a4efef5396e196197556c9"",""7e7b7bb77712bcdd5983cb83929b4231"",""fd260bff37a78290f61cae60af6dd55e""]","[""Commercial"",""Value/Product"",""Timing""]",true,unclear,"The transcript shows QTS is still in the process of hiring a platform engineer to lead the implementation and mentions they will ""revisit the conversation in a month"" and have follow-up meetings scheduled, which could indicate timing issues, but it's ambiguous whether this represents ""bad timing"" as a reason for losing the deal or simply normal delays in an ongoing sales process."
7f25b43dc54f8d724f52664d3af4bc4d,32241779266,Bitsight,"BitSight Technologies, Inc.",Classic,newbusiness,US MM,Closed Lost,2025-07-07,2025-01-20,153,50000.00,50000.00,Daniel Alper,Product;Competition,"[""Value/Product"",""Competitive""]",2,2025-05-07,2025-03-28,"[""0f6bdad7dc641ac2a22718f374daafa5"",""a081462ec8157ab0cad67c636f5754d1""]","[""Commercial"",""Competitive"",""Fit"",""Value/Product""]",true,unknown,"The transcript does not reveal any loss reason at all. While the calls show BitSight is evaluating other options like Backstage and Roadie, they agreed to continue conversations in a month about business case and ROI, and BitSight can keep their current GetPort.io instance running during evaluation - indicating an ongoing process rather than a closed-lost deal."
4dcbb0e4c4d6e3ab66820de406fa4c10,23263200911,Own Company,Own Company,Classic,newbusiness,EMEA MM,Closed Lost,2025-07-04,2024-10-16,232,30000.00,30000.00,Sharon Peretz,Unable to connect,"[""No Engagement""]",1,2024-11-05,2024-11-05,"[""2b7350e3cef810853ddf0afed43236d4""]","[""Commercial"",""Value/Product"",""Security""]",false,no,"The transcript shows active engagement between GetPort.io and Own Company, with detailed product discussions, identification of challenges, and concrete next steps planned including follow-up meetings in 1-2 weeks. This contradicts the stated reason of ""Unable to connect"" as there was clearly successful connection and ongoing dialogue between the parties."
3e5811e479e7e41b0629ab6bcb50208f,29883640888,Paypoint,PayPoint plc,Classic,newbusiness,EMEA MM,Closed Lost,2025-07-02,2024-12-05,201,48000.00,48000.00,Cillian Golden,Bad timing,"[""Timing""]",1,2024-12-12,2024-12-12,"[""2216b3d2db9fea2aeacd9d66b7f4aea5""]","[""Commercial"",""Sponsorship"",""Value/Product""]",false,unclear,"The transcript mentions PayPoint plans to ""revisit the discussion in January 2023 once they have capacity with a new team member joining"" and discusses next steps being scheduled for January, which could indicate timing issues, but it's ambiguous whether this represents a definitive loss due to bad timing or simply a delay in the sales process."
e7572ea68ae847877492b7f634fa439d,36677837113,Sinqia,Sinqia,Classic,newbusiness,US MM,Closed Lost,2025-07-02,2025-05-04,59,72000.00,72000.00,Jason Chiu,Unable to connect,"[""No Engagement""]",1,2025-05-05,2025-05-05,"[""ee68483a357251fb04a27f79ce49416f""]","[""Commercial"",""Value/Product"",""Timing""]",false,no,"The transcript shows active engagement with multiple scheduled follow-up calls, action items, and a planned technical POC evaluation, which directly contradicts the stated reason of being ""unable to connect."" The parties successfully connected, had detailed discussions about requirements, and committed to next steps including a scoping call scheduled for Monday at 11 AM Eastern."
fd58bd230a0b126762a3d45d5199aacf,30850413888,The Boeing Company,Boeing,Classic,newbusiness,US Ent,Closed Lost,2025-07-02,2024-12-21,163,200000.00,200000.00,Jeff Graham,Bad timing,"[""Timing""]",1,2025-03-04,2025-03-04,"[""93ce504bbb303049b42fb4d6b4e9dbec""]","[""Commercial"",""Security"",""Sponsorship"",""Value/Product""]",false,unknown,"The transcript does not reveal any loss reason at all. The conversation appears to be progressing positively with agreements to schedule future demonstrations and meetings, including a detailed demo for Anton's global team at the end of March, which contradicts the notion that this deal was actually closed-lost."
a13889558d85f7eb628e7138fe469bef,35455294786,Zurich NA Insurance,zurich,Classic,newbusiness,US Ent,Closed Lost,2025-07-02,2025-04-04,30,200000.00,200000.00,Tali Cohen,Bad timing,"[""Timing""]",3,2025-05-21,2025-04-07,"[""27b692462ee498e16d62f54d7dacc97c"",""f5679f6bdab65e7bba032b452e6a645c"",""62782ad66a3901c9dd793bf821b589e3""]","[""Commercial"",""Value/Product"",""Timing"",""Sponsorship""]",true,unknown,"The transcript summaries discuss ongoing sales conversations including demo preparations, stakeholder alignment, and technical discussions about GetPort.io's platform capabilities, but do not reveal any specific reason why the deal was ultimately lost or mention timing-related issues that would support the stated ""bad timing"" reason."
51baaa0bc96c3b4cebdabc46d6829fc7,33958887318,Beyond ONE,Beyond ONE,Classic,newbusiness,EMEA MM,Closed Lost,2025-07-02,2025-02-26,120,24000.00,24000.00,Cillian Golden,Unable to connect,"[""No Engagement""]",1,2025-03-03,2025-03-03,"[""c782efaedbac1fd0d1f5e3fe2a6a48fb""]","[""Commercial"",""Sponsorship"",""Value/Product""]",false,no,"The transcript shows active engagement between the parties, with detailed product discussions, pricing conversations, and scheduled follow-up calls, which directly contradicts the stated reason of ""Unable to connect."" The summary demonstrates successful connection and ongoing communication rather than any inability to reach the prospect."
d5bcd70cdad12435fe83e95ef47dfb6d,35721559908,Warner Bros. Discovery,Warner Bros. Discovery,Classic,newbusiness,US Ent,Closed Lost,2025-07-01,2025-04-13,42,100000.00,100000.00,Tom Skarzynski,Competition,"[""Competitive""]",2,2025-04-18,2025-04-16,"[""8847fd539b14d1cda22a42786ef288e1"",""a0331e30a61c1eaabd7f11c515b04a53""]","[""Commercial"",""Value/Product"",""Competitive"",""Timing""]",true,unknown,"The transcript summaries discuss Warner Bros. Discovery evaluating GetPort.io as an alternative to Backstage and mention next steps for internal review, but they do not reveal the actual outcome of the deal or explain why it was ultimately lost."
b48103c22ddf9ece656ef39487de8ce0,23204967716,Sapiens International,Sapiens International,Classic,newbusiness,EMEA MM,Closed Lost,2025-07-01,2024-10-13,215,50000.00,50000.00,Sharon Peretz,Unable to connect,"[""No Engagement""]",2,2024-11-26,2024-10-30,"[""60988251ae035b89d02f789eafebc02f"",""fa9a1ff0df92ed5f59aecdb2bf4b1980""]","[""Commercial"",""Fit"",""Value/Product""]",false,no,"The transcript shows active engagement between GetPort.io and prospects, with detailed technical discussions, interest in POCs, and follow-up actions planned. There is no evidence of connection issues - instead it demonstrates successful connections and ongoing conversations with both Sapiens International and Health Catalyst."
e9b1b2f8a3b41f34f54eee72e12798e7,35100796790,Eventbrite,Eventbrite,Classic,newbusiness,US MM,Closed Lost,2025-07-01,2024-12-16,183,65000.00,65000.00,Jill Countey,Unable to connect,"[""No Engagement""]",3,2025-04-14,2025-01-07,"[""540bfc9e02490be986160e087429bcfa"",""b57d3a20e380c1a3e0d456f75496ef91"",""ce6855c05eff1f5c5c9cae9052de3367""]","[""Commercial"",""Value/Product"",""Timing""]",false,no,"The transcript shows active engagement between GetPort.io and Eventbrite with multiple successful calls, scheduled demos, and detailed discussions about POC timelines and implementation plans. This directly contradicts the stated reason of ""Unable to connect"" as the parties were clearly able to connect and had substantive conversations about moving forward with the solution."
e5e8153bdd642ed42b186d34623eb822,29378793800,Sanoma,Sanoma,Classic,newbusiness,EMEA Ent,Closed Lost,2025-07-01,2024-11-20,211,100000.00,100000.00,Benjamin Duckworth,Early stage;Bad timing,"[""Timing""]",1,2024-12-02,2024-12-02,"[""660d6d6f3e6ede64fa2eb423898b4f95""]","[""Commercial"",""Value/Product"",""Timing""]",true,yes,"The transcript clearly supports the stated reason of ""Early stage;Bad timing"" as evidenced by Sanoma planning to ""have a proof of concept during the second quarter of next year"" and the deal being positioned for future implementation rather than immediate purchase. The discussion focuses on exploratory workshops and deep-dive sessions to understand requirements, indicating they are still in early evaluation stages rather than ready to move forward now."
3cd48c75fd12d7065c9d98003c8d773d,35462961023,Egnyte,Egnyte,Classic,newbusiness,US MM,Closed Lost,2025-07-01,2025-04-04,30,100000.00,100000.00,John Romano,On-prem,"[""Value/Product""]",1,2025-04-16,2025-04-16,"[""ef0afc000e5af090ea88ab1e15673018""]","[""Commercial"",""Value/Product"",""Competitive""]",true,unknown,"The transcript does not reveal any loss reason at all. The calls show an active sales process where Egnyte is evaluating multiple solutions including GetPort.io, with planned follow-ups, demos, and discussions with management scheduled. There is no indication in the transcript that the deal was lost or why it might have been lost for on-premises reasons or any other reason."