SK_DEAL,DEAL_CRM_ID,DEAL_NAME,COMPANY_NAME,PIPELINE,DEAL_TYPE,DEAL_TEAM_NAME,DEAL_STAGE,DEAL_CLOSED_DATE,DEAL_CREATED_DATE,SALES_CYCLE_DAYS,DEAL_TOTAL_ARR,DEAL_NET_NEW_ARR,SALES_OWNER,CLOSED_LOST_REASON,HS_LOST_CATEGORIES,CALLS_ANALYZED,LATEST_CALL_DATE,EARLIEST_ANALYZED_CALL_DATE,ANALYZED_SK_CONVERSATIONS,GONG_LOST_CATEGORY,CATEGORY_MATCH,AI_REASON_SUPPORTED,AI_REASON_EXPLANATION,AI_ALTERNATIVE_REASON
1777b422e1a9601b320c8c71a832d883,60272589093,Raptor Technologies,Raptor Technologies,Classic,newbusiness,US MM,Closed Lost,2026-08-27,2026-05-15,29,24000.00,24000.00,Daniel Alper,Internal Build;Price;Early stage;Budget,"[""Timing"",""Competitive"",""Commercial""]",3,2026-08-05,2026-07-20,"[""b035282a93e70597eb2aa3843a297f9c"",""3d2669d55b5710f7990baa795f1cab50"",""78f7c5b102b48d2e89e188098a75aede""]","[""Commercial"",""Fit"",""Value/Product""]",true,likely_yes,"The transcript shows Floyd describing a ""bureaucratic process"" involving waiting for ""paperwork"" from leadership, needing approval workflows through VP of Engineering and Finance, and being in early evaluation stages where he's ""educating his leadership on the importance of a developer portal"" as it's ""a new concept for many."" There's also mention of a ""build versus buy decision"" evaluation process and waiting for visual feedback from management before proceeding.",
a37ec7a241d8835d6b7b296cfed16eaf,63532412467,ICW Group,ICW Group,Classic,newbusiness,US MM,Closed Lost,2026-08-19,2026-08-06,8,48000.00,48000.00,EJ Rauseo,Bad timing,"[""Timing""]",3,2026-08-13,2026-08-10,"[""ab23585c195c52e03b99f600f1bf2d79"",""8ccbb5ff875b29c105fd4e6fde2372d6"",""d35eaae46a3755ad5c3834259979e254""]","[""Commercial"",""Competitive"",""Security"",""Value/Product""]",false,likely_yes,"The transcript shows the deal is stalled on legal prerequisites with the MNDA still undergoing redlines and not yet signed, causing them to ""put a pin in scheduling the next meeting until the MNDA is signed."" This legal bottleneck delaying progress aligns with timing-related obstacles, though the prospect appears otherwise engaged and moving toward a POC.",
36b597d07439c2454072d5a691329436,36313450848,JPMorganChase - ICB,JPMorgan Chase,Classic,newbusiness,US Ent,Closed Lost,2026-08-18,2025-04-25,475,250000.00,250000.00,Jeff Graham,Bad timing,"[""Timing""]",3,2026-07-29,2026-01-09,"[""b01caaee1ba7039f5ea1bcacb4f6f548"",""346b736d637e40ebba2786b404b31b54"",""e0d6cdcefaae0f6b008e61952dbd66da""]","[""Commercial"",""Value/Product""]",false,likely_no,"The transcript reveals that JPMC is already a customer of Cortex (a direct competitor), with Tali expressing surprise at learning ""JPMC is a Cortex customer"" and discussing a ""specific pocket of their US-based team using it."" This points to a competitive loss rather than timing issues, though the stated reason could still be partially valid if timing was also a factor.",existing Cortex implementation
0df93aca90e744b556f8d3fe1eb37e34,53887211294,PayPal,PayPal,Classic,newbusiness,US Ent,Closed Lost,2026-08-18,2026-01-14,211,300000.00,300000.00,Jeff Graham,Competition,"[""Competitive""]",3,2026-02-19,2026-02-10,"[""31032f56bb91a324c0696cc884fdaff4"",""943f3b8e69206038876627e87d0f9b5b"",""ad133faa3a1f704621ca99074ba5da12""]","[""Commercial"",""Competitive"",""Fit"",""Value/Product""]",true,no,"The transcript shows PayPal is actively evaluating multiple vendors through a formal ""vendor demo process"" that Anton describes as a ""bloodbath"" with architects asking complex questions. PayPal is systematically collecting feedback from architect forums to update requirements for ""subsequent vendor demos,"" indicating Port is one of several vendors being compared in a competitive evaluation process.",active competitive evaluation with multiple vendors
9684434f3caf1aef9acb9ee88aabbbd1,39009554273,CCU,DXC Technology,Classic,newbusiness,LATAM,Closed Lost,2026-08-17,2025-06-18,390,60000.00,60000.00,Ignacio De Loera,Bad timing,"[""Timing""]",3,2026-08-14,2026-07-15,"[""455802331cd005d1351cb5b330b493b2"",""89c8b3a8d320d9ca587eec028b2424bf"",""8a81eac81c94f0dfebef0bf6bf8efaf5""]","[""Commercial"",""Value/Product"",""Timing""]",true,yes,"The transcript shows clear timing-related signals: DXC needs internal alignment meetings with their CSM and account team before proceeding, they need to ""refine the proposal"" and ""narrow down possibilities"" before presenting to the end client Aguas Andinas, and they're coordinating next steps for ""ideally next week"" but with multiple internal coordination requirements first.",
6ab940981e3a119a6db130cff5c88b19,55682426384,Optum Inc,Optum,Classic,newbusiness,US Ent,Closed Lost,2026-08-13,2026-02-06,136,500000.00,500000.00,Rick Walker,Champion left/ Company cuts;Not right company/ persona,"[""Fit"",""Sponsorship""]",3,2026-07-21,2026-03-25,"[""dc2751907df58af69ab57037ad253960"",""fab32df9f281f2037429b6fbd72eaca6"",""57453c927be0e48ac24c1a8847dbe4e8""]","[""Commercial"",""Value/Product"",""Competitive"",""Security"",""Timing""]",false,yes,"The transcript clearly shows the champion left - Evan Smith clarified ""he no longer works at Optum and is now at Carrier, working in desktop support,"" confirming he's no longer in the relevant role at the target company. This directly corroborates the ""Champion left"" portion of the stated reason.",
a6849478473c0646cc9f4e2c2b3f094c,48338905173,Community Health Network,"Presidio Networked Solutions Group, LLC",Classic,newbusiness,US Ent,Closed Lost,2026-08-13,2025-11-05,274,24000.00,24000.00,Rick Walker,Security,"[""Security""]",1,2026-02-24,2026-02-24,"[""94358497e59443774a64be3a7cb3b487""]","[""Commercial"",""Value/Product""]",false,no,"The transcript shows the deal progressing through final contracting stages with a $24,000 agreement, discussing implementation details and next steps for quote delivery once the agreement is signed. There are no security concerns, compliance issues, or security review blockers mentioned anywhere in the discussion.",contracting/procurement process issues
736b70a3fc4d43c212e31259a1e6c4c6,55389460902,Arbor,Arbor,Classic,newbusiness,EMEA MM,Closed Lost,2026-08-12,2026-02-03,169,80000.00,80000.00,Matthew Bilsland,Early stage,"[""Timing""]",3,2026-03-06,2026-02-18,"[""8ec7f08af0b0e3d3f3df6c8087cc7de8"",""ed71d6e27ce9648af79ae71f49a6b06f"",""04186b648b1e522fefefac61d4863682""]","[""Commercial"",""Value/Product"",""Timing""]",true,yes,"Jason explicitly states that ""the IDP initiative has been deprioritized due to a shift in the DeveX team's objectives towards AI tooling"" and indicates they will ""revisit the IDP discussion around August/September."" This directly corroborates the ""Early stage"" reason, showing the prospect is not ready to proceed now due to shifted internal priorities and timeline deferral.",
aef0b35e8e697f03951f3b5e2c9f16cf,32321883544,Specsavers,Specsavers,Classic,newbusiness,EMEA Ent,Closed Lost,2026-08-11,2024-11-05,628,90000.00,90000.00,Benjamin Duckworth,Not right company/ persona;No value,"[""Fit"",""Value/Product""]",3,2026-04-23,2026-04-01,"[""27cb532a86cf7894b0ba9aa8d56303df"",""39ff34e4674e2cc0951fe3259f6e93ae"",""42458b60213b1ca95b328a4f0b95e3c4""]","[""Commercial"",""Value/Product""]",true,yes,"The transcript shows Chris from Specsavers actively requesting commercial pricing options for different user tiers and a ""Specsavery"" offer, discussing POC progress with live data integration, and asking for help quantifying business value in terms of time savings to align with stakeholder priorities. This indicates they are the right persona (platform engineering stakeholder) at a relevant company, and they are actively working to build a value case rather than rejecting the solution.",
2c878bf8d4bccfc5d1353d282bcb498f,51244893075,Darktrace,Darktrace,Classic,newbusiness,EMEA MM,Closed Lost,2026-08-07,2025-12-04,232,150000.00,150000.00,James Butcher,Price;Bad timing,"[""Timing"",""Commercial""]",2,2026-07-29,2025-12-17,"[""36d76a44274c6bb25532451447bc8849"",""cfe951e1feb864ebe611903984ee91b6""]","[""Commercial"",""Competitive"",""Security"",""Value/Product""]",true,likely_no,"Alexander confirms Darktrace is ""progressing with free options for their IDP, using an internal proof-of-concept system with Backstage"" and notes this ""might change the value proposition for GetPort.io's offerings."" He also confirms they ""plans to evaluate other products, including Backstage"" competitively. While there are timing elements (decision ""in the new year""), the transcript primarily points to competitive evaluation against their existing Backstage implementation.",competitive evaluation against existing Backstage system
7e757237f4a00d07b4b6f48f4fdee7e4,62921039114,Aize,,Classic,newbusiness,EMEA MM,Closed Lost,2026-08-06,2026-07-21,7,50000.00,50000.00,Matthew Bilsland,Early stage,"[""Timing""]",3,2026-08-04,2026-07-29,"[""79f1dbfa04674952f8c9e29176f7b94e"",""0df3d5bbc5c9ecc793f9b51a29c1634a"",""e0fa95c9d212d7a505dd33947b90eb69""]","[""Value/Product"",""Commercial"",""Timing""]",true,likely_no,"The transcript shows active business case development, vendor assessment planning, and concrete next steps including pricing discussions and proof of value planning. Reginaldo specifically mentions that ""the vendor assessment process for GetPort.io has not yet been initiated due to key approvers being on vacation"" but indicates it will start once they return, suggesting organizational readiness rather than early-stage immaturity.","waiting for approver availability, active procurement process"
1e1267520846bcfac9bf523abfe64581,59186350238,UZ Leuven | Enterprise Digital | Platform Team,UZ Leuven,Classic,newbusiness,EMEA Ent,Closed Lost,2026-08-06,2026-03-26,91,50000.00,50000.00,Jamie Summers,Freemium,"[""Value/Product""]",1,2026-04-15,2026-04-15,"[""c9bc92a832fa36fdf9c000ebbf9890a4""]","[""Fit"",""Security"",""Value/Product""]",true,likely_no,"The transcript shows Mark and Johan from UZ Leuven actively exploring Port as a solution after finding Backstage ""too complex and resource-intensive,"" with clear pain points around visibility, compliance, and supply chain vulnerabilities. They scheduled follow-up demos and technical calls, indicating genuine interest rather than seeking a free solution. The stated reason ""Freemium"" suggests they chose a free alternative, but the evidence points toward active evaluation of Port's paid offering.",exploring paid solution after rejecting free Backstage alternative
619e14f4213a697022e63fb00e39c464,45452263278,Mercari Inc,"Mercari, Inc.",Classic,newbusiness,APJ,Closed Lost,2026-08-04,2025-10-08,294,125000.00,125000.00,Scott Dunion,Freemium;AI,"[""Value/Product""]",3,2026-04-21,2025-11-20,"[""1149666222df4c3120bc10a1837ce366"",""369920cbe796ba1c567a54c770c10921"",""c0f9f435e0692e4bbcfef553fe97e69f""]","[""Commercial"",""Competitive"",""Fit"",""Security"",""Value/Product""]",true,likely_no,"The transcript shows active engagement with Port's workflow capabilities and AI features, with Mercari exploring specific use cases like incident management and agentic workflows. However, the main blocker appears to be ""Security Review Blockers: Mercari's security team is blocking full integration with Jira and FireHydrant due to Port being on the free tier, requiring a paid tier to show value."" This suggests the loss was driven by security/compliance constraints rather than freemium limitations or AI concerns.",security review blocking integrations on free tier
baec75278a2e3cea17f7c57e111c4d75,62704664066,Ki Insurance,Ki,Classic,newbusiness,EMEA MM,Closed Lost,2026-07-30,2026-02-24,126,100000.00,100000.00,Matthew Bilsland,Competition,"[""Competitive""]",2,2026-07-07,2026-06-30,"[""d3f4eaef45c14cae9f554c5009056391"",""cb191fa691f11085042b929862ea1eb1""]","[""Commercial"",""Competitive"",""Fit"",""Timing"",""Value/Product""]",true,yes,"The transcript clearly shows competitive concerns with Tom Yandel expressing ""reservations about Port due to perceived overlap with their existing Get DX implementation"" and Mark indicating it might be ""too early to the party"" while they focus on their DX deployment. The summary explicitly states Tom ""appeared to have already decided against Port"" due to this overlap with their existing solution.",
234872f4487293b300a6294f049d7237,57487605362,Kaseya,Kaseya,Classic,newbusiness,US Ent,Closed Lost,2026-07-30,2026-03-04,122,40000.00,40000.00,Jeff Graham,Price,"[""Commercial""]",3,2026-06-09,2026-05-27,"[""6178c642a810999ae932394588cbcd57"",""36f783f36d15d3594dabc16b3da98212"",""cab3b5b4ad490ddfafd2be8f0d661f8f""]","[""Commercial"",""Competitive"",""Fit"",""Timing"",""Value/Product""]",true,yes,"The transcript shows clear price-related concerns with Stacy stating the initial proposal was an ""overreach"" due to cost, their CTO will not approve the current high per-license cost, and their SVP expects a higher discount level. The conversation centers entirely on finding ways to reduce pricing through various concessions and adjustments.",
b1f2710399d51b40f0fb45a709343b00,59369926986,Candescent,Candescent,Classic,newbusiness,US MM,Closed Lost,2026-07-30,2026-04-21,80,100000.00,100000.00,Jill Countey,Bad timing,"[""Timing""]",1,2026-05-12,2026-05-12,"[""d1700cf1157b0d2147019152b2ba0bf0""]","[""Commercial"",""Security"",""Value/Product""]",false,likely_no,"The transcript shows active engagement with Itesh expressing interest in a demo, coordinating with his team including VP of Engineering, and concrete next steps being scheduled. While there are concerns about integration complexity and security, these appear to be standard due diligence questions rather than timing-related deferrals. No signals point to budget cycles, fiscal year constraints, or timeline-based delays that would support ""Bad timing"".",security and integration concerns
e427480a5d0c23b9047e72a96404b1e5,59459918009,Egym,EGYM,Classic,newbusiness,EMEA MM,Closed Lost,2026-07-29,2026-04-23,83,50000.00,50000.00,Matthew Bilsland,Internal Build,"[""Competitive""]",3,2026-07-23,2026-07-15,"[""e206e495023006acb913101f121ff9af"",""2c26f7ea7f8a58c2b92c41227e7e9cee"",""dadb61aca1fb9c5727b5034b7301e4a3""]","[""Commercial"",""Value/Product""]",false,no,"The transcript shows EGYM actively planning implementation phases, defining success metrics, and discussing a revised proposal they received positively, with contracting planned for August and work starting in September. Florian's concerns are specifically about ""pricing"" and ""cost-to-value ratio"" rather than preferring an internal build, with the team focused on proving Port's ROI through measurable outcomes.",pricing/budget concerns
410b6fef2c18dfc6aa59cedfa052421f,62045500473,Air Space Intelligence,Air Space Intelligence,Classic,newbusiness,EMEA MM,Closed Lost,2026-07-23,2026-07-02,17,181000.00,181000.00,Sharon Peretz,Competition,"[""Competitive""]",1,2026-07-06,2026-07-06,"[""4934a9011c7f91f712262ed8775da74a""]","[""Commercial"",""Competitive"",""Fit"",""Sponsorship"",""Value/Product""]",true,likely_no,"The transcript shows Air Space Intelligence is actively evaluating Cortex and considering a build-or-buy approach alongside Port, indicating competitive evaluation rather than a definitive competitive loss. While competition exists, the deal appears to have forward momentum with planned executive meetings and POC discussions.",active competitive evaluation with Cortex and build option
bab44a3601f32ece1a71428bd8e6c053,58182338308,Central Bank of Ireland - New Deal,Central Bank of Ireland,Classic,newbusiness,EMEA MM,Closed Lost,2026-07-22,2026-03-19,68,50000.00,50000.00,Matthew Bilsland,Bad timing,"[""Timing""]",3,2026-04-08,2026-03-19,"[""456cba2a9cde3de1dba759a662c53071"",""de9b1407e04774da232111933c5573dd"",""855e83c26f91c8931473a61ca4244f0e""]","[""Commercial"",""Value/Product"",""Timing""]",true,yes,"The transcript shows clear timing-related signals: Tony O'Brien emphasized ""significant internal foundational work required first"" and detailed an ""ongoing internal project to develop a platform engineering team and operating model within CBI, which is a prerequisite for adopting a tool like Port.io."" Gareth Porter noted they need to ""first secure buy-in from senior leaders for the concept of platform engineering itself before discussing specific tooling"" and requested budgetary pricing for their annual budgeting process due in May/June, with follow-up tentatively scheduled for Q3.",
02d2a48a3af9c27cfb7f6a56d59996e4,58447618187,Infineon Technologies (KC) - Backstage Replacement,Infineon Technologies,Classic,newbusiness,EMEA Ent,Closed Lost,2026-07-21,2026-03-26,103,0.00,0.00,John Barnes,Bad timing;Early stage,"[""Timing""]",3,2026-05-13,2026-04-09,"[""0128beba5a48afe61f607ef94fb1e27f"",""4e5cf0d0a8c57597b6f6e9697999039c"",""98f2765eed417754b1f2eb91b12edc67""]","[""Commercial"",""Value/Product""]",false,likely_no,"The transcript shows Infineon already has a mature self-service platform using Backstage, and they're exploring Port primarily for specific capabilities like cataloging and scorecards rather than due to timing or readiness issues. The deal appears to be progressing with POV planning and management engagement, suggesting the loss was more likely competitive since they already run Backstage.",prefers existing Backstage platform
2011e24500bf0ddaee6145e0a59071b7,39011045463,DeLaval,DeLaval,Classic,newbusiness,EMEA Ent,Closed Lost,2026-07-21,2025-06-18,376,162000.00,90000.00,James Pritchard,Not right company/ persona,"[""Fit""]",3,2026-01-28,2025-07-15,"[""08bccfc82dd3fe7de3ddd87478acfd76"",""d880f45a6b297016512881fc2b453639"",""ab432813eb393aa912019bf14a23b664""]","[""Commercial"",""Competitive"",""Fit"",""Sponsorship"",""Value/Product""]",true,yes,"The transcript shows DeLaval is a legitimate enterprise prospect with proper stakeholders (SRE Manager Adam Makowski), decision-makers (CTO and VP-level management), and a structured evaluation process including POC, security assessment, and upcoming management demo. They have real technical needs (replacing difficult-to-manage self-hosted Backstage) and are following a normal enterprise buying process with sourcing and legal steps planned.",
808e04fff510da5ce5a06894fe5364a8,51938205708,Selective Insurance,Selective Insurance,Classic,newbusiness,US MM,Closed Lost,2026-07-15,2025-12-16,205,112000.00,112000.00,John Romano,Competition,"[""Competitive""]",2,2026-07-10,2026-06-24,"[""694e018ba16d02282b41bf05da6c0831"",""744906a74ae39552299a7b0c8ec3e5d1""]","[""Commercial"",""Competitive"",""Security"",""Value/Product""]",true,yes,"The transcript clearly shows Selective Insurance is actively evaluating Backstage versus Port, with Domenic detailing multiple items they've already built in Backstage (services catalog, ownership model, upvote feature, SonarQube integration, appsec dashboard, stack generator) and describing ongoing internal debate about whether to continue with their Backstage implementation or adopt Port's commercial solution.",
2cc0732a74c3e39b2c84ebe684078d24,59418916701,Happening,Happening,Classic,newbusiness,EMEA MM,Closed Lost,2026-07-11,2026-04-22,45,100000.00,100000.00,James Butcher,Bad timing,"[""Timing""]",3,2026-06-11,2026-06-01,"[""a58d704f80e0a9b880d369f7612c58a2"",""10b453cecca6fcc4cc2a2345e49865fd"",""93f7cd52492468fe00318b6dba4396be""]","[""Commercial"",""Value/Product"",""Timing"",""Sponsorship""]",true,yes,"The transcript shows clear signals supporting ""Bad timing"" - Bojan explicitly states that securing VP-level buy-in is ""crucial due to budget controls"" and emphasizes ""the necessity of VP-level sponsorship for any financial commitment."" The deal requires engaging key stakeholders like Luca (VP of Tech) who hasn't been brought into the process yet, and Jonah who has been unavailable due to a cybersecurity incident, indicating timing challenges around getting the right decision-makers aligned.",
ffc03f99a4a9cca9743594ab4fd1a4af,43128788832,Travel Perk,Travel Perk,Classic,newbusiness,EMEA MM,Closed Lost,2026-07-11,2025-08-29,311,150000.00,150000.00,Matthew Bilsland,Champion left/ Company cuts,"[""Sponsorship""]",3,2025-10-15,2025-09-02,"[""52a2519fa038f9c2e826375cf3d6d802"",""5994c2b5842628f7a1573b3e4b1489ed"",""e5854e692d751eef12a5eacc3a07b766""]","[""Commercial"",""Competitive"",""Fit"",""Timing"",""Value/Product""]",false,likely_no,"The transcript shows TravelPerk actively engaged in POC planning and evaluation, with Byron wanting to ""start the POC as soon as possible"" and discussing a competitive evaluation process aimed at a ""January rollout."" While there was an earlier pause due to infrastructure orchestration priorities, the calls show renewed engagement rather than champion departure or company cuts.","timing/prioritization issues, competitive evaluation in progress"
209e08b5e345f57093b1df9cd33d640c,61110097312,Versa Networks,Versa Networks,Classic,newbusiness,US MM,Closed Lost,2026-07-10,2026-06-15,18,50000.00,50000.00,Jill Countey,Bad timing,"[""Timing""]",1,2026-06-23,2026-06-23,"[""d02a5f7a8064f4278b90a2e2f4c977b4""]","[""Commercial"",""Fit"",""Value/Product""]",false,yes,"Ravi mentions they will ""try to set up a free trial instance of Port and integrate some of his tools to see if it works behind their firewall"" and needs to ""ask his teammate for their availability for the next demo,"" indicating they are in early evaluation stages and need to coordinate internally before moving forward.",
7b36fb0bfc7c3f045f1b1cecdfb9d8a5,60487390984,KODE Labs,KODE Labs,Classic,newbusiness,US MM,Closed Lost,2026-07-09,2026-05-21,49,70800.00,70800.00,Daniel Alper,Budget;Bad timing,"[""Timing"",""Commercial""]",3,2026-07-02,2026-06-10,"[""908f999bed41397536a3a1ab1e1ac35e"",""49793864e577edb5328f061c0ecbdb9f"",""5b71b7e9dc3309473988385b4dc87cba""]","[""Commercial"",""Value/Product"",""Timing""]",true,yes,"The transcript shows clear signals supporting both budget and timing concerns. Carl explicitly states that the decision ""hinges on the pricing of JSM"" and mentions difficulty getting executive buy-in from founders who ""need clear, immediate value, often questioning the need for new tools."" Additionally, Carl requests ""more time"" and indicates they're aiming for implementation ""by late July/early August,"" showing timing dependencies on other decisions and budget cycles.",
5f978dc3d5c4e11ca225573e11f53675,40638201857,InPost,InPost,Classic,newbusiness,EMEA Ent,Closed Lost,2026-07-08,2025-07-22,345,300000.00,300000.00,James Pritchard,Champion left/ Company cuts,"[""Sponsorship""]",3,2026-03-04,2026-02-25,"[""299fb79ad84572cb3e988fffc873d450"",""837a47d6121dc0cfb71a8455176b1103"",""61f1553ae32a9641c16e474abef76649""]","[""Commercial"",""Value/Product""]",false,yes,"The transcript shows clear forward momentum with multiple stakeholders engaged, specific technical discussions about metrics and AI integration, concrete next steps planned including a deep dive session with the AI team, and coordination between multiple team members (Marta, Cesare, Tomasz Michalski) to move the evaluation forward - none of which would be happening if the champion had already left or company cuts had been implemented.",
852e0e3b47ebdb5892a564099b11f2e8,57830091286,iProov,iProov,Classic,newbusiness,EMEA MM,Closed Lost,2026-07-08,2026-03-10,99,100000.00,100000.00,Matthew Bilsland,Not right company/ persona,"[""Fit""]",2,2026-03-19,2026-03-10,"[""dc3296ac20190701a7b88dba2f2ef60d"",""5001d38f07f1c1f43f07c58f7f97c527""]","[""Commercial"",""Security"",""Value/Product""]",false,likely_no,"The transcript shows iProov as a legitimate enterprise prospect with clear technical needs around AI governance, security compliance, and DevOps automation. Panos is the Head of Red Team with genuine authority over security concerns, and Joel appears to be another technical stakeholder. They have specific use cases (agentic workflows, GDPR compliance, incident response), budget discussions are planned with the CIO, and next steps include trials and demos with key decision-makers. This appears to be the right company profile and personas for an IDP solution.",wrong company/persona assessment - legitimate enterprise prospect with appropriate technical stakeholders
6152c225369b62f7feb10a8e586be30c,58380750744,Danske bank (KC) - Backstage Replacement & AEP,Danske Bank,Classic,newbusiness,EMEA Ent,Closed Lost,2026-07-07,2026-03-26,83,0.00,0.00,John Barnes,Competition,"[""Competitive""]",2,2026-04-15,2026-04-15,"[""6de9d28cad46f9fc735a19bd6cdb4be0"",""bc812a4a216ecaa7ffbf33d7d92d4776""]","[""Commercial"",""Fit"",""Security"",""Value/Product""]",false,yes,"The transcript clearly shows Danske Bank is ""augmenting/replacing Backstage due to the heavy lift, resource demands, time to value, and maintenance"" issues, which directly corroborates a competitive loss where they are moving away from the Backstage competitor to evaluate Port as an alternative solution.",
d18e9a32ba3af1d2195a3933db2fac87,58162021925,Smartsheet,Smartsheet,Classic,newbusiness,US MM,Closed Lost,2026-06-26,2026-03-19,92,250000.00,250000.00,John Romano,Competition,"[""Competitive""]",3,2026-06-25,2026-05-21,"[""76a42d4d021a804abca0bcc53037ca36"",""98aaa4aebaeffb3efb8edd068c52f1fd"",""c170885df7a15fea9f5db9a69ceaae44""]","[""Commercial"",""Competitive"",""Fit"",""Value/Product""]",true,no,"The transcript clearly shows Smartsheet decided to move forward with Cortex, with Li confirming ""the decision was not primarily about cost"" but rather Cortex's ""lower perceived operational load and more opinionated product design"" making it ""easier to implement and maintain compared to Port's open-slate approach."" This is a clear competitive loss to Cortex, which corroborates the stated ""Competition"" reason.",
8efcb5cc35026afc0262f7cd80160606,58938099570,Finova,Finova,Classic,newbusiness,EMEA MM,Closed Lost,2026-06-24,2026-04-09,55,72000.00,72000.00,James Butcher,Bad timing;Early stage,"[""Timing""]",3,2026-06-12,2026-06-05,"[""103a45f1a89e381f25644068dadac8f9"",""f5059066331b11a75a13f5e72efbc746"",""d12e316c0bfd5d2b8fc6e22bba376fe6""]","[""Commercial"",""Value/Product""]",false,likely_yes,"The transcript shows clear signals supporting both ""Bad timing"" and ""Early stage"" reasons. Pete explicitly stated that ""Finova is not yet at a stage where they require such advanced tooling"" and indicated they are ""likely six months away from needing such a solution,"" with plans to ""reconnect later in the year."" Additionally, Finova engineers expressed concerns about current manual effort and questioned the platform's value given their current maturity level.",
26d8f1f82cd58df8b60e1661385881fc,54321175220,Mobileye Vision Technologies,Mobileye Vision Technologies Ltd.,Classic,newbusiness,EMEA MM,Closed Lost,2026-06-18,2026-01-22,118,400000.00,400000.00,Sharon Peretz,Internal Build,"[""Competitive""]",3,2026-03-16,2026-02-19,"[""a726ba2482223fcdfe3d57ad96bf3579"",""07e5e1bb3263e777ddadde06af08432a"",""7a5381f37417d8b41fb70be7ea6a9b2f""]","[""Commercial"",""Value/Product""]",false,no,"The transcript shows detailed pricing negotiations and POC planning, with Roye requesting proposals and committing to internal reviews. There's no mention of Mobileye having an existing internal build, preferring to build their own solution, or choosing to develop an in-house portal instead of purchasing GetPort's platform.",pricing concerns and contract term flexibility
d943a1bb29b6ab2b17f8c1d685b8c2fb,43323955989,STIME - Les Mousquetaires,Les Mousquetaires,Classic,newbusiness,EMEA Ent,Closed Lost,2026-06-16,2025-09-04,279,200000.00,200000.00,Benjamin Duckworth,Product;Budget,"[""Value/Product"",""Commercial""]",3,2025-11-19,2025-09-16,"[""2bf5a599a99dcb5a24b4995ab2d8ed76"",""2eac00c6c2e01f9aa45b30569c660005"",""554abe2c8eef0342d17a59e8f1816971""]","[""Commercial"",""Value/Product"",""Security"",""Timing""]",true,likely_no,"The prospect expressed concerns about the per-user licensing model potentially hindering adoption beyond developers, and they are evaluating Port against other candidates with POCs planned for early next year, indicating this is more of a competitive evaluation and timing issue rather than fundamental product gaps or budget constraints.",competitive evaluation with deferred timeline
bfed5eb693a6f0cb19b4158af8a9adc8,60383598692,Phoenix Energy,Phoenix Energy,Classic,newbusiness,US MM,Closed Lost,2026-06-11,2026-05-19,9,18000.00,18000.00,EJ Rauseo,Champion left/ Company cuts,"[""Sponsorship""]",2,2026-05-27,2026-05-22,"[""5790e01b57c6a6475679887df98047b6"",""dd16dada040db53bc7f83eac8e0cbe10""]","[""Commercial"",""Security"",""Value/Product""]",false,yes,"The transcript shows clear signals of engagement and forward momentum with Kris expressing interest in exploring the demo environment and free tier, scheduling follow-up meetings, and discussing pricing details, but contains no evidence contradicting the stated reason of ""Champion left/Company cuts"" - these organizational changes typically occur after such positive interactions.",
4c03f4b1b27c794de4c94b5940a49655,61085526439,Booking.com - Backstage Replacement - 6k Users,Booking.com,Classic,newbusiness,EMEA Ent,Closed Lost,2026-06-11,2026-02-24,94,0.00,0.00,John Barnes,Competition,"[""Competitive""]",3,2026-06-09,2026-03-10,"[""4edb01799932a8c4af22024a686272ed"",""f708c7fc5d45d927b0069d6dda25c582"",""e614eb9ded468698987a7ae8ddb44876""]","[""Commercial"",""Value/Product"",""Competitive"",""Fit"",""Timing""]",true,yes,"Bruno confirms that Booking.com has implemented Backstage and challenges Port to decouple its agentic offering from its full engineering portal, stating that ""integrating parts of their solution into existing portals would be more feasible for Booking.com."" This indicates they prefer to keep their existing Backstage implementation rather than migrate to Port's full platform.",
be014d77eb853bebb978090bc33f7f8a,47660359547,Eneco,Eneco,Classic,newbusiness,EMEA MM,Closed Lost,2026-06-11,2025-10-30,217,72000.00,72000.00,James Butcher,Early stage;Bad timing,"[""Timing""]",1,2025-11-06,2025-11-06,"[""eb355cdcb9e74fcf8cdf15a421c8d5a3""]","[""Commercial"",""Value/Product"",""Timing""]",true,yes,"The transcript clearly shows Eneco is in the early stages of their platform journey, with George stating they are ""in the early stages of its platform journey, exploring IDPs"" and ""in the initial phase of its IDP journey."" Additionally, there are timing elements as they are just starting a POC with GetDX and need to consolidate various scattered documentation systems before moving forward.",
160e2afb778baf5f0dbb9cae3286624a,56288447039,Applied Systems,Applied Systems,Classic,newbusiness,US MM,Closed Lost,2026-06-10,2026-02-13,100,393000.00,393000.00,EJ Rauseo,Product;Competition,"[""Value/Product"",""Competitive""]",3,2026-04-21,2026-04-10,"[""7fd98ef8c8a87a0f84550f8a0bcbf236"",""3e4f2aa16e849e547681b8a9bf5baa6c"",""1a00789cec6924a849d46a810774f8a4""]","[""Commercial"",""Fit"",""Timing"",""Value/Product""]",true,no,"Applied Systems expressed concerns about the number of issues encountered during the short pilot, which impacted implementation speed, and they needed to internally review the POC outcomes before deciding on next steps. While Port acknowledged various technical issues and offered solutions, the customer's primary concern was about implementation challenges rather than product capabilities or competitive alternatives.",implementation issues and pilot concerns
74539e4ef8697a0053b3ede96cae5ada,56697417911,OutSystems,OutSystems,Classic,newbusiness,EMEA MM,Closed Lost,2026-06-04,2026-02-20,69,150000.00,150000.00,Sharon Peretz,Competition,"[""Competitive""]",3,2026-05-05,2026-04-10,"[""e797aa14d3f09cc344bb555bc6e0211b"",""2d3831596ad300c5ecd5dc9c191c9f0e"",""d7e7e2ded157ef7eef36109a1e9c26bd""]","[""Commercial"",""Value/Product"",""Timing""]",false,yes,"The transcript clearly shows OutSystems is evaluating ""build vs. buy"" with their architect Valentin spending two weeks building an internal context lake as an alternative to GetPort.io, and London mentions this is a top-down executive mandate to prioritize building over buying solutions. This directly corroborates the ""Competition"" reason since internal build is explicitly listed as a competitive scenario.",
27041ebd3efc5eda6a48c35247f64843,31963869097,Trane Technologies,Trane,Classic,newbusiness,US Ent,Closed Lost,2026-05-26,2025-01-13,488,240000.00,240000.00,Jeff Graham,Bad timing,"[""Timing""]",2,2025-04-11,2025-01-23,"[""9e7b3d267fdac31e891ee898b7d9714a"",""011f766c3f1c2045e1b6281ecbcbbcc4""]","[""Commercial"",""Value/Product"",""Security"",""Timing""]",true,likely_no,"The transcript shows active engagement with detailed discussions about implementation, customer success frameworks, onboarding 300 developers, phased rollouts, and partnership collaboration. There are no signals indicating timing issues, budget cycles, or deferral to future periods. Instead, the conversations focus on concrete implementation details and partnership structure.",active deal progression with implementation planning
34ce9b279d2304e285eb7f2209bb08c7,54314206131,GoFundMe,GoFundMe,Classic,newbusiness,US MM,Closed Lost,2026-05-19,2026-01-21,117,200000.00,200000.00,John Romano,Competition,"[""Competitive""]",3,2026-05-15,2026-04-30,"[""47ac55396caa74d552c807d0a20a4ad9"",""f58c7f7ff8f7875a2d0fc77688f4c6e4"",""6b8e7e9cd6df820c7b66a76ce7b1168c""]","[""Commercial"",""Competitive"",""Fit"",""Timing"",""Value/Product""]",true,yes,"The transcript clearly shows GoFundMe chose Cortex over Port, with the summary explicitly stating ""GoFundMe's decision to choose Cortex over Port due to its more opinionated, out-of-the-box solution with pre-built scorecards and a stronger initial visual appeal"" and ""GoFundMe decided to go with a different, more opinionated solution, likely Cortex, over Port.""",
59f7efc980b9937c2d4c28261f71e4c9,58158685341,Alteryx Inc,Alteryx Inc,Classic,newbusiness,US MM,Closed Lost,2026-05-18,2026-03-18,54,200000.00,200000.00,Jill Countey,Product;Price,"[""Value/Product"",""Commercial""]",3,2026-05-05,2026-04-20,"[""b711c2793206feaffe83fe7a42f04c8e"",""ae26477715d84d9a521b09623bff9cf2"",""6bd09274b3dbc8236eb375238087931b""]","[""Commercial"",""Fit"",""Value/Product"",""Timing""]",true,yes,"Sara explicitly states the revised $244K offer is ""still not close enough to their internal build range of $200-250K to be pitchable"" and indicates they're doing a build vs. buy analysis. She also mentions the price point is ""higher than what they are looking to pay"" and suggests Port consider selling a standalone orchestrator product, indicating both product fit issues (wanting only part of the platform) and pricing concerns.",
d4978a3ec67e415f6a4f76cece737850,43191622228,MGM Resorts International,MGM Resorts,Classic,newbusiness,US Ent,Closed Lost,2026-05-14,2025-08-31,254,140000.00,140000.00,Rick Walker,Product;Competition,"[""Value/Product"",""Competitive""]",3,2026-05-13,2026-01-07,"[""d90032822b38d98596bef746752dfc51"",""ac4b7715e60b8ce919016199a1f8128f"",""6b42b5e1f9df49afb2abddbffe59461c""]","[""Commercial"",""Competitive"",""Fit"",""Sponsorship"",""Value/Product""]",true,no,"MGM explicitly decided to switch from Port to Backstage due to challenges with Port's catalog import process and successfully built a customized Backstage solution in under two weeks. Jeff formally requested account deletion and demonstrated their functional Backstage implementation, indicating they chose the competitive alternative over Port.",chose Backstage over Port
83533fe792b2bd048689c1d91e01135c,50459969374,ADEO,ADEO,Classic,newbusiness,EMEA Ent,Closed Lost,2026-05-12,2025-11-26,144,100000.00,100000.00,James Pritchard,Early stage,"[""Timing""]",2,2025-12-09,2025-11-28,"[""d3f2080f78b75bd5f72d0d973538284f"",""51dbf05fca80e9de267a38bb5ed4809a""]","[""Commercial"",""Value/Product""]",false,yes,"The transcript shows ADEO is in early discovery phase with no clear timeline, budget, or decision-making process established. They are still scoping requirements internally, requesting materials and examples to understand how Port would fit their workflows, and planning preliminary meetings to ""agree on a plan forward"" rather than moving toward a purchase decision.",
9790d934df4efc03bae3b69d0e2447ec,57576687105,Hubtel Limited,Hubtel,Classic,newbusiness,EMEA MM,Closed Lost,2026-05-12,2026-03-05,64,100000.00,100000.00,Matthew Bilsland,Product,"[""Value/Product""]",2,2026-03-10,2026-03-09,"[""5ef10601f41bce97b86c1ca870cec152"",""bf2a610c9b61389876adba09d341de73""]","[""Commercial"",""Value/Product""]",true,yes,"The transcript shows Hubtel expressing clear interest in Port's solution, with them having trialed the free version and preferring it over Backstage, presenting a business case to leadership, and requesting a deep dive demo focused on their specific VM deployment needs. There are no signals indicating product capability gaps or lack of value perception.",
7a61f6e7bb0b240ee56f3544903d02be,58369081867,Confluent IO,Confluent IO,Classic,newbusiness,US MM,Closed Lost,2026-05-11,2026-03-26,43,200000.00,200000.00,Jill Countey,Bad timing,"[""Timing""]",2,2026-04-02,2026-03-30,"[""a5c37f1baa042850febb9d3d046226d2"",""a26bec40f5c8e4574206a9220edbb7db""]","[""Commercial"",""Fit"",""Value/Product""]",false,likely_no,"The transcript shows Confluent actively evaluating Port with specific Q2 timeline requirements for their AI agent portal, requesting pricing information, and scheduling follow-up meetings to discuss implementation. However, they mention being ""in the early stages of evaluating"" and needing to ""connect internally to discuss how Port fits into their plan,"" which suggests they may not be ready to proceed immediately despite having defined timelines.","early evaluation stage, internal alignment needed"
5040034fc2c551599f2f13d102557694,53283305220,Cresta,Cresta,Classic,newbusiness,US MM,Closed Lost,2026-05-07,2026-01-06,39,72000.00,72000.00,EJ Rauseo,No value,"[""Value/Product""]",3,2026-04-08,2026-01-08,"[""2e4b5ebb93e85c83904fb04a29305b46"",""4c0f2afcf5690ea5974bd839c053200b"",""53e68239dc390d24dddc46aa0d6b7c89""]","[""Commercial"",""Value/Product"",""Security"",""Timing""]",true,likely_yes,"Florin expressed clear concerns about Port's value proposition relative to the $40/seat price point, stating he ""initially feels Port might not justify that price point"" and emphasizing that ""value perception is as important as budget."" He was also uncomfortable with ROI calculations upfront, citing lack of data for accurate projections, which suggests difficulty in seeing clear value.",
524c2aff12346815b0557de42f667508,59638544392,ATOS - Greenfield IDP (New Business),Atos Syntel Inc.,Classic,newbusiness,EMEA Ent,Closed Lost,2026-05-06,2026-04-24,6,0.00,0.00,John Barnes,Competition,"[""Competitive""]",1,2026-04-29,2026-04-29,"[""b593fe7250fb803ab3be99b32c3461ae""]","[""Commercial"",""Value/Product"",""Timing""]",false,yes,"The transcript clearly shows Atos Syntel is in a ""build-versus-buy decision, weighing the pros and cons of commercial platforms like Port against open-source solutions like Backstage, considering maintenance, ownership, and cost."" This directly corroborates the ""Competition"" reason, as they are actively evaluating Backstage (our competitor) as an alternative to Port.",
d352995b673604449f46b4bcf56a265a,51442306147,Garner Health,Garner,Classic,newbusiness,US MM,Closed Lost,2026-05-01,2025-12-08,144,50000.00,50000.00,Jill Countey,Product,"[""Value/Product""]",3,2026-01-06,2025-12-09,"[""1b040efa4873a016f1e9772026af273e"",""0ce0859062bf98e2f917bdf945ce2052"",""88e5a3c9811ed02866b667cc37123a3c""]","[""Commercial"",""Value/Product"",""Timing""]",true,likely_no,"The transcript shows Garner is actively evaluating GetPort.io with clear use cases (compliance, vulnerability management, service catalog), discussing specific implementation details like scorecards and automations, and expecting a decision mid-Q1 with CTO approval and budget considerations. This points toward budget/timing constraints rather than product inadequacy.",budget/timing constraints pending CTO approval
e15cd129323ca9a52185dceb265cbcd3,36463881087,Tekion,Tekion,Classic,newbusiness,US MM,Closed Lost,2026-04-29,2025-04-29,358,200000.00,200000.00,Jill Countey,Competition;Bad timing,"[""Timing"",""Competitive""]",3,2026-03-05,2026-02-25,"[""ff569c03fe42d01ffb86212878bbbb20"",""e834f4abf0554df04257ef625795985c"",""50db0a779c487caa2f235f7d8bb729c8""]","[""Commercial"",""Competitive"",""Fit"",""Security"",""Timing"",""Value/Product""]",true,yes,"The transcript clearly shows competitive signals with Dinesh stating ""both Port and Cortex are competitive, solving 80% of IDP problems, but highlights Cortex's reporting tool, CQL, and recommendation mechanism as differentiators."" Additionally, timing signals are present with delayed demos due to ""leaders being in India for critical program kick-offs"" and the demo being rescheduled, indicating timing challenges in the decision process.",
fc7c53e2d0b044aa5f83daa56b3afb23,59728215661,Direct Supply,Direct Supply,Classic,newbusiness,US MM,Closed Lost,2026-04-29,2026-02-23,57,153000.00,153000.00,John Romano,Competition,"[""Competitive""]",3,2026-04-27,2026-04-17,"[""87a7b40e74eda83b2e45e0d1f08a3506"",""b098dea89e2ba04b75871fad6a3878cd"",""ac462ba5be238b61c6fb9eddcfc0c447""]","[""Commercial"",""Value/Product""]",false,yes,"The transcript shows active POC work, technical troubleshooting, and planning for executive presentations, but contains no signals of competitive displacement. The prospect is engaged in ""beautification week"" preparation for executive review and discussing ROI estimates, indicating they are seriously evaluating Port rather than having chosen a competitor. No mention of Backstage, Cortex, Harness, OpsLevel, or internal build preferences appears in the calls.",prefers Port over competitors based on POC progress
391d4b86ab7f9a760c67ff9775443d18,40312745306,Toast,Toast,Classic,newbusiness,US Ent,Closed Lost,2026-04-23,2025-07-16,258,100000.00,100000.00,Tali Cohen,Competition,"[""Competitive""]",2,2025-08-08,2025-07-18,"[""64a40c54845ac6f34777cd5ef28a9cd8"",""f0d65e4e3f96ecf842b6f01745a50d70""]","[""Commercial"",""Value/Product""]",false,yes,"The transcript shows Toast already uses Backstage and is interested in how Port could integrate with their existing Backstage setup, indicating they have an established competitive solution. Additionally, Toast expresses caution about automated actions and wants to ensure proper guardrails, suggesting they may prefer their current tooling approach over adopting a new platform.",
449b572253156bad0eec15e3e1c2562b,35423163680,Next,Next,Classic,newbusiness,EMEA Ent,Closed Lost,2026-04-22,2025-04-03,259,150000.00,150000.00,Benjamin Duckworth,Bad timing,"[""Timing""]",2,2025-09-10,2025-07-24,"[""5a4bd8f37984ca20e7c6e8d352f5821e"",""fe752793e353e61827542002d4c64dbb""]","[""Value/Product"",""Commercial"",""Sponsorship""]",false,likely_no,"The transcript shows active engagement with Port's solution, detailed technical discussions about integration capabilities, and forward momentum with planned follow-ups and business case exploration. Mark expressed interest in the self-service portal concept and agreed to explore implementation as part of Next's existing standardization initiative. No timing constraints, budget cycles, or deferral signals were mentioned.",active evaluation with technical fit and forward momentum
e4f0cb58453e3c997db876bcc81059bb,43507392852,JD Sports Fashion,JD Sports Fashion plc,Classic,newbusiness,EMEA Ent,Closed Lost,2026-04-22,2025-09-09,132,100000.00,100000.00,James Pritchard,Not right company/ persona,"[""Fit""]",1,2025-12-04,2025-12-04,"[""75e68ee05a57df6e1fe0ba80b24c87ea""]","[""Commercial"",""Value/Product"",""Timing""]",false,likely_no,"The transcript shows JD Sports has a legitimate technical need (accelerating composable commerce deployment across 12 markets in 6 months, optimizing CI/CD from 90-minute to single-digit deployment times) with proper stakeholders (Rajasekaran from group technology setting standards), a substantial team (80 engineers), and active engagement in scheduling follow-ups to discuss product details before involving tech leads",shifted focus from IDP to CI/CD optimization needs
433fb5c910ee838b575c9d365c625cd0,39009237903,Telstra,Telstra,Classic,newbusiness,APJ,Closed Lost,2026-04-15,2025-06-18,265,100000.00,100000.00,Scott Dunion,Bad timing,"[""Timing""]",1,2025-07-03,2025-07-03,"[""a4c0f56a7a772c8e12a0821d4ddae7d1""]","[""Commercial""]",false,unknown,"The transcript shows only positive engagement with demo content, feature discussions, and forward momentum including scheduled follow-ups in 3 weeks and potential in-person visits. No timing constraints, budget cycles, fiscal year references, or deferral signals are mentioned that would corroborate ""Bad timing"" as the loss reason.",
bf29cfe43f3e1eca24f3a06385a92c2e,58211070822,Boostlingo,Boostlingo,Classic,newbusiness,US MM,Closed Lost,2026-04-15,2026-03-20,24,24000.00,24000.00,Daniel Alper,Product;No value;Price,"[""Value/Product"",""Commercial""]",3,2026-04-08,2026-03-23,"[""243681bbbd0b794cdacd8391fa86ca51"",""c7e66afed1761de2b762de6c36b204ad"",""cf5e27cc0bbf4369f5f87f4a92401f73""]","[""Commercial"",""Value/Product"",""Security"",""Timing""]",true,likely_no,"The transcript shows Boostlingo actively engaged in technical discussions about Port's capabilities, with specific interest in AI agent orchestration and scorecard features. They're moving forward with integration setup and sprint planning, with clear next steps defined. However, the stated reason mentions ""Product;No value;Price"" but there's no evidence of capability gaps, value skepticism, or pricing concerns - instead they're discussing paid sprints and asking Ben to evaluate ""whether to buy.""","active evaluation with paid sprint, no product/value/price objections evident"
08bd8f66791fb2327d3c3ccc78de6157,49779195798,McKinsey & Company,McKinsey & Company,Classic,newbusiness,US Ent,Closed Lost,2026-04-13,2025-11-21,124,100000.00,100000.00,Travis Dadoly,Bad timing,"[""Timing""]",2,2025-12-15,2025-12-10,"[""0049c94d4668b674e0904b4277940d5c"",""a48e4a8c2a3ea255373b556225bcb170""]","[""Commercial"",""Value/Product""]",false,likely_yes,"The transcript shows a meeting being rescheduled to January due to weather conditions, and the prospect requesting to reschedule suggests timing constraints. Additionally, the use case appears to be driven by ""bottom-up pain point from specific teams, not a firm-wide executive project,"" indicating this may not be prioritized timing-wise for a broader organizational purchase.",
da35b422080973a51545532d88f64c49,53284612654,Expression,Expression,Classic,newbusiness,US MM,Closed Lost,2026-04-09,2026-01-06,79,18000.00,18000.00,Daniel Alper,Security,"[""Security""]",3,2026-03-06,2026-01-09,"[""3651c97b7eaddacfd453347ad3b43256"",""f48e19509b1bf397d4489e4f4efc5884"",""c6470c7d8e81aa8289a16af49a0b2568""]","[""Commercial"",""Value/Product"",""Security""]",true,yes,"The transcript shows clear security and compliance concerns that corroborate the stated reason. Benjamin's team is specifically ""evaluating CMMC compliance"" and needs to understand ""how much of their project surface area can utilize the tool"" and ""potential constraints."" The discussion focuses on compliance assessment and GetPort.io offers their ""GRC team to assist Expression's internal team with any compliance-related questions,"" indicating security/compliance was a central concern in the evaluation.",
dc4cff9b49dce128f0491bda8eed3640,53014767140,Bullish,Bullish,Classic,newbusiness,US MM,Closed Lost,2026-04-09,2026-01-06,88,98000.00,98000.00,EJ Rauseo,Competition,"[""Competitive""]",3,2026-04-08,2026-03-24,"[""0ebac38e9e6395ab192f8422b0943a26"",""ac6ca2592c6aadf14917f6aa4dc66125"",""98fc1eeeef01cd0003f26e05c9db06e9""]","[""Commercial"",""Competitive"",""Fit"",""Timing"",""Value/Product""]",true,yes,"The transcript clearly shows Bullish decided to stick with Backstage for at least six more months despite Port outperforming in their evaluation, which directly corroborates the ""Competition"" closed-lost reason. The summary explicitly states ""Bullish's decision to stick with Backstage for their IDP solution"" and describes Backstage as their chosen competitive alternative.",
7883fb6e01a929a514b196ecb1ef7851,41901316614,CheckPoint Software Technologies Ltd.,CheckPoint Software Technologies Ltd.,Classic,newbusiness,EMEA MM,Closed Lost,2026-04-09,2025-08-13,224,200000.00,200000.00,Sharon Peretz,Product,"[""Value/Product""]",3,2025-10-19,2025-09-25,"[""d348af6fc419056e7a490db838be1b04"",""d9c4f2e0d171221978f4c40c444fa694"",""e39e576639a5e7f0e56ada73ba43bfbb""]","[""Commercial"",""Competitive"",""Fit"",""Security"",""Sponsorship"",""Timing"",""Value/Product""]",true,no,"Nati explicitly states he lacks dedicated human resources to lead the POC, can only commit 5-20% of his time, and emphasizes this makes ""a full POC challenging."" He also mentions that initial integrations (Jira, AWS) and basic milestones remain unfinished, indicating resource constraints rather than product capability issues.",insufficient resources for POC execution
170b262c0fa33ef11dd46508ee2e9478,50870372871,Cegid,Cegid,Classic,newbusiness,EMEA Ent,Closed Lost,2026-04-09,2025-12-02,84,150000.00,150000.00,Benjamin Duckworth,Competition;Price;Budget,"[""Competitive"",""Commercial""]",3,2026-02-18,2025-12-17,"[""32ddf8bf3553e4f0e09faf12627efedc"",""281d416ecb2b666e3b3ea1a7d6d38d51"",""70a1e1ae8845ac7e580edbc164027dd9""]","[""Commercial"",""Value/Product"",""Security"",""Timing""]",true,yes,"The transcript clearly shows Pierre confirming they are evaluating the open-source Backstage solution alongside Port, with a separate team handling Backstage and plans to ""compare notes later."" This directly corroborates the ""Competition"" component of the stated reason, as Backstage is a direct competitor to Port's IDP solution.",
2d2c83e33f4a1f9766c327bb345835f0,54970549588,Gelato,Gelato,Classic,newbusiness,EMEA MM,Closed Lost,2026-04-09,2026-01-29,37,21000.00,21000.00,Sharon Peretz,No value,"[""Value/Product""]",3,2026-03-31,2026-03-25,"[""79a9742cfd6c6a6b8936fc450fbc9e82"",""b65cac72d28a4dda022275b419c4bb30"",""4cb40a18fd88cf633bef468eee69d461""]","[""Commercial"",""Fit"",""Security"",""Value/Product""]",true,no,"The transcript shows active engagement with Port's automation capabilities, with the customer (Gelato/Sergio) planning to implement workflows, experiment with AI features, and scheduling follow-up meetings to review progress. There are no signals indicating the customer saw no value - instead they're actively working on implementation with specific next steps and continued engagement.",customer actively implementing and experimenting with Port features
f4fb0750276cfaf7f35a141087319442,54298799666,Open Bet,Open Bet,Classic,newbusiness,EMEA MM,Closed Lost,2026-04-08,2026-01-21,55,100000.00,100000.00,Matthew Bilsland,Bad timing,"[""Timing""]",1,2026-02-05,2026-02-05,"[""8902b67bbe463346dbc1703260f04e36""]","[""Commercial"",""Value/Product"",""Timing""]",true,likely_no,"Francis explicitly declined to set up an immediate follow-up meeting, stating he preferred to ""discuss internally first"" and didn't want to schedule anything concrete beyond a loose ""temperature check"" in a few weeks. This suggests the deal may have stalled due to lack of urgency or prioritization rather than timing constraints.",lack of urgency or internal prioritization
d090ccf02895c2a03496533d3747b922,50359153529,Q2,Q2,Classic,newbusiness,US MM,Closed Lost,2026-04-07,2025-11-25,119,200000.00,200000.00,Jill Countey,Price,"[""Commercial""]",3,2026-03-31,2026-03-26,"[""42cac2b712abfcf7d9f71843b83b982b"",""dec7dbca0bab9a952644db86f8fe7791"",""1094dabd201ac77dffa92d14961648d9""]","[""Commercial"",""Value/Product""]",true,likely_no,"Ranjit expressed concerns about the per-user license cost and will need to discuss the pricing model with his internal cloud team before providing feedback. However, the transcript shows active engagement in business case development, customer story discussions, and planning for POC timelines, suggesting price may not be the primary blocker but rather part of ongoing evaluation.",pricing concerns but active evaluation continuing
9b5635af9652c0e1e2e1b10b4fe0a421,40327964499,Wiley,Wiley,Classic,newbusiness,US Ent,Closed Lost,2026-04-07,2025-07-16,260,300000.00,300000.00,Tom Skarzynski,Competition,"[""Competitive""]",3,2026-01-12,2025-11-03,"[""a00d3b9d40bbeb874a69d971e9324dbc"",""311b64cb724c0e1dc4516d8e88a2c5e7"",""db014c6fd42d5cc81025984e88a22f31""]","[""Commercial"",""Value/Product""]",false,yes,"The transcript shows Wiley actively evaluating Port's engineering intelligence capabilities and planning demos for their SVP Kristen who has decision-making authority, with discussions about pricing, onboarding, and integration with existing tools, indicating they are comparing Port against other solutions in their evaluation process.",
d70063556dd934706506514b48685c81,43491028328,Zalando,Zalando,Classic,newbusiness,EMEA Ent,Closed Lost,2026-04-02,2025-09-09,58,250000.00,250000.00,Benjamin Duckworth,No value,"[""Value/Product""]",3,2026-02-03,2025-09-17,"[""0ad4586323ad55f1ee2f8de21bb8c37a"",""59be84e49c298aa20e80c8a7ed97a665"",""7c987d5f3b2fca51dda5950557a3d1d5""]","[""Commercial"",""Value/Product"",""Security""]",true,likely_no,"The transcript shows Zalando actively evaluating Port as a potential solution to replace their current Backstage-based portal ""Sunrise"" due to challenges with ""feature velocity, pace of innovation, and the cost/scaling implications."" Johannes is conducting internal evaluation with next steps scheduled, and Zalando is explicitly at a ""build vs. buy"" inflection point considering shifting from their build culture due to resource constraints. This suggests competitive/timing considerations rather than a fundamental lack of value in Port's offering.",competitive - evaluating build vs buy decision with existing Backstage solution
b309061d4c1814e9966bc0072bbf3860,56706533227,Genius Sports,Genius Sports,Classic,newbusiness,EMEA MM,Closed Lost,2026-04-01,2026-02-20,35,150000.00,150000.00,Matthew Bilsland,Early stage,"[""Timing""]",1,2026-02-24,2026-02-24,"[""c0465d8c68ea582b63f230c46fc729bd""]","[""Commercial"",""Value/Product""]",false,yes,"The transcript shows clear signals of an early-stage buyer: Genius Sports is still in discovery mode with no executive sponsor identified (only technical team members present), they're requesting a proof of value to assess the solution, and they acknowledge potential ""migration fatigue"" concerns that need to be worked through. The decision timeline of ""one to two months"" and need to define specific use cases indicates they're still in the evaluation and scoping phase rather than ready to purchase.",
9932a6d645ae4b1d7aa0099cb19ba8ac,52248171013,FIS,FIS,Classic,newbusiness,US Ent,Closed Lost,2026-03-27,2025-12-19,80,500000.00,500000.00,Travis Dadoly,Competition,"[""Competitive""]",3,2026-03-09,2026-02-11,"[""768b47e1435eadbd2d84fa468e3e5afa"",""71df871e1f84898880c48798a1f955c8"",""a4b63e5f5b311d5ee3a9f7626cdee089""]","[""Commercial"",""Competitive"",""Fit"",""Timing"",""Value/Product""]",true,no,"The transcript reveals that FIS has significant internal challenges including lack of clear leadership direction, vague project goals described as ""save the world"" with no clear asks, and confusion about project strategy and urgency. Scott specifically notes there's no clear business objectives and questions whether this remains a high priority, while Travis expresses his team's confusion about the project's direction. This points to organizational readiness issues rather than competitive displacement.",early stage - no clear leadership direction or business objectives
7c20d53343cd58522270255b94a1a539,36599500355,Meijer,Meijer,Classic,newbusiness,US Ent,Closed Lost,2026-03-26,2025-05-01,309,150000.00,150000.00,Tali Cohen,Early stage,"[""Timing""]",3,2025-07-23,2025-07-14,"[""328265d1da798eccc49741e32ef2973a"",""9f34816c553c8b63b3ce51342e22bc7b"",""815a72a7998fec8c71e5f117e7b333ca""]","[""Commercial"",""Value/Product""]",false,likely_no,"The transcript shows Meijer is actively developing a lean business case for FY2026 budget evaluation, with Joseph planning to present to his manager and director, indicating they have moved beyond early-stage readiness into formal budget planning and executive engagement processes.",timing/budget cycle
b84d646e855bceb9312c5411fbd1a1af,56200270644,Principal Financial - New Deal,Principal Financial,Classic,newbusiness,US Ent,Closed Lost,2026-03-25,2026-02-13,23,100000.00,100000.00,Tom Skarzynski,Early stage,"[""Timing""]",2,2026-03-12,2026-02-18,"[""755a61e6975038c763efd6c1ae7c00fd"",""0f67589eed36c00dae073e5e3ae1297e""]","[""Commercial"",""Competitive"",""Fit"",""Value/Product""]",false,no,"Principal Financial is already using Backstage as their IDP and has ""well-adopted"" it, with Connor specifically discussing concerns about ""time and money spent"" on Backstage and the duration to ship new features. The conversation centers on Port potentially replacing or extending their existing Backstage implementation, indicating this is a competitive loss to their current Backstage solution rather than an early-stage prospect.",prefers existing Backstage build
05e0215a102d2d215e00f2d017d612b9,36616837457,Amway Corp,Amway Corp,Classic,newbusiness,APJ,Closed Lost,2026-03-24,2025-05-02,316,155000.00,155000.00,Scott Dunion,Bad timing,"[""Timing""]",1,2025-06-06,2025-06-06,"[""e3f90d0fff9ebb4794e7807b6bba601d""]","[""Commercial"",""Security"",""Value/Product""]",false,likely_yes,"The transcript shows Sai's organization is ""currently in the process of obtaining approvals"" and that ""legal/pricing discussions will be handled by their vendor team,"" indicating they are working through internal approval processes rather than being ready to move forward immediately. However, there are also positive engagement signals like POV planning and next steps being scheduled.",
7e3b5781d7b5b49ee040b6df2f070af7,51441389068,Texas A&M University,Texas A&M University,Classic,newbusiness,US Ent,Closed Lost,2026-03-18,2025-12-09,93,75000.00,75000.00,Travis Dadoly,Budget,"[""Commercial""]",2,2026-01-06,2025-12-11,"[""0d249e77f054dea60c9d6efeae861e2f"",""3ab260a400720f0b6cbda072284fe503""]","[""Commercial"",""Competitive"",""Fit"",""Security"",""Sponsorship"",""Timing"",""Value/Product""]",true,yes,"The transcript clearly shows budget constraints with Joseph stating ""Full budget approval for the new solution will be available in September"" and Travis ""acknowledging the university's budget constraints and offering flexibility."" The March evaluation timeline with budget approval not until September indicates a timing/budget constraint that corroborates the stated budget reason.",
1b196203902541cf3e241d4c94e26da3,56443887264,L'Oreal,L'Oreal,Classic,newbusiness,EMEA Ent,Closed Lost,2026-03-17,2026-02-16,26,150000.00,150000.00,Benjamin Duckworth,Product;No value,"[""Value/Product""]",1,2026-02-19,2026-02-19,"[""90ab390182d2560ab150b35f4972ee33""]","[""Commercial"",""Sponsorship"",""Value/Product""]",true,likely_no,"The transcript shows L'Oreal has existing budget and sponsorship for a developer portal initiative, with Amine's primary objective being to ""assess whether a packaged solution like Port.io is more beneficial than building a custom in-house solution."" This indicates a build-vs-buy evaluation rather than a product value issue, and L'Oreal expressed interest in deeper exploration with follow-up sessions planned.",build vs buy evaluation
0eed58face0c5bbdb0d65b690618afc6,36541194869,CMC Markets,CMC Markets,Classic,newbusiness,EMEA MM,Closed Lost,2026-03-11,2025-04-30,280,72000.00,72000.00,Matthew Bilsland,Bad timing,"[""Timing""]",3,2026-01-19,2025-07-01,"[""f4fde1505d2bebc69b0a785ffe563f5b"",""19f4bcf8fc6181547905fbd2f972be96"",""4f850eba892948e675621f3997d67fcb""]","[""Commercial""]",false,likely_yes,"The transcript shows CMC Markets explicitly stating they are ""not ready to move forward with a Proof of Concept (POC) due to current priorities and workload"" and that ""a developer portal is not a high priority *yet* because they currently have only one squad."" They agreed to ""revisit the discussion when CMC Markets scales further"" in the coming months, indicating a clear timing/readiness issue.",
f5900dbd820b7d6cef4845b1840c0cba,36479034477,The Hong Kong Jockey Club,hkjc.org.hk,Classic,newbusiness,APJ,Closed Lost,2026-03-10,2025-04-29,254,125000.00,125000.00,Scott Dunion,Bad timing,"[""Timing""]",1,2025-05-14,2025-05-14,"[""681269e0be2561d224a9cf681bb0bd4a""]","[""Commercial"",""Security"",""Value/Product""]",false,likely_no,"The transcript shows active engagement with scheduled next steps including demos, debrief calls, and deeper dive discussions to explore specific use cases and proof-of-concept work, with no mention of timing constraints, budget cycles, or deferral to future periods that would support a ""bad timing"" reason.",high engagement with no timing constraints mentioned
6cdbcc0de7b1a01032f2b72d0b962dbb,53105348631,Data Axle,Data Axle,Classic,newbusiness,US MM,Closed Lost,2026-03-10,2026-01-02,54,72000.00,72000.00,John Romano,Bad timing,"[""Timing""]",3,2026-03-03,2026-02-17,"[""5eb8b18ce19cb203e5c8550215aad0fa"",""bf4b39261ce4b5fdaa935086cbd63791"",""7273b2fe412f4c4a51d9f49d45454dea""]","[""Commercial"",""Fit"",""Security"",""Timing"",""Value/Product""]",true,likely_no,"The transcript shows Roy has limited bandwidth and health issues affecting his availability, but the core discussion focuses on adapting the engagement approach (business case vs POC) to work around his constraints rather than deferring the purchase. Steve actively explores new use cases like the mainframe migration project and schedules multiple internal conversations to move forward, indicating current timing rather than bad timing.",resource constraints but active engagement
d3c0eacd203b01ba7a5a6efb0a4d8539,48473786975,Lytx v2,Lytx,Classic,newbusiness,US MM,Closed Lost,2026-03-09,2025-11-06,20,72000.00,72000.00,John Romano,Bad timing;No value,"[""Timing"",""Value/Product""]",3,2026-02-18,2025-12-12,"[""b532bd9999343a1d231352dfa4ab22c1"",""1af612d22cd2105c639917fdbe3eef47"",""769a70b40c67b8602dcb416f93b98f57""]","[""Commercial"",""Value/Product"",""Timing""]",true,likely_yes,"The transcript shows clear signals supporting both parts of the stated reason. For ""Bad timing"": Lytx expresses ""internal challenges regarding budget allocation, identifying key decision-makers, and strategizing how to present the value proposition to secure funding,"" indicating timing/budget process issues. For ""No value"": they raise ""key concerns regarding the pricing model, automation run limits, and the value proposition of GetPort.io's platform in relation to Lytx's existing environment,"" showing uncertainty about value justification.",
50a5bc3476a516eea20e7a6edc7b9595,36179236404,Labcorp,Labcorp,Classic,newbusiness,US Ent,Closed Lost,2026-03-06,2025-04-24,281,200000.00,200000.00,Jeff Graham,Early stage,"[""Timing""]",3,2025-08-21,2025-06-26,"[""9711391ccc810c9681db3102ca5a2c51"",""ef8e0b5274527a23a2e121c947f9b69a"",""6234d9c77e123730d0c45282ca2d50f6""]","[""Commercial"",""Fit"",""Timing"",""Value/Product""]",true,yes,"The transcript shows an active implementation and integration process with GetPort.io, including technical work on Jenkins, Jira, BitBucket, and ServiceNow integrations, plus preparation for leadership demos. However, this represents a proof-of-concept or pilot phase rather than a committed purchase, with the team still working through technical issues and preparing to demonstrate value to senior leadership who haven't yet seen the solution in action.",
07e0d90595e9108acf4ed8b3f0c98749,38573645934,Charter Communications,Charter Communications,Classic,newbusiness,US Ent,Closed Lost,2026-03-06,2025-06-06,242,100000.00,100000.00,Jeff Graham,Bad timing,"[""Timing""]",1,2025-06-09,2025-06-09,"[""dce19474c575614405ddcb12ce12c214""]","[""Commercial"",""Value/Product"",""Other""]",false,likely_yes,"The transcript shows Scott expressing concern about Charter's ""complex procurement process that can make it difficult to onboard new vendors"" and indicating he needs to ""discuss the potential with his leadership team"" and ""talk to his senior director to see if there is an appetite for the solution."" This suggests the deal timing depends on internal approvals and organizational readiness rather than immediate purchasing authority.",
3a5b8ca5303397aa532556947b57f5f5,52031562547,Radiology Partners,Radiology Partners,Classic,newbusiness,US MM,Closed Lost,2026-03-04,2025-12-17,24,18000.00,18000.00,EJ Rauseo,Budget,"[""Commercial""]",3,2026-02-17,2025-12-17,"[""bbe6161afdb827c7915fcf8dd40a3565"",""b0c3d9e554858a5a1b7c84af619e3ae8"",""3236aa2077386518a84cf39feea5ca60""]","[""Commercial"",""Security"",""Value/Product"",""Timing""]",true,yes,"The transcript contains clear budget-related signals corroborating the stated reason. Paul explicitly states ""the main challenge is not convincing stakeholders but finding available budget, as the annual budget is already set"" and describes needing budget reallocation from ""other over-budgeted items"" through a ""black box"" process controlled by his VP. The discussion centers on budget approval processes, reallocation challenges, and waiting for VP feedback on budget availability.",
92c4a38e086c6141c5e0e76cec59d988,29036242038,Lenovo,Lenovo,Classic,newbusiness,US Ent,Closed Lost,2026-03-03,2024-11-13,450,100000.00,100000.00,Jeff Graham,Bad timing,"[""Timing""]",3,2025-05-07,2025-03-06,"[""6818d2624bada8f112732626651ef403"",""2fc11e5c9cd15ae0688dcd0eb4bd0792"",""8417807ef50f9549bd1d40a8b1818aa2""]","[""Commercial"",""Timing"",""Value/Product""]",true,yes,"The transcript clearly shows Lenovo deferring the purchase due to resource constraints and workload timing, with explicit agreement to ""revisit the opportunity in the last quarter of the year when Lenovo's workload would be lighter"" and concerns about ""the time and effort required"" given their ""team's full workload and development priorities.""",
65f35aa33d8a85d4d4bd79b9e4033532,32302854067,Clarivate Plc,Clarivate,Classic,newbusiness,EMEA Ent,Closed Lost,2026-03-03,2025-01-21,384,72000.00,72000.00,Benjamin Duckworth,Budget,"[""Commercial""]",3,2026-03-02,2025-12-02,"[""8b52925f12b76aea61adf92f1a77f08a"",""b1c8310a9d4cfb3818fbd3cea2f48be0"",""279df01a577ca668928b14fec630aae0""]","[""Timing"",""No Engagement"",""Value/Product""]",false,no,"Sergey explicitly states that the delay is due to ""a lack of internal focus and capacity to properly dedicate to an IDP implementation, rather than a budgetary issue"" and that ""the timing is not right due to other pressing priorities."" He specifically clarifies it's not about budget but about focus and timing.","timing and prioritization issues, not budget constraints"
8716b40027e073f29ff8d0300f8db15f,52072473655,8am,8am,Classic,newbusiness,US MM,Closed Lost,2026-02-25,2025-12-18,37,60000.00,60000.00,Daniel Alper,Bad timing;Early stage,"[""Timing""]",2,2026-01-08,2026-01-07,"[""d2a6552e41cb4dfdb2ce8529f9d4e43b"",""fa027568eb9762703330ec8bcc84b020""]","[""Commercial"",""Fit"",""Value/Product""]",false,likely_yes,"The transcript shows Kyle needing to ""evaluate GetPort.io's strategic fit within their existing utilities over the next couple of weeks"" and will ""internally assess the strategic fit"" before determining next steps. This evaluation period and need to determine strategic fit aligns with ""Bad timing"" (deferring the purchase decision) and ""Early stage"" (still scoping internally and assessing fit).",
7297b66f6951bd982a0b05cc92c5fca1,34885297512,Varonis,Varonis System Ltd,Classic,newbusiness,EMEA MM,Closed Lost,2026-02-19,2025-03-20,315,150000.00,150000.00,Sharon Peretz,Price,"[""Commercial""]",3,2025-05-29,2025-04-10,"[""b1be76c86538f603ff62c21d9a013e3a"",""42f70f95eb8b41c219dbebe52af5e7e7"",""b4174501c19c48417e9fdae01cb7409f""]","[""Commercial"",""Competitive"",""Value/Product""]",true,yes,"The transcript contains clear pricing concerns from Varonis, with multiple references to GetPort's pricing being ""too high for Varonis' budget"" and requests for ""competitive pricing proposal that aligns with their budget constraints."" Despite GetPort offering significant discounts (33% off, platform fee waiver, reduced per-seat pricing), Varonis continued to express budget concerns and pricing pushback throughout the negotiation process.",
3a54d2a6f32282b6dd8bab71003af4ef,56135881308,Coforma,Coforma,Classic,newbusiness,US MM,Closed Lost,2026-02-18,2026-02-12,2,29900.00,29900.00,EJ Rauseo,Early stage,"[""Timing""]",1,2026-02-13,2026-02-13,"[""df2e330545c04b46341cd56ffeea9b43""]","[""Commercial"",""Value/Product""]",false,yes,"James explicitly states he is ""ruling out DIY solutions like Backstage"" and seeks tools that ""don't require extensive maintenance by a large platform engineering team,"" indicating Coforma lacks the resources for complex implementations. Additionally, James is described as ""building a new in-house product platform"" which suggests they are still in the foundational stages of their platform practice, aligning with the ""Early stage"" reason where the prospect's platform maturity is not yet ready for a full IDP purchase.",
ead78451fa0c09afa1cedae2c099e551,55475181167,Jisr | Bridge HR,Jisr,Classic,newbusiness,EMEA MM,Closed Lost,2026-02-18,2026-02-04,7,70000.00,70000.00,Matthew Bilsland,Product,"[""Value/Product""]",1,2026-02-11,2026-02-11,"[""6ae9312f8d5ae15f68ace3170dcc04ff""]","[""Commercial"",""Competitive"",""Fit"",""Sponsorship"",""Timing"",""Value/Product""]",true,likely_no,"The transcript shows Jisr has an urgent need for an IDP solution and Port's capabilities directly address their manual provisioning bottleneck, with Othman actively evaluating vendors and planning next steps including potential POC. The only potential product concern is implied competitive evaluation, but no clear capability gaps or value objections are evident.",competitive evaluation in progress
d8ac2da6d6de67210300ec33aefe4531,36153379357,JPMorgan Chase & Co (GBP Harish),JPMorgan Chase,Classic,newbusiness,US Ent,Closed Lost,2026-02-12,2025-04-23,254,100000.00,100000.00,Tali Cohen,Champion left/ Company cuts,"[""Sponsorship""]",1,2026-01-09,2026-01-09,"[""e0d6cdcefaae0f6b008e61952dbd66da""]","[""Commercial"",""Security"",""Value/Product""]",false,likely_no,"The transcript shows active engagement with concrete next steps including setting up a new Port instance, providing write access to JPMC participants, scheduling follow-ups, and addressing security questionnaires. There's no indication of champion departure or company spending cuts - instead Jonathan (the champion) is actively coordinating next steps and follow-up meetings.",active deal progression with engaged champion
4bed7491c62a741fef12c9a0c9a0f01d,33055121445,BrainRocket,BrainRocket,Classic,newbusiness,EMEA MM,Closed Lost,2026-02-12,2025-02-05,344,72000.00,72000.00,Sharon Peretz,Early stage,"[""Timing""]",3,2025-12-19,2025-11-19,"[""f221aea04ca82821ba590232f7b518b0"",""d4fe117b84ec55ad7e2fc3548e2ae2a1"",""07f3b37856f6b0741880a56c24388196""]","[""Commercial"",""Security"",""Timing"",""Value/Product""]",true,yes,"The transcript clearly shows multiple signals supporting ""Early stage"": Oleg confirms the initiative is on ""hard stop"" due to budget constraints and project reshuffling, states the project doesn't relate to revenue (key factor in their selection process), and Zakhar explains that top management decided they're not organizationally ready, needing to first define internal processes and metrics before considering external solutions like Port.",
20324d8edb597bf924623c631402f8ec,50443104423,Nomi Health,Nomi Health,Classic,newbusiness,US MM,Closed Lost,2026-02-11,2025-11-24,79,54000.00,54000.00,Jill Countey,Bad timing,"[""Timing""]",3,2025-12-19,2025-11-26,"[""2dbdf0fc73e277638b874c5776b00be3"",""750bacca13f10baa6d3668809bdd13d0"",""c567bd21478342503c01b49f4741d6b9""]","[""Commercial"",""Security"",""Value/Product""]",false,likely_no,"The transcript shows an active evaluation with Nomi Health planning a Q1 2026 decision timeline, requesting POC scoping, security documentation, and NDAs for connecting to private repos. While there's a future timeline mentioned, this appears to be their planned evaluation schedule rather than a deferral due to bad timing. The prospect is actively engaged in technical discussions and moving forward with next steps.","active evaluation in progress, not timing constraints"
c37ce433d6a5b5e900255787a7890f48,51700958858,Heartflow,HeartFlow,Classic,newbusiness,US MM,Closed Lost,2026-02-05,2025-12-11,49,48000.00,48000.00,EJ Rauseo,Product,"[""Value/Product""]",3,2026-01-22,2026-01-13,"[""da77586ebbc8bf00658987b933ffee6c"",""037c2151d9939f3e3b61912c740b4579"",""812d1316d1a06a3cbef67a16811ca684""]","[""Commercial"",""Sponsorship"",""Value/Product"",""Timing""]",true,likely_no,"The transcript shows HeartFlow actively evaluating multiple vendors including Port, Harness, and Cortex through a hackathon process, with a decision expected by early February. They are 50% through implementation of user stories and actively working on integration, suggesting this is a competitive loss rather than a product capability issue.",competitive evaluation process with multiple vendors
7ccea859cab856a194b1598c5939cfbd,51243634198,Intesa Sanpaolo,Intesa Sanpaolo,Classic,newbusiness,EMEA Ent,Closed Lost,2026-02-03,2025-12-04,46,100000.00,100000.00,James Pritchard,Not right company/ persona,"[""Fit""]",1,2025-12-10,2025-12-10,"[""3ca98ae0205a7cfa3f156965b0a5c5b3""]","[""Commercial"",""Value/Product"",""Security""]",false,no,"The transcript shows Intesa Sanpaolo is a large enterprise bank with complex infrastructure standardization needs, EU regulatory compliance requirements, and sophisticated use cases including AI integration and financial operations - this is clearly within Port's target enterprise customer profile, not a persona/company fit issue. The detailed technical discussions, scheduled POC planning, and multiple follow-up commitments indicate strong mutual fit and engagement.",strong enterprise fit with complex technical requirements
a08f0d2f63796a5be3669b13d509b851,47221986319,Decathlon,Decathlon,Classic,newbusiness,EMEA Ent,Closed Lost,2026-02-02,2025-10-27,81,250000.00,250000.00,Benjamin Duckworth,Bad timing;Budget;No value,"[""Timing"",""Value/Product"",""Commercial""]",3,2025-11-13,2025-11-07,"[""3f81c7cc3c5a6fe6ad9a62cadf9f231c"",""65ecb2c442f726869f4b536fa78fe1e7"",""d591659c619b60c114319262bc9bf052""]","[""Commercial"",""Fit"",""Value/Product""]",true,likely_yes,"The transcript shows clear signals supporting all three stated reasons: budget timing constraints with ""budget for this type of solution will start in January 2026, following the calendar year-end closing,"" budget/TCO concerns with Bastien requiring ""help calculating Total Cost of Ownership (TCO) and Return on Investment (ROI)"" and needing to justify ""make or buy"" scenarios, and value assessment needs through the planned workshop to ""assess the solution's value and ROI.""",
2a403e8ee0903cfb217f20f59ca2e559,30440505520,Visma,Visma,Classic,newbusiness,EMEA Ent,Closed Lost,2026-01-30,2024-12-16,397,75000.00,75000.00,Benjamin Duckworth,Not right company/ persona,"[""Fit""]",3,2025-02-27,2025-02-11,"[""41f46a6dce704de3ea7111e4e39df639"",""49d830d3a7839aee8998de5671af8890"",""241ed7c59378e7497602b51b904c4bd4""]","[""Fit"",""Value/Product""]",true,likely_no,"The transcript shows Visma is actively engaged in a POC with positive feedback, working on technical integrations, and planning to present results to internal stakeholders for budget approval and investment proposals. While there's mention of potential project delays due to other business priorities, the core engagement involves appropriate technical stakeholders (Elias) working directly on developer portal implementation, which contradicts the ""not right company/persona"" classification.",timing/prioritization concerns - other business cases need to be cleared first
19c0544a6a4350a3240277d06d9ee6fd,48783722071,NS Nederlandse Spoorwegen,NS Nederlandse Spoorwegen,Classic,newbusiness,EMEA Ent,Closed Lost,2026-01-27,2025-11-10,70,200000.00,200000.00,Benjamin Duckworth,Competition,"[""Competitive""]",3,2026-01-23,2025-11-26,"[""2e5ca9975385ce05763a9f20993c2afd"",""4b95f52280ef428df06099611cf04e96"",""5f1e9cc581c7b0b49acc27f03f851a1b""]","[""Commercial"",""Value/Product"",""Competitive"",""Timing""]",true,yes,"The transcript clearly shows NS is running a Backstage POC that is ""progressing well"" with three features implemented and plans to move to production this quarter. Bas confirms their ongoing Backstage implementation, and the entire conversation centers around their current Backstage project versus Port's offering, with GetPort positioning themselves as an alternative to the Backstage build they're pursuing.",
a49eeec7d3c3f0d1bbd7db71fba945e5,43331924151,Care Lumen,Care Lumen,Classic,newbusiness,US MM,Closed Lost,2026-01-22,2025-09-03,136,72000.00,72000.00,John Romano,Competition,"[""Competitive""]",3,2026-01-06,2025-10-17,"[""c1c66f8cf942f12cd9220eec40d7c0d3"",""1fbffe52aee551ca469153dab28c4b00"",""c628f2dc47f1f968b17dd2d3285a67d0""]","[""Commercial"",""Competitive"",""Fit"",""Value/Product""]",true,yes,"The transcript clearly shows Care Lumen is running concurrent POCs with both Port and Cortex, with Port's POC scheduled to begin after Care Lumen completes their POC with Cortex. This directly corroborates the ""Competition"" closed-lost reason, as they are actively evaluating Cortex as a competing platform alongside Port.",
6e938b0e9734c987597dabbba3f89f0e,44890323086,AMH,AMH,Classic,newbusiness,US MM,Closed Lost,2026-01-21,2025-09-30,114,36000.00,36000.00,John Romano,Competition,"[""Competitive""]",3,2025-12-04,2025-12-01,"[""2c86b7a13c473fc0b0969ccd7c845288"",""8ddf4e75c812c2e7e5a51e34d9e5e4cd"",""f90a0be8f28cffe4b4f2556a9e068d35""]","[""Commercial"",""Value/Product"",""Competitive""]",true,no,"Alex explicitly compared Port to Cortex throughout the calls, demonstrated how Cortex handles team-level Jira filtering, and expressed uncertainty about choosing between Port and Cortex while acknowledging ""Cortex's easier onboarding and existing progress."" The transcript shows an active competitive evaluation where Cortex is positioned as a viable alternative.",competitive evaluation against Cortex
0616277f200696247abc69a8b35be22d,29888616001,Freedom Mortgage,Freedom Mortgage,Classic,newbusiness,US Ent,Closed Lost,2026-01-21,2024-12-04,363,50000.00,50000.00,Jeff Graham,Bad timing,"[""Timing""]",1,2025-01-21,2025-01-21,"[""f13d2619e085a2f6c4943cf2db80f7b8""]","[""Commercial"",""Security"",""Value/Product""]",false,likely_no,"The transcript shows Freedom Mortgage actively evaluating Port's IDP solution, discussing specific implementation details, pricing, and integration capabilities, with concrete next steps including internal management discussions and follow-up in 1-2 weeks. This suggests active procurement rather than timing constraints, and the deal appears to have died for reasons other than deferral to next budget cycle or fiscal year.",competitive or budget concerns during internal evaluation
982722e70298e431d6c74de6440c4205,33352155653,Honeywell,Honeywell,Classic,newbusiness,US Ent,Closed Lost,2026-01-21,2024-12-24,364,70000.00,70000.00,Jeff Graham,Bad timing,"[""Timing""]",3,2025-02-20,2025-02-11,"[""2eadf6fb467d8f346df5324b4efa0fef"",""26045c46c011c99fde1ae53728e32755"",""73e9602d7faaae15c38e4f42a22ce1f5""]","[""Commercial""]",false,likely_no,"The transcript shows active engagement with technical discussions, scheduled follow-up meetings, and next steps including Jeff testing the platform and scheduling implementation discussions. There's mention of RFP work and leadership demonstrations being planned. No clear timing constraints, budget cycle deferrals, or readiness issues are evident that would support ""Bad timing"" as the loss reason.",Active technical evaluation in progress with planned demos and implementation discussions
7678c8c57b90fe801ff072d2a8e77131,29802399132,Southwest Airlines,wnco.com,Classic,newbusiness,US Ent,Closed Lost,2026-01-21,2024-12-03,378,100000.00,100000.00,Jeff Graham,Bad timing,"[""Timing""]",1,2024-12-30,2024-12-30,"[""e8467c1bf3da728932c179be2ffc4d22""]","[""Commercial"",""Value/Product"",""Timing""]",true,likely_yes,"The transcript shows Southwest is in an evaluation phase where they plan to ""evaluate developer portal solutions in January, do a 3-6 week POC, and then make a decision"" with follow-up scheduled for ""third week of January."" This indicates a structured timeline pushing the decision into the next period, which aligns with the ""Bad timing"" reason, though the prospect appears genuinely engaged in the process.",
f5e5146e8193adabef0bcab6f78424de,40603561902,Guideline.ai,Guideline,Classic,newbusiness,US MM,Closed Lost,2026-01-20,2025-07-21,167,43000.00,43000.00,John Romano,Bad timing,"[""Timing""]",3,2025-11-19,2025-09-12,"[""9929451593cd9ac42cabd7492b1952ab"",""0138c12d62c2a9b26c8c50085ca0639b"",""83690159b251e16ac1882a5439ab2854""]","[""Commercial"",""Value/Product"",""Timing""]",true,likely_yes,"The transcript shows Daniel stating ""There is no budget for Port in 2025"" and that he's ""planning to include a line item for it in the 2026 budget,"" with budget finalization expected in January. Additionally, Guideline's infrastructure standardization timeline pushes Port implementation to Q2 2026 due to current tech debt and resource constraints.",
b928ba3e970ce5601ed321f197003c0e,33970337078,Cato Networks,Cato Networks,Classic,newbusiness,EMEA MM,Closed Lost,2026-01-15,2025-02-06,333,70000.00,70000.00,Sharon Peretz,Budget,"[""Commercial""]",3,2025-06-15,2025-04-21,"[""0ee8bf805268c68142f867e3de2f5d5f"",""fdc3dc560281046f9dc9c174adfb7f90"",""29b4e82a5f0576b303ea4c63997f0d30""]","[""Commercial"",""Security"",""Value/Product""]",true,yes,"The transcript reveals budget-related concerns when Cato Networks raises questions about ""changing developer habits and adoption of new tools like GetPort.io,"" which indicates organizational resistance tied to investment decisions. Additionally, the discussion focuses heavily on technical capabilities and integration possibilities rather than moving toward procurement, suggesting cost considerations may be influencing their evaluation process.",
862cfd8a8a2d2a40c4fe9dc6e7186767,19700662049,Axpo,Axpo,Classic,newbusiness,EMEA Ent,Closed Lost,2026-01-15,2024-05-29,581,50000.00,50000.00,Benjamin Duckworth,Not right company/ persona,"[""Fit""]",3,2025-09-04,2024-10-08,"[""5f0e1894bd62152645278b118305d430"",""8b453ea411c0a85eca098ce81766db5c"",""3079524aeb70fafff3ad13dcfd45b32d""]","[""Commercial"",""Value/Product"",""Security"",""Timing""]",false,yes,"The transcript shows clear signals supporting ""Not right company/persona"" - Jaimames is seeking budget approval and waiting for fiscal year decisions, indicating he may not have proper authority or sponsorship to make purchasing decisions. Additionally, the evaluation timeline spans 6 months to 1 year with multiple competing tools, suggesting this is more of an exploratory evaluation rather than an active buying process with proper decision-making authority.",
2f7638ed23f4c359ad31a15e2ce1ccc7,43604247159,PZU,PZU,Classic,newbusiness,EMEA Ent,Closed Lost,2026-01-15,2025-09-11,112,150000.00,150000.00,James Pritchard,Not right company/ persona,"[""Fit""]",1,2025-09-17,2025-09-17,"[""336bfadc54900e667fcc2833a0d50527""]","[""Commercial"",""Competitive"",""Fit"",""Security"",""Timing"",""Value/Product""]",true,yes,"The transcript shows PZU is a legitimate enterprise prospect with 1,300 IT employees seeking a developer portal solution, with Krzysztof as the chief API architect being the appropriate technical buyer. They have genuine requirements for API governance and developer portals, are in a formal RFP process, and view Port favorably compared to alternatives like Backstage.",
a2ed880901678dc8470be8b554c0a8a2,33723423052,AT&T,AT&T,Classic,newbusiness,US Ent,Closed Lost,2026-01-15,2025-02-14,330,200000.00,200000.00,Tom Skarzynski,Competition,"[""Competitive""]",3,2025-08-19,2025-08-05,"[""74527e57a183433f789289bea28f6f18"",""4dedabc4c50e45ac891dc32130f6fbfb"",""0f072e5b35fcccaeb2956cc2abb5ab0e""]","[""Commercial"",""Fit"",""Security"",""Timing"",""Value/Product""]",false,no,"The prospect explicitly requested to ""pause the pilot for 4 weeks until AT&T makes decisions on hosting strategy and hypervisors"" and is evaluating Morpheus, a competing infrastructure management solution. The transcript shows timing/deferral issues rather than a competitive loss, as they're pausing to make internal decisions about hosting strategy, not because they chose a competitor.",timing - paused pending internal hosting strategy decisions
e1ff47a4aee26c724bf4b8044420cc0e,39441178291,Bally's,Bally's,Classic,newbusiness,EMEA Ent,Closed Lost,2026-01-12,2025-06-30,188,100000.00,100000.00,Ross Geall,Budget,"[""Commercial""]",3,2025-12-05,2025-11-24,"[""2e442d37c70e14b8349933e778f581b1"",""5ef975335e23ae0db074a57ab0180d34"",""288087e4b9aab0b952c028c9ca3a1c85""]","[""Commercial"",""No Engagement"",""Timing"",""Value/Product""]",true,yes,"Roberto explicitly stated there is a ""zero percent chance for new capex investment like the IDP"" due to a UK gambling tax increase from 21% to 40% that severely impacts Bally's EBITDA and necessitates rationalizing spend. Ben confirmed that even with significant discounts, Bally's cannot allocate new funds for the project.",
189e4ea267848c9e01fd0749bdc6ba44,31360166729,Beazley,Beazley Group,Classic,newbusiness,EMEA MM,Closed Lost,2026-01-09,2025-01-02,366,95000.00,95000.00,Cillian Golden,No value,"[""Value/Product""]",3,2025-05-13,2025-04-09,"[""610a52d7df3822cd4f6a4b1843570d32"",""60ddc7ea0e4e6dcaf22a634059ef915b"",""fc5a0371505339ea09fb8a371dcabfd6""]","[""Commercial"",""Value/Product"",""Timing""]",true,yes,"The transcript contains clear signals corroborating ""No value"" - Matt expects ""pushback and challenges, likely around the value and maturity level of using an IDP at Beazley"" and mentions concerns about ""budget uplift required"" and ""need to prove the value of the investment."" The deal was put on hold due to ""budget pressures and lack of proven value from Beazley's perspective.""",
69fab291715a9c1d78bfc6ee9614bb4f,48387969359,Constant Contact,Constant Contact,Classic,newbusiness,US MM,Closed Lost,2026-01-08,2025-11-05,64,50000.00,50000.00,Daniel Alper,Budget,"[""Commercial""]",1,2025-11-06,2025-11-06,"[""c5f659ad49d5cf90fb5a24b72b2c1343""]","[""Commercial"",""Value/Product"",""Timing""]",true,yes,"Bruno explicitly requested ""ballpark pricing"" to include in his internal presentation and acknowledged that Port ""will be more expensive than Compass but necessary for justifying the investment."" Daniel provided pricing of $160K-$220K annually, and Bruno's focus on needing to justify the cost and prepare ROI arguments around developer time savings indicates price was a significant consideration in their evaluation process.",
420395f8f041fc5322918910caa53682,51340193943,Aurigo Software,Aurigo,Classic,newbusiness,US MM,Closed Lost,2026-01-08,2025-12-08,32,50000.00,50000.00,Daniel Alper,Bad timing,"[""Timing""]",1,2025-12-09,2025-12-09,"[""0879e00eb7798495968000bef64aa702""]","[""Commercial"",""Competitive"",""Fit"",""Timing"",""Value/Product""]",true,no,"The transcript shows Aurigo has an urgent 3-4 week implementation timeline and Vivek is making a decision ""this week"" between Port and Cortex, with clear next steps scheduled and pricing discussions underway. This indicates active procurement with immediate timing, contradicting the ""Bad timing"" reason.",competitive loss to Cortex
3d4c8dad517d409bfc98713b71265e74,47739352913,Toyota Connected,Toyota Connected,Classic,newbusiness,US MM,Closed Lost,2026-01-07,2025-10-30,66,100000.00,100000.00,Jill Countey,Bad timing,"[""Timing""]",1,2025-10-31,2025-10-31,"[""585d48919336147a3d5aaa9f272725d7""]","[""Commercial"",""Value/Product""]",false,likely_no,"The transcript shows an engaged prospect actively exploring Port as a replacement for their current Backstage solution, with clear pain points around maintenance and customization. Elango is building a business case for leadership and scheduling follow-up demos, with next steps including executive engagement. There are no timing constraints mentioned - instead the focus is on evaluation and ROI justification.",competitive loss to existing Backstage implementation
db0b019399a8eff671517a04c6136a49,33148198046,InvoiceCloud,InvoiceCloud,Classic,newbusiness,US MM,Closed Lost,2026-01-07,2025-02-06,324,100000.00,100000.00,Jill Countey,Bad timing;Early stage,"[""Timing""]",3,2025-09-09,2025-07-14,"[""ea0f3f6b6fbf3ddeb2ef00c1d4386216"",""4fd8d29fded90c98ed032b885663c107"",""89d4f119d3962d1dbe5dd48bfae99f38""]","[""Commercial"",""Timing"",""Value/Product""]",true,yes,"Ray explicitly states there is appetite for the project in 2026 but they need to evaluate other platforms first, with Q1 2026 being a more realistic start timeline rather than Q4 2025. He mentions needing to solidify their Q4 plan and that meaningful project start would be Q2 2026 after other critical projects, indicating both timing deferral and early-stage evaluation process.",
9927dde95a8fec40cc9cb620517b05ca,46997407753,Indiana Office of Technology,Indiana Office of Technology,Classic,newbusiness,US MM,Closed Lost,2026-01-07,2025-10-24,72,24000.00,24000.00,Jill Countey,Bad timing;No value;Budget,"[""Timing"",""Value/Product"",""Commercial""]",2,2025-10-28,2025-10-27,"[""432b709c93717cd1dff1b7aa71c7d206"",""a7495bb347b03ee83fc2db240b3fc86f""]","[""Commercial"",""Value/Product""]",true,likely_yes,"The transcript shows signals supporting the stated reasons: the prospect acknowledged a ""learning curve"" concern with Port's platform (supporting ""No value""), and while they expressed interest in a POC, the structured next steps and need to ""regroup"" and ""powwow"" internally suggests timing/readiness issues (supporting ""Bad timing""). However, these signals are relatively weak as the prospect remained engaged and moved toward a POC process.",
07e22d011e9485f93065f693e2c8cfce,39599221902,GoodRx,GoodRx,Classic,newbusiness,US MM,Closed Lost,2025-12-22,2025-07-02,169,50000.00,50000.00,Daniel Alper,Budget,"[""Commercial""]",1,2025-07-03,2025-07-03,"[""9a09878b2bbd6acced264126e34af7b2""]","[""Commercial"",""Sponsorship"",""Value/Product""]",true,unknown,"The transcript shows positive engagement and forward momentum with planned POC discussions, NDA processes, and follow-up meetings, but contains no signals related to budget constraints, cost concerns, pricing discussions, or financial blockers that would corroborate the stated ""Budget"" reason for the loss.",
7b5cb3cfac3eaae1ceaf1f3b9c6e4988,32757217549,Commonwealth Bank of Australia,Commonwealth Bank of Australia,Classic,newbusiness,APJ,Closed Lost,2025-12-17,2025-01-30,307,150000.00,150000.00,Scott Dunion,Bad timing,"[""Timing""]",1,2025-02-13,2025-02-13,"[""333331c25e46e1eca23c550c8b621ba1""]","[""Commercial"",""Sponsorship"",""Value/Product""]",false,yes,"The transcript shows clear forward momentum with multiple concrete next steps planned including on-site product demonstrations, leadership calls, and follow-up demo sessions, but contains no signals contradicting ""Bad timing"" - there are no explicit budget cycles, fiscal year constraints, or deferral signals mentioned, yet the extensive planning for future engagements is consistent with a deal that could later be deferred due to timing factors not surfaced in these particular calls.",
c2724ed26c5c602599013673b3860767,36689162627,Aware Super,Aware Super,Classic,newbusiness,APJ,Closed Lost,2025-12-16,2025-05-05,218,81000.00,81000.00,Scott Dunion,Early stage,"[""Timing""]",1,2025-05-07,2025-05-07,"[""e0d0b39568c05af8a1f0fea6d7e00771""]","[""Commercial"",""Fit"",""Value/Product""]",false,likely_yes,"The transcript shows Aware Super is in evaluation mode with Mark stating he will ""reach out within the week to determine if they will proceed with using the product or put it on hold for the time being."" This suggests they are still assessing whether to move forward rather than being ready to purchase, and the focus on ""upcoming projects"" indicates they may be in early planning stages rather than having immediate implementation readiness.",
c6a79b0de0e28560ef6d04de64d8e451,42938350666,Jumia Group,Jumia Group,Classic,newbusiness,EMEA Ent,Closed Lost,2025-12-16,2025-08-27,97,100000.00,100000.00,James Pritchard,Champion left/ Company cuts,"[""Sponsorship""]",2,2025-12-11,2025-09-10,"[""3de2c8b927945274bc7c0233798ac77c"",""75dbd2ddbd1640df7f8d15a3e1039019""]","[""Commercial"",""Fit"",""Value/Product""]",false,likely_no,"The transcript shows active engagement with POC planning, user story workshops, and positive developments like InPost establishing a new platform engineering function. There are no signals of champion departure or company spending cuts - instead the calls focus on technical solutions, stability concerns, and moving forward with implementation plans.",Active POC progression with engaged stakeholders
53f21ead9765824d3eab5b2f016167e7,43331922041,Curriculum Associates,Curriculum Associates,Classic,newbusiness,US MM,Closed Lost,2025-12-16,2025-09-03,91,100000.00,100000.00,John Romano,Budget,"[""Commercial""]",3,2025-11-21,2025-11-18,"[""434e153e99e3a92605d06831a53c59cb"",""65fa6dd290f334e27dd43307a2b030be"",""3b01c939ea1b2a5433041c3858008a71""]","[]",false,no,"The transcript shows an active implementation and hackathon preparation with detailed technical discussions about data integration, visualizations, and upcoming demo preparations. This indicates an engaged customer working on their Port implementation rather than budget constraints blocking the purchase.",active implementation in progress
55b60f329b9aafcb8d676d4302132664,36544822411,Zopa Bank,Zopa Bank,Classic,newbusiness,EMEA MM,Closed Lost,2025-12-16,2025-04-30,208,40000.00,40000.00,Cillian Golden,Bad timing,"[""Timing""]",2,2025-06-06,2025-05-20,"[""8d8a47f61682e5f45056818d0d440c99"",""769fa1bced600975eed8e43d67c76138""]","[""Commercial"",""Value/Product""]",false,likely_no,"The transcript shows Zopa is actively evaluating GetPort.io with multiple stakeholders engaged, discussing specific integration needs, and planning next steps for evaluation. However, there are signals pointing to competitive concerns - they ""previously tried building custom portals and using Backstage, but faced challenges"" and ""now focus more on self-service via infrastructure as code (IaC)"" suggesting they may prefer their existing IaC approach over adopting a new portal solution.",prefers existing infrastructure-as-code approach over portal solution
0659fdd938adcdcad76f625711135974,48889986381,Veeam,Veeam,Classic,newbusiness,US Ent,Closed Lost,2025-12-10,2025-11-11,21,200000.00,200000.00,Tali Cohen,Competition;Price,"[""Competitive"",""Commercial""]",3,2025-11-21,2025-11-13,"[""695d3d24d8d9cfa828fbe1a03a43a614"",""718ab0241e330adcd39440ecac006861"",""5d05f6972976465557c74f0ed0576c56""]","[""Commercial"",""Value/Product""]",true,yes,"Ricardo confirms Port is the front runner and requests pricing proposals for both one-year and three-year commitments to present to leadership. While he mentions evaluating Roadie, he ""does not expect it to surpass Port, citing cost-effectiveness and development effort,"" indicating Port is preferred over competition and pricing is being actively negotiated rather than being a blocker.",
929577358270dfd244dca35b1ed0fb25,40328138578,Optimum,Optimum,Classic,newbusiness,US Ent,Closed Lost,2025-12-10,2025-07-16,135,200000.00,200000.00,Tali Cohen,Bad timing;Early stage,"[""Timing""]",3,2025-10-17,2025-10-16,"[""15ac36f62c3696b89b3e4c291d2a0ecf"",""f32c3dc8a1d813e8de848644ee14981c"",""a6b370d92713d990ce66daaa4dab9950""]","[""Commercial"",""Competitive"",""Fit"",""Value/Product""]",false,likely_yes,"The transcript shows Optimum is actively evaluating multiple competitors (Humanitec, Pulumi) and has paused the Port pilot to conduct these comparisons, with procurement decisions pushed to Q1. This supports both ""bad timing"" (deferred timeline) and ""early stage"" (still in evaluation phase) aspects of the stated reason.",
064c1dd9ee2214291ffd9d2765d934a0,41147607839,EQ Bank,EQ Bank,Classic,newbusiness,US MM,Closed Lost,2025-12-09,2025-07-31,131,200000.00,200000.00,Jill Countey,Champion left/ Company cuts;Budget,"[""Commercial"",""Sponsorship""]",3,2025-11-24,2025-11-18,"[""274294928d39df5434fc736473836084"",""194489b227d87de75bc46fabac143de8"",""b77d895481ee575abcc65ccc1c7d47f6""]","[""Commercial"",""Value/Product"",""Timing""]",true,likely_yes,"Brian demands concrete ROI data from EQ Bank's own systems to justify the investment, stating ""he won't rely on generic examples"" and needs credible numbers ""for budget allocation."" He also seeks flexible contract terms due to ""uncertainty in realizing the promised benefits within the first year"" and sees most benefits as only qualitative, indicating both budget justification challenges and skepticism about ROI.",
83ec43554f3141680cce6f7f9af179ca,41322255489,Ramboll,Ramboll,Classic,newbusiness,EMEA Ent,Closed Lost,2025-12-04,2025-08-04,106,75000.00,75000.00,Ross Geall,Bad timing,"[""Timing""]",3,2025-09-04,2025-08-19,"[""a6afce992324fc1cce208074581a4fca"",""71fa1660edc00e91c25c62eba0bce9a4"",""ab26ddf72385ed90bd9f9ac47863756d""]","[""Commercial"",""Security"",""Value/Product""]",false,yes,"The transcript shows clear timing-related signals that corroborate ""Bad timing"": the initiative is not yet budgeted, funding discussions are anticipated for the next financial year (2024), and the POC timeline involves 2-4 weeks for internal processes and approvals before even starting the 6-8 week POC due to limited resource allocation.",
bbbf56b3ee2ee89d56971b6dd2d561c4,39970758158,Yale University,Yale University,Classic,newbusiness,US Ent,Closed Lost,2025-12-03,2025-07-10,111,50000.00,50000.00,Tali Cohen,Bad timing,"[""Timing""]",3,2025-09-02,2025-08-13,"[""8ed3b5ff640088d237e1aff1a137c849"",""cc898a456cd90078adf5ebc5d0d7f6e4"",""a2496426406fac9b635f41730f9521b7""]","[]",false,likely_no,"The transcript shows active technical troubleshooting and project progression with scheduled follow-ups and continued engagement, but also reveals the prospect is exploring multiple alternative solutions including AWS Service Catalog and custom front-end options to replace their current solution, suggesting they may be evaluating competitive alternatives rather than facing timing constraints.",evaluating competitive alternatives to Port
21c0c64d6512de5b2939c46d0d613b14,45680907342,Spare,Spare,Classic,newbusiness,US MM,Closed Lost,2025-11-20,2025-10-09,38,80000.00,80000.00,Jill Countey,Bad timing;Early stage,"[""Timing""]",2,2025-10-28,2025-10-15,"[""0ea4ed8cbf09b743f3260f85d8fb11ed"",""f804f4f3d53dacd032af828ff52d1221""]","[""Commercial""]",false,likely_yes,"The transcript shows Spare is in an exploratory phase, with John stating ""they are on an exploratory journey to understand if an IDP is right for them"" and the initiative being CTO-driven rather than having clear executive sponsorship or budget allocation established. While they have identified problems to solve, they appear to be in early evaluation stages without committed funding or timeline.",
851189a855ed93129c8decd268341a40,41875453012,The New York Times,the new york times,Classic,newbusiness,US MM,Closed Lost,2025-11-20,2025-08-12,101,100000.00,100000.00,John Romano,Product;Competition,"[""Value/Product"",""Competitive""]",3,2025-09-25,2025-08-14,"[""55980051c6790cf7fddbe73be21448a7"",""e3fc88620222d663e7d7415cc86b292f"",""eb11a3fd4c5843b5b11e173790327fef""]","[""Commercial"",""Value/Product"",""Other""]",true,likely_no,"The transcript shows NYT is actively planning a POC to evaluate multiple products using a rubric and real data comparison, with Ahmed confirming they're gathering internal feedback and will present to align on proceeding. This suggests a competitive evaluation process rather than product gaps or existing competitive preference, pointing toward a timing/process-driven loss rather than the stated product or competitive issues.",competitive evaluation process in progress
8f4cecc0b511a9492c3ca0da45aaa97b,37119459886,Banco Master,BANCO MASTER S.A.,Classic,newbusiness,US MM,Closed Lost,2025-11-18,2025-05-12,190,20000.00,20000.00,John Romano,Champion left/ Company cuts,"[""Sponsorship""]",3,2025-10-10,2025-09-26,"[""2fcd90d446ed5d3c967bb1e4011cc4ae"",""d74d20f680fbff7b5ec56b5dd0822d7a"",""7597f1b63cfa94d544ce056b4d236e68""]","[""Commercial"",""Competitive"",""Fit"",""Sponsorship"",""Value/Product""]",true,no,"The transcript shows Banco Master facing severe budget constraints due to a failed acquisition, with Gui stating they're in their ""worst moment"" for the next 3-6 months with budget cuts and layoffs, and their maximum annual budget is only $20,000. Christopher from Port expresses significant concern about this low budget being ""tight"" and ""tricky."" This indicates a budget/pricing issue rather than champion departure or company cuts to the specific initiative.",budget constraints below viable threshold
16b5eef40e5c20df79e570770b14ef79,37601460992,Teamworks,Teamworks,Classic,newbusiness,US MM,Closed Lost,2025-11-12,2025-05-22,164,60000.00,60000.00,Jill Countey,Competition,"[""Competitive""]",3,2025-08-13,2025-06-19,"[""b75cad40c9fa65e6a819e4a0592876d1"",""b3dc7f00d981c1e2e36115dcb7fda62d"",""da6e5bd02b3018ac364d290d52096e7d""]","[""Commercial"",""Value/Product"",""Competitive"",""Timing""]",true,no,"The transcript clearly shows Teamworks is evaluating a competing product from DX, which offers a developer experience platform and portal offering. This indicates they are actively considering an alternative solution alongside GetPort.io, but there's no evidence they chose the competitor - instead the calls show strong forward momentum with POC planning, scoping sessions, and legal documentation exchange.",strong engagement and POC momentum despite competitive evaluation
39b88e8b2e29c53796d0b9917caf8008,43542892632,JumpCloud v2,JumpCloud,Classic,newbusiness,US MM,Closed Lost,2025-11-03,2025-10-01,34,100000.00,100000.00,John Romano,Budget,"[""Commercial""]",2,2025-09-29,2025-09-15,"[""45d38736b37bf46d8a738da41f567625"",""1f887816b35058fb0c1818431830f7c4""]","[""Commercial"",""Value/Product"",""Timing""]",true,yes,"The transcript shows clear budget-related signals: Josh emphasizes the importance of ""understanding pricing upfront to ensure adequate budget,"" John inquires about JumpCloud's budget availability (Q4 vs Q1), and Josh commits to having ""conversations with Joe and Matt internally regarding budgeting for Port"" after receiving the $168K annual pricing quote. The discussion centers heavily on budget timing and internal budget approval processes.",
42c37197e8f9fc200d9765e6207b338b,45064475914,Aurigo Software,Aurigo,Classic,newbusiness,US MM,Closed Lost,2025-10-27,2025-10-01,22,50000.00,50000.00,Daniel Alper,Product;Competition;Security;On-prem,"[""Value/Product"",""Competitive"",""Security""]",1,2025-10-06,2025-10-06,"[""993508e6f7704dbce7f9343bd1c2838d""]","[""Commercial"",""Fit"",""Value/Product""]",true,yes,"The transcript contains clear signals corroborating multiple parts of the stated reason. For Product: Aurigo found Backstage ""too complex to set up and maintain,"" indicating capability gaps. For Competition: they explicitly evaluated Backstage as an alternative. For Security: Vivek expressed ""concerns about FedRAMP authorization"" which Port currently lacks. For On-prem: while not explicitly stated, the FedRAMP concern and security focus suggest compliance requirements that Port's SaaS model may not meet.",
40e4e65ee59792e5d981bc7ae4bfd898,42840583492,Consilio,Consilio,Classic,newbusiness,US MM,Closed Lost,2025-10-24,2025-08-25,57,30000.00,30000.00,EJ Rauseo,Early stage,"[""Timing""]",2,2025-10-08,2025-10-06,"[""be2f7349088d5343c0e286c9d7c4ae7c"",""e4547f6803ee79946feebc4bd3970604""]","[""Commercial"",""Value/Product""]",false,yes,"The transcript shows Consilio is in early-stage evaluation with no clear decision-making process or timeline established. They are still in discovery mode, asking basic questions about capabilities, and the demo is being prepared for ""not very technical"" DevOps teams, suggesting they haven't yet built internal technical consensus or executive sponsorship for the initiative.",
c1d4b8dd984911434c364af366df0ac3,44552546871,ifm,ifm,Classic,newbusiness,EMEA Ent,Closed Lost,2025-10-24,2025-09-26,23,150000.00,150000.00,Ross Geall,Product,"[""Value/Product""]",3,2025-10-21,2025-10-13,"[""fc61632752efe702a0ea7239c22aaf8d"",""a7d2f253fd1866dc289c2def39f7dcb9"",""7a4b4dd9090a98fed7ed087d039b7361""]","[""No Engagement""]",false,yes,"ifm expressed significant concerns about Port's integration stability and reliability, particularly noting that ""all Port connectors are pre-release, unstable, and not suitable for production environments"" and citing specific issues with GitLab and SonarQube integrations including debugging difficulties and API compatibility problems. They ultimately decided to halt engagement due to these product capability and stability concerns.",
dcc564e90b6dc1250a5ddc78173cd833,33324945311,i360,i360,Classic,newbusiness,US Ent,Closed Lost,2025-10-23,2024-12-03,241,64000.00,64000.00,Sam Neill,Budget;No value,"[""Value/Product"",""Commercial""]",3,2025-03-26,2025-03-05,"[""d30efc758da4b0b871f559f064f6284f"",""cbd0cd3f713b8ac0e2997484a017c22b"",""2e9463d004cb430a2027694ddc495b23""]","[""Commercial"",""Security"",""Timing"",""Value/Product""]",true,unknown,"The transcript shows positive momentum with technical integration 80-90% complete, successful POC progress, discussions of budgetary quotes for 50-100 users, and active planning for contract negotiation and security reviews, but contains no clear signals indicating budget constraints or lack of perceived value that would corroborate the stated loss reasons.",
a947fea1e80a8ef8bc88f73c59d333f2,39563204748,Coveo,coveo,Classic,newbusiness,US MM,Closed Lost,2025-10-22,2025-07-01,108,150000.00,150000.00,Daniel Alper,Product;Missing Feature,"[""Value/Product""]",3,2025-10-20,2025-09-12,"[""82fe65b71149802e834eaf21cbf972b6"",""ea82ba360881f46a3325aa52577131c2"",""2d97eb41d84be68e18d88ffd5eea989d""]","[""Commercial"",""Competitive"",""Fit"",""Value/Product""]",true,no,"Boris explicitly stated that Coveo chose to stick with Backstage, viewing developer portals as future commodities and would re-evaluate in a couple of years. While the transcript does show product limitations around hierarchy filtering, data mapping, and relationship directions, the primary loss driver was competitive - they preferred their existing Backstage solution over Port's platform approach.",chose to continue with existing Backstage solution
3604603ab984ffaebd21ae35fc42e960,37860056746,Waystar,waystar,Classic,newbusiness,US MM,Closed Lost,2025-10-20,2025-05-23,117,72000.00,72000.00,Jill Countey,Bad timing,"[""Timing""]",3,2025-09-05,2025-06-26,"[""14b32e6a87d05fd7bced62a54794cf9d"",""effe5fd3b58d328badff36a4015cbe60"",""2c48f52a3e2e45c537a43c4e693001b6""]","[""Commercial"",""Value/Product""]",false,likely_no,"The transcript shows Waystar actively evaluating Port's IDP solution with detailed technical discussions, scheduled follow-ups including executive introductions, and specific next steps to discuss implementation use cases in two weeks. While they mention needing to align with their ""deployment and adoption strategy"" and the ""maturity of their developer experience team,"" these appear to be standard evaluation considerations rather than timing deferrals to next fiscal year or budget cycle.",active competitive evaluation with technical engagement
b3ba99d45ab74646fdf12d40388f4ecf,37629711421,Cribl,Cribl,Classic,newbusiness,US MM,Closed Lost,2025-10-16,2025-05-22,128,100000.00,100000.00,John Romano,Price;Champion left/ Company cuts,"[""Commercial"",""Sponsorship""]",3,2025-08-19,2025-07-24,"[""c1fd386f31b51f731016b1e2a2fe7718"",""9ee9bb0f1079d4b3bee2b6b174897d51"",""aad67f2e3f7c160061b09b5c40baa935""]","[""Commercial"",""Value/Product"",""Timing""]",true,yes,"The transcript shows clear signals supporting both parts of the stated reason. On price, Cribl expresses interest in ""a multi-year contract with GetPort.io if the POC is successful, with potential partnerships and negotiations at higher levels,"" indicating cost/contract negotiations were a factor. On champion departure, the second call reveals technical issues and rate limiting problems that Remington is experiencing, along with discussions about needing founder-level meetings with investors, suggesting internal changes or complications with the original champion's ability to drive the deal forward.",
e400165a4515bb8c947fb464da414afb,43502382130,K12/Stride,K12,Classic,newbusiness,US MM,Closed Lost,2025-10-16,2025-09-09,32,100000.00,100000.00,Jill Countey,Bad timing;Early stage,"[""Timing""]",2,2025-09-16,2025-09-15,"[""43d6246b108241380a9f226d8056ed26"",""2dc02057bec98f43e13d378c4cceb959""]","[""Commercial"",""Value/Product"",""Timing""]",true,likely_yes,"Chad is working on an internal RFP comparing vendors and will meet with his director next week to determine which vendor to move forward with for a POC, indicating he's still in evaluation phase. The mention of needing to complete internal processes and get director approval before proceeding with any POC suggests timing/readiness constraints that align with ""Bad timing;Early stage"".",
814eb4f377a4b97b8c2e8312c643b8d8,44081380461,Batteries Plus,Batteries Plus,Classic,newbusiness,US MM,Closed Lost,2025-10-16,2025-09-22,23,18000.00,18000.00,EJ Rauseo,Budget,"[""Commercial""]",1,2025-09-26,2025-09-26,"[""4ee05162f2f521ec2a66540043bdde54""]","[""Commercial"",""Value/Product""]",true,likely_yes,"The transcript shows Karthik expressing concern about potential licensing overages and requesting detailed clarification on how ""contributing developers"" and ""entities"" are calculated for pricing, indicating budget considerations and cost structure concerns that align with a budget-related loss reason.",
320bee2fbb1fbfe45f011ae1e37f0175,35862278718,RIMAC Seguros,RIMAC Seguros,Classic,newbusiness,US MM,Closed Lost,2025-10-15,2025-04-16,182,40000.00,40000.00,Daniel Alper,Bad timing,"[""Timing""]",1,2025-06-17,2025-06-17,"[""6976a01fe13721b74e7f3c77282935a8""]","[""Commercial"",""Timing"",""Value/Product""]",true,likely_no,"The transcript shows active POC planning with specific timelines (2-3 weeks, end of second week of July), technical integration discussions for AWS/GitHub/Jira tools, team coordination setup, and concrete next steps being scheduled. This level of detailed implementation planning and resource commitment suggests the deal was progressing actively rather than being deferred due to timing constraints.",active POC engagement with near-term implementation timeline
ca668b5f9ea78d886d6d365a3c71c87f,41184731690,Kraken Technologies,Kraken Technologies,Classic,newbusiness,EMEA Ent,Closed Lost,2025-10-14,2025-08-01,69,200000.00,200000.00,Ross Geall,Competition,"[""Competitive""]",3,2025-09-25,2025-08-05,"[""b3876c511a8628df662fa79bbc89d542"",""1ed43703c3c80ce568c54e7b1ed8f1aa"",""286ca57a7d7b40cc3758f0a614f5dad1""]","[""Commercial"",""Competitive"",""Timing"",""Value/Product""]",true,yes,"The transcript clearly shows Kraken decided to proceed with Cortex instead of Port, with Andrew stating ""Kraken has decided to proceed with Cortex due to time constraints"" and noting that ""from a technical perspective, Cortex and Port are very comparable."" This directly corroborates the ""Competition"" closed-lost reason as they chose the competitor Cortex over Port's solution.",
2cc9eb3f98a1330e9291308ce251e2bc,39623490107,Abbott,Abbott,Classic,newbusiness,US Ent,Closed Lost,2025-10-14,2025-07-02,16,100000.00,100000.00,Tom Skarzynski,Early stage;Not right company/ persona,"[""Timing"",""Fit""]",3,2025-09-12,2025-08-05,"[""322ee0b9f18b2752f7adbd9f422483dd"",""dc0ecb43089a9b6b22a8c7bac78b2157"",""b925fdbdcaabe342e5185fb5859738cd""]","[""Commercial"",""Value/Product"",""Security""]",false,yes,"The transcript shows clear signals supporting both parts of the stated reason. For ""Early stage"": Johnsix10's team is ""currently focused on low-level C/C++ development and foundational DevOps/CI/CD work, not yet on microservices"" and ""it's currently too early"" for Port.io, with plans to ""begin initial work on microservices in the near future."" For ""Not right company/persona"": Amit from Abbott explains his role is only ""to provide input"" while ""procurement and the Dev Tools Chain team are the key decision-makers for developer tools,"" indicating he's not the right buyer persona.",
707b86cad4a65090d0935f7e83feece8,38278799210,Signifyd,Signifyd,Classic,newbusiness,US MM,Closed Lost,2025-10-09,2025-05-30,128,54000.00,54000.00,Jason Chiu,Product,"[""Value/Product""]",2,2025-09-15,2025-08-18,"[""9d8d138dcaacfdb400d415eaa19e9b87"",""2ce83575c28da2d55e8eccac3aab47c1""]","[""Commercial"",""Value/Product"",""Timing""]",true,no,"The transcript shows Signifyd has built their own internal developer portal solution that is ""ready to be shown to the engineering teams"" and they are in cleanup/refinement phase of their MVP. Murugesh's team found Port's development effort ""not entirely smooth"" with mapping challenges, while they have their own working solution they're preparing to circulate internally. This indicates a competitive loss to internal build rather than a product capability issue.",prefers existing internal build
04d22df319a9673f3cd31254ca791fe5,41559235200,Navitus,Navitus,Classic,newbusiness,US MM,Closed Lost,2025-10-06,2025-08-07,57,68000.00,68000.00,Jill Countey,Champion left/ Company cuts,"[""Sponsorship""]",3,2025-09-23,2025-09-05,"[""3edacd9f7bbd0db31999799d775a0213"",""9a44e7465ce06d7e182bc173c443411c"",""af720c84d97d4b184da12406a130f0f3""]","[""Commercial"",""Competitive"",""Fit"",""Value/Product""]",false,likely_yes,"The transcript shows Navitus is ""in a holding pattern, exploring budget for next year, as the product wasn't approved for the current year"" and David needs to ""speak with his boss and the new CIO to gauge their appetite for an IDP"" with ""leadership skepticism"" about the investment, indicating both budget constraints and lack of executive sponsorship that aligns with champion/sponsorship issues.",
f10b9d1204dd1cb306f4380bf631dec3,39282897670,ezCater,ezCater,Classic,newbusiness,US MM,Closed Lost,2025-10-01,2025-06-25,83,48000.00,48000.00,John Romano,Competition,"[""Competitive""]",2,2025-07-16,2025-07-11,"[""505900abeb175ae6ff930121871b9191"",""e4494d3eab4ea4901e99dd542c4c8dce""]","[""Commercial"",""Value/Product""]",false,no,"The transcript shows ezCater ""has tried building their own internal developer portal but found it too much maintenance, and is now looking for a more flexible and customizable solution."" They explicitly moved away from their homegrown build due to maintenance burden and are actively evaluating GetPort as a replacement, even discussing contract signing and POC timelines.",abandoned internal build due to maintenance issues
40eff6ab93b77567f23980c3ec5a3dad,40421192327,Bright Horizons,Bright Horizons,Classic,newbusiness,US Ent,Closed Lost,2025-09-30,2025-07-17,68,80000.00,80000.00,Tali Cohen,Price,"[""Commercial""]",3,2025-08-19,2025-07-23,"[""5e3c1628c2b06daab6377a6013dc6418"",""833eabc107e83866c8170ba4337f3d3b"",""7de8bc74ef908d21fd00a9c5776f6ff4""]","[""Commercial"",""Fit"",""Security"",""Value/Product""]",true,yes,"The transcript clearly shows pricing concerns as a major issue. Taran states that ""GetPort.io was Bright Horizons' first choice, but the upfront costs and licensing model are a concern"" and expresses preference for ""a more flexible, pay-as-you-go model like other vendors offer."" He's hesitant to commit to 200+ developers upfront and mentions ""the investment is a concern"" when discussing with his VP.",
c1ac34ae54faeed10dae05aae0458151,41193104195,Constant Contact,Constant Contact,Classic,newbusiness,US MM,Closed Lost,2025-09-18,2025-08-01,30,30000.00,30000.00,Daniel Alper,Bad timing;Early stage,"[""Timing""]",2,2025-08-25,2025-08-14,"[""11f08ad8f112e88fcc9917eece763829"",""0c1e65c5538f2186754fd1f3f045d3b9""]","[""Commercial"",""Value/Product""]",false,likely_no,"The transcript shows active engagement with Port's solution, including scheduled demos, ROI discussions, and next steps being planned. The customer is seeking to ""quantify the ROI for internal justification"" and coordinate demos to ""prove some things with Port,"" indicating they are in active evaluation mode rather than being unready or facing timing constraints.",actively evaluating solution and planning demos
05e3b54d4d947ab590ddbceac5dfce23,36458287026,Sephora,Sephora Asia Pte Ltd,Classic,newbusiness,EMEA Ent,Closed Lost,2025-09-18,2025-04-29,43,40000.00,40000.00,James Pritchard,Not right company/ persona,"[""Fit""]",3,2025-08-13,2025-06-10,"[""07ec7b05506c15710d25f12dd074c20d"",""26622f5bba159b74d5abd63283678fb0"",""5872bc71a9e423910f25e004696bd81b""]","[""Commercial"",""Security"",""Value/Product"",""Timing""]",false,yes,"The transcript shows Lee from Sephora Asia Pte Ltd engaging with GetPort on legitimate IDP use cases including visibility monitoring, production readiness scorecards, and service health monitoring, with budget discussions around a $40K commitment and timeline for 2026 implementation. This appears to be an appropriate enterprise prospect for Port's IDP solution rather than a persona/company fit issue.",
d85681f17f0c514246cab34f2d1f51a6,36725223736,SRS Acquiom,SRS Acquiom,Classic,newbusiness,US MM,Closed Lost,2025-09-05,2025-05-05,120,24000.00,24000.00,Jill Countey,Competition;Missing Feature,"[""Competitive""]",3,2025-08-26,2025-08-08,"[""04c625a2ba578814e09e0940c61e4af3"",""7fc6ec70917aa08806593234db54394a"",""b8ed19786b23cba3987f408a052c1a8b""]","[""Commercial"",""Value/Product"",""Timing""]",false,no,"The transcript clearly shows the prospect is actively evaluating Port against OpsLevel (a direct competitor), with John Fowler providing updates on ""the Opslevel vs. Port evaluation"" and noting Port's ""higher cost"" while ""re-evaluating assessment criteria."" The prospect is comparing both solutions and discussing pricing structures, indicating an active competitive evaluation rather than missing features being the primary concern.",active competitive evaluation against OpsLevel
f50d4ee8b3cb46c549d91a4940eaf38b,42839588104,SGNL.ai,SGNL,Classic,newbusiness,US MM,Closed Lost,2025-09-04,2025-08-26,8,18000.00,18000.00,John Romano,Budget,"[""Commercial""]",1,2025-08-27,2025-08-27,"[""8096de5253989af0fa64c109b0441728""]","[""Commercial"",""Security"",""Value/Product""]",true,likely_yes,"Paul explicitly states he anticipates ""challenges in justifying the $18,000 cost for a small team of five"" and emphasizes ""the need for prudent spending as a Series A startup,"" indicating budget constraints and internal cost justification difficulties that align with a budget-related loss.",
69c605be8fb2edc65b1b0b4916c94f00,31391877797,Bayer,Bayer,Classic,newbusiness,EMEA Ent,Closed Lost,2025-09-02,2024-08-25,341,100000.00,100000.00,Benjamin Duckworth,Budget;Bad timing,"[""Timing"",""Commercial""]",3,2025-03-11,2025-01-15,"[""65a0e72ac0112ef0b2f811f13271356e"",""5732b651e200427cb06b34d3fcf8c120"",""395cda625ec74b5bea12f787d90cc1f0""]","[""Commercial"",""Fit"",""Timing"",""Value/Product""]",true,yes,"The transcript shows clear timing issues: Corey (key contact) went on paternity leave unexpectedly causing delays, the team is undergoing restructuring with a ""new decentralized model that is still being stabilized,"" and they're waiting for decisions on moving forward with a POC by end of Q2. These organizational changes and key stakeholder unavailability directly support both the ""Bad timing"" component of the stated reason.",
33e38e320f94ed0f95850b8395a85896,33276017785,Booksy,Booksy,Classic,newbusiness,EMEA MM,Closed Lost,2025-09-02,2025-02-10,132,60000.00,60000.00,Cillian Golden,Bad timing,"[""Timing""]",3,2025-07-29,2025-06-16,"[""78dac1f6c126d0cbfa90e7ff8ecb6d23"",""44a03ff596b6d528faad7406647c24e8"",""134ea2e0f58156ba524da0e443fe6f93""]","[""Commercial"",""Competitive"",""Fit"",""Value/Product""]",false,likely_yes,"The transcript shows Booksy is actively evaluating multiple platforms (Port, Cortex, and Backstage) with a decision timeline of ""end of August or September at the latest,"" and Max is described as ""testing different IDP platforms"" rather than being ready to purchase immediately. This suggests the prospect is still in evaluation phase rather than ready to buy now, which aligns with ""Bad timing"" indicating deferral.",
836551d525aec89b78f9f8d238202719,38741682526,nTop,nTop,Classic,newbusiness,US MM,Closed Lost,2025-08-28,2025-06-10,53,24000.00,24000.00,Daniel Alper,Bad timing,"[""Timing""]",3,2025-08-15,2025-07-17,"[""b3c39b7da66c9dd005c8ec64d5c01c9d"",""c8c5c1ff435546436cb649ecf0bbfbab"",""b69c246eeeee8b9c7731b4bd18116984""]","[""Value/Product""]",false,likely_no,"The transcript shows active engagement with forward momentum including scheduled follow-up meetings, prototype integration discussions, and plans to review specific workflows in 2-3 weeks. While there are references to internal workshops and 6-12 month planning horizons, these appear to be part of normal evaluation processes rather than deferral signals. The prospect is actively working to align GetPort.io's roadmap with their AI strategy and discussing immediate next steps.","active evaluation process, not timing deferral"
d05bfc7bcc8c41c0cef4e73e2226e535,37619590315,Migros Online,Migros Group,Classic,newbusiness,EMEA Ent,Closed Lost,2025-08-27,2025-05-22,84,100000.00,100000.00,James Pritchard,Budget,"[""Commercial""]",1,2025-06-03,2025-06-03,"[""062b37bc2bf0400475a22158fee176e2""]","[""Commercial"",""Value/Product"",""Sponsorship""]",true,likely_yes,"The transcript shows clear pricing concerns with Migros Online finding the ""entry price"" too high compared to open-source alternatives like Backstage, and describing the pricing proposal as ""aggressive"" requiring ""further discussion to find a reasonable solution."" However, the prospect remains engaged in pricing discussions and next steps, suggesting budget may not be the sole blocker.",
e578080e5a641fcd9cdc4d48c12dc232,38536233223,BBC Studios,BBC,Classic,newbusiness,EMEA Ent,Closed Lost,2025-08-27,2025-06-06,43,50000.00,50000.00,James Pritchard,No value,"[""Value/Product""]",3,2025-07-28,2025-07-18,"[""29cfa46341115122436a0b0499550e35"",""85bc4f293e2bdf657966b7870684ce00"",""103c74abea4b29c61ae1e1ea494c3f43""]","[""Commercial"",""Value/Product""]",true,yes,"The transcript shows the prospect actively building a proof-of-concept with Port.io, discussing technical implementation details, and planning to evaluate ""if the price of Port.io is right for their use case"" after completing their POC. The mention of price evaluation as a key decision factor after technical validation corroborates the ""No value"" reason, as they need to determine if the platform provides sufficient value relative to cost.",
80f8f5a0c386ff92c7cb59157fd08ea7,32321728157,London Stock Exchange Group,London Stock Exchange,Classic,newbusiness,EMEA Ent,Closed Lost,2025-08-21,2025-01-15,182,250000.00,250000.00,Ross Geall,Competition,"[""Competitive""]",3,2025-06-09,2025-03-21,"[""ec3e4c8f1007497ab9ff8efb7803a7d9"",""f5c1be8f0e96c32a93dd9caa0245293a"",""1d7726082366b1e30bfcc0c26cbc9c5b""]","[""Commercial"",""Competitive"",""Timing"",""Value/Product""]",true,yes,"LSEG has invested significant time and money into their existing Backstage platform and wants to give it at least 6 more months to see outcomes before considering alternatives. Vikas explicitly states they don't want to ""dilute that focus by exploring other options"" and need consensus from all business units on the current Backstage initiative.",
d443d45bf276ad4ff252af1f3d007728,36141766033,Rev,Rev,Classic,newbusiness,US MM,Closed Lost,2025-08-21,2025-04-23,115,24000.00,24000.00,Daniel Alper,Bad timing,"[""Timing""]",3,2025-05-28,2025-04-29,"[""d166da19fc3c1a5f152ed4d122cf4046"",""8030224a3d31e4923685d738131dc971"",""985f546f75b90d547c8e67c75d3574a5""]","[""Commercial"",""Value/Product"",""Timing""]",true,likely_no,"The transcript shows Rev has significant investment in existing tooling (Jenkins, GitHub) and mature DevOps processes, with Michael expressing ""skepticism about the company's significant investment in Jenkins and GitHub."" However, there's active engagement with scheduling follow-ups, POC discussions, and technical meetings with the CTO, suggesting the issue isn't timing but rather concerns about displacing their current toolchain investment.",heavy investment in existing Jenkins/GitHub toolchain
ce36cdac33ec3b15bb4e8aa0abf9303d,29583927709,HDI Seguros Colombia,HDI Seguros Colombia,Classic,newbusiness,US MM,Closed Lost,2025-08-19,2024-11-26,244,36000.00,36000.00,Jason Chiu,Bad timing,"[""Timing""]",3,2025-06-03,2025-05-07,"[""3ff3ed89317e47885d70d0d0e0bfbcc4"",""cee8185adaffc76f4da44af0f39b9c0f"",""0a09ac5f2b455738629bdde4f572386e""]","[""Commercial"",""Value/Product"",""Security""]",false,likely_no,"The transcript shows strong forward momentum with Cesar completing cost analysis ($93K savings), making technical progress on integration, planning to present to his manager and IT team for approval, expressing satisfaction with the pilot, and discussing procurement through AWS Marketplace. The only timing-related mention is about license renewal challenges due to a team member's departure, but this appears to be about existing tools, not Port. The evidence points toward active progression rather than timing-based deferral.",active deal progression with internal approvals pending
9d3fa7d4437d201ea49737d9c093e41b,37568183138,Youse,Youse,Classic,newbusiness,US MM,Closed Lost,2025-08-12,2025-05-21,75,28800.00,28800.00,Daniel Alper,Bad timing,"[""Timing""]",3,2025-07-03,2025-05-30,"[""02203a02ab03bd9c358da3b3e28e2fe1"",""8fefb38f96c59a033cd2c9e0b670fce3"",""3b845d56289ca0ba4acd707cc491c4d5""]","[""Fit"",""Timing"",""Value/Product""]",true,yes,"The transcript shows clear timing-related signals: Gustavo (who leads the testing) is going on vacation, they need to ""reschedule the meeting for a couple of weeks"" to give more time for exploration, and Fabricio mentions they expect to have CTO approval ""by August"" with follow-up scheduled for ""middle of August."" These delays and extended timelines corroborate the ""Bad timing"" reason.",
dbc719602e2853a3dbf7547c188c71d1,38950446521,Origence,Origence,Classic,newbusiness,US MM,Closed Lost,2025-08-08,2025-06-16,52,50000.00,50000.00,Jason Chiu,Bad timing,"[""Timing""]",1,2025-06-18,2025-06-18,"[""1b431e783ce547c2d71ffdd45d9484fc""]","[""Commercial"",""Value/Product"",""Sponsorship"",""Timing""]",true,likely_no,"The transcript shows Origence is actively evaluating 5-6 vendor options including competitors like Cortex and Harness, with plans to ""narrow down to 1-2 options by the end of July"" and ""start implementation in Q4 of this year."" This indicates an active buying process with clear timeline and budget allocation, contradicting a ""bad timing"" reason.",competitive evaluation process with multiple vendors
f4c8119b7d0aa4f775cf62372dec8a2d,34764089615,East West Bank,"East West Bancorp, Inc.",Classic,newbusiness,US MM,Closed Lost,2025-08-08,2025-03-18,142,24000.00,24000.00,Chris Newsome,No value,"[""Value/Product""]",3,2025-04-21,2025-04-03,"[""1488d5f6b2558021dd5e3525e2be840b"",""cfa418f139b03b2398f5d56777b4adf4"",""def6d2c0662262995bf5982423b09ae7""]","[""Commercial"",""Value/Product"",""Timing""]",true,no,"The transcript shows active project development with GetPort.io working on Azure DevOps deployment, user stories being refined, procurement processes underway, and licenses expected to start in July. The prospect is engaged in technical implementation, scheduling demos, and moving forward with purchase orders - indicating they clearly see value in the solution.",prospect actively implementing and purchasing solution
d6fce9c29d09e98df521fee719d7ffeb,17348254011,Decathlon,Decathlon,Classic,newbusiness,EMEA Ent,Closed Lost,2025-08-06,2024-02-04,542,200000.00,200000.00,Benjamin Duckworth,Bad timing;Early stage,"[""Timing""]",3,2024-12-04,2024-08-05,"[""5ab332735bd11e3cbdf46ca3e51d0ae7"",""9d6a7cf8ee6a5a060f66f1a3d690e28b"",""679dbbf856a68c9fc77edf28628844b2""]","[""Commercial"",""Security"",""Value/Product""]",false,likely_yes,"The transcript shows Decathlon is still in evaluation phase (""Decathlon is evaluating whether to continue with Backstage or adopt a more commercial solution like GetPort.io"") and has deferred decision-making with timeline references like ""discuss the way forward in the coming 1-2 months"" and ""discussion with his management at the end of September to determine the next steps, including potentially an RFP process."" This supports both the timing deferral and early-stage evaluation aspects of the stated reason.",
461af36b91281726e871f9a622047545,30336177327,1KOMMA5°,1KOMMA5°,Classic,newbusiness,EMEA MM,Closed Lost,2025-07-30,2024-12-13,219,55000.00,55000.00,Cillian Golden,Competition,"[""Competitive""]",2,2025-04-22,2024-12-17,"[""4dc07cc8e44258448d77f0c1ede8cf48"",""0a6950bdb1f7f25957b7c3d420378c19""]","[""Commercial"",""Sponsorship"",""Value/Product""]",false,yes,"The transcript clearly shows 1KOMMA5° is actively evaluating three options including ""sticking with the current Backstage implementation"" and ""building out Backstage further"" as alternatives to adopting GetPort.io. They are conducting a structured comparison during a hackathon to decide between continuing with their existing Backstage setup versus switching to a commercial IDP solution, which directly corroborates the ""Competition"" closed-lost reason.",
f047158664b6827cf1411a84f80411c7,34181229722,Awaze,Awaze,Classic,newbusiness,EMEA MM,Closed Lost,2025-07-28,2025-03-03,124,40000.00,40000.00,Cillian Golden,Bad timing;Price,"[""Timing"",""Commercial""]",2,2025-05-14,2025-03-14,"[""8dfc3fc3a2e8d6969539bf494aea7a87"",""89585481ffe743224ff98d5697343fab""]","[""Commercial"",""Value/Product""]",true,likely_no,"The transcript shows Vitaliy actively evaluating Port.io as ""the most comprehensive option"" for their internal development portal needs, with Port providing dedicated support for his proof-of-concept setup and discussing ""commercial incentives available before the end of the quarter."" While he mentions needing an NDA and ISO certification which could suggest process delays, the overall context indicates active procurement rather than timing or price being primary blockers.",active evaluation with no clear timing or budget constraints
0cf40054610639441d42fc17ff6f1ee3,33843702350,DAT Freight & Analytics,DAT Freight & Analytics,Classic,newbusiness,US MM,Closed Lost,2025-07-21,2024-11-14,239,84000.00,84000.00,John Romano,Competition,"[""Competitive""]",3,2025-03-26,2025-02-19,"[""41893c67b3637b7011b1f0881048fbc4"",""61fee7b64f471c778aec992883d0fd21"",""63c259858892cf4de66df92dc3a0d76b""]","[""Commercial"",""Value/Product""]",false,yes,"The transcript clearly shows DAT Freight & Analytics chose to evaluate Datadog's IDP feature instead of proceeding with Port, with Varun stating ""they are willing to wait and see if it meets their requirements before exploring other external tools"" and the deal being put on hold while they test Datadog's solution in Q2.",
eb19673a15dba86ea0ae4ba0ac2a32df,39024837200,Sanity.io,Sanity.io,Classic,newbusiness,US MM,Closed Lost,2025-07-18,2025-06-18,11,50000.00,50000.00,Jill Countey,Price,"[""Commercial""]",3,2025-07-17,2025-07-08,"[""6b05d3defebb99cca86f535a4843dc3b"",""3e0c5aa4819e5e416f63c0ac64f135e5"",""ce191595a986847cf46bed3f213b1de8""]","[""Commercial"",""Value/Product""]",true,yes,"The transcript clearly shows price was a major concern, with Sanity stating GetPort's initial pricing of ""$540 per user per year plus a $45,000 platform fee was deemed too expensive"" and that they ""have a budget range of $40,000 to $50,000 in mind."" GetPort had to explore alternative pricing options including multi-year contracts to bring costs down to Sanity's budget range.",
031eca4e4666559d46b2d5d7e47f63d7,35124817574,Florence,Florence,Classic,newbusiness,US MM,Closed Lost,2025-07-17,2025-03-16,108,72000.00,72000.00,Jason Chiu,Bad timing,"[""Timing""]",3,2025-04-29,2025-03-25,"[""edc765ff7568cbc1c298c32e42dea317"",""e4901eab61f9f62ef42ba3c445852c96"",""adb8a539331be2fed18ed33a46808d3d""]","[""Commercial"",""Value/Product"",""Timing""]",true,likely_yes,"The transcript shows Florence planning a pilot ""towards the end of May or early June"" and needing to ""formally align the pilot within the next couple of days"" and secure ""necessary budget approvals,"" indicating they are working within specific timing constraints and budget cycles that align with a timing-related delay.",
0ca66058a44477c786dabdbf76ee3704,35412619174,Prove,Prove,Classic,newbusiness,US MM,Closed Lost,2025-07-14,2025-04-03,78,36000.00,36000.00,Jason Chiu,Bad timing,"[""Timing""]",3,2025-06-16,2025-05-19,"[""ec9edef82812a3986357d5253d6a1cad"",""540c3c5db3380bb3cfa8c7d1f6f2b090"",""859adb1ed9ad0334d03567542a7338ed""]","[""Commercial"",""Security"",""Value/Product""]",false,yes,"The transcript shows Prove has budget approval for a portal solution in the second half of 2022 and plans to complete evaluations by end of July/mid-August with procurement in September, indicating a deferred timeline. Additionally, they mention needing 1-2 weeks for security questionnaire completion and vendor review processes, which aligns with timing-related delays.",
7b255ce9cb70f6a5e907c7f86158464e,35461925020,QTS,QTS,Classic,newbusiness,US MM,Closed Lost,2025-07-08,2025-04-03,69,24000.00,24000.00,Jill Countey,Bad timing,"[""Timing""]",3,2025-06-05,2025-04-30,"[""73f57fac03a4efef5396e196197556c9"",""7e7b7bb77712bcdd5983cb83929b4231"",""fd260bff37a78290f61cae60af6dd55e""]","[""Commercial"",""Value/Product"",""Timing""]",true,yes,"The transcript shows QTS is waiting to hire a platform engineer before proceeding with the Port implementation, with Adley stating ""it will likely take a couple of months for the new engineer to get up to speed on their infrastructure before they can fully dedicate themselves to the port integration"" and multiple references to needing to recruit this key person to drive the rollout.",
7f25b43dc54f8d724f52664d3af4bc4d,32241779266,Bitsight,"BitSight Technologies, Inc.",Classic,newbusiness,US MM,Closed Lost,2025-07-07,2025-01-20,153,50000.00,50000.00,Daniel Alper,Product;Competition,"[""Value/Product"",""Competitive""]",2,2025-05-07,2025-03-28,"[""0f6bdad7dc641ac2a22718f374daafa5"",""a081462ec8157ab0cad67c636f5754d1""]","[""Commercial"",""Competitive"",""Fit"",""Value/Product""]",true,no,"The transcript shows BitSight is actively evaluating competitors, specifically mentioning they are ""evaluating other options like Backstage and Roadie, considering the development effort required."" This clearly indicates a competitive loss scenario where they're comparing Port against Backstage/Roadie, which corroborates the ""Competition"" part of the stated reason. However, there's no evidence of product gaps or missing capabilities that would support the ""Product"" portion of the stated reason.",evaluating Backstage and Roadie as alternatives
a13889558d85f7eb628e7138fe469bef,35455294786,Zurich NA Insurance,zurich,Classic,newbusiness,US Ent,Closed Lost,2025-07-02,2025-04-04,30,200000.00,200000.00,Tali Cohen,Bad timing,"[""Timing""]",3,2025-05-21,2025-04-07,"[""27b692462ee498e16d62f54d7dacc97c"",""f5679f6bdab65e7bba032b452e6a645c"",""62782ad66a3901c9dd793bf821b589e3""]","[""Commercial"",""Competitive"",""Fit"",""Sponsorship"",""Timing"",""Value/Product""]",true,likely_no,"The transcript shows active demo preparation, stakeholder alignment discussions, and forward momentum with scheduled follow-ups, suggesting the deal was progressing normally rather than facing timing constraints. Keith is actively working on influence mapping and socializing the IDP concept internally, while GetPort is preparing customized demos for leadership - this indicates readiness to move forward rather than deferral to next budget cycle or fiscal year.",deal progressing with active stakeholder engagement
3e5811e479e7e41b0629ab6bcb50208f,29883640888,Paypoint,PayPoint plc,Classic,newbusiness,EMEA MM,Closed Lost,2025-07-02,2024-12-05,201,48000.00,48000.00,Cillian Golden,Bad timing,"[""Timing""]",1,2024-12-12,2024-12-12,"[""2216b3d2db9fea2aeacd9d66b7f4aea5""]","[""Commercial"",""Sponsorship"",""Value/Product""]",false,likely_no,"PayPoint plans to ""revisit the discussion in January 2023 once they have capacity with a new team member joining"" and next steps are scheduled for January, indicating a deferral to the next period due to capacity constraints and team availability",capacity constraints until new team member joins
fd58bd230a0b126762a3d45d5199aacf,30850413888,The Boeing Company,Boeing,Classic,newbusiness,US Ent,Closed Lost,2025-07-02,2024-12-21,163,200000.00,200000.00,Jeff Graham,Bad timing,"[""Timing""]",1,2025-03-04,2025-03-04,"[""93ce504bbb303049b42fb4d6b4e9dbec""]","[""Commercial"",""Security"",""Sponsorship"",""Value/Product""]",false,likely_yes,"The transcript shows Boeing stating ""Boeing's strategic direction is still being worked on, so they will reconnect in late March for further discussions"" and scheduling demos for ""end of March,"" indicating they are not ready to proceed immediately and need time to finalize their strategic direction before moving forward.",
3cd48c75fd12d7065c9d98003c8d773d,35462961023,Egnyte,Egnyte,Classic,newbusiness,US MM,Closed Lost,2025-07-01,2025-04-04,30,100000.00,100000.00,John Romano,On-prem,"[""Value/Product""]",1,2025-04-16,2025-04-16,"[""ef0afc000e5af090ea88ab1e15673018""]","[""Commercial"",""Value/Product"",""Competitive""]",true,no,"The transcript shows Egnyte is actively evaluating cloud-based IDP solutions including Cortex, Backstage, and Port, with discussions about POCs and demos. There is no mention of on-premises requirements, air-gap needs, or deployment constraints that would support an ""On-prem"" loss reason.",competitive evaluation between Cortex and Backstage
d5bcd70cdad12435fe83e95ef47dfb6d,35721559908,Warner Bros. Discovery,Warner Bros. Discovery,Classic,newbusiness,US Ent,Closed Lost,2025-07-01,2025-04-13,42,100000.00,100000.00,Tom Skarzynski,Competition,"[""Competitive""]",2,2025-04-18,2025-04-16,"[""8847fd539b14d1cda22a42786ef288e1"",""a0331e30a61c1eaabd7f11c515b04a53""]","[""Commercial"",""Value/Product"",""Competitive"",""Sponsorship""]",true,yes,"The transcript clearly shows Warner Bros. Discovery is evaluating Port.io as an alternative to their existing Backstage implementation, with Saeed explicitly exploring Port ""as a potential replacement for Backstage"" and discussing the ""build vs. buy decision"" regarding their current Backstage and internal homegrown solutions. This directly corroborates a competitive loss scenario where they are comparing Port against Backstage.",
e5e8153bdd642ed42b186d34623eb822,29378793800,Sanoma,Sanoma,Classic,newbusiness,EMEA Ent,Closed Lost,2025-07-01,2024-11-20,211,100000.00,100000.00,Benjamin Duckworth,Early stage;Bad timing,"[""Timing""]",1,2024-12-02,2024-12-02,"[""660d6d6f3e6ede64fa2eb423898b4f95""]","[""Commercial"",""Value/Product"",""Security"",""Timing""]",true,yes,"The transcript shows clear signals supporting both ""Early stage"" and ""Bad timing"" reasons. For timing, Sanoma explicitly plans to ""have a proof of concept during the second quarter of next year"" rather than proceeding immediately. For early stage readiness, they are still in discovery phase needing to ""define key focus areas"" and require a deep dive workshop to ""further explore how Port aligns with Sanoma's requirements"" before moving forward.",